company,title,location,url,link_status,link_http,posted_at,first_seen,days_open,role_group,focus,ats,segment,state,tier,job_key
Apartment List,AI Core Product Manager,Hybrid,https://jobs.gem.com/apartment-list/am9icG9zdDpWZGTXHXK-1b13C71Wj-zf,not checked (out of scope),0,,2026-10-09,0,,product,gem,Rental Marketplace,California,A,gem:apartment-list:/apartment-list/am9icG9zdDpWZGTXHXK-1b13C71Wj-zf
Apartment List,"Director, B2B Marketing",Remote within the US,https://jobs.gem.com/apartment-list/am9icG9zdDpYj-lKagoK_yIr5KmaMgHk,live,200,,2026-10-09,0,gtm,leadership,gem,Rental Marketplace,California,A,gem:apartment-list:/apartment-list/am9icG9zdDpYj-lKagoK_yIr5KmaMgHk
Apartment List,"Director, Lifecycle Marketing",Remote within the US,https://jobs.gem.com/apartment-list/am9icG9zdDqixepPIS8-IOVc3X-r7C0R,live,200,,2026-10-09,0,gtm,leadership,gem,Rental Marketplace,California,A,gem:apartment-list:/apartment-list/am9icG9zdDqixepPIS8-IOVc3X-r7C0R
Apartment List,Revenue Systems Architect,Remote within the US,https://jobs.gem.com/apartment-list/am9icG9zdDqT2ZWFtjKhYyZoUQLERZyL,live,200,,2026-10-09,0,sales,sales,gem,Rental Marketplace,California,A,gem:apartment-list:/apartment-list/am9icG9zdDqT2ZWFtjKhYyZoUQLERZyL
Apartment List,"Senior Analyst, Growth & Marketing Analytics",Remote within the US,https://jobs.gem.com/apartment-list/am9icG9zdDp6yQd_iCzxjZpuXWjHk1qO,live,200,,2026-10-09,0,gtm,,gem,Rental Marketplace,California,A,gem:apartment-list:/apartment-list/am9icG9zdDp6yQd_iCzxjZpuXWjHk1qO
Apartment List,Senior Data Engineer II,Remote within the US,https://jobs.gem.com/apartment-list/am9icG9zdDrD9ttQELlA_sKnXol5Aj3J,live,200,,2026-10-09,0,engineering,eng,gem,Rental Marketplace,California,A,gem:apartment-list:/apartment-list/am9icG9zdDrD9ttQELlA_sKnXol5Aj3J
Apartment List,Senior Marketing Engineer II,Remote within the US,https://jobs.gem.com/apartment-list/am9icG9zdDoFOiX8GFHuW1MGThNZ76U7,live,200,,2026-10-09,0,gtm,eng,gem,Rental Marketplace,California,A,gem:apartment-list:/apartment-list/am9icG9zdDoFOiX8GFHuW1MGThNZ76U7
Apartment List,"Senior Software Engineer II (ML Ops), Marketplace",Remote within the US,https://jobs.gem.com/apartment-list/am9icG9zdDoWMj3GYH-CbSnQ86QyPJlD,live,200,,2026-10-09,0,engineering,eng,gem,Rental Marketplace,California,A,gem:apartment-list:/apartment-list/am9icG9zdDoWMj3GYH-CbSnQ86QyPJlD
Apartment List,"Senior Software Engineer II (ML Ops), Marketplace",Remote within Canada,https://jobs.gem.com/apartment-list/am9icG9zdDpJZCsnrfK7Pbs_YLuM2iOO,live,200,,2026-10-09,0,engineering,eng,gem,Rental Marketplace,California,A,gem:apartment-list:/apartment-list/am9icG9zdDpJZCsnrfK7Pbs_YLuM2iOO
Apartment List,"Senior Software Engineer II, Lister",Remote within the US,https://jobs.gem.com/apartment-list/am9icG9zdDonywPeNUCLPIotsNXv-yav,live,200,,2026-10-09,0,engineering,eng,gem,Rental Marketplace,California,A,gem:apartment-list:/apartment-list/am9icG9zdDonywPeNUCLPIotsNXv-yav
Apartment List,"Senior Staff Product Designer, Core",Remote within Canada,https://jobs.gem.com/apartment-list/am9icG9zdDq3OsqZJVZXhI2TKnS-hwvS,not checked (out of scope),0,,2026-10-09,0,,,gem,Rental Marketplace,California,A,gem:apartment-list:/apartment-list/am9icG9zdDq3OsqZJVZXhI2TKnS-hwvS
Apartment List,"Senior Staff Product Designer, Core",Remote within the US,https://jobs.gem.com/apartment-list/am9icG9zdDqL0XjLmB1fJbMAsaR_EovC,not checked (out of scope),0,,2026-10-09,0,,,gem,Rental Marketplace,California,A,gem:apartment-list:/apartment-list/am9icG9zdDqL0XjLmB1fJbMAsaR_EovC
Apartment List,Staff Data Scientist,Remote within the US,https://jobs.gem.com/apartment-list/am9icG9zdDpWrpJy-3X12sE6SlvXh63q,not checked (out of scope),0,,2026-10-09,0,,eng,gem,Rental Marketplace,California,A,gem:apartment-list:/apartment-list/am9icG9zdDpWrpJy-3X12sE6SlvXh63q
AppFolio,Account Executive - Corporate,"Remote - California, United States",https://jobs.jobvite.com/appfolio-internal/job/ofuzAfwC,live,200,,2026-09-24,15,sales,sales,jobvite,Property Management Software,California,A,jobvite:appfolio-internal:ofuzAfwC
AppFolio,Account Executive - SMB IM,3 Locations,https://jobs.jobvite.com/appfolio-internal/job/oumCAfwM,live,200,,2026-09-24,15,sales,sales,jobvite,Property Management Software,California,A,jobvite:appfolio-internal:oumCAfwM
AppFolio,Affordable Housing Solutions Engineer,"Remote, United States",https://jobs.jobvite.com/appfolio-internal/job/o71tAfwV,live,200,,2026-10-04,5,sales,eng,jobvite,Property Management Software,California,A,jobvite:appfolio-internal:o71tAfwV
AppFolio,Business Development Representative - SMB,"Santa Barbara, California",https://jobs.jobvite.com/appfolio-internal/job/o1Rgzfwr,live,200,,2026-09-24,15,sales,sales,jobvite,Property Management Software,California,A,jobvite:appfolio-internal:o1Rgzfwr
AppFolio,Business Development Representative - SMB,"Dallas, Texas",https://jobs.jobvite.com/appfolio-internal/job/oPPgzfwd,live,200,,2026-09-30,9,sales,sales,jobvite,Property Management Software,California,A,jobvite:appfolio-internal:oPPgzfwd
AppFolio,Business Development Representative - Upmarket,"Dallas, Texas",https://jobs.jobvite.com/appfolio-internal/job/owWhzfw2,live,200,,2026-09-24,15,sales,sales,jobvite,Property Management Software,California,A,jobvite:appfolio-internal:owWhzfw2
AppFolio,Corporate Counsel,"Santa Barbara, California",https://jobs.jobvite.com/appfolio-internal/job/o7QHAfwY,not checked (out of scope),0,,2026-09-24,15,,,jobvite,Property Management Software,California,A,jobvite:appfolio-internal:o7QHAfwY
AppFolio,Customer Solutions Expert I - Payment Support,8 Locations,https://jobs.jobvite.com/appfolio-internal/job/oetUAfwV,not checked (out of scope),0,,2026-10-09,0,,customer,jobvite,Property Management Software,California,A,jobvite:appfolio-internal:oetUAfwV
AppFolio,Enterprise Account Executive,3 Locations,https://jobs.jobvite.com/appfolio-internal/job/o4KBAfwJ,live,200,,2026-09-24,15,sales,sales,jobvite,Property Management Software,California,A,jobvite:appfolio-internal:o4KBAfwJ
AppFolio,Growth Account Executive - Mid-Market,4 Locations,https://jobs.jobvite.com/appfolio-internal/job/oN6LAfwY,live,200,,2026-09-24,15,sales,sales,jobvite,Property Management Software,California,A,jobvite:appfolio-internal:oN6LAfwY
AppFolio,Growth Account Executive - SMB,3 Locations,https://jobs.jobvite.com/appfolio-internal/job/ojIGzfw0,live,200,,2026-09-24,15,sales,sales,jobvite,Property Management Software,California,A,jobvite:appfolio-internal:ojIGzfw0
AppFolio,Growth Account Executive - Strategic,"Remote, United States",https://jobs.jobvite.com/appfolio-internal/job/oX6LAfw8,live,200,,2026-09-24,15,sales,sales,jobvite,Property Management Software,California,A,jobvite:appfolio-internal:oX6LAfw8
AppFolio,Horizon Business Development Representative,"Dallas, Texas",https://jobs.jobvite.com/appfolio-internal/job/oS6EAfwW,live,200,,2026-09-24,15,sales,sales,jobvite,Property Management Software,California,A,jobvite:appfolio-internal:oS6EAfwW
AppFolio,Inbound Sales Representative,2 Locations,https://jobs.jobvite.com/appfolio-internal/job/ows5zfwm,live,200,,2026-09-24,15,sales,sales,jobvite,Property Management Software,California,A,jobvite:appfolio-internal:ows5zfwm
AppFolio,Lead Technical Program Manager,9 Locations,https://jobs.jobvite.com/appfolio-internal/job/oL6TAfw4,not checked (out of scope),0,,2026-10-02,7,,,jobvite,Property Management Software,California,A,jobvite:appfolio-internal:oL6TAfw4
AppFolio,"Manager, Business Development","Dallas, Texas",https://jobs.jobvite.com/appfolio-internal/job/oltHAfwP,live,200,,2026-09-24,15,sales,sales,jobvite,Property Management Software,California,A,jobvite:appfolio-internal:oltHAfwP
AppFolio,"Manager, Growth Sales - Mid-Market",3 Locations,https://jobs.jobvite.com/appfolio-internal/job/om6LAfwx,live,200,,2026-09-24,15,sales,sales,jobvite,Property Management Software,California,A,jobvite:appfolio-internal:om6LAfwx
AppFolio,"Manager, Growth Sales - SMB",3 Locations,https://jobs.jobvite.com/appfolio-internal/job/oc6LAfwn,live,200,,2026-09-24,15,sales,sales,jobvite,Property Management Software,California,A,jobvite:appfolio-internal:oc6LAfwn
AppFolio,"Manager, Upmarket Business Development","Dallas, Texas",https://jobs.jobvite.com/appfolio-internal/job/oQuGAfwk,live,200,,2026-09-24,15,sales,sales,jobvite,Property Management Software,California,A,jobvite:appfolio-internal:oQuGAfwk
AppFolio,Principal Machine Learning Engineer,3 Locations,https://jobs.jobvite.com/appfolio-internal/job/oHM2zfwO,live,200,,2026-09-24,15,engineering,eng,jobvite,Property Management Software,California,A,jobvite:appfolio-internal:oHM2zfwO
AppFolio,Sales Commissions Analyst,8 Locations,https://jobs.jobvite.com/appfolio-internal/job/oM6TAfw5,live,200,,2026-10-04,5,sales,sales,jobvite,Property Management Software,California,A,jobvite:appfolio-internal:oM6TAfw5
AppFolio,Sr. Machine Learning Engineer,9 Locations,https://jobs.jobvite.com/appfolio-internal/job/o2KCAfwI,live,200,,2026-09-24,15,engineering,eng,jobvite,Property Management Software,California,A,jobvite:appfolio-internal:o2KCAfwI
AppFolio,Sr. Software Engineer - Accounting Payables,8 Locations,https://jobs.jobvite.com/appfolio-internal/job/orDPAfwd,live,200,,2026-10-04,5,engineering,eng,jobvite,Property Management Software,California,A,jobvite:appfolio-internal:orDPAfwd
AppFolio,Sr. Software Engineer - Affordable Housing,9 Locations,https://jobs.jobvite.com/appfolio-internal/job/of3MAfwo,live,200,,2026-09-24,15,engineering,eng,jobvite,Property Management Software,California,A,jobvite:appfolio-internal:of3MAfwo
AppFolio,Sr. Software Engineer - Leasing,8 Locations,https://jobs.jobvite.com/appfolio-internal/job/oS5RAfw8,not checked (out of scope),0,,2026-10-02,7,,ops,jobvite,Property Management Software,California,A,jobvite:appfolio-internal:oS5RAfw8
AppFolio,Sr. Software Engineer - Platform Permissions,8 Locations,https://jobs.jobvite.com/appfolio-internal/job/oe3MAfwn,live,200,,2026-09-24,15,engineering,eng,jobvite,Property Management Software,California,A,jobvite:appfolio-internal:oe3MAfwn
AppFolio,Sr. User Experience Designer 4 Locations,Sr. Staff IT Enterprise Architect,https://jobs.jobvite.com/appfolio-internal/job/oR5RAfw7,not checked (out of scope),0,,2026-10-09,0,,,jobvite,Property Management Software,California,A,jobvite:appfolio-internal:oR5RAfw7
AppFolio,Staff Machine Learning Engineer,4 Locations,https://jobs.jobvite.com/appfolio-internal/job/onsbAfwk,live,200,,2026-09-24,15,engineering,eng,jobvite,Property Management Software,California,A,jobvite:appfolio-internal:onsbAfwk
AppFolio,Staff Machine Learning Engineer - Leasing,8 Locations,https://jobs.jobvite.com/appfolio-internal/job/oVDkAfwc,not checked (out of scope),0,,2026-09-24,15,,ops,jobvite,Property Management Software,California,A,jobvite:appfolio-internal:oVDkAfwc
AppFolio,Staff Software Engineer - Resident Concierge,9 Locations,https://jobs.jobvite.com/appfolio-internal/job/o0ggzfwP,live,200,,2026-09-24,15,engineering,eng,jobvite,Property Management Software,California,A,jobvite:appfolio-internal:o0ggzfwP
AppFolio,Strategic Customer Success Manager,8 Locations,https://jobs.jobvite.com/appfolio-internal/job/o6dTAfww,live,200,,2026-10-09,0,gtm,customer,jobvite,Property Management Software,California,A,jobvite:appfolio-internal:o6dTAfww
AppFolio,User Experience Designer,9 Locations,https://jobs.jobvite.com/appfolio-internal/job/obtIAfwG,not checked (out of scope),0,,2026-09-24,15,,,jobvite,Property Management Software,California,A,jobvite:appfolio-internal:obtIAfwG
AppFolio,"VP, Total Rewards",9 Locations,https://jobs.jobvite.com/appfolio-internal/job/oMcIAfw0,live,200,,2026-09-24,15,executive,,jobvite,Property Management Software,California,A,jobvite:appfolio-internal:oMcIAfw0
AppFolio,Vulnerability Management Specialist,9 Locations,https://jobs.jobvite.com/appfolio-internal/job/oqDPAfwc,not checked (out of scope),0,,2026-09-28,11,,,jobvite,Property Management Software,California,A,jobvite:appfolio-internal:oqDPAfwc
Atlas Real Estate,1099 Maintenance Technician,"Denver, CO",https://recruiting.paylocity.com/Recruiting/Jobs/Details/4416014,not checked (out of scope),0,2026-09-11,2026-10-09,0,,ops,paylocity,SFR Property Management,Colorado,A,paylocity:5e5fc082-a90b-4d93-8b73-46f77d40e081:4416014
Atlas Real Estate,1099 Real Estate Advisor,"Kansas City, KS",https://recruiting.paylocity.com/Recruiting/Jobs/Details/4331038,not checked (out of scope),0,2026-07-14,2026-10-09,0,,,paylocity,SFR Property Management,Colorado,A,paylocity:5e5fc082-a90b-4d93-8b73-46f77d40e081:4331038
Atlas Real Estate,1099 Real Estate Advisor,"Kansas City, MO",https://recruiting.paylocity.com/Recruiting/Jobs/Details/3189250,not checked (out of scope),0,2026-07-14,2026-10-09,0,,,paylocity,SFR Property Management,Colorado,A,paylocity:5e5fc082-a90b-4d93-8b73-46f77d40e081:3189250
Atlas Real Estate,1099 Real Estate Advisor,"Dallas, TX",https://recruiting.paylocity.com/Recruiting/Jobs/Details/4247211,not checked (out of scope),0,2026-06-11,2026-10-09,0,,,paylocity,SFR Property Management,Colorado,A,paylocity:5e5fc082-a90b-4d93-8b73-46f77d40e081:4247211
Atlas Real Estate,1099 Real Estate Advisor,"Tucson, AZ",https://recruiting.paylocity.com/Recruiting/Jobs/Details/4218815,not checked (out of scope),0,2026-06-02,2026-10-09,0,,,paylocity,SFR Property Management,Colorado,A,paylocity:5e5fc082-a90b-4d93-8b73-46f77d40e081:4218815
Atlas Real Estate,1099 Real Estate Advisor,"Phoenix, AZ",https://recruiting.paylocity.com/Recruiting/Jobs/Details/4218478,not checked (out of scope),0,2026-06-02,2026-10-09,0,,,paylocity,SFR Property Management,Colorado,A,paylocity:5e5fc082-a90b-4d93-8b73-46f77d40e081:4218478
Atlas Real Estate,Assistant Portfolio Manager,"Kansas City, MO",https://recruiting.paylocity.com/Recruiting/Jobs/Details/4375500,not checked (out of scope),0,2026-10-08,2026-10-09,0,,ops,paylocity,SFR Property Management,Colorado,A,paylocity:5e5fc082-a90b-4d93-8b73-46f77d40e081:4375500
Atlas Real Estate,Assistant Portfolio Manager,"Denver, CO",https://recruiting.paylocity.com/Recruiting/Jobs/Details/4356600,not checked (out of scope),0,2026-08-05,2026-10-09,0,,ops,paylocity,SFR Property Management,Colorado,A,paylocity:5e5fc082-a90b-4d93-8b73-46f77d40e081:4356600
Atlas Real Estate,Business Development Manager,"Kansas City, KS",https://recruiting.paylocity.com/Recruiting/Jobs/Details/4392123,live,200,2026-08-04,2026-10-09,0,sales,sales,paylocity,SFR Property Management,Colorado,A,paylocity:5e5fc082-a90b-4d93-8b73-46f77d40e081:4392123
Atlas Real Estate,Business Development Manager,"Atlanta, GA",https://recruiting.paylocity.com/Recruiting/Jobs/Details/4392063,live,200,2026-08-04,2026-10-09,0,sales,sales,paylocity,SFR Property Management,Colorado,A,paylocity:5e5fc082-a90b-4d93-8b73-46f77d40e081:4392063
Atlas Real Estate,Business Development Manager,"Las Vegas, NV",https://recruiting.paylocity.com/Recruiting/Jobs/Details/4391920,live,200,2026-08-04,2026-10-09,0,sales,sales,paylocity,SFR Property Management,Colorado,A,paylocity:5e5fc082-a90b-4d93-8b73-46f77d40e081:4391920
Atlas Real Estate,Leasing Specialist,"Denver, CO",https://recruiting.paylocity.com/Recruiting/Jobs/Details/4123059,not checked (out of scope),0,2026-09-02,2026-10-09,0,,ops,paylocity,SFR Property Management,Colorado,A,paylocity:5e5fc082-a90b-4d93-8b73-46f77d40e081:4123059
Atlas Real Estate,Licensed Senior Portfolio Manager,"Denver, CO",https://recruiting.paylocity.com/Recruiting/Jobs/Details/4561431,not checked (out of scope),0,2026-10-05,2026-10-09,0,,ops,paylocity,SFR Property Management,Colorado,A,paylocity:5e5fc082-a90b-4d93-8b73-46f77d40e081:4561431
Atlas Real Estate,Real Estate Agent,"Denver, CO",https://recruiting.paylocity.com/Recruiting/Jobs/Details/4100668,not checked (out of scope),0,2026-07-02,2026-10-09,0,,,paylocity,SFR Property Management,Colorado,A,paylocity:5e5fc082-a90b-4d93-8b73-46f77d40e081:4100668
Atlas Real Estate,Real Estate Agent - High Volume Dispositions,"Tampa, FL",https://recruiting.paylocity.com/Recruiting/Jobs/Details/4100749,not checked (out of scope),0,2026-08-05,2026-10-09,0,,,paylocity,SFR Property Management,Colorado,A,paylocity:5e5fc082-a90b-4d93-8b73-46f77d40e081:4100749
Atlas Real Estate,Real Estate Agent - High Volume Dispositions,"Fort Myers, FL",https://recruiting.paylocity.com/Recruiting/Jobs/Details/4100705,not checked (out of scope),0,2026-06-30,2026-10-09,0,,,paylocity,SFR Property Management,Colorado,A,paylocity:5e5fc082-a90b-4d93-8b73-46f77d40e081:4100705
Belong,Associate General Counsel,"Coral Gables, Florida, United States",https://apply.workable.com/belong-6/j/9069E6E516/,not checked (out of scope),0,2026-10-02,2026-10-02,7,,,workable,SFR Property Management,California,A,workable:belong-6:9069E6E516
Belong,Experience Manager,"Buenos Aires, Buenos Aires, Argentina",https://apply.workable.com/belong-6/j/58A905AB9D/,not checked (out of scope),0,2026-07-08,2026-09-28,11,,,workable,SFR Property Management,California,A,workable:belong-6:58A905AB9D
Belong,"Growth Advisor, Leasing","Buenos Aires, Buenos Aires, Argentina",https://apply.workable.com/belong-6/j/996A05186B/,not checked (out of scope),0,2026-09-30,2026-09-28,11,,ops,workable,SFR Property Management,California,A,workable:belong-6:996A05186B
Belong,People Program Manager,"Buenos Aires, Buenos Aires, Argentina",https://apply.workable.com/belong-6/j/D64BC859B8/,not checked (out of scope),0,2026-09-25,2026-09-28,11,,,workable,SFR Property Management,California,A,workable:belong-6:D64BC859B8
Belong,Senior Accountant,"Buenos Aires, Buenos Aires, Argentina",https://apply.workable.com/belong-6/j/24F57D7BFE/,not checked (out of scope),0,2026-09-17,2026-09-28,11,,,workable,SFR Property Management,California,A,workable:belong-6:24F57D7BFE
Bilt Rewards,Account Manager - Rentals,In office,https://jobs.gem.com/bilt/am9icG9zdDo4bVkgpxRzyJw9nriXgbIJ,live,200,,2026-10-09,0,gtm,customer,gem,Rent Rewards / Resident Fintech,New York,A,gem:bilt:/bilt/am9icG9zdDo4bVkgpxRzyJw9nriXgbIJ
Bilt Rewards,Back End Engineer (All Levels),In office,https://jobs.gem.com/bilt/am9icG9zdDqaZ6Eb1hZZ8_pRooaUHvdo,live,200,,2026-10-09,0,engineering,eng,gem,Rent Rewards / Resident Fintech,New York,A,gem:bilt:/bilt/am9icG9zdDqaZ6Eb1hZZ8_pRooaUHvdo
Bilt Rewards,"Director, Creator Marketing",In office,https://jobs.gem.com/bilt/am9icG9zdDrX-3l0aFiK0Riee0cNv7S7,live,200,,2026-10-09,0,gtm,leadership,gem,Rent Rewards / Resident Fintech,New York,A,gem:bilt:/bilt/am9icG9zdDrX-3l0aFiK0Riee0cNv7S7
Bilt Rewards,"Director, Technical Integrations - Rentals",In office,https://jobs.gem.com/bilt/am9icG9zdDowChxprOuIOyoyfBTem8dK,not checked (out of scope),0,,2026-10-09,0,,leadership,gem,Rent Rewards / Resident Fintech,New York,A,gem:bilt:/bilt/am9icG9zdDowChxprOuIOyoyfBTem8dK
Bilt Rewards,Enterprise Account Executive,In office,https://jobs.gem.com/bilt/am9icG9zdDpmh8ho0gS3FybMgIDpLJwt,live,200,,2026-10-09,0,sales,sales,gem,Rent Rewards / Resident Fintech,New York,A,gem:bilt:/bilt/am9icG9zdDpmh8ho0gS3FybMgIDpLJwt
Bilt Rewards,Enterprise Account Executive - Atlanta,In office,https://jobs.gem.com/bilt/am9icG9zdDqbjqBPC2xqNGu1sRPby58-,live,200,,2026-10-09,0,sales,sales,gem,Rent Rewards / Resident Fintech,New York,A,gem:bilt:/bilt/am9icG9zdDqbjqBPC2xqNGu1sRPby58-
Bilt Rewards,Enterprise Operations Manager,In office,https://jobs.gem.com/bilt/am9icG9zdDqm5P3NLsAzqsmc_uJEzWKq,not checked (out of scope),0,,2026-10-09,0,,ops,gem,Rent Rewards / Resident Fintech,New York,A,gem:bilt:/bilt/am9icG9zdDqm5P3NLsAzqsmc_uJEzWKq
Bilt Rewards,Forward Deployed Engineer,In office,https://jobs.gem.com/bilt/am9icG9zdDrEG9XjI46ZbZSQpqZiCjKQ,live,200,,2026-10-09,0,engineering,eng,gem,Rent Rewards / Resident Fintech,New York,A,gem:bilt:/bilt/am9icG9zdDrEG9XjI46ZbZSQpqZiCjKQ
Bilt Rewards,Lead Product Designer,In office,https://jobs.gem.com/bilt/5007870004,not checked (out of scope),0,,2026-10-09,0,,,gem,Rent Rewards / Resident Fintech,New York,A,gem:bilt:/bilt/5007870004
Bilt Rewards,Lead Solutions Engineer - Enterprise,In office,https://jobs.gem.com/bilt/am9icG9zdDqIjekDB4OYNo41umXhPItM,live,200,,2026-10-09,0,sales,eng,gem,Rent Rewards / Resident Fintech,New York,A,gem:bilt:/bilt/am9icG9zdDqIjekDB4OYNo41umXhPItM
Bilt Rewards,Organic Social Lead,In office,https://jobs.gem.com/bilt/am9icG9zdDo03ubfkc691z7ydEuJ626v,not checked (out of scope),0,,2026-10-09,0,,,gem,Rent Rewards / Resident Fintech,New York,A,gem:bilt:/bilt/am9icG9zdDo03ubfkc691z7ydEuJ626v
Bilt Rewards,Product Specialist - Concierge,In office,https://jobs.gem.com/bilt/am9icG9zdDo146VFDypaafJ-o3lfwj-N,not checked (out of scope),0,,2026-10-09,0,,,gem,Rent Rewards / Resident Fintech,New York,A,gem:bilt:/bilt/am9icG9zdDo146VFDypaafJ-o3lfwj-N
Bilt Rewards,Product Specialist - Housing,In office,https://jobs.gem.com/bilt/am9icG9zdDomdgsgAMh6F4vcm7KhuGLN,not checked (out of scope),0,,2026-10-09,0,,,gem,Rent Rewards / Resident Fintech,New York,A,gem:bilt:/bilt/am9icG9zdDomdgsgAMh6F4vcm7KhuGLN
Bilt Rewards,Product Specialist - Rentals,In office,https://jobs.gem.com/bilt/am9icG9zdDqsNnnE7MCdbcnEXNRijoSv,not checked (out of scope),0,,2026-10-09,0,,,gem,Rent Rewards / Resident Fintech,New York,A,gem:bilt:/bilt/am9icG9zdDqsNnnE7MCdbcnEXNRijoSv
Bilt Rewards,Senior Forward Deployed Engineer,In office,https://jobs.gem.com/bilt/am9icG9zdDpYixbnADxNwtoS947d2TJZ,live,200,,2026-10-09,0,engineering,eng,gem,Rent Rewards / Resident Fintech,New York,A,gem:bilt:/bilt/am9icG9zdDpYixbnADxNwtoS947d2TJZ
Bilt Rewards,Solutions Engineer - Dallas,In office,https://jobs.gem.com/bilt/am9icG9zdDq3kvimZQon9MHOuJQ-cXQJ,live,200,,2026-10-09,0,sales,eng,gem,Rent Rewards / Resident Fintech,New York,A,gem:bilt:/bilt/am9icG9zdDq3kvimZQon9MHOuJQ-cXQJ
Bilt Rewards,Technical Account Manager,In office,https://jobs.gem.com/bilt/am9icG9zdDqXn3fO9ejLaON4IpHszS8d,live,200,,2026-10-09,0,gtm,customer,gem,Rent Rewards / Resident Fintech,New York,A,gem:bilt:/bilt/am9icG9zdDqXn3fO9ejLaON4IpHszS8d
Bilt Rewards,Technical Product Manager,In office,https://jobs.gem.com/bilt/am9icG9zdDpP08qaiTTf8GOI7Xkesbxw,not checked (out of scope),0,,2026-10-09,0,,product,gem,Rent Rewards / Resident Fintech,New York,A,gem:bilt:/bilt/am9icG9zdDpP08qaiTTf8GOI7Xkesbxw
Bilt Rewards,Your Next Role With Bilt,In office,https://jobs.gem.com/bilt/4509720004,not checked (out of scope),0,,2026-10-09,0,,,gem,Rent Rewards / Resident Fintech,New York,A,gem:bilt:/bilt/4509720004
Boom,Associate Product Manager,"Austin, TX",https://www.linkedin.com/jobs/view/4441018131/,not checked (out of scope),0,2026-07-21,2026-09-24,15,,product,linkedin,Rent Reporting / Screening / Leasing CRM,Texas,A,linkedin:boompay:4441018131
Boom,Commercial Lead - AE,"Austin, TX",https://www.linkedin.com/jobs/view/4466914967/,live,200,2026-09-28,2026-09-24,15,sales,,linkedin,Rent Reporting / Screening / Leasing CRM,Texas,A,linkedin:boompay:4466914967
Boom,Controller,"Austin, TX",https://www.linkedin.com/jobs/view/4413360959/,not checked (out of scope),0,2026-05-19,2026-10-09,0,,,linkedin,Rent Reporting / Screening / Leasing CRM,Texas,A,linkedin:boompay:4413360959
Boom,Customer Success Manager,"Austin, TX",https://www.linkedin.com/jobs/view/4384724382/,live,200,2026-09-28,2026-09-24,15,gtm,customer,linkedin,Rent Reporting / Screening / Leasing CRM,Texas,A,linkedin:boompay:4384724382
Boom,Customer Support Associate,"Austin, TX",https://www.linkedin.com/jobs/view/4470876857/,not checked (out of scope),0,2026-09-28,2026-09-28,11,,customer,linkedin,Rent Reporting / Screening / Leasing CRM,Texas,A,linkedin:boompay:4470876857
Boom,Director of Support,"Austin, TX",https://www.linkedin.com/jobs/view/4421186535/,not checked (out of scope),0,2026-09-21,2026-09-24,15,,customer,linkedin,Rent Reporting / Screening / Leasing CRM,Texas,A,linkedin:boompay:4421186535
Boom,GTM - Senior Business Development Representative,"Austin, TX",https://www.linkedin.com/jobs/view/4466627132/,live,200,2026-09-17,2026-09-24,15,sales,sales,linkedin,Rent Reporting / Screening / Leasing CRM,Texas,A,linkedin:boompay:4466627132
Boom,Product Designer,"Austin, TX",https://www.linkedin.com/jobs/view/4462550286/,not checked (out of scope),0,2026-09-08,2026-09-24,15,,,linkedin,Rent Reporting / Screening / Leasing CRM,Texas,A,linkedin:boompay:4462550286
ButterflyMX,Channel Territory Manager,US Remote,https://jobs.ashbyhq.com/butterflymx/c453712d-20aa-4834-af5e-c80fb3a294f1,not checked (out of scope),0,2026-09-08,2026-09-24,15,,,ashby,Smart Access / Intercom Systems,New York,A,ashby:butterflymx:c453712d-20aa-4834-af5e-c80fb3a294f1
ButterflyMX,Channel Territory Manager,California,https://jobs.ashbyhq.com/butterflymx/166085d4-004e-4683-b41c-b55b51652fac,not checked (out of scope),0,2026-09-01,2026-09-24,15,,,ashby,Smart Access / Intercom Systems,New York,A,ashby:butterflymx:166085d4-004e-4683-b41c-b55b51652fac
ButterflyMX,Channel Territory Manager,Denver,https://jobs.ashbyhq.com/butterflymx/039b5261-a185-47ea-9f92-1a096f7e54aa,not checked (out of scope),0,2026-09-03,2026-09-24,15,,,ashby,Smart Access / Intercom Systems,New York,A,ashby:butterflymx:039b5261-a185-47ea-9f92-1a096f7e54aa
ButterflyMX,Channel Territory Manager,Oregon,https://jobs.ashbyhq.com/butterflymx/f61aa023-9534-4e77-ab80-1f103d1d37f4,not checked (out of scope),0,2026-09-08,2026-09-24,15,,,ashby,Smart Access / Intercom Systems,New York,A,ashby:butterflymx:f61aa023-9534-4e77-ab80-1f103d1d37f4
ButterflyMX,Channel Territory Manager,Washington,https://jobs.ashbyhq.com/butterflymx/553ee469-c57d-4179-aa21-9683d85ae967,not checked (out of scope),0,2026-09-08,2026-09-24,15,,,ashby,Smart Access / Intercom Systems,New York,A,ashby:butterflymx:553ee469-c57d-4179-aa21-9683d85ae967
ButterflyMX,Channel Territory Manager,Nevada,https://jobs.ashbyhq.com/butterflymx/4729cd96-7577-41cd-96f9-c980f92069ba,not checked (out of scope),0,2026-09-08,2026-09-24,15,,,ashby,Smart Access / Intercom Systems,New York,A,ashby:butterflymx:4729cd96-7577-41cd-96f9-c980f92069ba
ButterflyMX,Channel Territory Manager,Utah,https://jobs.ashbyhq.com/butterflymx/44343ef2-19aa-425a-a50e-996d7a69ef41,not checked (out of scope),0,2026-09-08,2026-09-24,15,,,ashby,Smart Access / Intercom Systems,New York,A,ashby:butterflymx:44343ef2-19aa-425a-a50e-996d7a69ef41
ButterflyMX,Channel Territory Manager,Arizona,https://jobs.ashbyhq.com/butterflymx/828aa0d3-4fd1-42f3-bb29-ef96aa7e00bb,not checked (out of scope),0,2026-09-08,2026-09-24,15,,,ashby,Smart Access / Intercom Systems,New York,A,ashby:butterflymx:828aa0d3-4fd1-42f3-bb29-ef96aa7e00bb
ButterflyMX,Director of Information Technology,NYC Headquarters,https://jobs.ashbyhq.com/butterflymx/645df0f0-4002-402c-b17a-8616de18ef92,not checked (out of scope),0,2026-07-17,2026-09-24,15,,leadership,ashby,Smart Access / Intercom Systems,New York,A,ashby:butterflymx:645df0f0-4002-402c-b17a-8616de18ef92
ButterflyMX,"Director, AI Strategy & Transformation",US Remote,https://jobs.ashbyhq.com/butterflymx/3834c6df-0292-4c85-b035-c16fb1f22541,not checked (out of scope),0,2026-07-21,2026-09-24,15,,leadership,ashby,Smart Access / Intercom Systems,New York,A,ashby:butterflymx:3834c6df-0292-4c85-b035-c16fb1f22541
ButterflyMX,Firmware Engineer,Irvine Office/Warehouse,https://jobs.ashbyhq.com/butterflymx/6c7e9c7e-e244-4aeb-8d0c-c00aa1154234,live,200,2026-09-15,2026-09-24,15,engineering,eng,ashby,Smart Access / Intercom Systems,New York,A,ashby:butterflymx:6c7e9c7e-e244-4aeb-8d0c-c00aa1154234
ButterflyMX,Hardware Engineering Technician,Irvine Office/Warehouse,https://jobs.ashbyhq.com/butterflymx/0e377112-e3b2-41cd-8bc5-c5450d6ab2e7,not checked (out of scope),0,2026-09-15,2026-09-24,15,,eng,ashby,Smart Access / Intercom Systems,New York,A,ashby:butterflymx:0e377112-e3b2-41cd-8bc5-c5450d6ab2e7
ButterflyMX,"Manager, Software Engineering",US Remote,https://jobs.ashbyhq.com/butterflymx/fa4e4dcb-a5e7-432a-a600-858848a21165,live,200,2026-06-15,2026-09-24,15,engineering,eng,ashby,Smart Access / Intercom Systems,New York,A,ashby:butterflymx:fa4e4dcb-a5e7-432a-a600-858848a21165
ButterflyMX,Mechanical Engineer,Irvine Office/Warehouse,https://jobs.ashbyhq.com/butterflymx/427cb494-c1ee-4a21-b01d-fd35b46985b9,live,200,2026-10-05,2026-10-09,0,engineering,eng,ashby,Smart Access / Intercom Systems,New York,A,ashby:butterflymx:427cb494-c1ee-4a21-b01d-fd35b46985b9
ButterflyMX,Principal AI-Native Software Engineer,US Remote,https://jobs.ashbyhq.com/butterflymx/7810fd75-c722-4596-8b43-b2db3da4f490,live,200,2026-08-17,2026-09-24,15,engineering,eng,ashby,Smart Access / Intercom Systems,New York,A,ashby:butterflymx:7810fd75-c722-4596-8b43-b2db3da4f490
ButterflyMX,Principal Product Manager (Mobile Apps),US Remote,https://jobs.ashbyhq.com/butterflymx/fbef2dbc-122b-4ae7-b3cc-93f4d427394f,not checked (out of scope),0,2026-10-05,2026-09-24,15,,product,ashby,Smart Access / Intercom Systems,New York,A,ashby:butterflymx:fbef2dbc-122b-4ae7-b3cc-93f4d427394f
ButterflyMX,Sr. Security Engineer,NYC Headquarters,https://jobs.ashbyhq.com/butterflymx/ed40d382-a526-4a00-82b3-737ac1627961,live,200,2026-07-07,2026-09-24,15,engineering,eng,ashby,Smart Access / Intercom Systems,New York,A,ashby:butterflymx:ed40d382-a526-4a00-82b3-737ac1627961
ButterflyMX,Vice President of Data,US Remote,https://jobs.ashbyhq.com/butterflymx/f71674ae-e2e9-4116-91fd-341cccd0407d,live,200,2026-07-23,2026-09-24,15,executive,leadership,ashby,Smart Access / Intercom Systems,New York,A,ashby:butterflymx:f71674ae-e2e9-4116-91fd-341cccd0407d
Cherre,General Role,"New York, New York",https://jobs.lever.co/cherre/8ff8ee51-077c-41eb-b482-bed7fef233a0,not checked (out of scope),0,2022-03-18,2026-09-24,15,,,lever,Real Estate Data Integration Platform,New York,A,lever:cherre:8ff8ee51-077c-41eb-b482-bed7fef233a0
Digible,Account Executive - Digital Marketing,Remote,https://job-boards.greenhouse.io/digible/jobs/6123850004,live,200,2026-07-23,2026-09-24,15,sales,sales,greenhouse,Multifamily Marketing Agency/Tech,Colorado,A,greenhouse:digible:6123850004
Digible,Group Product Manager,Remote,https://job-boards.greenhouse.io/digible/jobs/6214657004,not checked (out of scope),0,2026-10-01,2026-10-02,7,,product,greenhouse,Multifamily Marketing Agency/Tech,Colorado,A,greenhouse:digible:6214657004
Digible,SEO Strategist,Remote,https://job-boards.greenhouse.io/digible/jobs/6206113004,not checked (out of scope),0,2026-09-22,2026-09-24,15,,,greenhouse,Multifamily Marketing Agency/Tech,Colorado,A,greenhouse:digible:6206113004
Digible,Senior Account Manager,Remote,https://job-boards.greenhouse.io/digible/jobs/6208273004,live,200,2026-09-24,2026-09-28,11,gtm,customer,greenhouse,Multifamily Marketing Agency/Tech,Colorado,A,greenhouse:digible:6208273004
Digible,Senior Analytics Engineer,Remote,https://job-boards.greenhouse.io/digible/jobs/6134872004,live,200,2026-08-04,2026-09-24,15,engineering,eng,greenhouse,Multifamily Marketing Agency/Tech,Colorado,A,greenhouse:digible:6134872004
Digible,Senior Product Manager,Remote,https://job-boards.greenhouse.io/digible/jobs/6143696004,not checked (out of scope),0,2026-08-13,2026-09-24,15,,product,greenhouse,Multifamily Marketing Agency/Tech,Colorado,A,greenhouse:digible:6143696004
DoorLoop,Account Executive (SMB),Miami (US),https://www.doorloop.com/job-post?job=3E.275,live,200,2026-10-09,2026-10-09,0,sales,sales,comeet,Property Management Software,Florida,A,comeet:0A.006:3E.275
DoorLoop,Lead Senior Talent Acquisition(GTM),Remote · Miami (US),https://www.doorloop.com/job-post?job=F5.270,live,200,2026-10-09,2026-10-09,0,gtm,,comeet,Property Management Software,Florida,A,comeet:0A.006:F5.270
DoorLoop,Senior Go-To-Market Analyst,New York City (US),https://www.doorloop.com/job-post?job=3E.277,live,200,2026-10-09,2026-10-09,0,gtm,,comeet,Property Management Software,Florida,A,comeet:0A.006:3E.277
DoorLoop,Senior Product Designer(Maternity Leave Cover),Tel Aviv (IL),https://www.doorloop.com/job-post?job=66.37A,not checked (out of scope),0,2026-10-06,2026-10-09,0,,,comeet,Property Management Software,Florida,A,comeet:0A.006:66.37A
Doorstead,Field Associate - Rental Property Showings,"Irvine, CA",https://doorstead.breezy.hr/p/95970688c202-field-associate-rental-property-showings,not checked (out of scope),0,2026-09-17,2026-10-09,0,,,breezy,Guaranteed-Rent Property Management,California,A,breezy:doorstead:95970688c202
Doorstead,Field Associate - Rental Property Showings,"El Paso, TX",https://doorstead.breezy.hr/p/0432345b3c78-field-associate-rental-property-showings,not checked (out of scope),0,2025-11-06,2026-10-09,0,,,breezy,Guaranteed-Rent Property Management,California,A,breezy:doorstead:0432345b3c78
Doorstead,Field Associate - Rental Property Showings,"Corpus Christi, TX",https://doorstead.breezy.hr/p/48caa1d00646-field-associate-rental-property-showings,not checked (out of scope),0,2026-10-06,2026-10-09,0,,,breezy,Guaranteed-Rent Property Management,California,A,breezy:doorstead:48caa1d00646
Doorstead,Field Associate - Rental Property Showings,"Norfolk, VA",https://doorstead.breezy.hr/p/9da347415ef7-field-associate-rental-property-showings,not checked (out of scope),0,2025-07-28,2026-10-09,0,,,breezy,Guaranteed-Rent Property Management,California,A,breezy:doorstead:9da347415ef7
Doorstead,Field Associate - Rental Property Showings,"San Antonio, TX",https://doorstead.breezy.hr/p/db97bfb36795-field-associate-rental-property-showings,not checked (out of scope),0,2026-10-05,2026-10-09,0,,,breezy,Guaranteed-Rent Property Management,California,A,breezy:doorstead:db97bfb36795
Doorstead,Field Associate - Rental Property Showings,"Greenville, SC",https://doorstead.breezy.hr/p/df783cd078a5-field-associate-rental-property-showings,not checked (out of scope),0,2026-02-27,2026-10-09,0,,,breezy,Guaranteed-Rent Property Management,California,A,breezy:doorstead:df783cd078a5
Doorstead,Field Associate - Rental Property Showings,"Columbia, SC",https://doorstead.breezy.hr/p/032515c48932-field-associate-rental-property-showings,not checked (out of scope),0,2026-02-27,2026-10-09,0,,,breezy,Guaranteed-Rent Property Management,California,A,breezy:doorstead:032515c48932
Doorstead,Field Associate - Rental Property Showings,"Charleston, SC",https://doorstead.breezy.hr/p/5f4c7b2d6fbb-field-associate-rental-property-showings,not checked (out of scope),0,2026-02-27,2026-10-09,0,,,breezy,Guaranteed-Rent Property Management,California,A,breezy:doorstead:5f4c7b2d6fbb
Doorstead,Maintenance Coordinator,"buenos aires, AR",https://doorstead.breezy.hr/p/6448c09e06f3-maintenance-coordinator,not checked (out of scope),0,2026-10-08,2026-10-09,0,,ops,breezy,Guaranteed-Rent Property Management,California,A,breezy:doorstead:6448c09e06f3
Doorstead,Maintenance Specialist,"buenos aires, AR",https://doorstead.breezy.hr/p/f3a830fbd2f3-maintenance-specialist,not checked (out of scope),0,2026-10-08,2026-10-09,0,,ops,breezy,Guaranteed-Rent Property Management,California,A,breezy:doorstead:f3a830fbd2f3
Doorstead,Photographer - Real Estate Listing Photos,"Sacramento, CA",https://doorstead.breezy.hr/p/04b319d87f68-photographer-real-estate-listing-photos,not checked (out of scope),0,2026-08-26,2026-10-09,0,,,breezy,Guaranteed-Rent Property Management,California,A,breezy:doorstead:04b319d87f68
Doorstead,Photographer - Real Estate Listing Photos,"Charleston, SC",https://doorstead.breezy.hr/p/b8d699659b15-photographer-real-estate-listing-photos,not checked (out of scope),0,2026-05-10,2026-10-09,0,,,breezy,Guaranteed-Rent Property Management,California,A,breezy:doorstead:b8d699659b15
Doorstead,Photographer - Real Estate Listing Photos,"Stockton, CA",https://doorstead.breezy.hr/p/dde1dc169305-photographer-real-estate-listing-photos,not checked (out of scope),0,2026-06-29,2026-10-09,0,,,breezy,Guaranteed-Rent Property Management,California,A,breezy:doorstead:dde1dc169305
Doorstead,Photographer - Real Estate Listing Photos,"Charlotte, NC",https://doorstead.breezy.hr/p/27e3ffb4047c-photographer-real-estate-listing-photos,not checked (out of scope),0,2026-05-08,2026-10-09,0,,,breezy,Guaranteed-Rent Property Management,California,A,breezy:doorstead:27e3ffb4047c
Doorstead,Photographer - Real Estate Listing Photos,"Columbia, SC",https://doorstead.breezy.hr/p/de27f8f4f18a-photographer-real-estate-listing-photos,not checked (out of scope),0,2026-05-04,2026-10-09,0,,,breezy,Guaranteed-Rent Property Management,California,A,breezy:doorstead:de27f8f4f18a
Doorstead,Photographer - Real Estate Listing Photos,"Inland Empire, CA",https://doorstead.breezy.hr/p/f42f9f2f9243-photographer-real-estate-listing-photos,not checked (out of scope),0,2026-04-01,2026-10-09,0,,,breezy,Guaranteed-Rent Property Management,California,A,breezy:doorstead:f42f9f2f9243
Doorstead,Photographer - Real Estate Listing Photos,"Tracy, CA",https://doorstead.breezy.hr/p/c1cf4bce9c35-photographer-real-estate-listing-photos,not checked (out of scope),0,2026-06-29,2026-10-09,0,,,breezy,Guaranteed-Rent Property Management,California,A,breezy:doorstead:c1cf4bce9c35
Doorstead,Photographer - Real Estate Listing Photos,"Los Angeles, CA",https://doorstead.breezy.hr/p/ead89cb4ecbf-photographer-real-estate-listing-photos,not checked (out of scope),0,2026-08-12,2026-10-09,0,,,breezy,Guaranteed-Rent Property Management,California,A,breezy:doorstead:ead89cb4ecbf
Doorstead,Photographer - Real Estate Listing Photos,"Fresno, CA",https://doorstead.breezy.hr/p/01c2493ed9b6-photographer-real-estate-listing-photos,not checked (out of scope),0,2026-10-05,2026-10-09,0,,,breezy,Guaranteed-Rent Property Management,California,A,breezy:doorstead:01c2493ed9b6
Doorstead,Photographer - Real Estate Listing Photos,"Myrtle Beach, SC",https://doorstead.breezy.hr/p/f2f7660c37a0-photographer-real-estate-listing-photos,not checked (out of scope),0,2026-08-06,2026-10-09,0,,,breezy,Guaranteed-Rent Property Management,California,A,breezy:doorstead:f2f7660c37a0
Doorstead,Photographer - Real Estate Listing Photos,"Tampa, FL",https://doorstead.breezy.hr/p/0c8509c5eef2-photographer-real-estate-listing-photos,not checked (out of scope),0,2026-09-29,2026-10-09,0,,,breezy,Guaranteed-Rent Property Management,California,A,breezy:doorstead:0c8509c5eef2
Doorstead,Photographer - Real Estate Listing Photos,"Dallas, TX",https://doorstead.breezy.hr/p/f0eb84c19074-photographer-real-estate-listing-photos,not checked (out of scope),0,2026-09-30,2026-10-09,0,,,breezy,Guaranteed-Rent Property Management,California,A,breezy:doorstead:f0eb84c19074
Doorstead,Photographer - Real Estate Listing Photos,"Orlando, FL",https://doorstead.breezy.hr/p/87b6ac52ca70-photographer-real-estate-listing-photos,not checked (out of scope),0,2026-10-02,2026-10-09,0,,,breezy,Guaranteed-Rent Property Management,California,A,breezy:doorstead:87b6ac52ca70
Doorstead,Photographer - Real Estate Listing Photos,"Durham, NC",https://doorstead.breezy.hr/p/ccfdff095113-photographer-real-estate-listing-photos,not checked (out of scope),0,2026-07-16,2026-10-09,0,,,breezy,Guaranteed-Rent Property Management,California,A,breezy:doorstead:ccfdff095113
Doorstead,Photographer - Real Estate Listing Photos,"Raleigh, NC",https://doorstead.breezy.hr/p/138cee5e4d1b-photographer-real-estate-listing-photos,not checked (out of scope),0,2026-07-16,2026-10-09,0,,,breezy,Guaranteed-Rent Property Management,California,A,breezy:doorstead:138cee5e4d1b
Doorstead,Photographer - Real Estate Listing Photos,"El Paso, TX",https://doorstead.breezy.hr/p/4d4b9e906e50-photographer-real-estate-listing-photos,not checked (out of scope),0,2026-07-31,2026-10-09,0,,,breezy,Guaranteed-Rent Property Management,California,A,breezy:doorstead:4d4b9e906e50
Doorstead,Photographer - Real Estate Listing Photos,"Greenville, SC",https://doorstead.breezy.hr/p/98162a7872be-photographer-real-estate-listing-photos,not checked (out of scope),0,2026-05-04,2026-10-09,0,,,breezy,Guaranteed-Rent Property Management,California,A,breezy:doorstead:98162a7872be
Doorstead,Photographer - Real Estate Listing Photos,"Cleveland, OH",https://doorstead.breezy.hr/p/a3377a9ecf90-photographer-real-estate-listing-photos,not checked (out of scope),0,2026-08-14,2026-10-09,0,,,breezy,Guaranteed-Rent Property Management,California,A,breezy:doorstead:a3377a9ecf90
Doorstead,Photographer - Real Estate Listing Photos,"Bakersfield, CA",https://doorstead.breezy.hr/p/ecd23793ed07-photographer-real-estate-listing-photos,not checked (out of scope),0,2026-08-20,2026-10-09,0,,,breezy,Guaranteed-Rent Property Management,California,A,breezy:doorstead:ecd23793ed07
Doorstead,Photographer - Real Estate Listing Photos,"San Francisco, CA",https://doorstead.breezy.hr/p/7196de37fb81-photographer-real-estate-listing-photos,not checked (out of scope),0,2026-08-24,2026-10-09,0,,,breezy,Guaranteed-Rent Property Management,California,A,breezy:doorstead:7196de37fb81
Doorstead,Photographer - Real Estate Listing Photos,"Jacksonville, FL",https://doorstead.breezy.hr/p/01f80117f08f-photographer-real-estate-listing-photos,not checked (out of scope),0,2026-08-24,2026-10-09,0,,,breezy,Guaranteed-Rent Property Management,California,A,breezy:doorstead:01f80117f08f
Doorstead,Photographer - Real Estate Listing Photos,"Seattle, WA",https://doorstead.breezy.hr/p/f411c5a38ced-photographer-real-estate-listing-photos,not checked (out of scope),0,2026-08-28,2026-10-09,0,,,breezy,Guaranteed-Rent Property Management,California,A,breezy:doorstead:f411c5a38ced
Doorstead,Photographer - Real Estate Listing Photos,"Cincinnati, OH",https://doorstead.breezy.hr/p/54b73196caad-photographer-real-estate-listing-photos,not checked (out of scope),0,2026-09-10,2026-10-09,0,,,breezy,Guaranteed-Rent Property Management,California,A,breezy:doorstead:54b73196caad
Doorstead,Photographer - Real Estate Listing Photos,"Long Beach, CA",https://doorstead.breezy.hr/p/46805a174c6b-photographer-real-estate-listing-photos,not checked (out of scope),0,2026-09-21,2026-10-09,0,,,breezy,Guaranteed-Rent Property Management,California,A,breezy:doorstead:46805a174c6b
Doorstead,Photographer - Real Estate Listing Photos,"Washington, DC",https://doorstead.breezy.hr/p/91742f50edb2-photographer-real-estate-listing-photos,not checked (out of scope),0,2026-09-23,2026-10-09,0,,,breezy,Guaranteed-Rent Property Management,California,A,breezy:doorstead:91742f50edb2
Doorstead,Photographer - Real Estate Listing Photos,"Corpus Christi, TX",https://doorstead.breezy.hr/p/17537ee8f352-photographer-real-estate-listing-photos,not checked (out of scope),0,2026-10-06,2026-10-09,0,,,breezy,Guaranteed-Rent Property Management,California,A,breezy:doorstead:17537ee8f352
Doorstead,Photographer - Real Estate Listing Photos,"Columbus, OH",https://doorstead.breezy.hr/p/1046e6e881e9-photographer-real-estate-listing-photos,not checked (out of scope),0,2026-10-05,2026-10-09,0,,,breezy,Guaranteed-Rent Property Management,California,A,breezy:doorstead:1046e6e881e9
Doorstead,Photographer - Real Estate Listing Photos,"Worcester, MA",https://doorstead.breezy.hr/p/0afa9663f235-photographer-real-estate-listing-photos,not checked (out of scope),0,2026-10-09,2026-10-09,0,,,breezy,Guaranteed-Rent Property Management,California,A,breezy:doorstead:0afa9663f235
Doorstead,Real Estate Agents - Get Paid to Show Rentals,"Greenville, SC",https://doorstead.breezy.hr/p/be11c6fec376-real-estate-agents-get-paid-to-show-rentals,not checked (out of scope),0,2026-03-16,2026-10-09,0,,,breezy,Guaranteed-Rent Property Management,California,A,breezy:doorstead:be11c6fec376
Doorstead,Real Estate Agents - Get Paid to Show Rentals,"Columbia, SC",https://doorstead.breezy.hr/p/19a53810d8fc-real-estate-agents-get-paid-to-show-rentals,not checked (out of scope),0,2026-03-16,2026-10-09,0,,,breezy,Guaranteed-Rent Property Management,California,A,breezy:doorstead:19a53810d8fc
Doorstead,Real Estate Agents - Get Paid to Show Rentals,"Corpus Christi, TX",https://doorstead.breezy.hr/p/a53ba6cbd927-real-estate-agents-get-paid-to-show-rentals,not checked (out of scope),0,2026-10-06,2026-10-09,0,,,breezy,Guaranteed-Rent Property Management,California,A,breezy:doorstead:a53ba6cbd927
Doorstead,Real Estate Agents - Get Paid to Show Rentals,"Houston, TX",https://doorstead.breezy.hr/p/b5035211357c-real-estate-agents-get-paid-to-show-rentals,not checked (out of scope),0,2026-02-24,2026-10-09,0,,,breezy,Guaranteed-Rent Property Management,California,A,breezy:doorstead:b5035211357c
Doorstead,Real Estate Agents - Get Paid to Show Rentals,"Sacramento, CA",https://doorstead.breezy.hr/p/380d6c880279-real-estate-agents-get-paid-to-show-rentals,not checked (out of scope),0,2025-11-10,2026-10-09,0,,,breezy,Guaranteed-Rent Property Management,California,A,breezy:doorstead:380d6c880279
Doorstead,Real Estate Agents - Get Paid to Show Rentals,"El Paso, TX",https://doorstead.breezy.hr/p/85e38b90480c-real-estate-agents-get-paid-to-show-rentals,not checked (out of scope),0,2025-08-18,2026-10-09,0,,,breezy,Guaranteed-Rent Property Management,California,A,breezy:doorstead:85e38b90480c
Doorstead,Real Estate Agents - Get Paid to Show Rentals,"San Benito, CA",https://doorstead.breezy.hr/p/92749c6d3f13-real-estate-agents-get-paid-to-show-rentals,not checked (out of scope),0,2025-11-06,2026-10-09,0,,,breezy,Guaranteed-Rent Property Management,California,A,breezy:doorstead:92749c6d3f13
Doorstead,Real Estate Agents - Get Paid to Show Rentals,"Corpus Christi, TX",https://doorstead.breezy.hr/p/7313b6ed2ebd-real-estate-agents-get-paid-to-show-rentals,not checked (out of scope),0,2026-10-06,2026-10-09,0,,,breezy,Guaranteed-Rent Property Management,California,A,breezy:doorstead:7313b6ed2ebd
Doorstead,Real Estate Agents - Get Paid to Show Rentals,"Galveston, TX",https://doorstead.breezy.hr/p/9610b8cf2790-real-estate-agents-get-paid-to-show-rentals,not checked (out of scope),0,2026-02-20,2026-10-09,0,,,breezy,Guaranteed-Rent Property Management,California,A,breezy:doorstead:9610b8cf2790
Doorstead,Showing Agent - Rental Property Showings,"Cleveland, OH",https://doorstead.breezy.hr/p/8b7f55087e0e-showing-agent-rental-property-showings,not checked (out of scope),0,2026-09-22,2026-10-09,0,,,breezy,Guaranteed-Rent Property Management,California,A,breezy:doorstead:8b7f55087e0e
Doorstead,Showing Agent - Rental Property Showings,"El Paso, TX",https://doorstead.breezy.hr/p/fa55060cfb92-showing-agent-rental-property-showings,not checked (out of scope),0,2025-08-12,2026-10-09,0,,,breezy,Guaranteed-Rent Property Management,California,A,breezy:doorstead:fa55060cfb92
Doorstead,Showing Agent - Rental Property Showings,"Hampton Roads, VA",https://doorstead.breezy.hr/p/e2e414ae82e7-showing-agent-rental-property-showings,not checked (out of scope),0,2025-07-23,2026-10-09,0,,,breezy,Guaranteed-Rent Property Management,California,A,breezy:doorstead:e2e414ae82e7
Doorstead,Showing Agent - Rental Property Showings,"Newport News, VA",https://doorstead.breezy.hr/p/99e6cfe9c830-showing-agent-rental-property-showings,not checked (out of scope),0,2025-07-28,2026-10-09,0,,,breezy,Guaranteed-Rent Property Management,California,A,breezy:doorstead:99e6cfe9c830
Doorstead,Showing Agent - Rental Property Showings,"El Paso, TX",https://doorstead.breezy.hr/p/080dd9ac5712-showing-agent-rental-property-showings,not checked (out of scope),0,2025-11-06,2026-10-09,0,,,breezy,Guaranteed-Rent Property Management,California,A,breezy:doorstead:080dd9ac5712
Doorstead,Showing Agent - Rental Property Showings,"San Francisco, CA",https://doorstead.breezy.hr/p/4cb13c42195a-showing-agent-rental-property-showings,not checked (out of scope),0,2026-08-21,2026-10-09,0,,,breezy,Guaranteed-Rent Property Management,California,A,breezy:doorstead:4cb13c42195a
Doorstead,Showing Agent - Rental Property Showings,"Salisbury, NC",https://doorstead.breezy.hr/p/8de82959ab56-showing-agent-rental-property-showings,not checked (out of scope),0,2026-08-20,2026-10-09,0,,,breezy,Guaranteed-Rent Property Management,California,A,breezy:doorstead:8de82959ab56
Doorstead,Showing Agent - Rental Property Showings,"Irvine, CA",https://doorstead.breezy.hr/p/cab059201d00-showing-agent-rental-property-showings,not checked (out of scope),0,2026-08-20,2026-10-09,0,,,breezy,Guaranteed-Rent Property Management,California,A,breezy:doorstead:cab059201d00
Doorstead,Showing Agent - Rental Property Showings,"Tampa, FL",https://doorstead.breezy.hr/p/912c6a640ab1-showing-agent-rental-property-showings,not checked (out of scope),0,2026-05-26,2026-10-09,0,,,breezy,Guaranteed-Rent Property Management,California,A,breezy:doorstead:912c6a640ab1
Doorstead,Showing Agent - Rental Property Showings,"Cincinnati, OH",https://doorstead.breezy.hr/p/e80853a2371b-showing-agent-rental-property-showings,not checked (out of scope),0,2026-04-27,2026-10-09,0,,,breezy,Guaranteed-Rent Property Management,California,A,breezy:doorstead:e80853a2371b
Doorstead,Showing Agent - Rental Property Showings,"Columbus, OH",https://doorstead.breezy.hr/p/5e88163a60a0-showing-agent-rental-property-showings,not checked (out of scope),0,2026-08-31,2026-10-09,0,,,breezy,Guaranteed-Rent Property Management,California,A,breezy:doorstead:5e88163a60a0
Doorstead,Showing Agent - Rental Property Showings,"Durham, NC",https://doorstead.breezy.hr/p/53e38aeba2d8-showing-agent-rental-property-showings,not checked (out of scope),0,2025-12-09,2026-10-09,0,,,breezy,Guaranteed-Rent Property Management,California,A,breezy:doorstead:53e38aeba2d8
Doorstead,Showing Agent - Rental Property Showings,"Naples, FL",https://doorstead.breezy.hr/p/83a7ef853e83-showing-agent-rental-property-showings,not checked (out of scope),0,2026-06-30,2026-10-09,0,,,breezy,Guaranteed-Rent Property Management,California,A,breezy:doorstead:83a7ef853e83
Doorstead,Showing Agent - Rental Property Showings,"Fort Myers, FL",https://doorstead.breezy.hr/p/d500c2444e4a-showing-agent-rental-property-showings,not checked (out of scope),0,2026-06-30,2026-10-09,0,,,breezy,Guaranteed-Rent Property Management,California,A,breezy:doorstead:d500c2444e4a
Doorstead,Showing Agent - Rental Property Showings,"Fresno, CA",https://doorstead.breezy.hr/p/97716a497730-showing-agent-rental-property-showings,not checked (out of scope),0,2025-12-04,2026-10-09,0,,,breezy,Guaranteed-Rent Property Management,California,A,breezy:doorstead:97716a497730
Doorstead,Showing Agent - Rental Property Showings,"Bakersfield, CA",https://doorstead.breezy.hr/p/2629541d8d70-showing-agent-rental-property-showings,not checked (out of scope),0,2026-08-20,2026-10-09,0,,,breezy,Guaranteed-Rent Property Management,California,A,breezy:doorstead:2629541d8d70
Doorstead,Showing Agent - Rental Property Showings,"San Jose, CA",https://doorstead.breezy.hr/p/2d18fe6dfc2e-showing-agent-rental-property-showings,not checked (out of scope),0,2026-09-25,2026-10-09,0,,,breezy,Guaranteed-Rent Property Management,California,A,breezy:doorstead:2d18fe6dfc2e
Doorstead,Showing Agent - Rental Property Showings,"Everett, WA",https://doorstead.breezy.hr/p/58d1a1ef782b-showing-agent-rental-property-showings,not checked (out of scope),0,2026-09-25,2026-10-09,0,,,breezy,Guaranteed-Rent Property Management,California,A,breezy:doorstead:58d1a1ef782b
Doorstead,Showing Agent - Rental Property Showings,"Orlando, FL",https://doorstead.breezy.hr/p/433ef5d681a8-showing-agent-rental-property-showings,not checked (out of scope),0,2026-09-26,2026-10-09,0,,,breezy,Guaranteed-Rent Property Management,California,A,breezy:doorstead:433ef5d681a8
Doorstead,Showing Agent - Rental Property Showings,"Corpus Christi, TX",https://doorstead.breezy.hr/p/3b6c76b5c5c0-showing-agent-rental-property-showings,not checked (out of scope),0,2026-10-06,2026-10-09,0,,,breezy,Guaranteed-Rent Property Management,California,A,breezy:doorstead:3b6c76b5c5c0
Doorstead,Showing Agent - Rental Property Showings,"Seattle, WA",https://doorstead.breezy.hr/p/89c1f43cb263-showing-agent-rental-property-showings,not checked (out of scope),0,2026-09-25,2026-10-09,0,,,breezy,Guaranteed-Rent Property Management,California,A,breezy:doorstead:89c1f43cb263
Doorstead,Showing Agent - Rental Property Showings,"Raleigh, NC",https://doorstead.breezy.hr/p/88d3d73a1193-showing-agent-rental-property-showings,not checked (out of scope),0,2026-09-10,2026-10-09,0,,,breezy,Guaranteed-Rent Property Management,California,A,breezy:doorstead:88d3d73a1193
Doorstead,Showing Agent - Rental Property Showings,"Greensboro, NC",https://doorstead.breezy.hr/p/ef255ecfda97-showing-agent-rental-property-showings,not checked (out of scope),0,2026-04-21,2026-10-09,0,,,breezy,Guaranteed-Rent Property Management,California,A,breezy:doorstead:ef255ecfda97
Doorstead,Showing Agent - Rental Property Showings,"Puyallup, WA",https://doorstead.breezy.hr/p/da3b9351a403-showing-agent-rental-property-showings,not checked (out of scope),0,2026-08-05,2026-10-09,0,,,breezy,Guaranteed-Rent Property Management,California,A,breezy:doorstead:da3b9351a403
Doorstead,Showing Agent - Rental Property Showings,"Greenville, SC",https://doorstead.breezy.hr/p/4d5c7ec5c96d-showing-agent-rental-property-showings,not checked (out of scope),0,2026-03-16,2026-10-09,0,,,breezy,Guaranteed-Rent Property Management,California,A,breezy:doorstead:4d5c7ec5c96d
Doorstead,Showing Agent - Rental Property Showings,"Rock Hill, SC",https://doorstead.breezy.hr/p/6b8738e6bab1-showing-agent-rental-property-showings,not checked (out of scope),0,2026-02-18,2026-10-09,0,,,breezy,Guaranteed-Rent Property Management,California,A,breezy:doorstead:6b8738e6bab1
Doorstead,Showing Agent - Rental Property Showings,"Boca Raton, FL",https://doorstead.breezy.hr/p/f698465f599c-showing-agent-rental-property-showings,not checked (out of scope),0,2025-11-09,2026-10-09,0,,,breezy,Guaranteed-Rent Property Management,California,A,breezy:doorstead:f698465f599c
Doorstead,Showing Agent - Rental Property Showings,"Burlington, NC",https://doorstead.breezy.hr/p/fa31a9e3b3a8-showing-agent-rental-property-showings,not checked (out of scope),0,2026-04-20,2026-10-09,0,,,breezy,Guaranteed-Rent Property Management,California,A,breezy:doorstead:fa31a9e3b3a8
Doorstead,Showing Agent - Rental Property Showings,"Charlotte, NC",https://doorstead.breezy.hr/p/1994e7e73e85-showing-agent-rental-property-showings,not checked (out of scope),0,2025-09-26,2026-10-09,0,,,breezy,Guaranteed-Rent Property Management,California,A,breezy:doorstead:1994e7e73e85
Doorstead,Showing Agent - Rental Property Showings,"Charleston, SC",https://doorstead.breezy.hr/p/32a13c7db08f-showing-agent-rental-property-showings,not checked (out of scope),0,2026-05-07,2026-10-09,0,,,breezy,Guaranteed-Rent Property Management,California,A,breezy:doorstead:32a13c7db08f
Doorstead,Showing Agent - Rental Property Showings,"Austin, TX",https://doorstead.breezy.hr/p/12bbb161ffdf-showing-agent-rental-property-showings,not checked (out of scope),0,2025-10-22,2026-10-09,0,,,breezy,Guaranteed-Rent Property Management,California,A,breezy:doorstead:12bbb161ffdf
Doorstead,Showing Agent - Rental Property Showings,"Inland Empire, CA",https://doorstead.breezy.hr/p/633cf0994505-showing-agent-rental-property-showings,not checked (out of scope),0,2025-10-21,2026-10-09,0,,,breezy,Guaranteed-Rent Property Management,California,A,breezy:doorstead:633cf0994505
Doorstead,Showing Agent - Rental Property Showings,"Dallas, TX",https://doorstead.breezy.hr/p/99c1357493b8-showing-agent-rental-property-showings,not checked (out of scope),0,2026-05-13,2026-10-09,0,,,breezy,Guaranteed-Rent Property Management,California,A,breezy:doorstead:99c1357493b8
Doorstead,Showing Agent - Rental Property Showings,"Palm Beach, FL",https://doorstead.breezy.hr/p/3ef270119b11-showing-agent-rental-property-showings,not checked (out of scope),0,2026-05-15,2026-10-09,0,,,breezy,Guaranteed-Rent Property Management,California,A,breezy:doorstead:3ef270119b11
Doorstead,Showing Agent - Rental Property Showings,"Thousand Oaks, CA",https://doorstead.breezy.hr/p/6fed5784a9db-showing-agent-rental-property-showings,not checked (out of scope),0,2026-05-21,2026-10-09,0,,,breezy,Guaranteed-Rent Property Management,California,A,breezy:doorstead:6fed5784a9db
Doorstead,Showing Agent - Rental Property Showings,"Antioch, CA",https://doorstead.breezy.hr/p/f14ddf3d197f-showing-agent-rental-property-showings,not checked (out of scope),0,2026-05-26,2026-10-09,0,,,breezy,Guaranteed-Rent Property Management,California,A,breezy:doorstead:f14ddf3d197f
Doorstead,Showing Agent - Rental Property Showings,"Miami, FL",https://doorstead.breezy.hr/p/1b93b447dc8a-showing-agent-rental-property-showings,not checked (out of scope),0,2026-06-03,2026-10-09,0,,,breezy,Guaranteed-Rent Property Management,California,A,breezy:doorstead:1b93b447dc8a
Doorstead,Showing Agent - Rental Property Showings,"Fort Lauderdale, FL",https://doorstead.breezy.hr/p/2514e23c28f7-showing-agent-rental-property-showings,not checked (out of scope),0,2026-06-03,2026-10-09,0,,,breezy,Guaranteed-Rent Property Management,California,A,breezy:doorstead:2514e23c28f7
Doorstead,Showing Agent - Rental Property Showings,"Jacksonville, FL",https://doorstead.breezy.hr/p/b3db9a456742-showing-agent-rental-property-showings,not checked (out of scope),0,2026-06-10,2026-10-09,0,,,breezy,Guaranteed-Rent Property Management,California,A,breezy:doorstead:b3db9a456742
Doorstead,Showing Agent - Rental Property Showings,"Long Beach, CA",https://doorstead.breezy.hr/p/99c791579ca8-showing-agent-rental-property-showings,not checked (out of scope),0,2026-03-09,2026-10-09,0,,,breezy,Guaranteed-Rent Property Management,California,A,breezy:doorstead:99c791579ca8
Doorstead,Showing Agent - Rental Property Showings,"Los Angeles, CA",https://doorstead.breezy.hr/p/16ff2c2ac70e-showing-agent-rental-property-showings,not checked (out of scope),0,2025-10-08,2026-10-09,0,,,breezy,Guaranteed-Rent Property Management,California,A,breezy:doorstead:16ff2c2ac70e
Doorstead,Showing Agent - Rental Property Showings,"Suffolk, VA",https://doorstead.breezy.hr/p/f3f161a857c7-showing-agent-rental-property-showings,not checked (out of scope),0,2025-10-02,2026-10-09,0,,,breezy,Guaranteed-Rent Property Management,California,A,breezy:doorstead:f3f161a857c7
Doorstead,Showing Agent - Rental Property Showings,"Myrtle Beach, SC",https://doorstead.breezy.hr/p/c34db6040391-showing-agent-rental-property-showings,not checked (out of scope),0,2026-08-05,2026-10-09,0,,,breezy,Guaranteed-Rent Property Management,California,A,breezy:doorstead:c34db6040391
Doorstead,Showing Agent - Rental Property Showings,"Boston, MA",https://doorstead.breezy.hr/p/5c4cbfa11361-showing-agent-rental-property-showings,not checked (out of scope),0,2026-08-10,2026-10-09,0,,,breezy,Guaranteed-Rent Property Management,California,A,breezy:doorstead:5c4cbfa11361
Doorstead,Showing Agent - Rental Property Showings - Paid per showing,"San Antonio, TX",https://doorstead.breezy.hr/p/c2067f818330-showing-agent-rental-property-showings--paid-per-showing,not checked (out of scope),0,2026-10-01,2026-10-09,0,,,breezy,Guaranteed-Rent Property Management,California,A,breezy:doorstead:c2067f818330
Doorstead,Showing Agent - Rental Property Showings - Paid per showing,"Alexandria, VA",https://doorstead.breezy.hr/p/893cd2fbb9bd-showing-agent-rental-property-showings--paid-per-showing,not checked (out of scope),0,2026-09-09,2026-10-09,0,,,breezy,Guaranteed-Rent Property Management,California,A,breezy:doorstead:893cd2fbb9bd
Doorstead,Showing Agent - Rental Property Showings - Paid per showing,"Columbia, SC",https://doorstead.breezy.hr/p/86f543b5315c-showing-agent-rental-property-showings--paid-per-showing,not checked (out of scope),0,2026-05-07,2026-10-09,0,,,breezy,Guaranteed-Rent Property Management,California,A,breezy:doorstead:86f543b5315c
Doorstead,Showing Agent - Rental Property Showings - Paid per showing,"Worcester, MA",https://doorstead.breezy.hr/p/fa03783c0319-showing-agent-rental-property-showings-paid-per-showing,not checked (out of scope),0,2026-10-09,2026-10-09,0,,,breezy,Guaranteed-Rent Property Management,California,A,breezy:doorstead:fa03783c0319
Entrata,Account Manager,"Lehi, Utah",https://jobs.lever.co/entrata/52176cdb-5728-45af-871d-4a76b4de59b1,live,200,2026-08-17,2026-09-24,15,gtm,customer,lever,Property Management Software (AI leasing/payments),Utah,A,lever:entrata:52176cdb-5728-45af-871d-4a76b4de59b1
Entrata,Account Manager | Central Region,"Dallas, TX",https://jobs.lever.co/entrata/783606d7-d165-4c85-b7c2-9a0c887f50d9,live,200,2026-09-14,2026-09-28,11,gtm,customer,lever,Property Management Software (AI leasing/payments),Utah,A,lever:entrata:783606d7-d165-4c85-b7c2-9a0c887f50d9
Entrata,Agency Support Representative,"Pune, India",https://jobs.lever.co/entrata/e71e2ee9-dc36-44ba-9eb6-915a44383992,not checked (out of scope),0,2026-10-01,2026-10-02,7,,customer,lever,Property Management Software (AI leasing/payments),Utah,A,lever:entrata:e71e2ee9-dc36-44ba-9eb6-915a44383992
Entrata,Background Verification Analyst,United States,https://jobs.lever.co/entrata/8e43b482-7866-4341-80b9-d7ad3f5a7be9,not checked (out of scope),0,2026-05-27,2026-09-24,15,,,lever,Property Management Software (AI leasing/payments),Utah,A,lever:entrata:8e43b482-7866-4341-80b9-d7ad3f5a7be9
Entrata,Background Verification Analyst (Spanish Speaking),United States,https://jobs.lever.co/entrata/becf7d8b-b26c-4532-8ff1-47d386270d4c,not checked (out of scope),0,2025-09-29,2026-09-24,15,,,lever,Property Management Software (AI leasing/payments),Utah,A,lever:entrata:becf7d8b-b26c-4532-8ff1-47d386270d4c
Entrata,Carrier Relations Manager,"Lehi, Utah",https://jobs.lever.co/entrata/8cc8eddf-e43e-4916-b44b-e6c961a5c7cf,not checked (out of scope),0,2026-09-28,2026-09-30,9,,,lever,Property Management Software (AI leasing/payments),Utah,A,lever:entrata:8cc8eddf-e43e-4916-b44b-e6c961a5c7cf
Entrata,Customer Success Manager,"Lehi, Utah",https://jobs.lever.co/entrata/3c71a400-0f1a-4609-94e0-551df38f891f,live,200,2021-12-07,2026-09-28,11,gtm,customer,lever,Property Management Software (AI leasing/payments),Utah,A,lever:entrata:3c71a400-0f1a-4609-94e0-551df38f891f
Entrata,"Director of Engineering, Payments","Lehi, Utah",https://jobs.lever.co/entrata/244e6927-2772-4fa6-8a1f-e053d0ea9810,live,200,2026-08-06,2026-09-24,15,engineering,leadership,lever,Property Management Software (AI leasing/payments),Utah,A,lever:entrata:244e6927-2772-4fa6-8a1f-e053d0ea9810
Entrata,Enterprise Inside Sales Executive,"Lehi, Utah",https://jobs.lever.co/entrata/b5f583d7-97ad-4526-bf5f-640449cf1c04,live,200,2026-07-27,2026-09-24,15,sales,sales,lever,Property Management Software (AI leasing/payments),Utah,A,lever:entrata:b5f583d7-97ad-4526-bf5f-640449cf1c04
Entrata,Implementation Project Manager,United States,https://jobs.lever.co/entrata/8d97730a-3833-449e-8637-a7af26d562fb,not checked (out of scope),0,2023-10-11,2026-09-24,15,,customer,lever,Property Management Software (AI leasing/payments),Utah,A,lever:entrata:8d97730a-3833-449e-8637-a7af26d562fb
Entrata,India Contact Center Professional,"Pune, India",https://jobs.lever.co/entrata/d76ca49c-31ce-44d0-a481-a84d6e9a0d14,not checked (out of scope),0,2025-11-27,2026-09-24,15,,,lever,Property Management Software (AI leasing/payments),Utah,A,lever:entrata:d76ca49c-31ce-44d0-a481-a84d6e9a0d14
Entrata,Invoice Acquisition Specialist,"Lehi, Utah",https://jobs.lever.co/entrata/5f17c8f8-008b-4ec7-bbd1-e3acdb1c9384,not checked (out of scope),0,2021-12-15,2026-09-30,9,,,lever,Property Management Software (AI leasing/payments),Utah,A,lever:entrata:5f17c8f8-008b-4ec7-bbd1-e3acdb1c9384
Entrata,"Product Manager, Utilities - Sustainability",United States,https://jobs.lever.co/entrata/d4d62702-7a35-4436-a689-97be9da222e1,not checked (out of scope),0,2026-09-14,2026-09-24,15,,product,lever,Property Management Software (AI leasing/payments),Utah,A,lever:entrata:d4d62702-7a35-4436-a689-97be9da222e1
Entrata,Regional Vice President Product Sales (AI),United States,https://jobs.lever.co/entrata/f91be6ec-b3b9-4bc4-a9a2-05246f32acb7,live,200,2026-10-06,2026-10-09,0,executive,sales,lever,Property Management Software (AI leasing/payments),Utah,A,lever:entrata:f91be6ec-b3b9-4bc4-a9a2-05246f32acb7
Entrata,"Regional Vice President of Sales, Canada (IC-Enterprise)",Toronto,https://jobs.lever.co/entrata/1fe6b94d-5d86-4e8e-8272-36857a9b342f,live,200,2026-09-10,2026-09-24,15,executive,sales,lever,Property Management Software (AI leasing/payments),Utah,A,lever:entrata:1fe6b94d-5d86-4e8e-8272-36857a9b342f
Entrata,"Regional Vice President of Sales, Central Region (IC-Enterprise)",Missouri,https://jobs.lever.co/entrata/02480379-5daa-43d7-a6b8-396f2b26df39,live,200,2026-05-22,2026-09-24,15,executive,sales,lever,Property Management Software (AI leasing/payments),Utah,A,lever:entrata:02480379-5daa-43d7-a6b8-396f2b26df39
Entrata,"Regional Vice President of Sales, Central Region (IC-Enterprise)","Dallas, TX",https://jobs.lever.co/entrata/ec44b2d5-088f-4f50-9fd1-8f5e7b6796c0,live,200,2024-01-10,2026-09-24,15,executive,sales,lever,Property Management Software (AI leasing/payments),Utah,A,lever:entrata:ec44b2d5-088f-4f50-9fd1-8f5e7b6796c0
Entrata,"Regional Vice President of Sales, East Region (IC-Enterprise)",Maryland,https://jobs.lever.co/entrata/dd699465-497c-49a2-8720-000db1d1feb0,live,200,2026-04-01,2026-09-24,15,executive,sales,lever,Property Management Software (AI leasing/payments),Utah,A,lever:entrata:dd699465-497c-49a2-8720-000db1d1feb0
Entrata,"Regional Vice President of Sales, West Region (IC-Enterprise)",California,https://jobs.lever.co/entrata/8f6b75c0-5157-4db4-b600-6fa18303e16d,live,200,2026-05-18,2026-09-24,15,executive,sales,lever,Property Management Software (AI leasing/payments),Utah,A,lever:entrata:8f6b75c0-5157-4db4-b600-6fa18303e16d
Entrata,Senior Director of Cyber Defense,"Lehi, Utah",https://jobs.lever.co/entrata/7945bd10-4cae-4213-a8d0-063203da3fa4,not checked (out of scope),0,2026-10-07,2026-10-09,0,,leadership,lever,Property Management Software (AI leasing/payments),Utah,A,lever:entrata:7945bd10-4cae-4213-a8d0-063203da3fa4
Entrata,Senior Technical Support Representative,United States,https://jobs.lever.co/entrata/11444128-f2b9-4af6-88a4-109859f182b8,not checked (out of scope),0,2026-03-31,2026-09-28,11,,customer,lever,Property Management Software (AI leasing/payments),Utah,A,lever:entrata:11444128-f2b9-4af6-88a4-109859f182b8
Entrata,Software Engineer,"Pune, India",https://jobs.lever.co/entrata/661bbcc5-3514-4ba3-b616-8838da6c53ec,live,200,2022-05-12,2026-09-24,15,engineering,eng,lever,Property Management Software (AI leasing/payments),Utah,A,lever:entrata:661bbcc5-3514-4ba3-b616-8838da6c53ec
Entrata,Technical Support Representative,United States,https://jobs.lever.co/entrata/6f285ba2-ee23-4bc6-898c-e7f83df34bc4,not checked (out of scope),0,2026-05-18,2026-09-24,15,,customer,lever,Property Management Software (AI leasing/payments),Utah,A,lever:entrata:6f285ba2-ee23-4bc6-898c-e7f83df34bc4
Entrata,Utility Auditor,United States,https://jobs.lever.co/entrata/c4f74768-43d6-4189-b76f-48e894e7985b,not checked (out of scope),0,2026-07-02,2026-10-02,7,,,lever,Property Management Software (AI leasing/payments),Utah,A,lever:entrata:c4f74768-43d6-4189-b76f-48e894e7985b
Entrata,Utility Billing Specialist,United States,https://jobs.lever.co/entrata/314ace0a-29b2-48ca-800e-d49fb2b3e037,not checked (out of scope),0,2025-05-28,2026-10-09,0,,,lever,Property Management Software (AI leasing/payments),Utah,A,lever:entrata:314ace0a-29b2-48ca-800e-d49fb2b3e037
Evergreen Residential,Acquisitions Closing Analyst,"Dallas, TX",https://evergreenresi.com/careers/openings/?gh_jid=4737350005,not checked (out of scope),0,2026-09-23,2026-10-09,0,,,greenhouse,SFR Operator,Texas,A,greenhouse:evergreenresidentialemployeeservicescorp:4737350005
Evergreen Residential,"Analyst, SFR Asset Management","Dallas, TX",https://evergreenresi.com/careers/openings/?gh_jid=4727583005,not checked (out of scope),0,2026-08-25,2026-10-09,0,,,greenhouse,SFR Operator,Texas,A,greenhouse:evergreenresidentialemployeeservicescorp:4727583005
Evergreen Residential,"Associate, SFR Revenue Management & Underwriting","New York City, NY",https://evergreenresi.com/careers/openings/?gh_jid=4724622005,live,200,2026-08-20,2026-10-09,0,sales,sales,greenhouse,SFR Operator,Texas,A,greenhouse:evergreenresidentialemployeeservicescorp:4724622005
Evergreen Residential,"Community Maintenance Tech - Charlotte, North Carolina","Charlotte, North Carolina",https://evergreenresi.com/careers/openings/?gh_jid=4741492005,not checked (out of scope),0,2026-10-07,2026-10-09,0,,ops,greenhouse,SFR Operator,Texas,A,greenhouse:evergreenresidentialemployeeservicescorp:4741492005
Evergreen Residential,"Community Maintenance Tech - Kansas City, Missouri","Kansas City, Missouri",https://evergreenresi.com/careers/openings/?gh_jid=4741497005,not checked (out of scope),0,2026-10-07,2026-10-09,0,,ops,greenhouse,SFR Operator,Texas,A,greenhouse:evergreenresidentialemployeeservicescorp:4741497005
Evergreen Residential,"Community Maintenance Tech - Myrtle Beach, South Carolina","Myrtle Beach, South Carolina",https://evergreenresi.com/careers/openings/?gh_jid=4741500005,not checked (out of scope),0,2026-10-07,2026-10-09,0,,ops,greenhouse,SFR Operator,Texas,A,greenhouse:evergreenresidentialemployeeservicescorp:4741500005
Evergreen Residential,"Community Maintenance Tech - Nashville, Tennessee","Nashville, Tennessee",https://evergreenresi.com/careers/openings/?gh_jid=4741504005,not checked (out of scope),0,2026-10-07,2026-10-09,0,,ops,greenhouse,SFR Operator,Texas,A,greenhouse:evergreenresidentialemployeeservicescorp:4741504005
Evergreen Residential,"Community Maintenance Tech - Phoenix, Arizona","Phoenix, Arizona",https://evergreenresi.com/careers/openings/?gh_jid=4741509005,not checked (out of scope),0,2026-10-07,2026-10-09,0,,ops,greenhouse,SFR Operator,Texas,A,greenhouse:evergreenresidentialemployeeservicescorp:4741509005
Evergreen Residential,"Community Maintenance Tech - Raeford, North Carolina","Raeford, North Carolina",https://evergreenresi.com/careers/openings/?gh_jid=4741513005,not checked (out of scope),0,2026-10-07,2026-10-09,0,,ops,greenhouse,SFR Operator,Texas,A,greenhouse:evergreenresidentialemployeeservicescorp:4741513005
Evergreen Residential,Construction Operations Specialist,"Dallas, TX",https://evergreenresi.com/careers/openings/?gh_jid=4724018005,not checked (out of scope),0,2026-08-13,2026-10-09,0,,ops,greenhouse,SFR Operator,Texas,A,greenhouse:evergreenresidentialemployeeservicescorp:4724018005
Evergreen Residential,Corporate Paralegal,"Dallas, TX",https://evergreenresi.com/careers/openings/?gh_jid=4721085005,not checked (out of scope),0,2026-09-08,2026-10-09,0,,,greenhouse,SFR Operator,Texas,A,greenhouse:evergreenresidentialemployeeservicescorp:4721085005
Evergreen Residential,Customer Service Coordinator,"Dallas, TX",https://evergreenresi.com/careers/openings/?gh_jid=4740588005,not checked (out of scope),0,2026-10-05,2026-10-09,0,,,greenhouse,SFR Operator,Texas,A,greenhouse:evergreenresidentialemployeeservicescorp:4740588005
Evergreen Residential,Customer Service Specialist,"Dallas, TX",https://evergreenresi.com/careers/openings/?gh_jid=4712239005,not checked (out of scope),0,2026-07-06,2026-10-09,0,,,greenhouse,SFR Operator,Texas,A,greenhouse:evergreenresidentialemployeeservicescorp:4712239005
Evergreen Residential,Eviction Specialist,"Charlotte, NC",https://evergreenresi.com/careers/openings/?gh_jid=4742053005,not checked (out of scope),0,2026-10-08,2026-10-09,0,,,greenhouse,SFR Operator,Texas,A,greenhouse:evergreenresidentialemployeeservicescorp:4742053005
Evergreen Residential,"Field Services Technician - Little Rock, Arkansas","Little Rock, Arkansas",https://evergreenresi.com/careers/openings/?gh_jid=4741464005,not checked (out of scope),0,2026-10-07,2026-10-09,0,,,greenhouse,SFR Operator,Texas,A,greenhouse:evergreenresidentialemployeeservicescorp:4741464005
Evergreen Residential,HOA Specialist,"Dallas, TX",https://evergreenresi.com/careers/openings/?gh_jid=4717745005,not checked (out of scope),0,2026-07-22,2026-10-09,0,,,greenhouse,SFR Operator,Texas,A,greenhouse:evergreenresidentialemployeeservicescorp:4717745005
Evergreen Residential,"Inventory Specialist, Fleet Admin","Dallas, TX",https://evergreenresi.com/careers/openings/?gh_jid=4712518005,not checked (out of scope),0,2026-07-07,2026-10-09,0,,,greenhouse,SFR Operator,Texas,A,greenhouse:evergreenresidentialemployeeservicescorp:4712518005
Evergreen Residential,Leasing Agent (Kansas City) - RE License Required,"Kansas City, Missouri",https://evergreenresi.com/careers/openings/?gh_jid=4737145005,not checked (out of scope),0,2026-09-23,2026-10-09,0,,ops,greenhouse,SFR Operator,Texas,A,greenhouse:evergreenresidentialemployeeservicescorp:4737145005
Evergreen Residential,"Leasing Agent - Single Family Resident - Oklahoma City, OK (RE licensed required)","Oklahoma City, OK",https://evergreenresi.com/careers/openings/?gh_jid=4737352005,not checked (out of scope),0,2026-09-23,2026-10-09,0,,ops,greenhouse,SFR Operator,Texas,A,greenhouse:evergreenresidentialemployeeservicescorp:4737352005
Evergreen Residential,"Leasing Agent - St. Louis, Missouri","St. Louis, Missouri",https://evergreenresi.com/careers/openings/?gh_jid=4730773005,not checked (out of scope),0,2026-09-03,2026-10-09,0,,ops,greenhouse,SFR Operator,Texas,A,greenhouse:evergreenresidentialemployeeservicescorp:4730773005
Evergreen Residential,Legal Counsel,"Dallas, TX",https://evergreenresi.com/careers/openings/?gh_jid=4736403005,not checked (out of scope),0,2026-09-21,2026-10-09,0,,,greenhouse,SFR Operator,Texas,A,greenhouse:evergreenresidentialemployeeservicescorp:4736403005
Evergreen Residential,Maintenance Coordinator - Real Estate,"Dallas, TX",https://evergreenresi.com/careers/openings/?gh_jid=4730759005,not checked (out of scope),0,2026-09-03,2026-10-09,0,,ops,greenhouse,SFR Operator,Texas,A,greenhouse:evergreenresidentialemployeeservicescorp:4730759005
Evergreen Residential,"Maintenance Field Tech - Birmingham, Alabama","Birmingham, Alabama",https://evergreenresi.com/careers/openings/?gh_jid=4726998005,not checked (out of scope),0,2026-08-24,2026-10-09,0,,ops,greenhouse,SFR Operator,Texas,A,greenhouse:evergreenresidentialemployeeservicescorp:4726998005
Evergreen Residential,"Maintenance Field Tech - Charlotte, North Carolina","Charlotte, North Carolina",https://evergreenresi.com/careers/openings/?gh_jid=4696427005,not checked (out of scope),0,2026-05-18,2026-10-09,0,,ops,greenhouse,SFR Operator,Texas,A,greenhouse:evergreenresidentialemployeeservicescorp:4696427005
Evergreen Residential,"Maintenance Field Tech - Cincinnati, Ohio","Cincinnati, Ohio",https://evergreenresi.com/careers/openings/?gh_jid=4735501005,not checked (out of scope),0,2026-09-18,2026-10-09,0,,ops,greenhouse,SFR Operator,Texas,A,greenhouse:evergreenresidentialemployeeservicescorp:4735501005
Evergreen Residential,"Maintenance Field Tech - Dayton, Ohio","Dayton, Ohio",https://evergreenresi.com/careers/openings/?gh_jid=4683447005,not checked (out of scope),0,2026-04-17,2026-10-09,0,,ops,greenhouse,SFR Operator,Texas,A,greenhouse:evergreenresidentialemployeeservicescorp:4683447005
Evergreen Residential,"Maintenance Field Tech - Jackson, Mississippi","Jackson, Mississippi",https://evergreenresi.com/careers/openings/?gh_jid=4735504005,not checked (out of scope),0,2026-09-18,2026-10-09,0,,ops,greenhouse,SFR Operator,Texas,A,greenhouse:evergreenresidentialemployeeservicescorp:4735504005
Evergreen Residential,"Maintenance Field Tech - Jacksonville, Florida","Jacksonville, Florida",https://evergreenresi.com/careers/openings/?gh_jid=4721659005,not checked (out of scope),0,2026-08-05,2026-10-09,0,,ops,greenhouse,SFR Operator,Texas,A,greenhouse:evergreenresidentialemployeeservicescorp:4721659005
Evergreen Residential,"Maintenance Field Tech - Memphis, Tennessee","Memphis, Tennessee",https://evergreenresi.com/careers/openings/?gh_jid=4735516005,not checked (out of scope),0,2026-09-18,2026-10-09,0,,ops,greenhouse,SFR Operator,Texas,A,greenhouse:evergreenresidentialemployeeservicescorp:4735516005
Evergreen Residential,"Maintenance Field Tech - Milwaukee, Wisconsin","Milwaukee, Wisconsin",https://evergreenresi.com/careers/openings/?gh_jid=4735512005,not checked (out of scope),0,2026-09-18,2026-10-09,0,,ops,greenhouse,SFR Operator,Texas,A,greenhouse:evergreenresidentialemployeeservicescorp:4735512005
Evergreen Residential,"Maintenance Field Tech - Minneapolis, Minnesota","Minneapolis, Minnesota",https://evergreenresi.com/careers/openings/?gh_jid=4738507005,not checked (out of scope),0,2026-09-28,2026-10-09,0,,ops,greenhouse,SFR Operator,Texas,A,greenhouse:evergreenresidentialemployeeservicescorp:4738507005
Evergreen Residential,"Maintenance Field Tech - Phoenix, Arizona","Phoenix, Arizona",https://evergreenresi.com/careers/openings/?gh_jid=4735510005,not checked (out of scope),0,2026-09-18,2026-10-09,0,,ops,greenhouse,SFR Operator,Texas,A,greenhouse:evergreenresidentialemployeeservicescorp:4735510005
Evergreen Residential,"Maintenance Field Tech - St. Louis, Missouri","St. Louis, Missouri",https://evergreenresi.com/careers/openings/?gh_jid=4703882005,not checked (out of scope),0,2026-06-08,2026-10-09,0,,ops,greenhouse,SFR Operator,Texas,A,greenhouse:evergreenresidentialemployeeservicescorp:4703882005
Evergreen Residential,"Project Manager (Construction) - Greenville, SC","Greenville, South Carolina",https://evergreenresi.com/careers/openings/?gh_jid=4728979005,not checked (out of scope),0,2026-08-28,2026-10-09,0,,,greenhouse,SFR Operator,Texas,A,greenhouse:evergreenresidentialemployeeservicescorp:4728979005
Evergreen Residential,"Project Manager (Construction) - Indianapolis, Indiana","Indianapolis, IN",https://evergreenresi.com/careers/openings/?gh_jid=4740465005,not checked (out of scope),0,2026-10-05,2026-10-09,0,,,greenhouse,SFR Operator,Texas,A,greenhouse:evergreenresidentialemployeeservicescorp:4740465005
Evergreen Residential,"Project Manager Construction - Cincinnati, Ohio","Cincinnati, Ohio",https://evergreenresi.com/careers/openings/?gh_jid=4738438005,not checked (out of scope),0,2026-09-28,2026-10-09,0,,,greenhouse,SFR Operator,Texas,A,greenhouse:evergreenresidentialemployeeservicescorp:4738438005
Evergreen Residential,"Real Estate - Leasing Agent - Phoenix, AZ","Phoenix, AZ",https://evergreenresi.com/careers/openings/?gh_jid=4741533005,not checked (out of scope),0,2026-10-07,2026-10-09,0,,ops,greenhouse,SFR Operator,Texas,A,greenhouse:evergreenresidentialemployeeservicescorp:4741533005
Evergreen Residential,Residential Retention Specialist,"Dallas, TX",https://evergreenresi.com/careers/openings/?gh_jid=4741672005,not checked (out of scope),0,2026-10-07,2026-10-09,0,,,greenhouse,SFR Operator,Texas,A,greenhouse:evergreenresidentialemployeeservicescorp:4741672005
Evergreen Residential,Senior Accountant,"Dallas, TX",https://evergreenresi.com/careers/openings/?gh_jid=4701128005,not checked (out of scope),0,2026-05-29,2026-10-09,0,,,greenhouse,SFR Operator,Texas,A,greenhouse:evergreenresidentialemployeeservicescorp:4701128005
Evergreen Residential,"Supervisor, Maintenance Dispatch, Dallas, TX","Dallas, TX",https://evergreenresi.com/careers/openings/?gh_jid=4728896005,not checked (out of scope),0,2026-08-28,2026-10-09,0,,ops,greenhouse,SFR Operator,Texas,A,greenhouse:evergreenresidentialemployeeservicescorp:4728896005
Evergreen Residential,Utility Specialist - Single Family Rental Property Operations,"Dallas, TX",https://evergreenresi.com/careers/openings/?gh_jid=4721822005,not checked (out of scope),0,2026-08-05,2026-10-09,0,,ops,greenhouse,SFR Operator,Texas,A,greenhouse:evergreenresidentialemployeeservicescorp:4721822005
Evergreen Residential,VP of Field Services (Construction),"Dallas, TX",https://evergreenresi.com/careers/openings/?gh_jid=4685535005,live,200,2026-04-15,2026-10-09,0,executive,leadership,greenhouse,SFR Operator,Texas,A,greenhouse:evergreenresidentialemployeeservicescorp:4685535005
Evernest,Assistant Property Manager,Philippines,https://jobs.lever.co/evernest/5ca4424a-bd4b-4d21-9dd3-964fb3072622,not checked (out of scope),0,2026-09-09,2026-09-24,15,,ops,lever,SFR Property Management,Alabama,A,lever:evernest:5ca4424a-bd4b-4d21-9dd3-964fb3072622
Evernest,Assistant Property Manager,Mexico,https://jobs.lever.co/evernest/d2cb0454-34d7-4b5d-8fc5-858feb126a8f,not checked (out of scope),0,2026-09-09,2026-09-24,15,,ops,lever,SFR Property Management,Alabama,A,lever:evernest:d2cb0454-34d7-4b5d-8fc5-858feb126a8f
Evernest,Director of Property Accounting,United States,https://jobs.lever.co/evernest/015b61b0-72ac-454f-81c6-9ac646c03386,not checked (out of scope),0,2026-10-02,2026-10-02,7,,leadership,lever,SFR Property Management,Alabama,A,lever:evernest:015b61b0-72ac-454f-81c6-9ac646c03386
Evernest,ITM Leasing Coordinator,Philippines,https://jobs.lever.co/evernest/c1860762-c79e-4f72-95f2-088db4ab51ee,not checked (out of scope),0,2026-09-17,2026-09-24,15,,ops,lever,SFR Property Management,Alabama,A,lever:evernest:c1860762-c79e-4f72-95f2-088db4ab51ee
Evernest,ITM Leasing Coordinator,Mexico,https://jobs.lever.co/evernest/e62c1890-edaa-4e82-82cd-9b93404c5eee,not checked (out of scope),0,2026-09-17,2026-09-24,15,,ops,lever,SFR Property Management,Alabama,A,lever:evernest:e62c1890-edaa-4e82-82cd-9b93404c5eee
Evernest,ITM Resident Services Coordinator,Mexico,https://jobs.lever.co/evernest/3286cdcc-2fc4-4bb3-ac25-b2f493bf7b68,not checked (out of scope),0,2026-09-18,2026-09-24,15,,,lever,SFR Property Management,Alabama,A,lever:evernest:3286cdcc-2fc4-4bb3-ac25-b2f493bf7b68
Evernest,ITM Resident Services Coordinator,Philippines,https://jobs.lever.co/evernest/dece7f58-118c-441e-990b-09ffd7c59fd5,not checked (out of scope),0,2026-09-18,2026-09-24,15,,,lever,SFR Property Management,Alabama,A,lever:evernest:dece7f58-118c-441e-990b-09ffd7c59fd5
Evernest,Investor Real Estate Specialist,"Cleveland, OH",https://jobs.lever.co/evernest/1abea67d-9690-4820-9ca7-bc94bafe1c60,not checked (out of scope),0,2026-08-27,2026-09-24,15,,,lever,SFR Property Management,Alabama,A,lever:evernest:1abea67d-9690-4820-9ca7-bc94bafe1c60
Evernest,Investor Real Estate Specialist,"Columbus, OH",https://jobs.lever.co/evernest/317037eb-5d27-444a-8915-a28380bbf633,not checked (out of scope),0,2026-07-21,2026-09-24,15,,,lever,SFR Property Management,Alabama,A,lever:evernest:317037eb-5d27-444a-8915-a28380bbf633
Evernest,Investor Real Estate Specialist,"Little Rock, AR",https://jobs.lever.co/evernest/b855eda4-96a0-4604-92f7-cce9ccd87efc,not checked (out of scope),0,2026-08-26,2026-09-24,15,,,lever,SFR Property Management,Alabama,A,lever:evernest:b855eda4-96a0-4604-92f7-cce9ccd87efc
Evernest,Multi-Family Property Manager,"Richmond, VA",https://jobs.lever.co/evernest/95c5e38f-cb5c-40c4-9725-d2682e1c3479,not checked (out of scope),0,2026-08-26,2026-09-24,15,,ops,lever,SFR Property Management,Alabama,A,lever:evernest:95c5e38f-cb5c-40c4-9725-d2682e1c3479
Evernest,Property Maintenance Coordinator (Virtual/Remote),Mexico,https://jobs.lever.co/evernest/c868458c-9805-4995-be7c-ffbe25d1c88d,not checked (out of scope),0,2026-08-24,2026-09-24,15,,ops,lever,SFR Property Management,Alabama,A,lever:evernest:c868458c-9805-4995-be7c-ffbe25d1c88d
Evernest,Property Maintenance Coordinator (Virtual/Remote),Philippines,https://jobs.lever.co/evernest/eb3ca9e4-94cb-4268-9dd4-bb5d79285587,not checked (out of scope),0,2026-08-24,2026-09-24,15,,ops,lever,SFR Property Management,Alabama,A,lever:evernest:eb3ca9e4-94cb-4268-9dd4-bb5d79285587
Evernest,Property Manager,"Houston, TX",https://jobs.lever.co/evernest/d97a0e6c-40f6-49b1-8173-09655b242065,not checked (out of scope),0,2026-08-28,2026-09-24,15,,ops,lever,SFR Property Management,Alabama,A,lever:evernest:d97a0e6c-40f6-49b1-8173-09655b242065
Evernest,Senior Maintenance Coordinator (Virtual/Remote),Mexico,https://jobs.lever.co/evernest/82b02a6c-d29c-4be9-9921-d2e585e7e785,not checked (out of scope),0,2026-07-17,2026-09-24,15,,ops,lever,SFR Property Management,Alabama,A,lever:evernest:82b02a6c-d29c-4be9-9921-d2e585e7e785
Flock Homes,Exchange Director (Multifamily + Single Family),"Denver, New York, or San Francisco",https://job-boards.greenhouse.io/flockhomes/jobs/4701569005,not checked (out of scope),0,2026-06-01,2026-09-24,15,,leadership,greenhouse,SFR 1031 Exchange Platform,California,A,greenhouse:flockhomes:4701569005
Flock Homes,Full Stack Software Engineer,San Franciso or Denver,https://job-boards.greenhouse.io/flockhomes/jobs/4719723005,live,200,2026-07-29,2026-09-24,15,engineering,eng,greenhouse,SFR 1031 Exchange Platform,California,A,greenhouse:flockhomes:4719723005
Footprint,Account Executive,New York City,https://jobs.ashbyhq.com/footprint/3a3903c7-8e96-42fa-93a5-933f6ce8c3a6,live,200,2026-08-25,2026-10-09,0,sales,sales,ashby,Identity Verification / KYC,New York,A,ashby:footprint:3a3903c7-8e96-42fa-93a5-933f6ce8c3a6
Footprint,Director of Sales,New York City,https://jobs.ashbyhq.com/footprint/aeaeb027-b907-4de8-8819-32b8fc0f001d,live,200,2026-08-26,2026-10-09,0,sales,sales,ashby,Identity Verification / KYC,New York,A,ashby:footprint:aeaeb027-b907-4de8-8819-32b8fc0f001d
Footprint,Forward Deployed Engineer,New York City,https://jobs.ashbyhq.com/footprint/484f5345-2614-4188-b522-dd36cf57170a,live,200,2026-06-16,2026-10-09,0,engineering,eng,ashby,Identity Verification / KYC,New York,A,ashby:footprint:484f5345-2614-4188-b522-dd36cf57170a
Footprint,Founding Strategy & Ops,New York City,https://jobs.ashbyhq.com/footprint/32cb9ea5-757c-4f7b-9dbd-e580bf75e3dc,not checked (out of scope),0,2026-09-01,2026-10-09,0,,,ashby,Identity Verification / KYC,New York,A,ashby:footprint:32cb9ea5-757c-4f7b-9dbd-e580bf75e3dc
Footprint,Head of Partnerships,New York City,https://jobs.ashbyhq.com/footprint/d2ad412f-979d-48ca-b453-76900b2aa5c5,live,200,2026-07-28,2026-10-09,0,executive,leadership,ashby,Identity Verification / KYC,New York,A,ashby:footprint:d2ad412f-979d-48ca-b453-76900b2aa5c5
Footprint,Member of Technical Staff (Backend),New York City,https://jobs.ashbyhq.com/footprint/ff0a1611-7739-41b3-a817-92eaf095fcbd,live,200,2026-06-16,2026-10-09,0,engineering,,ashby,Identity Verification / KYC,New York,A,ashby:footprint:ff0a1611-7739-41b3-a817-92eaf095fcbd
Footprint,"Member of Technical Staff (Backend, Rust)",New York City,https://jobs.ashbyhq.com/footprint/77131cd8-25ad-4e70-9f21-ba480a67bfe1,live,200,2026-10-04,2026-10-09,0,engineering,,ashby,Identity Verification / KYC,New York,A,ashby:footprint:77131cd8-25ad-4e70-9f21-ba480a67bfe1
Footprint,Member of Technical Staff (Frontend),New York City,https://jobs.ashbyhq.com/footprint/9ee2ccf5-5938-48a2-b4cb-8505cf1625cd,live,200,2026-06-16,2026-10-09,0,engineering,,ashby,Identity Verification / KYC,New York,A,ashby:footprint:9ee2ccf5-5938-48a2-b4cb-8505cf1625cd
Footprint,Member of Technical Staff (Infrastructure),New York City,https://jobs.ashbyhq.com/footprint/f2b59688-c435-4a24-946e-f18d200a0db3,live,200,2026-06-16,2026-10-09,0,engineering,,ashby,Identity Verification / KYC,New York,A,ashby:footprint:f2b59688-c435-4a24-946e-f18d200a0db3
Footprint,Member of Technical Staff (Security),New York City,https://jobs.ashbyhq.com/footprint/a9c1427a-bb87-4617-84bc-c03b4d190db2,live,200,2026-08-25,2026-10-09,0,engineering,,ashby,Identity Verification / KYC,New York,A,ashby:footprint:a9c1427a-bb87-4617-84bc-c03b4d190db2
Footprint,Sales Development Representative,New York City,https://jobs.ashbyhq.com/footprint/5c23d4ee-de89-4599-a2a3-b8aa064b95f3,live,200,2026-06-16,2026-10-09,0,sales,sales,ashby,Identity Verification / KYC,New York,A,ashby:footprint:5c23d4ee-de89-4599-a2a3-b8aa064b95f3
Funnel Leasing,Associate Product Manager,Remote · United States,https://apply.workable.com/funnel-leasing/j/29F2E095A4/,not checked (out of scope),0,2026-10-09,2026-10-09,0,,product,workable,Multifamily Leasing CRM,New York,A,workable:funnel-leasing:29F2E095A4
Funnel Leasing,Controller,Remote · United States,https://apply.workable.com/funnel-leasing/j/15E473AF92/,not checked (out of scope),0,2026-08-21,2026-10-09,0,,,workable,Multifamily Leasing CRM,New York,A,workable:funnel-leasing:15E473AF92
Funnel Leasing,"Strategy & Operations Manager, AI",Remote · United States,https://apply.workable.com/funnel-leasing/j/D9F98F213C/,not checked (out of scope),0,2026-09-08,2026-10-09,0,,ops,workable,Multifamily Leasing CRM,New York,A,workable:funnel-leasing:D9F98F213C
Funnel Leasing,"Technical Project Manager, Corporate Systems","Tampa, Florida, United States",https://apply.workable.com/funnel-leasing/j/0DD2061E8F/,not checked (out of scope),0,2026-09-03,2026-10-09,0,,,workable,Multifamily Leasing CRM,New York,A,workable:funnel-leasing:0DD2061E8F
GetCovered,Customer Service Specialist,"Calabasas, CA",https://ats.rippling.com/get-covered-insurance/jobs/0c01d1a5-27b1-4de7-af59-359f4b6cb091,not checked (out of scope),0,,2026-10-09,0,,,rippling,Renters Insurance / PropTech-Insurtech,Colorado,A,rippling:get-covered-insurance:0c01d1a5-27b1-4de7-af59-359f4b6cb091
GetCovered,Director of Claims,Remote (United States),https://ats.rippling.com/get-covered-insurance/jobs/77a0dd7a-72f8-479c-a5a3-e960876f1fa8,not checked (out of scope),0,,2026-10-09,0,,leadership,rippling,Renters Insurance / PropTech-Insurtech,Colorado,A,rippling:get-covered-insurance:77a0dd7a-72f8-479c-a5a3-e960876f1fa8
GetCovered,Frontend Engineer (Angular/TypeScript),Remote (India),https://ats.rippling.com/get-covered-insurance/jobs/e757bacc-4da6-4758-9b59-e78d54abf2e7,live,200,,2026-10-09,0,engineering,eng,rippling,Renters Insurance / PropTech-Insurtech,Colorado,A,rippling:get-covered-insurance:e757bacc-4da6-4758-9b59-e78d54abf2e7
GetCovered,Full Stack Engineer - Pune,"Pune, India",https://ats.rippling.com/get-covered-insurance/jobs/a66b4edc-fc68-4a34-9a65-efe59f72df35,live,200,,2026-10-09,0,engineering,eng,rippling,Renters Insurance / PropTech-Insurtech,Colorado,A,rippling:get-covered-insurance:a66b4edc-fc68-4a34-9a65-efe59f72df35
GetCovered,Quality Engineer (Automation + Manual),"Remote (Pune, Maharashtra, IN)",https://ats.rippling.com/get-covered-insurance/jobs/aea74425-946d-45ba-8046-05c637f1cf36,live,200,,2026-10-09,0,engineering,eng,rippling,Renters Insurance / PropTech-Insurtech,Colorado,A,rippling:get-covered-insurance:aea74425-946d-45ba-8046-05c637f1cf36
GetCovered,Senior DevOps Engineer (AWS),"Pune, India",https://ats.rippling.com/get-covered-insurance/jobs/c7d054a6-4503-49d3-8cd2-1e886f624554,live,200,,2026-10-09,0,engineering,eng,rippling,Renters Insurance / PropTech-Insurtech,Colorado,A,rippling:get-covered-insurance:c7d054a6-4503-49d3-8cd2-1e886f624554
GetCovered,Strategy & Operations Lead,"Bend, OR",https://ats.rippling.com/get-covered-insurance/jobs/6ee65dcd-a1ed-4a7e-a52f-f88466a36ee4,not checked (out of scope),0,,2026-10-09,0,,ops,rippling,Renters Insurance / PropTech-Insurtech,Colorado,A,rippling:get-covered-insurance:6ee65dcd-a1ed-4a7e-a52f-f88466a36ee4
Greystar,Affordable Housing Specialist,"City Office Roseville, Roseville, CA",https://greystar.wd1.myworkdayjobs.com/External/job/City-Office-Roseville-Roseville-CA/Affordable-Housing-Specialist_R0202769,not checked (out of scope),0,,2026-10-02,7,,,workday,Multifamily Property Manager,South Carolina,A,workday:greystar:/job/City-Office-Roseville-Roseville-CA/Affordable-Housing-Specialist_R0202769
Greystar,Affordable Systems Trainer,"Remote, United States",https://greystar.wd1.myworkdayjobs.com/External/job/Remote-United-States/Affordable-Systems-Trainer_R0202858,not checked (out of scope),0,,2026-10-02,7,,,workday,Multifamily Property Manager,South Carolina,A,workday:greystar:/job/Remote-United-States/Affordable-Systems-Trainer_R0202858
Greystar,"Analyst, Corporate Finance","City Office Charleston, Charleston, SC",https://greystar.wd1.myworkdayjobs.com/External/job/City-Office-Charleston-Charleston-SC/Analyst--Corporate-Finance_R0198482,not checked (out of scope),0,,2026-09-24,15,,,workday,Multifamily Property Manager,South Carolina,A,workday:greystar:/job/City-Office-Charleston-Charleston-SC/Analyst--Corporate-Finance_R0198482
Greystar,Anaplan COE Model Builder,"Remote, United States",https://greystar.wd1.myworkdayjobs.com/External/job/Remote-United-States/Finance-Analyst--FP-A-Systems---Applications--Anaplan-COE-Model-Builder-_R0188463,not checked (out of scope),0,,2026-09-24,15,,,workday,Multifamily Property Manager,South Carolina,A,workday:greystar:/job/Remote-United-States/Finance-Analyst--FP-A-Systems---Applications--Anaplan-COE-Model-Builder-_R0188463
Greystar,Assistant Project Manager,"City Office Seattle, Seattle, WA",https://greystar.wd1.myworkdayjobs.com/External/job/City-Office-Seattle-Seattle-WA/Assistant-Project-Manager_R0196954,not checked (out of scope),0,,2026-09-24,15,,,workday,Multifamily Property Manager,South Carolina,A,workday:greystar:/job/City-Office-Seattle-Seattle-WA/Assistant-Project-Manager_R0196954
Greystar,"Associate, Marketing Project Management","Remote, United States",https://greystar.wd1.myworkdayjobs.com/External/job/Remote-United-States/Associate--Marketing-Project-Management_R0201211-1,live,200,,2026-09-28,11,gtm,,workday,Multifamily Property Manager,South Carolina,A,workday:greystar:/job/Remote-United-States/Associate--Marketing-Project-Management_R0201211-1
Greystar,Business Systems Analyst,"Remote, United States",https://greystar.wd1.myworkdayjobs.com/External/job/Remote-United-States/Business-Systems-Analyst_R0202969,not checked (out of scope),0,,2026-10-09,0,,,workday,Multifamily Property Manager,South Carolina,A,workday:greystar:/job/Remote-United-States/Business-Systems-Analyst_R0202969
Greystar,Cloud Platform Engineer,"Remote, United States",https://greystar.wd1.myworkdayjobs.com/External/job/Remote-United-States/Cloud-Platform-Engineer_R0191955,live,200,,2026-09-24,15,engineering,eng,workday,Multifamily Property Manager,South Carolina,A,workday:greystar:/job/Remote-United-States/Cloud-Platform-Engineer_R0191955
Greystar,Construction Manager,"Remote Arizona, Remote Arizona, AZ",https://greystar.wd1.myworkdayjobs.com/External/job/Remote-Arizona-Remote-Arizona-AZ/Construction-Manager_R0202630,not checked (out of scope),0,,2026-09-30,9,,,workday,Multifamily Property Manager,South Carolina,A,workday:greystar:/job/Remote-Arizona-Remote-Arizona-AZ/Construction-Manager_R0202630
Greystar,"Corporate Counsel, Credit Transactions","City Office Charleston, Charleston, SC",https://greystar.wd1.myworkdayjobs.com/External/job/City-Office-Charleston-Charleston-SC/Corporate-Counsel--Credit-Transactions_R0193547,not checked (out of scope),0,,2026-09-24,15,,,workday,Multifamily Property Manager,South Carolina,A,workday:greystar:/job/City-Office-Charleston-Charleston-SC/Corporate-Counsel--Credit-Transactions_R0193547
Greystar,Data Platform Engineer,"Remote, United States",https://greystar.wd1.myworkdayjobs.com/External/job/Remote-United-States/Data-Platform-Engineer_R0196880,live,200,,2026-09-24,15,engineering,eng,workday,Multifamily Property Manager,South Carolina,A,workday:greystar:/job/Remote-United-States/Data-Platform-Engineer_R0196880
Greystar,DataOps Engineer,"Remote, United States",https://greystar.wd1.myworkdayjobs.com/External/job/Remote-United-States/DataOps-Engineer_R0190735,live,200,,2026-09-24,15,engineering,eng,workday,Multifamily Property Manager,South Carolina,A,workday:greystar:/job/Remote-United-States/DataOps-Engineer_R0190735
Greystar,Development Analyst,"City Office Greenwood Village, Greenwood Village, CO",https://greystar.wd1.myworkdayjobs.com/External/job/City-Office-Greenwood-Village-Greenwood-Village-CO/Development-Analyst_R0195337-1,not checked (out of scope),0,,2026-09-24,15,,,workday,Multifamily Property Manager,South Carolina,A,workday:greystar:/job/City-Office-Greenwood-Village-Greenwood-Village-CO/Development-Analyst_R0195337-1
Greystar,Development Analyst,"City Office Boston, Boston, MA",https://greystar.wd1.myworkdayjobs.com/External/job/City-Office-Boston-Boston-MA/Development-Analyst_R0200731-1,not checked (out of scope),0,,2026-09-28,11,,,workday,Multifamily Property Manager,South Carolina,A,workday:greystar:/job/City-Office-Boston-Boston-MA/Development-Analyst_R0200731-1
Greystar,Development Analyst,"City Office Excelsior, Excelsior, MN",https://greystar.wd1.myworkdayjobs.com/External/job/City-Office-Excelsior-Excelsior-MN/Development-Analyst_R0197523-1,not checked (out of scope),0,,2026-09-24,15,,,workday,Multifamily Property Manager,South Carolina,A,workday:greystar:/job/City-Office-Excelsior-Excelsior-MN/Development-Analyst_R0197523-1
Greystar,Director of Client Services,"City Office South Florida, Ft. Lauderdale, FL",https://greystar.wd1.myworkdayjobs.com/External/job/City-Office-South-Florida-Ft-Lauderdale-FL/Director-of-Client-Services_R0202670,not checked (out of scope),0,,2026-09-30,9,,leadership,workday,Multifamily Property Manager,South Carolina,A,workday:greystar:/job/City-Office-South-Florida-Ft-Lauderdale-FL/Director-of-Client-Services_R0202670
Greystar,Director of Client Services - Chicago,"City Office Chicago, Chicago, IL",https://greystar.wd1.myworkdayjobs.com/External/job/City-Office-Chicago-Chicago-IL/Director-of-Client-Services---Chicago_R0203074-1,not checked (out of scope),0,,2026-10-09,0,,leadership,workday,Multifamily Property Manager,South Carolina,A,workday:greystar:/job/City-Office-Chicago-Chicago-IL/Director-of-Client-Services---Chicago_R0203074-1
Greystar,Director of Compliance,2 Locations,https://greystar.wd1.myworkdayjobs.com/External/job/City-Office-Charleston-Charleston-SC/Director-of-Compliance_R0195813-1,not checked (out of scope),0,,2026-09-24,15,,leadership,workday,Multifamily Property Manager,South Carolina,A,workday:greystar:/job/City-Office-Charleston-Charleston-SC/Director-of-Compliance_R0195813-1
Greystar,"Director, Business Security Programs",8 Locations,https://greystar.wd1.myworkdayjobs.com/External/job/City-Office-Dallas-Southlake-Southlake-TX/GMS-Business-Security-Leader_R0185496,not checked (out of scope),0,,2026-09-24,15,,leadership,workday,Multifamily Property Manager,South Carolina,A,workday:greystar:/job/City-Office-Dallas-Southlake-Southlake-TX/GMS-Business-Security-Leader_R0185496
Greystar,"Director, Data Analytics",8 Locations,https://greystar.wd1.myworkdayjobs.com/External/job/City-Office-Chicago-Chicago-IL/Director--Data-Analytics_R0202745,not checked (out of scope),0,,2026-10-02,7,,leadership,workday,Multifamily Property Manager,South Carolina,A,workday:greystar:/job/City-Office-Chicago-Chicago-IL/Director--Data-Analytics_R0202745
Greystar,"Director, Development","City Office Charlotte, Charlotte, NC",https://greystar.wd1.myworkdayjobs.com/External/job/City-Office-Charlotte-Charlotte-NC/Director--Development_R0199378,not checked (out of scope),0,,2026-09-24,15,,leadership,workday,Multifamily Property Manager,South Carolina,A,workday:greystar:/job/City-Office-Charlotte-Charlotte-NC/Director--Development_R0199378
Greystar,"Director, Development",2 Locations,https://greystar.wd1.myworkdayjobs.com/External/job/City-Office-Sacramento-Sacramento-CA/Director--Development_R0194011-1,not checked (out of scope),0,,2026-09-24,15,,leadership,workday,Multifamily Property Manager,South Carolina,A,workday:greystar:/job/City-Office-Sacramento-Sacramento-CA/Director--Development_R0194011-1
Greystar,"Director, Insurance Captive & Accounting","City Office Charleston, Charleston, SC",https://greystar.wd1.myworkdayjobs.com/External/job/City-Office-Charleston-Charleston-SC/Director--Insurance-Captive---Accounting_R0196478-2,not checked (out of scope),0,,2026-09-24,15,,leadership,workday,Multifamily Property Manager,South Carolina,A,workday:greystar:/job/City-Office-Charleston-Charleston-SC/Director--Insurance-Captive---Accounting_R0196478-2
Greystar,"Director, Maintenance Operations - Houston, TX","City Office Houston, Houston, TX",https://greystar.wd1.myworkdayjobs.com/External/job/City-Office-Houston-Houston-TX/Director--Maintenance-Operations---Houston--TX_R0202588,not checked (out of scope),0,,2026-09-30,9,,leadership,workday,Multifamily Property Manager,South Carolina,A,workday:greystar:/job/City-Office-Houston-Houston-TX/Director--Maintenance-Operations---Houston--TX_R0202588
Greystar,"Director, Preconstruction","City Office South Florida, Ft. Lauderdale, FL",https://greystar.wd1.myworkdayjobs.com/External/job/City-Office-South-Florida-Ft-Lauderdale-FL/Director--Preconstruction_R0193469,not checked (out of scope),0,,2026-09-24,15,,leadership,workday,Multifamily Property Manager,South Carolina,A,workday:greystar:/job/City-Office-South-Florida-Ft-Lauderdale-FL/Director--Preconstruction_R0193469
Greystar,"Director, Procurement Governance & Systems – Operations","Remote, United States",https://greystar.wd1.myworkdayjobs.com/External/job/Remote-United-States/Director--Procurement-Governance---Systems---Operations_R0194662,not checked (out of scope),0,,2026-09-24,15,,leadership,workday,Multifamily Property Manager,South Carolina,A,workday:greystar:/job/Remote-United-States/Director--Procurement-Governance---Systems---Operations_R0194662
Greystar,"Director, Real Estate - Conventional Owned Assets","City Office Nashville/Brentwood, Brentwood, TN",https://greystar.wd1.myworkdayjobs.com/External/job/City-Office-NashvilleBrentwood-Brentwood-TN/Director--Real-Estate---Conventional-Owned-Assets_R0199158-1,not checked (out of scope),0,,2026-09-24,15,,leadership,workday,Multifamily Property Manager,South Carolina,A,workday:greystar:/job/City-Office-NashvilleBrentwood-Brentwood-TN/Director--Real-Estate---Conventional-Owned-Assets_R0199158-1
Greystar,Enablement Coordinator,"Remote, United States",https://greystar.wd1.myworkdayjobs.com/External/job/Remote-United-States/Enablement-Coordinator_R0201772,not checked (out of scope),0,,2026-09-24,15,,,workday,Multifamily Property Manager,South Carolina,A,workday:greystar:/job/Remote-United-States/Enablement-Coordinator_R0201772
Greystar,FP&A Associate,"City Office Charleston, Charleston, SC",https://greystar.wd1.myworkdayjobs.com/External/job/City-Office-Charleston-Charleston-SC/FP-A-Associate_R0200733,not checked (out of scope),0,,2026-09-24,15,,,workday,Multifamily Property Manager,South Carolina,A,workday:greystar:/job/City-Office-Charleston-Charleston-SC/FP-A-Associate_R0200733
Greystar,Industrial Superintendent,"City Office Tampa, Tampa, FL",https://greystar.wd1.myworkdayjobs.com/External/job/City-Office-Tampa-Tampa-FL/Industrial-Superintendent_R0202694,not checked (out of scope),0,,2026-09-30,9,,,workday,Multifamily Property Manager,South Carolina,A,workday:greystar:/job/City-Office-Tampa-Tampa-FL/Industrial-Superintendent_R0202694
Greystar,"Manager of Client Services - Austin, TX","City Office Austin, Austin, TX",https://greystar.wd1.myworkdayjobs.com/External/job/City-Office-Austin-Austin-TX/Manager-of-Client-Services---Austin_R0199906,not checked (out of scope),0,,2026-09-24,15,,,workday,Multifamily Property Manager,South Carolina,A,workday:greystar:/job/City-Office-Austin-Austin-TX/Manager-of-Client-Services---Austin_R0199906
Greystar,"Manager, Marketing Strategy - Owned Assets","Remote Colorado, Remote Colorado, CO",https://greystar.wd1.myworkdayjobs.com/External/job/Remote-Colorado-Remote-Colorado-CO/Manager--Marketing-Strategy---Owned-Assets_R0201339,live,200,,2026-09-24,15,gtm,,workday,Multifamily Property Manager,South Carolina,A,workday:greystar:/job/Remote-Colorado-Remote-Colorado-CO/Manager--Marketing-Strategy---Owned-Assets_R0201339
Greystar,Marketing Associate - San Francisco Market,"City Office San Francisco, San Francisco, CA",https://greystar.wd1.myworkdayjobs.com/External/job/City-Office-San-Francisco-San-Francisco-CA/Remote-Marketing-Associate---San-Francisco-Market_R0200430,live,200,,2026-09-24,15,gtm,,workday,Multifamily Property Manager,South Carolina,A,workday:greystar:/job/City-Office-San-Francisco-San-Francisco-CA/Remote-Marketing-Associate---San-Francisco-Market_R0200430
Greystar,Marketing Coordinator,"City Office Newport, Newport Beach, CA",https://greystar.wd1.myworkdayjobs.com/External/job/City-Office-Newport-Newport-Beach-CA/Marketing-Coordinator_R0203399,live,200,,2026-10-09,0,gtm,,workday,Multifamily Property Manager,South Carolina,A,workday:greystar:/job/City-Office-Newport-Newport-Beach-CA/Marketing-Coordinator_R0203399
Greystar,Marketing Manager - Active Adult,"Remote Texas, Remote Texas, TX",https://greystar.wd1.myworkdayjobs.com/External/job/Remote-Texas-Remote-Texas-TX/Marketing-Manager---Active-Adult_R0203387,live,200,,2026-10-09,0,gtm,,workday,Multifamily Property Manager,South Carolina,A,workday:greystar:/job/Remote-Texas-Remote-Texas-TX/Marketing-Manager---Active-Adult_R0203387
Greystar,"Marketing Manager - Austin, TX","City Office Austin, Austin, TX",https://greystar.wd1.myworkdayjobs.com/External/job/City-Office-Austin-Austin-TX/Marketing-Manager---Austin_R0199991,live,200,,2026-09-24,15,gtm,,workday,Multifamily Property Manager,South Carolina,A,workday:greystar:/job/City-Office-Austin-Austin-TX/Marketing-Manager---Austin_R0199991
Greystar,"Office Manager - Houston, TX","City Office Houston, Houston, TX",https://greystar.wd1.myworkdayjobs.com/External/job/City-Office-Houston-Houston-TX/Office-Manager---Houston--TX_R0203013,not checked (out of scope),0,,2026-10-09,0,,,workday,Multifamily Property Manager,South Carolina,A,workday:greystar:/job/City-Office-Houston-Houston-TX/Office-Manager---Houston--TX_R0203013
Greystar,Part-Time Social Media Content Specialist,"City Office DC, Arlington, VA",https://greystar.wd1.myworkdayjobs.com/External/job/City-Office-DC-Arlington-VA/Part-Time-Social-Media-Content-Specialist_R0203375,live,200,,2026-10-09,0,gtm,,workday,Multifamily Property Manager,South Carolina,A,workday:greystar:/job/City-Office-DC-Arlington-VA/Part-Time-Social-Media-Content-Specialist_R0203375
Greystar,Part-Time Social Media Content Specialist,"City Office Greenwood Village, Greenwood Village, CO",https://greystar.wd1.myworkdayjobs.com/External/job/City-Office-Greenwood-Village-Greenwood-Village-CO/Part-Time-Social-Media-Content-Specialist_R0203368,live,200,,2026-10-09,0,gtm,,workday,Multifamily Property Manager,South Carolina,A,workday:greystar:/job/City-Office-Greenwood-Village-Greenwood-Village-CO/Part-Time-Social-Media-Content-Specialist_R0203368
Greystar,Part-Time Social Media Content Specialist,"City Office Austin, Austin, TX",https://greystar.wd1.myworkdayjobs.com/External/job/City-Office-Austin-Austin-TX/Part-Time-Social-Media-Content-Specialist_R0203362,live,200,,2026-10-09,0,gtm,,workday,Multifamily Property Manager,South Carolina,A,workday:greystar:/job/City-Office-Austin-Austin-TX/Part-Time-Social-Media-Content-Specialist_R0203362
Greystar,Part-time Administrative Assistant / Receptionist,"City Office Modern Living Factory, Knox, PA",https://greystar.wd1.myworkdayjobs.com/External/job/City-Office-Modern-Living-Factory-Knox-PA/Part-time-Administrative-Assistant---Receptionist_R0202349,not checked (out of scope),0,,2026-09-28,11,,,workday,Multifamily Property Manager,South Carolina,A,workday:greystar:/job/City-Office-Modern-Living-Factory-Knox-PA/Part-time-Administrative-Assistant---Receptionist_R0202349
Greystar,Procure-to-Pay Software Support Specialist,"Remote, United States",https://greystar.wd1.myworkdayjobs.com/External/job/Remote-United-States/Procure-to-Pay-Software-Support-Specialist_R0201313,not checked (out of scope),0,,2026-09-24,15,,customer,workday,Multifamily Property Manager,South Carolina,A,workday:greystar:/job/Remote-United-States/Procure-to-Pay-Software-Support-Specialist_R0201313
Greystar,Project Engineer,"City Office Austin, Austin, TX",https://greystar.wd1.myworkdayjobs.com/External/job/City-Office-Austin-Austin-TX/Project-Engineer_R0203293,not checked (out of scope),0,,2026-10-09,0,,eng,workday,Multifamily Property Manager,South Carolina,A,workday:greystar:/job/City-Office-Austin-Austin-TX/Project-Engineer_R0203293
Greystar,Project Engineer,"City Office Austin, Austin, TX",https://greystar.wd1.myworkdayjobs.com/External/job/City-Office-Austin-Austin-TX/Project-Engineer_R0186248,not checked (out of scope),0,,2026-09-24,15,,eng,workday,Multifamily Property Manager,South Carolina,A,workday:greystar:/job/City-Office-Austin-Austin-TX/Project-Engineer_R0186248
Greystar,Project Manager,"Remote, United States",https://greystar.wd1.myworkdayjobs.com/External/job/Remote-United-States/Project-Manager_R0197608,not checked (out of scope),0,,2026-09-24,15,,,workday,Multifamily Property Manager,South Carolina,A,workday:greystar:/job/Remote-United-States/Project-Manager_R0197608
Greystar,Project Manager - Industrial Construction,"City Office Atlanta, Atlanta, GA",https://greystar.wd1.myworkdayjobs.com/External/job/City-Office-Atlanta-Atlanta-GA/Project-Manager---Industrial-Construction_R0179414,not checked (out of scope),0,,2026-09-24,15,,,workday,Multifamily Property Manager,South Carolina,A,workday:greystar:/job/City-Office-Atlanta-Atlanta-GA/Project-Manager---Industrial-Construction_R0179414
Greystar,Property Accountant - Third Party,"Remote, United States",https://greystar.wd1.myworkdayjobs.com/External/job/Remote-United-States/Property-Accountant_R0164999,not checked (out of scope),0,,2026-09-24,15,,,workday,Multifamily Property Manager,South Carolina,A,workday:greystar:/job/Remote-United-States/Property-Accountant_R0164999
Greystar,Regional Maintenance Manager,"City Office Tampa, Tampa, FL",https://greystar.wd1.myworkdayjobs.com/External/job/City-Office-Tampa-Tampa-FL/Regional-Maintenance-Manager_R0197122,not checked (out of scope),0,,2026-09-24,15,,ops,workday,Multifamily Property Manager,South Carolina,A,workday:greystar:/job/City-Office-Tampa-Tampa-FL/Regional-Maintenance-Manager_R0197122
Greystar,"Regional Maintenance Manager - Denver, CO (Student Living)","Remote Colorado, Remote Colorado, CO",https://greystar.wd1.myworkdayjobs.com/External/job/Remote-Colorado-Remote-Colorado-CO/Regional-Maintenance-Manager---Denver--CO--Student-Living-_R0201213,not checked (out of scope),0,,2026-09-24,15,,ops,workday,Multifamily Property Manager,South Carolina,A,workday:greystar:/job/Remote-Colorado-Remote-Colorado-CO/Regional-Maintenance-Manager---Denver--CO--Student-Living-_R0201213
Greystar,Regional Maintenance Manager - Northern New Jersey,"City Office New Jersey, Madison, NJ",https://greystar.wd1.myworkdayjobs.com/External/job/City-Office-New-Jersey-Madison-NJ/Regional-Maintenance-Manager---Northern-New-Jersey_R0201214,not checked (out of scope),0,,2026-09-24,15,,ops,workday,Multifamily Property Manager,South Carolina,A,workday:greystar:/job/City-Office-New-Jersey-Madison-NJ/Regional-Maintenance-Manager---Northern-New-Jersey_R0201214
Greystar,Regional Property Manager,"Edmonton, Alberta, Canada",https://greystar.wd1.myworkdayjobs.com/External/job/Edmonton-Alberta-Canada/Regional-Property-Manager_R0202029-1,not checked (out of scope),0,,2026-09-24,15,,ops,workday,Multifamily Property Manager,South Carolina,A,workday:greystar:/job/Edmonton-Alberta-Canada/Regional-Property-Manager_R0202029-1
Greystar,Regional Property Manager,"City Office Las Vegas, Las Vegas, NV",https://greystar.wd1.myworkdayjobs.com/External/job/City-Office-Las-Vegas-Las-Vegas-NV/Regional-Property-Manager_R0201122,not checked (out of scope),0,,2026-09-24,15,,ops,workday,Multifamily Property Manager,South Carolina,A,workday:greystar:/job/City-Office-Las-Vegas-Las-Vegas-NV/Regional-Property-Manager_R0201122
Greystar,"Regional Property Manager (Active Adult) - Atlanta, GA","City Office Atlanta, Atlanta, GA",https://greystar.wd1.myworkdayjobs.com/External/job/City-Office-Atlanta-Atlanta-GA/Regional-Property-Manager--Active-Adult-----Atlanta--GA_R0202970-1,not checked (out of scope),0,,2026-10-09,0,,ops,workday,Multifamily Property Manager,South Carolina,A,workday:greystar:/job/City-Office-Atlanta-Atlanta-GA/Regional-Property-Manager--Active-Adult-----Atlanta--GA_R0202970-1
Greystar,Regional Property Manager (Active Adult) - Colorado,"City Office Greenwood Village, Greenwood Village, CO",https://greystar.wd1.myworkdayjobs.com/External/job/City-Office-Greenwood-Village-Greenwood-Village-CO/Regional-Property-Manager--Active-Adult----Colorado_R0202510,not checked (out of scope),0,,2026-09-30,9,,ops,workday,Multifamily Property Manager,South Carolina,A,workday:greystar:/job/City-Office-Greenwood-Village-Greenwood-Village-CO/Regional-Property-Manager--Active-Adult----Colorado_R0202510
Greystar,"Regional Property Manager - Austin, TX","City Office Austin, Austin, TX",https://greystar.wd1.myworkdayjobs.com/External/job/City-Office-Austin-Austin-TX/Regional-Property-Manager---Austin--Texas_R0201038,not checked (out of scope),0,,2026-09-24,15,,ops,workday,Multifamily Property Manager,South Carolina,A,workday:greystar:/job/City-Office-Austin-Austin-TX/Regional-Property-Manager---Austin--Texas_R0201038
Greystar,Regional Property Manager - Charleston,"City Office Charleston, Charleston, SC",https://greystar.wd1.myworkdayjobs.com/External/job/City-Office-Charleston-Charleston-SC/Regional-Community-Manager---Charleston_R0198741,not checked (out of scope),0,,2026-09-24,15,,ops,workday,Multifamily Property Manager,South Carolina,A,workday:greystar:/job/City-Office-Charleston-Charleston-SC/Regional-Community-Manager---Charleston_R0198741
Greystar,Regional Property Manager - Los Angeles,"City Office Newport, Newport Beach, CA",https://greystar.wd1.myworkdayjobs.com/External/job/City-Office-Newport-Newport-Beach-CA/Regional-Property-Manager---Los-Angeles_R0201965,not checked (out of scope),0,,2026-09-24,15,,ops,workday,Multifamily Property Manager,South Carolina,A,workday:greystar:/job/City-Office-Newport-Newport-Beach-CA/Regional-Property-Manager---Los-Angeles_R0201965
Greystar,Regional Property Manager - San Francisco Bay Area,2 Locations,https://greystar.wd1.myworkdayjobs.com/External/job/City-Office-San-Francisco-San-Francisco-CA/Regional-Property-Manager---San-Francisco-Bay-Area_R0196706,not checked (out of scope),0,,2026-09-24,15,,ops,workday,Multifamily Property Manager,South Carolina,A,workday:greystar:/job/City-Office-San-Francisco-San-Francisco-CA/Regional-Property-Manager---San-Francisco-Bay-Area_R0196706
Greystar,Regional Property Manager - Spokane,"Spokane Valley, WA",https://greystar.wd1.myworkdayjobs.com/External/job/Spokane-Valley-WA/Regional-Property-Manager---Spoakne_R0201532,not checked (out of scope),0,,2026-09-24,15,,ops,workday,Multifamily Property Manager,South Carolina,A,workday:greystar:/job/Spokane-Valley-WA/Regional-Property-Manager---Spoakne_R0201532
Greystar,Resource Center Manager,"City Office Dallas (Cypress Waters), Dallas, TX",https://greystar.wd1.myworkdayjobs.com/External/job/City-Office-Dallas-Cypress-Waters-Dallas-TX/Resource-Center-Manager_R0199638,not checked (out of scope),0,,2026-09-24,15,,,workday,Multifamily Property Manager,South Carolina,A,workday:greystar:/job/City-Office-Dallas-Cypress-Waters-Dallas-TX/Resource-Center-Manager_R0199638
Greystar,"Senior Associate, Investment Asset Management","City Office Dallas (Old Parkland), Dallas, TX",https://greystar.wd1.myworkdayjobs.com/External/job/City-Office-Dallas-Old-Parkland-Dallas-TX/Director--Asset-Management_R0198308-1,not checked (out of scope),0,,2026-09-24,15,,,workday,Multifamily Property Manager,South Carolina,A,workday:greystar:/job/City-Office-Dallas-Old-Parkland-Dallas-TX/Director--Asset-Management_R0198308-1
Greystar,Senior Cloud Security Engineer,"Remote, United States",https://greystar.wd1.myworkdayjobs.com/External/job/Remote-United-States/Senior-Cloud-Security-Engineer_R0201015-1,live,200,,2026-09-24,15,engineering,eng,workday,Multifamily Property Manager,South Carolina,A,workday:greystar:/job/Remote-United-States/Senior-Cloud-Security-Engineer_R0201015-1
Greystar,"Senior Data Engineer, AI & Data Platform","Remote, United States",https://greystar.wd1.myworkdayjobs.com/External/job/Remote-United-States/Senior-Data-Engineer--AI---Data-Platform_R0196879,live,200,,2026-09-24,15,engineering,eng,workday,Multifamily Property Manager,South Carolina,A,workday:greystar:/job/Remote-United-States/Senior-Data-Engineer--AI---Data-Platform_R0196879
Greystar,"Senior Director, Transaction Counsel","City Office New York, New York, NY",https://greystar.wd1.myworkdayjobs.com/External/job/City-Office-New-York-New-York-NY/Senior-Director--Transaction-Counsel_R0199952,not checked (out of scope),0,,2026-09-24,15,,leadership,workday,Multifamily Property Manager,South Carolina,A,workday:greystar:/job/City-Office-New-York-New-York-NY/Senior-Director--Transaction-Counsel_R0199952
Greystar,"Senior Manager, Learning Delivery & Execution",2 Locations,https://greystar.wd1.myworkdayjobs.com/External/job/City-Office-Greenwood-Village-Greenwood-Village-CO/Sr-Manager--Learning---Development_R0199113,not checked (out of scope),0,,2026-09-24,15,,,workday,Multifamily Property Manager,South Carolina,A,workday:greystar:/job/City-Office-Greenwood-Village-Greenwood-Village-CO/Sr-Manager--Learning---Development_R0199113
Greystar,Senior Project Manager - Industrial Construction,"City Office DC, Arlington, VA",https://greystar.wd1.myworkdayjobs.com/External/job/City-Office-DC-Arlington-VA/Senior-Project-Manager---Industrial-Construction_R0196534-1,not checked (out of scope),0,,2026-09-24,15,,,workday,Multifamily Property Manager,South Carolina,A,workday:greystar:/job/City-Office-DC-Arlington-VA/Senior-Project-Manager---Industrial-Construction_R0196534-1
Greystar,Source-to-Contract Operations Advocate,"Remote, United States",https://greystar.wd1.myworkdayjobs.com/External/job/Remote-United-States/Source-to-Contract-Operations-Advocate_R0201281,not checked (out of scope),0,,2026-09-24,15,,ops,workday,Multifamily Property Manager,South Carolina,A,workday:greystar:/job/Remote-United-States/Source-to-Contract-Operations-Advocate_R0201281
Greystar,Source-to-Contract Operations Advocate,"Remote, United States",https://greystar.wd1.myworkdayjobs.com/External/job/Remote-United-States/Source-to-Contract-Operations-Advocate_R0200827,not checked (out of scope),0,,2026-09-24,15,,ops,workday,Multifamily Property Manager,South Carolina,A,workday:greystar:/job/Remote-United-States/Source-to-Contract-Operations-Advocate_R0200827
Greystar,Source-to-Contract Software Support Specialist,"Remote, United States",https://greystar.wd1.myworkdayjobs.com/External/job/Remote-United-States/Source-to-Contract-Software-Support-Specialist_R0201319-1,not checked (out of scope),0,,2026-09-24,15,,customer,workday,Multifamily Property Manager,South Carolina,A,workday:greystar:/job/Remote-United-States/Source-to-Contract-Software-Support-Specialist_R0201319-1
Greystar,Sr Data Engineer,"Remote South Carolina, Remote South Carolina, SC",https://greystar.wd1.myworkdayjobs.com/External/job/Remote-South-Carolina-Remote-South-Carolina-SC/Sr-Data-Engineer_R0201748,live,200,,2026-09-24,15,engineering,eng,workday,Multifamily Property Manager,South Carolina,A,workday:greystar:/job/Remote-South-Carolina-Remote-South-Carolina-SC/Sr-Data-Engineer_R0201748
Greystar,"Sr Marketing Associate - Austin, TX","City Office Austin, Austin, TX",https://greystar.wd1.myworkdayjobs.com/External/job/City-Office-Austin-Austin-TX/Sr-Marketing-Associate---Austin--TX_R0202853,live,200,,2026-10-02,7,gtm,,workday,Multifamily Property Manager,South Carolina,A,workday:greystar:/job/City-Office-Austin-Austin-TX/Sr-Marketing-Associate---Austin--TX_R0202853
Greystar,Sr. Regional Property Manager - Owned Assets,2 Locations,https://greystar.wd1.myworkdayjobs.com/External/job/City-Office-Seattle-Seattle-WA/Sr-Regional-Property-Manager---Owned-Assets_R0203075,not checked (out of scope),0,,2026-10-09,0,,ops,workday,Multifamily Property Manager,South Carolina,A,workday:greystar:/job/City-Office-Seattle-Seattle-WA/Sr-Regional-Property-Manager---Owned-Assets_R0203075
Greystar,Summer Development Analyst,"City Office Seattle, Seattle, WA",https://greystar.wd1.myworkdayjobs.com/External/job/City-Office-Seattle-Seattle-WA/Summer-Development-Analyst_R0199671-1,not checked (out of scope),0,,2026-09-24,15,,,workday,Multifamily Property Manager,South Carolina,A,workday:greystar:/job/City-Office-Seattle-Seattle-WA/Summer-Development-Analyst_R0199671-1
Greystar,Superintendent,"City Office Seattle, Seattle, WA",https://greystar.wd1.myworkdayjobs.com/External/job/City-Office-Seattle-Seattle-WA/Superintendent_R0202957,not checked (out of scope),0,,2026-10-09,0,,,workday,Multifamily Property Manager,South Carolina,A,workday:greystar:/job/City-Office-Seattle-Seattle-WA/Superintendent_R0202957
Greystar,Technical Program Manager,"Remote, United States",https://greystar.wd1.myworkdayjobs.com/External/job/Remote-United-States/Technical-Program-Manager_R0180918,not checked (out of scope),0,,2026-09-28,11,,,workday,Multifamily Property Manager,South Carolina,A,workday:greystar:/job/Remote-United-States/Technical-Program-Manager_R0180918
Greystar,The Village Residences -Mountain View,"City Office San Jose, San Jose, CA",https://greystar.wd1.myworkdayjobs.com/External/job/City-Office-San-Jose-San-Jose-CA/The-Village-Residences--Mountain-View_R0201295,not checked (out of scope),0,,2026-10-04,5,,,workday,Multifamily Property Manager,South Carolina,A,workday:greystar:/job/City-Office-San-Jose-San-Jose-CA/The-Village-Residences--Mountain-View_R0201295
Haven,Founding Engineer,,https://www.ycombinator.com/companies/haven-2/jobs/MUGkU8h-founding-engineer,live,200,,2026-09-24,15,engineering,eng,generic,AI Workforce for Property Management,New York,A,generic:haven-yc:https://www.ycombinator.com/companies/haven-2/jobs/MUGkU8h-founding-engineer
Home365,"Field Agent - Contractor ( Spring Valley, Anthem AZ)",,https://home365.bamboohr.com/careers/88,not checked (out of scope),0,,2026-09-24,15,,,bamboohr,SFR Full-Service Property Management,Nevada,A,bamboohr:home365:88
Home365,"Field Agent - Contractor (Pittsburgh, PA)",,https://home365.bamboohr.com/careers/173,not checked (out of scope),0,,2026-09-24,15,,,bamboohr,SFR Full-Service Property Management,Nevada,A,bamboohr:home365:173
Home365,"Field Agent - Contractor (Reading, PA)",,https://home365.bamboohr.com/careers/209,not checked (out of scope),0,,2026-09-24,15,,,bamboohr,SFR Full-Service Property Management,Nevada,A,bamboohr:home365:209
Home365,"Field Agent - Contractor (Scranton, PA)",,https://home365.bamboohr.com/careers/145,not checked (out of scope),0,,2026-09-24,15,,,bamboohr,SFR Full-Service Property Management,Nevada,A,bamboohr:home365:145
Home365,Field Agent - Contractor(Lancaster/York PA),,https://home365.bamboohr.com/careers/203,not checked (out of scope),0,,2026-09-24,15,,,bamboohr,SFR Full-Service Property Management,Nevada,A,bamboohr:home365:203
Home365,Field Agent - Contractor(Las Vegas),,https://home365.bamboohr.com/careers/206,not checked (out of scope),0,,2026-09-24,15,,,bamboohr,SFR Full-Service Property Management,Nevada,A,bamboohr:home365:206
Home365,"Real Estate Agent Partnership Opportunity (Listing & Resident Placement) Lancaster, York, and Harrisburg",,https://home365.bamboohr.com/careers/194,not checked (out of scope),0,,2026-09-24,15,,,bamboohr,SFR Full-Service Property Management,Nevada,A,bamboohr:home365:194
Home365,"Real Estate Agent Partnership Opportunity (Listing & Resident Placement) Las Vegas, NV",,https://home365.bamboohr.com/careers/208,not checked (out of scope),0,,2026-09-24,15,,,bamboohr,SFR Full-Service Property Management,Nevada,A,bamboohr:home365:208
Home365,"Real Estate Agent Partnership Opportunity (Listing & Resident Placement) Pittsburgh, PA",,https://home365.bamboohr.com/careers/217,not checked (out of scope),0,,2026-09-24,15,,,bamboohr,SFR Full-Service Property Management,Nevada,A,bamboohr:home365:217
Home365,Real Estate Agent Partnership Opportunity (Listing & Resident Placement) Scranton,,https://home365.bamboohr.com/careers/185,not checked (out of scope),0,,2026-09-24,15,,,bamboohr,SFR Full-Service Property Management,Nevada,A,bamboohr:home365:185
Home365,Real Estate Agent Partnership Opportunity (Listing & Resident Placement) Spring Valley/Anthem AZ),,https://home365.bamboohr.com/careers/187,not checked (out of scope),0,,2026-09-24,15,,,bamboohr,SFR Full-Service Property Management,Nevada,A,bamboohr:home365:187
Home365,Real Estate Agent Partnership Opportunity (Listing & Resident Placement) Virginia,,https://home365.bamboohr.com/careers/186,not checked (out of scope),0,,2026-09-24,15,,,bamboohr,SFR Full-Service Property Management,Nevada,A,bamboohr:home365:186
Kiavi,Asset Resolution Specialist,Remote,https://boards.greenhouse.io/kiavi/jobs/8263074?gh_jid=8263074,not checked (out of scope),0,2026-10-07,2026-10-09,0,,,greenhouse,Real Estate Investor Lending,California,A,greenhouse:kiavi:8263074
Latch,Associate Account Executive (AAE),"Mission Bay, San Francisco",https://jobs.lever.co/latch/416364ad-d8c9-46b5-a5c1-a988e0f95e09,open per job board; link check failed (HTTP 404),404,2024-03-26,2026-09-24,15,sales,sales,lever,Smart Access for Multifamily,New York,A,lever:latch:416364ad-d8c9-46b5-a5c1-a988e0f95e09
Latch,I don’t see the right role,"Mission Bay, San Francisco",https://jobs.lever.co/latch/31baae46-f8fd-478e-bd92-2867648f6dcb,not checked (out of scope),0,2022-05-28,2026-09-24,15,,,lever,Smart Access for Multifamily,New York,A,lever:latch:31baae46-f8fd-478e-bd92-2867648f6dcb
MRI Software,AI Senior Developer,,https://mrisoftware.wd501.myworkdayjobs.com/External_CareerSite/job/AI-Senior-Developer_R-106910,live,200,2026-09-09,2026-10-09,0,engineering,eng,workday,Real Estate/Property Management Software,Ohio,A,workday:mrisoftware:/job/AI-Senior-Developer_R-106910
MRI Software,AI Software Engineer III,"Baroda, India Office",https://mrisoftware.wd501.myworkdayjobs.com/External_CareerSite/job/Baroda-India-Office/AI-Software-Engineer-III_R-109456,live,200,2026-10-05,2026-10-09,0,engineering,eng,workday,Real Estate/Property Management Software,Ohio,A,workday:mrisoftware:/job/Baroda-India-Office/AI-Software-Engineer-III_R-109456
MRI Software,APAC Data Business Leader,"Sydney, Australia Office",https://mrisoftware.wd501.myworkdayjobs.com/External_CareerSite/job/Sydney-Australia-Office/APAC-Data-Business-Leader_R-109053,not checked (out of scope),0,2026-09-09,2026-10-09,0,,,workday,Real Estate/Property Management Software,Ohio,A,workday:mrisoftware:/job/Sydney-Australia-Office/APAC-Data-Business-Leader_R-109053
MRI Software,Account Executive (Occupier),"Cleveland, Ohio Office",https://mrisoftware.wd501.myworkdayjobs.com/External_CareerSite/job/Cleveland-Ohio-Office/Account-Executive--Occupier-_R-109424,live,200,2026-09-28,2026-10-09,0,sales,sales,workday,Real Estate/Property Management Software,Ohio,A,workday:mrisoftware:/job/Cleveland-Ohio-Office/Account-Executive--Occupier-_R-109424
MRI Software,Account Executive - Occupier,"London, UK Office",https://mrisoftware.wd501.myworkdayjobs.com/External_CareerSite/job/London-UK-Office/Account-Executive---Occupier_R-109575,live,200,2026-09-29,2026-10-09,0,sales,sales,workday,Real Estate/Property Management Software,Ohio,A,workday:mrisoftware:/job/London-UK-Office/Account-Executive---Occupier_R-109575
MRI Software,Account Executive I,"Cleveland, Ohio Office",https://mrisoftware.wd501.myworkdayjobs.com/External_CareerSite/job/Cleveland-Ohio-Office/Account-Executive-I_R-109392,live,200,2026-09-09,2026-10-09,0,sales,sales,workday,Real Estate/Property Management Software,Ohio,A,workday:mrisoftware:/job/Cleveland-Ohio-Office/Account-Executive-I_R-109392
MRI Software,"Account Executive, Energy & Facility Management Software",3 Locations,https://mrisoftware.wd501.myworkdayjobs.com/External_CareerSite/job/Cleveland-Ohio-Office/Account-Executive--Energy---Facility-Management-Software_R-109310,live,200,2026-09-09,2026-10-09,0,sales,sales,workday,Real Estate/Property Management Software,Ohio,A,workday:mrisoftware:/job/Cleveland-Ohio-Office/Account-Executive--Energy---Facility-Management-Software_R-109310
MRI Software,Account Manager (Software-as-a-Service),"London, UK Office",https://mrisoftware.wd501.myworkdayjobs.com/External_CareerSite/job/London-UK-Office/Account-Manager--Software-as-a-Service-_R-109659,live,200,2026-10-09,2026-10-09,0,gtm,customer,workday,Real Estate/Property Management Software,Ohio,A,workday:mrisoftware:/job/London-UK-Office/Account-Manager--Software-as-a-Service-_R-109659
MRI Software,Account Manager - Expression of Interest,,https://mrisoftware.wd501.myworkdayjobs.com/External_CareerSite/job/Account-Manager_R-105535,live,200,2026-09-09,2026-10-09,0,gtm,customer,workday,Real Estate/Property Management Software,Ohio,A,workday:mrisoftware:/job/Account-Manager_R-105535
MRI Software,Application Support Analyst,"Manila, Philippines",https://mrisoftware.wd501.myworkdayjobs.com/External_CareerSite/job/Manila-Philippines/Application-Support-Analyst_R-108925,not checked (out of scope),0,2026-09-09,2026-10-09,0,,customer,workday,Real Estate/Property Management Software,Ohio,A,workday:mrisoftware:/job/Manila-Philippines/Application-Support-Analyst_R-108925
MRI Software,Application Support Analyst (Middle East Hours),"Cape Town, South Africa Office",https://mrisoftware.wd501.myworkdayjobs.com/External_CareerSite/job/Cape-Town-South-Africa-Office/Application-Support-Analyst--Middle-East-Hours-_R-108844,not checked (out of scope),0,,2026-10-09,0,,customer,workday,Real Estate/Property Management Software,Ohio,A,workday:mrisoftware:/job/Cape-Town-South-Africa-Office/Application-Support-Analyst--Middle-East-Hours-_R-108844
MRI Software,Application Support Analyst (SQL),"Cape Town, South Africa Office",https://mrisoftware.wd501.myworkdayjobs.com/External_CareerSite/job/Cape-Town-South-Africa-Office/Support-Analyst--UK-roles-_R-107678,not checked (out of scope),0,2026-09-25,2026-10-09,0,,customer,workday,Real Estate/Property Management Software,Ohio,A,workday:mrisoftware:/job/Cape-Town-South-Africa-Office/Support-Analyst--UK-roles-_R-107678
MRI Software,Application/Software Support Manager,"Baguio, Philippines",https://mrisoftware.wd501.myworkdayjobs.com/External_CareerSite/job/Baguio-Philippines/Application-Software-Support-Manager_R-108095,not checked (out of scope),0,,2026-10-09,0,,customer,workday,Real Estate/Property Management Software,Ohio,A,workday:mrisoftware:/job/Baguio-Philippines/Application-Software-Support-Manager_R-108095
MRI Software,Billing Analyst,"Manila, Philippines",https://mrisoftware.wd501.myworkdayjobs.com/External_CareerSite/job/Manila-Philippines/Billing-Analyst_R-109650,not checked (out of scope),0,2026-10-09,2026-10-09,0,,,workday,Real Estate/Property Management Software,Ohio,A,workday:mrisoftware:/job/Manila-Philippines/Billing-Analyst_R-109650
MRI Software,Billing Analyst,"Cape Town, South Africa Office",https://mrisoftware.wd501.myworkdayjobs.com/External_CareerSite/job/Cape-Town-South-Africa-Office/Billing-Analyst_R-109093,not checked (out of scope),0,2026-09-25,2026-10-09,0,,,workday,Real Estate/Property Management Software,Ohio,A,workday:mrisoftware:/job/Cape-Town-South-Africa-Office/Billing-Analyst_R-109093
MRI Software,Billing Operations Consultant,"Manila, Philippines",https://mrisoftware.wd501.myworkdayjobs.com/External_CareerSite/job/Manila-Philippines/Billing-Operations-Consultant_R-109552,not checked (out of scope),0,2026-09-29,2026-10-09,0,,ops,workday,Real Estate/Property Management Software,Ohio,A,workday:mrisoftware:/job/Manila-Philippines/Billing-Operations-Consultant_R-109552
MRI Software,Consultant,"Manila, Philippines",https://mrisoftware.wd501.myworkdayjobs.com/External_CareerSite/job/Manila-Philippines/Consultant_R-109560,not checked (out of scope),0,2026-10-06,2026-10-09,0,,,workday,Real Estate/Property Management Software,Ohio,A,workday:mrisoftware:/job/Manila-Philippines/Consultant_R-109560
MRI Software,Consultant II,"Manila, Philippines",https://mrisoftware.wd501.myworkdayjobs.com/External_CareerSite/job/Manila-Philippines/Consultant-II_R-109561,not checked (out of scope),0,2026-10-02,2026-10-09,0,,,workday,Real Estate/Property Management Software,Ohio,A,workday:mrisoftware:/job/Manila-Philippines/Consultant-II_R-109561
MRI Software,Content Writer - Client Delivery & Documentation (UK Hours),"Cape Town, South Africa Office",https://mrisoftware.wd501.myworkdayjobs.com/External_CareerSite/job/Cape-Town-South-Africa-Office/Technical-Writer_R-108570,live,200,2026-10-09,2026-10-09,0,gtm,,workday,Real Estate/Property Management Software,Ohio,A,workday:mrisoftware:/job/Cape-Town-South-Africa-Office/Technical-Writer_R-108570
MRI Software,Director of Global Strategic Finance,"Cleveland, Ohio Office",https://mrisoftware.wd501.myworkdayjobs.com/External_CareerSite/job/Cleveland-Ohio-Office/Director-of-Global-Strategic-Finance_R-109583,not checked (out of scope),0,2026-10-05,2026-10-09,0,,leadership,workday,Real Estate/Property Management Software,Ohio,A,workday:mrisoftware:/job/Cleveland-Ohio-Office/Director-of-Global-Strategic-Finance_R-109583
MRI Software,"Director, Product Development","Baroda, India Office",https://mrisoftware.wd501.myworkdayjobs.com/External_CareerSite/job/Baroda-India-Office/Director--Product-Development_R-109204,not checked (out of scope),0,2026-09-09,2026-10-09,0,,leadership,workday,Real Estate/Property Management Software,Ohio,A,workday:mrisoftware:/job/Baroda-India-Office/Director--Product-Development_R-109204
MRI Software,"Director, Product Development - AI",2 Locations,https://mrisoftware.wd501.myworkdayjobs.com/External_CareerSite/job/Bangalore-India-Office/Director--Product-Development_R-109201,not checked (out of scope),0,2026-09-09,2026-10-09,0,,leadership,workday,Real Estate/Property Management Software,Ohio,A,workday:mrisoftware:/job/Bangalore-India-Office/Director--Product-Development_R-109201
MRI Software,"Director, Product Development - AI","Baroda, India Office",https://mrisoftware.wd501.myworkdayjobs.com/External_CareerSite/job/Baroda-India-Office/Director--Product-Development---AI_R-109200,not checked (out of scope),0,2026-09-09,2026-10-09,0,,leadership,workday,Real Estate/Property Management Software,Ohio,A,workday:mrisoftware:/job/Baroda-India-Office/Director--Product-Development---AI_R-109200
MRI Software,"Director, Senior Associate General Counsel","Sydney, Australia Office",https://mrisoftware.wd501.myworkdayjobs.com/External_CareerSite/job/Sydney-Australia-Office/Director--Senior-Associate-General-Counsel_R-109235,not checked (out of scope),0,2026-09-17,2026-10-09,0,,leadership,workday,Real Estate/Property Management Software,Ohio,A,workday:mrisoftware:/job/Sydney-Australia-Office/Director--Senior-Associate-General-Counsel_R-109235
MRI Software,Finance Consultant,"Cape Town, South Africa Office",https://mrisoftware.wd501.myworkdayjobs.com/External_CareerSite/job/Cape-Town-South-Africa-Office/Finance-Consultant_R-108584,not checked (out of scope),0,2026-09-09,2026-10-09,0,,,workday,Real Estate/Property Management Software,Ohio,A,workday:mrisoftware:/job/Cape-Town-South-Africa-Office/Finance-Consultant_R-108584
MRI Software,Functional Consultant,UK Remote,https://mrisoftware.wd501.myworkdayjobs.com/External_CareerSite/job/UK-Remote/Functional-Consultant_R-108778,not checked (out of scope),0,2026-09-15,2026-10-09,0,,,workday,Real Estate/Property Management Software,Ohio,A,workday:mrisoftware:/job/UK-Remote/Functional-Consultant_R-108778
MRI Software,Functional Consultant,Singapore Office,https://mrisoftware.wd501.myworkdayjobs.com/External_CareerSite/job/Singapore-Office/Functional-Consultant_R-109385,not checked (out of scope),0,2026-09-10,2026-10-09,0,,,workday,Real Estate/Property Management Software,Ohio,A,workday:mrisoftware:/job/Singapore-Office/Functional-Consultant_R-109385
MRI Software,Human Resources Business Partner - Global Sales (6 Month Contract),"Cleveland, Ohio Office",https://mrisoftware.wd501.myworkdayjobs.com/External_CareerSite/job/Cleveland-Ohio-Office/Human-Resources-Business-Partner---NA---EMEA-Sales--6-Month-Contract-_R-109461,live,200,2026-09-24,2026-10-09,0,sales,sales,workday,Real Estate/Property Management Software,Ohio,A,workday:mrisoftware:/job/Cleveland-Ohio-Office/Human-Resources-Business-Partner---NA---EMEA-Sales--6-Month-Contract-_R-109461
MRI Software,Implementation Consultant,"Sydney, Australia Office",https://mrisoftware.wd501.myworkdayjobs.com/External_CareerSite/job/Sydney-Australia-Office/Consultant---Investment-Modelling_R-109383,not checked (out of scope),0,2026-10-02,2026-10-09,0,,customer,workday,Real Estate/Property Management Software,Ohio,A,workday:mrisoftware:/job/Sydney-Australia-Office/Consultant---Investment-Modelling_R-109383
MRI Software,Implementation Consultant (Property & Lease Management - ProLease Enterprise/Horizon),"Sydney, Australia Office",https://mrisoftware.wd501.myworkdayjobs.com/External_CareerSite/job/Sydney-Australia-Office/Implementation-Consultant--Property---Lease-Management---ProLease-Enterprise-Horizon--_R-109171,not checked (out of scope),0,2026-09-24,2026-10-09,0,,customer,workday,Real Estate/Property Management Software,Ohio,A,workday:mrisoftware:/job/Sydney-Australia-Office/Implementation-Consultant--Property---Lease-Management---ProLease-Enterprise-Horizon--_R-109171
MRI Software,LIHTC Year 15 Specialist,US Remote,https://mrisoftware.wd501.myworkdayjobs.com/External_CareerSite/job/US-Remote/LIHTC-Year-15-Specialist_R-109641,not checked (out of scope),0,2026-10-06,2026-10-09,0,,,workday,Real Estate/Property Management Software,Ohio,A,workday:mrisoftware:/job/US-Remote/LIHTC-Year-15-Specialist_R-109641
MRI Software,Lease Admin,"Cape Town, South Africa Office",https://mrisoftware.wd501.myworkdayjobs.com/External_CareerSite/job/Cape-Town-South-Africa-Office/Lease-Admin_R-107854,not checked (out of scope),0,2026-09-09,2026-10-09,0,,,workday,Real Estate/Property Management Software,Ohio,A,workday:mrisoftware:/job/Cape-Town-South-Africa-Office/Lease-Admin_R-107854
MRI Software,Lease Administrator,"Cape Town, South Africa Office",https://mrisoftware.wd501.myworkdayjobs.com/External_CareerSite/job/Cape-Town-South-Africa-Office/Lease-Administrator_R-106986,not checked (out of scope),0,2026-09-29,2026-10-09,0,,,workday,Real Estate/Property Management Software,Ohio,A,workday:mrisoftware:/job/Cape-Town-South-Africa-Office/Lease-Administrator_R-106986
MRI Software,Lease Administrator,"Cape Town, South Africa Office",https://mrisoftware.wd501.myworkdayjobs.com/External_CareerSite/job/Cape-Town-South-Africa-Office/Lease-Administrator_R-107020,not checked (out of scope),0,2026-09-09,2026-10-09,0,,,workday,Real Estate/Property Management Software,Ohio,A,workday:mrisoftware:/job/Cape-Town-South-Africa-Office/Lease-Administrator_R-107020
MRI Software,Lease Administrator (UK Hours),"Cape Town, South Africa Office",https://mrisoftware.wd501.myworkdayjobs.com/External_CareerSite/job/Cape-Town-South-Africa-Office/Lease-Administrator--UK-Hours-_R-106985,not checked (out of scope),0,2026-09-09,2026-10-09,0,,,workday,Real Estate/Property Management Software,Ohio,A,workday:mrisoftware:/job/Cape-Town-South-Africa-Office/Lease-Administrator--UK-Hours-_R-106985
MRI Software,Managed Services Manager,"Manila, Philippines",https://mrisoftware.wd501.myworkdayjobs.com/External_CareerSite/job/Manila-Philippines/Manager_R-108448,not checked (out of scope),0,2026-09-09,2026-10-09,0,,,workday,Real Estate/Property Management Software,Ohio,A,workday:mrisoftware:/job/Manila-Philippines/Manager_R-108448
MRI Software,Manager of Global Strategic Finance,"Cleveland, Ohio Office",https://mrisoftware.wd501.myworkdayjobs.com/External_CareerSite/job/Cleveland-Ohio-Office/Manager-of-Global-Strategic-Finance_R-109582,not checked (out of scope),0,2026-10-05,2026-10-09,0,,,workday,Real Estate/Property Management Software,Ohio,A,workday:mrisoftware:/job/Cleveland-Ohio-Office/Manager-of-Global-Strategic-Finance_R-109582
MRI Software,Occupier Services Manager,"Manila, Philippines",https://mrisoftware.wd501.myworkdayjobs.com/External_CareerSite/job/Manila-Philippines/Occupier-Services-Manager_R-108449,not checked (out of scope),0,2026-09-09,2026-10-09,0,,,workday,Real Estate/Property Management Software,Ohio,A,workday:mrisoftware:/job/Manila-Philippines/Occupier-Services-Manager_R-108449
MRI Software,Product Marketing Manager (1/2),3 Locations,https://mrisoftware.wd501.myworkdayjobs.com/External_CareerSite/job/US-Remote/Product-Marketing-Manager_R-108834,live,200,2026-10-05,2026-10-09,0,gtm,,workday,Real Estate/Property Management Software,Ohio,A,workday:mrisoftware:/job/US-Remote/Product-Marketing-Manager_R-108834
MRI Software,Product Marketing Manager (2/2),3 Locations,https://mrisoftware.wd501.myworkdayjobs.com/External_CareerSite/job/US-Remote/Associate-Product-Marketing-Specialist_R-108835,live,200,2026-10-05,2026-10-09,0,gtm,,workday,Real Estate/Property Management Software,Ohio,A,workday:mrisoftware:/job/US-Remote/Associate-Product-Marketing-Specialist_R-108835
MRI Software,Professional Services Global PMO Manager (UK Hours),"Cape Town, South Africa Office",https://mrisoftware.wd501.myworkdayjobs.com/External_CareerSite/job/Cape-Town-South-Africa-Office/PMO-Coordinator--UK-hours-_R-106959,not checked (out of scope),0,2026-10-07,2026-10-09,0,,,workday,Real Estate/Property Management Software,Ohio,A,workday:mrisoftware:/job/Cape-Town-South-Africa-Office/PMO-Coordinator--UK-hours-_R-106959
MRI Software,Program Manager,2 Locations,https://mrisoftware.wd501.myworkdayjobs.com/External_CareerSite/job/London-UK-Office/Program-Manager_R-109373,not checked (out of scope),0,2026-10-01,2026-10-09,0,,,workday,Real Estate/Property Management Software,Ohio,A,workday:mrisoftware:/job/London-UK-Office/Program-Manager_R-109373
MRI Software,Project Scoping Specialist (UK Hours),"Cape Town, South Africa Office",https://mrisoftware.wd501.myworkdayjobs.com/External_CareerSite/job/Cape-Town-South-Africa-Office/Professional-Services-Statement-of-Works-Writer--UK-Hours-_R-108568,not checked (out of scope),0,2026-09-25,2026-10-09,0,,,workday,Real Estate/Property Management Software,Ohio,A,workday:mrisoftware:/job/Cape-Town-South-Africa-Office/Professional-Services-Statement-of-Works-Writer--UK-Hours-_R-108568
MRI Software,Property Accountant,,https://mrisoftware.wd501.myworkdayjobs.com/External_CareerSite/job/Property-Accountant--UK-Hours-_R-107514,not checked (out of scope),0,2026-09-09,2026-10-09,0,,,workday,Real Estate/Property Management Software,Ohio,A,workday:mrisoftware:/job/Property-Accountant--UK-Hours-_R-107514
MRI Software,Property Accountant,"Sleaford, UK Office",https://mrisoftware.wd501.myworkdayjobs.com/External_CareerSite/job/Sleaford-UK-Office/Property-Accountant_R-107409,not checked (out of scope),0,2026-09-09,2026-10-09,0,,,workday,Real Estate/Property Management Software,Ohio,A,workday:mrisoftware:/job/Sleaford-UK-Office/Property-Accountant_R-107409
MRI Software,Property Accountant,"London, UK Office",https://mrisoftware.wd501.myworkdayjobs.com/External_CareerSite/job/London-UK-Office/Property-Accountant_R-107408,not checked (out of scope),0,2026-09-09,2026-10-09,0,,,workday,Real Estate/Property Management Software,Ohio,A,workday:mrisoftware:/job/London-UK-Office/Property-Accountant_R-107408
MRI Software,Property Accountant (UK hours),"Johannesburg, South Africa Office",https://mrisoftware.wd501.myworkdayjobs.com/External_CareerSite/job/Johannesburg-South-Africa-Office/Property-Accountant--UK-hours-_R-107562,not checked (out of scope),0,2026-09-09,2026-10-09,0,,,workday,Real Estate/Property Management Software,Ohio,A,workday:mrisoftware:/job/Johannesburg-South-Africa-Office/Property-Accountant--UK-hours-_R-107562
MRI Software,"QA Automation Engineer III ( Playwright, C#/Java)","Baroda, India Office",https://mrisoftware.wd501.myworkdayjobs.com/External_CareerSite/job/Baroda-India-Office/Software-Engineer-III--RubyOnRail-_R-108282,live,200,2026-09-09,2026-10-09,0,engineering,eng,workday,Real Estate/Property Management Software,Ohio,A,workday:mrisoftware:/job/Baroda-India-Office/Software-Engineer-III--RubyOnRail-_R-108282
MRI Software,Receptionist / Workplace Experience Coordinator,"Sydney, Australia Office",https://mrisoftware.wd501.myworkdayjobs.com/External_CareerSite/job/Sydney-Australia-Office/Receptionist---Workplace-Experience-Coordinator_R-109602,not checked (out of scope),0,2026-10-01,2026-10-09,0,,,workday,Real Estate/Property Management Software,Ohio,A,workday:mrisoftware:/job/Sydney-Australia-Office/Receptionist---Workplace-Experience-Coordinator_R-109602
MRI Software,Sales Development Representative,"Sydney, Australia Office",https://mrisoftware.wd501.myworkdayjobs.com/External_CareerSite/job/Sydney-Australia-Office/Sales-Development-Representative_R-109614,live,200,2026-10-02,2026-10-09,0,sales,sales,workday,Real Estate/Property Management Software,Ohio,A,workday:mrisoftware:/job/Sydney-Australia-Office/Sales-Development-Representative_R-109614
MRI Software,Sales Development Representative,"Cleveland, Ohio Office",https://mrisoftware.wd501.myworkdayjobs.com/External_CareerSite/job/Cleveland-Ohio-Office/Sales-Development-Representative_R-109389,live,200,2026-09-09,2026-10-09,0,sales,sales,workday,Real Estate/Property Management Software,Ohio,A,workday:mrisoftware:/job/Cleveland-Ohio-Office/Sales-Development-Representative_R-109389
MRI Software,Sales Development Representative (Outbound),"Sydney, Australia Office",https://mrisoftware.wd501.myworkdayjobs.com/External_CareerSite/job/Sydney-Australia-Office/Sales-Development-Representative--Outbound-_R-109370,live,200,2026-10-06,2026-10-09,0,sales,sales,workday,Real Estate/Property Management Software,Ohio,A,workday:mrisoftware:/job/Sydney-Australia-Office/Sales-Development-Representative--Outbound-_R-109370
MRI Software,Sales Development Representative - Expression of Interest,2 Locations,https://mrisoftware.wd501.myworkdayjobs.com/External_CareerSite/job/Sydney-Australia-Office/Sales-Development-Representative_R-105561,live,200,2026-09-09,2026-10-09,0,sales,sales,workday,Real Estate/Property Management Software,Ohio,A,workday:mrisoftware:/job/Sydney-Australia-Office/Sales-Development-Representative_R-105561
MRI Software,Sales Manager,US Remote,https://mrisoftware.wd501.myworkdayjobs.com/External_CareerSite/job/US-Remote/Sales-Manager_R-109238,live,200,2026-09-09,2026-10-09,0,sales,sales,workday,Real Estate/Property Management Software,Ohio,A,workday:mrisoftware:/job/US-Remote/Sales-Manager_R-109238
MRI Software,Sales Operations Analyst,"Manila, Philippines",https://mrisoftware.wd501.myworkdayjobs.com/External_CareerSite/job/Manila-Philippines/Sales-Operations-Analyst_R-109479,live,200,2026-09-23,2026-10-09,0,sales,sales,workday,Real Estate/Property Management Software,Ohio,A,workday:mrisoftware:/job/Manila-Philippines/Sales-Operations-Analyst_R-109479
MRI Software,"Senior Counsel, Employment & Litigation","Cleveland, Ohio Office",https://mrisoftware.wd501.myworkdayjobs.com/External_CareerSite/job/Cleveland-Ohio-Office/Senior-Counsel--Employment---Litigation_R-109214,not checked (out of scope),0,2026-09-09,2026-10-09,0,,,workday,Real Estate/Property Management Software,Ohio,A,workday:mrisoftware:/job/Cleveland-Ohio-Office/Senior-Counsel--Employment---Litigation_R-109214
MRI Software,"Senior LIHTC Tax Manager, Asset Manager (LIHTC)",2 Locations,https://mrisoftware.wd501.myworkdayjobs.com/External_CareerSite/job/Boston-Massachusetts-Office/Senior-Asset-Manager--LIHTC-_R-107889,not checked (out of scope),0,2026-09-09,2026-10-09,0,,ops,workday,Real Estate/Property Management Software,Ohio,A,workday:mrisoftware:/job/Boston-Massachusetts-Office/Senior-Asset-Manager--LIHTC-_R-107889
MRI Software,Senior Manager (Property Accounting),"Gurgaon, India Office",https://mrisoftware.wd501.myworkdayjobs.com/External_CareerSite/job/Gurgaon-India-Office/Senior-Manager--Accounting-and-Finance-Operations-_R-108527,not checked (out of scope),0,2026-09-09,2026-10-09,0,,,workday,Real Estate/Property Management Software,Ohio,A,workday:mrisoftware:/job/Gurgaon-India-Office/Senior-Manager--Accounting-and-Finance-Operations-_R-108527
MRI Software,Senior Product Manager IV,"London, UK Office",https://mrisoftware.wd501.myworkdayjobs.com/External_CareerSite/job/London-UK-Office/Senior-Product-Manager-IV_R-108390,not checked (out of scope),0,2026-09-15,2026-10-09,0,,product,workday,Real Estate/Property Management Software,Ohio,A,workday:mrisoftware:/job/London-UK-Office/Senior-Product-Manager-IV_R-108390
MRI Software,Senior Product Marketing Manager,3 Locations,https://mrisoftware.wd501.myworkdayjobs.com/External_CareerSite/job/US-Remote/Senior-Product-Marketing-Manager_R-109412,live,200,2026-09-23,2026-10-09,0,gtm,,workday,Real Estate/Property Management Software,Ohio,A,workday:mrisoftware:/job/US-Remote/Senior-Product-Marketing-Manager_R-109412
MRI Software,Senior Property Accountant,"Manila, Philippines",https://mrisoftware.wd501.myworkdayjobs.com/External_CareerSite/job/Manila-Philippines/Property-Accountant_R-109401,not checked (out of scope),0,2026-10-09,2026-10-09,0,,,workday,Real Estate/Property Management Software,Ohio,A,workday:mrisoftware:/job/Manila-Philippines/Property-Accountant_R-109401
MRI Software,Senior Property Accountant IV,"Gurgaon, India Office",https://mrisoftware.wd501.myworkdayjobs.com/External_CareerSite/job/Gurgaon-India-Office/Senior-Property-Accountant-IV--Chennai-_R-107768,not checked (out of scope),0,2026-09-09,2026-10-09,0,,,workday,Real Estate/Property Management Software,Ohio,A,workday:mrisoftware:/job/Gurgaon-India-Office/Senior-Property-Accountant-IV--Chennai-_R-107768
MRI Software,Senior QA Automation + Manual Engineer IV,"Baroda, India Office",https://mrisoftware.wd501.myworkdayjobs.com/External_CareerSite/job/Baroda-India-Office/Senior-QA-Automation---Manual-Engineer-IV_R-109377,live,200,2026-09-29,2026-10-09,0,engineering,eng,workday,Real Estate/Property Management Software,Ohio,A,workday:mrisoftware:/job/Baroda-India-Office/Senior-QA-Automation---Manual-Engineer-IV_R-109377
MRI Software,Senior Support Analyst (Strata),"Sydney, Australia Office",https://mrisoftware.wd501.myworkdayjobs.com/External_CareerSite/job/Sydney-Australia-Office/Senior-Support-Analyst--Strata-_R-108735-1,not checked (out of scope),0,2026-09-23,2026-10-09,0,,customer,workday,Real Estate/Property Management Software,Ohio,A,workday:mrisoftware:/job/Sydney-Australia-Office/Senior-Support-Analyst--Strata-_R-108735-1
MRI Software,Senior Technical Consultant,"Sydney, Australia Office",https://mrisoftware.wd501.myworkdayjobs.com/External_CareerSite/job/Sydney-Australia-Office/Senior-Technical-Consultant--Power-BI-_R-108999,not checked (out of scope),0,2026-09-29,2026-10-09,0,,,workday,Real Estate/Property Management Software,Ohio,A,workday:mrisoftware:/job/Sydney-Australia-Office/Senior-Technical-Consultant--Power-BI-_R-108999
MRI Software,"Software Engineer (Dotnet, Angular/React)","Baroda, India Office",https://mrisoftware.wd501.myworkdayjobs.com/External_CareerSite/job/Baroda-India-Office/Dot-Net-Developer_R-107589,live,200,2026-09-09,2026-10-09,0,engineering,eng,workday,Real Estate/Property Management Software,Ohio,A,workday:mrisoftware:/job/Baroda-India-Office/Dot-Net-Developer_R-107589
MRI Software,Software Engineer III,"Baroda, India Office",https://mrisoftware.wd501.myworkdayjobs.com/External_CareerSite/job/Baroda-India-Office/Software-Engineer-III_R-108221,live,200,2026-09-09,2026-10-09,0,engineering,eng,workday,Real Estate/Property Management Software,Ohio,A,workday:mrisoftware:/job/Baroda-India-Office/Software-Engineer-III_R-108221
MRI Software,Software Engineer III,"Bangalore, India Office",https://mrisoftware.wd501.myworkdayjobs.com/External_CareerSite/job/Bangalore-India-Office/Software-Engineer-III_R-106120-1,live,200,2026-09-09,2026-10-09,0,engineering,eng,workday,Real Estate/Property Management Software,Ohio,A,workday:mrisoftware:/job/Bangalore-India-Office/Software-Engineer-III_R-106120-1
MRI Software,Software Engineer III (Mobile Developer),"Baroda, India Office",https://mrisoftware.wd501.myworkdayjobs.com/External_CareerSite/job/Baroda-India-Office/Software-Engineer-III--Mobile-Developer-_R-109289,live,200,2026-10-07,2026-10-09,0,engineering,eng,workday,Real Estate/Property Management Software,Ohio,A,workday:mrisoftware:/job/Baroda-India-Office/Software-Engineer-III--Mobile-Developer-_R-109289
MRI Software,"Sr Manager, Client Support","Manila, Philippines",https://mrisoftware.wd501.myworkdayjobs.com/External_CareerSite/job/Manila-Philippines/Sr-Manager--Client-Support_R-108103,not checked (out of scope),0,2026-09-23,2026-10-09,0,,customer,workday,Real Estate/Property Management Software,Ohio,A,workday:mrisoftware:/job/Manila-Philippines/Sr-Manager--Client-Support_R-108103
MRI Software,Support Analyst,"Cape Town, South Africa Office",https://mrisoftware.wd501.myworkdayjobs.com/External_CareerSite/job/Cape-Town-South-Africa-Office/Support-Analyst_R-109362,not checked (out of scope),0,2026-09-28,2026-10-09,0,,customer,workday,Real Estate/Property Management Software,Ohio,A,workday:mrisoftware:/job/Cape-Town-South-Africa-Office/Support-Analyst_R-109362
MRI Software,Support Analyst,"Baguio, Philippines",https://mrisoftware.wd501.myworkdayjobs.com/External_CareerSite/job/Baguio-Philippines/Support-Analyst_R-109473,not checked (out of scope),0,2026-09-24,2026-10-09,0,,customer,workday,Real Estate/Property Management Software,Ohio,A,workday:mrisoftware:/job/Baguio-Philippines/Support-Analyst_R-109473
MRI Software,Support Analyst,"Baguio, Philippines",https://mrisoftware.wd501.myworkdayjobs.com/External_CareerSite/job/Baguio-Philippines/Support-Analyst_R-109321,not checked (out of scope),0,2026-09-10,2026-10-09,0,,customer,workday,Real Estate/Property Management Software,Ohio,A,workday:mrisoftware:/job/Baguio-Philippines/Support-Analyst_R-109321
MRI Software,Support Analyst (Thai Speaking),"Manila, Philippines",https://mrisoftware.wd501.myworkdayjobs.com/External_CareerSite/job/Manila-Philippines/Support-Analyst--Thai-Speaking-_R-107650,not checked (out of scope),0,2026-09-09,2026-10-09,0,,customer,workday,Real Estate/Property Management Software,Ohio,A,workday:mrisoftware:/job/Manila-Philippines/Support-Analyst--Thai-Speaking-_R-107650
MRI Software,Support Manager (SaaS - Property Technology),"Manila, Philippines",https://mrisoftware.wd501.myworkdayjobs.com/External_CareerSite/job/Manila-Philippines/Support-Manager--SaaS---Property-Technology-_R-108779,not checked (out of scope),0,2026-09-09,2026-10-09,0,,customer,workday,Real Estate/Property Management Software,Ohio,A,workday:mrisoftware:/job/Manila-Philippines/Support-Manager--SaaS---Property-Technology-_R-108779
MRI Software,Support Operations Analyst (WFM Capacity Planner),"Manila, Philippines",https://mrisoftware.wd501.myworkdayjobs.com/External_CareerSite/job/Manila-Philippines/Support-Operations-Analyst--WFM-Capacity-Planner-_R-108730,not checked (out of scope),0,2026-09-10,2026-10-09,0,,customer,workday,Real Estate/Property Management Software,Ohio,A,workday:mrisoftware:/job/Manila-Philippines/Support-Operations-Analyst--WFM-Capacity-Planner-_R-108730
MRI Software,Support Operations Analyst (WFM and Quality),"Manila, Philippines",https://mrisoftware.wd501.myworkdayjobs.com/External_CareerSite/job/Manila-Philippines/Support-Operations-Analyst--WFM-and-Quality-_R-108732,not checked (out of scope),0,2026-09-09,2026-10-09,0,,customer,workday,Real Estate/Property Management Software,Ohio,A,workday:mrisoftware:/job/Manila-Philippines/Support-Operations-Analyst--WFM-and-Quality-_R-108732
MRI Software,Systems Administrator III,"Bangalore, India Office",https://mrisoftware.wd501.myworkdayjobs.com/External_CareerSite/job/Bangalore-India-Office/Systems-Administrator-III_R-109356,not checked (out of scope),0,2026-09-09,2026-10-09,0,,,workday,Real Estate/Property Management Software,Ohio,A,workday:mrisoftware:/job/Bangalore-India-Office/Systems-Administrator-III_R-109356
MRI Software,"Talent Acquisition Manager, EMEA (10-month fixed-term contract)","Cape Town, South Africa Office",https://mrisoftware.wd501.myworkdayjobs.com/External_CareerSite/job/Cape-Town-South-Africa-Office/Talent-Acquisition-Manager--EMEA--13-month-fixed-term-contract-_R-109006,not checked (out of scope),0,2026-09-23,2026-10-09,0,,,workday,Real Estate/Property Management Software,Ohio,A,workday:mrisoftware:/job/Cape-Town-South-Africa-Office/Talent-Acquisition-Manager--EMEA--13-month-fixed-term-contract-_R-109006
MRI Software,Talent Acquisition Specialist - Technology (7+ years onwards),"Baroda, India Office",https://mrisoftware.wd501.myworkdayjobs.com/External_CareerSite/job/Baroda-India-Office/Talent-Acquisition-Specialist-III_R-109445,not checked (out of scope),0,2026-09-11,2026-10-09,0,,,workday,Real Estate/Property Management Software,Ohio,A,workday:mrisoftware:/job/Baroda-India-Office/Talent-Acquisition-Specialist-III_R-109445
MRI Software,Team Lead,"Bangalore, India Office",https://mrisoftware.wd501.myworkdayjobs.com/External_CareerSite/job/Bangalore-India-Office/Team-Lead_R-108212,not checked (out of scope),0,2026-09-17,2026-10-09,0,,,workday,Real Estate/Property Management Software,Ohio,A,workday:mrisoftware:/job/Bangalore-India-Office/Team-Lead_R-108212
MRI Software,Technical Application Support Analyst (NA Hours),"Cape Town, South Africa Office",https://mrisoftware.wd501.myworkdayjobs.com/External_CareerSite/job/Cape-Town-South-Africa-Office/Support-Analyst_R-109460,not checked (out of scope),0,2026-09-28,2026-10-09,0,,customer,workday,Real Estate/Property Management Software,Ohio,A,workday:mrisoftware:/job/Cape-Town-South-Africa-Office/Support-Analyst_R-109460
MRI Software,Technical Consultant,"Manila, Philippines",https://mrisoftware.wd501.myworkdayjobs.com/External_CareerSite/job/Manila-Philippines/Technical-Consultant_R-109563,not checked (out of scope),0,,2026-10-09,0,,,workday,Real Estate/Property Management Software,Ohio,A,workday:mrisoftware:/job/Manila-Philippines/Technical-Consultant_R-109563
MRI Software,Technical Consultant,"Manila, Philippines",https://mrisoftware.wd501.myworkdayjobs.com/External_CareerSite/job/Manila-Philippines/Technical-Consultant_R-109562,not checked (out of scope),0,2026-10-02,2026-10-09,0,,,workday,Real Estate/Property Management Software,Ohio,A,workday:mrisoftware:/job/Manila-Philippines/Technical-Consultant_R-109562
MRI Software,"VP, Senior Associate General Counsel – North America","Cleveland, Ohio Office",https://mrisoftware.wd501.myworkdayjobs.com/External_CareerSite/job/Cleveland-Ohio-Office/VP--Senior-Associate-General-Counsel---North-America_R-109212,live,200,2026-09-09,2026-10-09,0,executive,,workday,Real Estate/Property Management Software,Ohio,A,workday:mrisoftware:/job/Cleveland-Ohio-Office/VP--Senior-Associate-General-Counsel---North-America_R-109212
MRI Software,"Vice President, Tax","Cleveland, Ohio Office",https://mrisoftware.wd501.myworkdayjobs.com/External_CareerSite/job/Cleveland-Ohio-Office/Vice-President--Tax_R-109388,live,200,2026-09-09,2026-10-09,0,executive,leadership,workday,Real Estate/Property Management Software,Ohio,A,workday:mrisoftware:/job/Cleveland-Ohio-Office/Vice-President--Tax_R-109388
NetVendor,Bilingual Customer Service Representative,"Tualatin, Oregon",https://netvendor.bamboohr.com/careers/90,not checked (out of scope),0,,2026-09-24,15,,,bamboohr,Vendor Compliance & Insurance Software,Georgia,A,bamboohr:netvendor:90
NetVendor,Customer Onboarding Manager,,https://netvendor.bamboohr.com/careers/97,not checked (out of scope),0,,2026-10-09,0,,customer,bamboohr,Vendor Compliance & Insurance Software,Georgia,A,bamboohr:netvendor:97
NetVendor,Customer Service Lead,"Tualatin, Oregon",https://netvendor.bamboohr.com/careers/89,not checked (out of scope),0,,2026-09-24,15,,,bamboohr,Vendor Compliance & Insurance Software,Georgia,A,bamboohr:netvendor:89
NetVendor,Customer Service Lead - Floater,"Tualatin, Oregon",https://netvendor.bamboohr.com/careers/94,not checked (out of scope),0,,2026-09-28,11,,,bamboohr,Vendor Compliance & Insurance Software,Georgia,A,bamboohr:netvendor:94
NetVendor,Customer Service Representative,"Tualatin, Oregon",https://netvendor.bamboohr.com/careers/81,not checked (out of scope),0,,2026-09-24,15,,,bamboohr,Vendor Compliance & Insurance Software,Georgia,A,bamboohr:netvendor:81
NetVendor,Document Processing Supervisor,,https://netvendor.bamboohr.com/careers/95,not checked (out of scope),0,,2026-09-30,9,,,bamboohr,Vendor Compliance & Insurance Software,Georgia,A,bamboohr:netvendor:95
NetVendor,Document Processor,"Tualatin, Oregon",https://netvendor.bamboohr.com/careers/93,not checked (out of scope),0,,2026-09-24,15,,,bamboohr,Vendor Compliance & Insurance Software,Georgia,A,bamboohr:netvendor:93
NetVendor,Document Processor Manager,,https://netvendor.bamboohr.com/careers/91,not checked (out of scope),0,,2026-09-24,15,,,bamboohr,Vendor Compliance & Insurance Software,Georgia,A,bamboohr:netvendor:91
NetVendor,GTM Engineer,,https://netvendor.bamboohr.com/careers/92,live,200,,2026-09-24,15,gtm,eng,bamboohr,Vendor Compliance & Insurance Software,Georgia,A,bamboohr:netvendor:92
NetVendor,IT Support Specialist,"Tualatin, Oregon",https://netvendor.bamboohr.com/careers/96,not checked (out of scope),0,,2026-09-30,9,,customer,bamboohr,Vendor Compliance & Insurance Software,Georgia,A,bamboohr:netvendor:96
Obie,Come work for Obie!,Remote (United States),https://ats.rippling.com/obie/jobs/64a52508-d9b4-476b-911e-8d04f9624ce0,not checked (out of scope),0,,2026-09-24,15,,,rippling,Landlord Insurance / Insurtech,Illinois,A,rippling:obie:64a52508-d9b4-476b-911e-8d04f9624ce0
Obie,Data Analyst,Remote (United States),https://ats.rippling.com/obie/jobs/1d41e29d-d002-4f03-a5c0-78a94585eaed,not checked (out of scope),0,,2026-10-02,7,,,rippling,Landlord Insurance / Insurtech,Illinois,A,rippling:obie:1d41e29d-d002-4f03-a5c0-78a94585eaed
Obie,Insurance Program Analyst,Remote (United States),https://ats.rippling.com/obie/jobs/29ea0eaf-dc9f-439a-a946-2a8b693a8509,not checked (out of scope),0,,2026-09-24,15,,,rippling,Landlord Insurance / Insurtech,Illinois,A,rippling:obie:29ea0eaf-dc9f-439a-a946-2a8b693a8509
Obie,Insurance Specialist,Remote (United States),https://ats.rippling.com/obie/jobs/0d94079d-9145-404c-a244-29c781102b06,not checked (out of scope),0,,2026-10-09,0,,,rippling,Landlord Insurance / Insurtech,Illinois,A,rippling:obie:0d94079d-9145-404c-a244-29c781102b06
Obie,Product Manager,Remote (United States),https://ats.rippling.com/obie/jobs/eef384aa-d0ea-41ba-af13-2458aae379c3,not checked (out of scope),0,,2026-09-24,15,,product,rippling,Landlord Insurance / Insurtech,Illinois,A,rippling:obie:eef384aa-d0ea-41ba-af13-2458aae379c3
Obligo,Product Manager - Platform,Tel Aviv,https://job-boards.greenhouse.io/obligo/jobs/5836724004,not checked (out of scope),0,2026-03-26,2026-09-24,15,,product,greenhouse,Security Deposit Alternative,New York,A,greenhouse:obligo:5836724004
Obligo,Product Manager – Renter Growth & Conversion,Tel Aviv,https://job-boards.greenhouse.io/obligo/jobs/6192810004,live,200,2026-09-15,2026-09-24,15,gtm,product,greenhouse,Security Deposit Alternative,New York,A,greenhouse:obligo:6192810004
Obligo,VP Marketing,New York City,https://job-boards.greenhouse.io/obligo/jobs/5791025004,live,200,2026-02-04,2026-09-24,15,executive,leadership,greenhouse,Security Deposit Alternative,New York,A,greenhouse:obligo:5791025004
PURE HomeRiver Group,"Field Support Specialist - Charleston, SC","Summerville, SC",https://workforcenow.adp.com/mascsr/default/mdf/recruitment/recruitment.html?cid=eea42ed6-3dcf-47f3-b99b-29a304948b2b&ccId=9200441095595_2&jobId=9201943683018_1&lang=en_US,not checked (out of scope),0,2026-07-27,2026-10-09,0,,customer,adp,SFR Property Management,Idaho,A,adp:eea42ed6-3dcf-47f3-b99b-29a304948b2b:9201943683018_1
PURE HomeRiver Group,Inside Client Advisor II,Remote,https://workforcenow.adp.com/mascsr/default/mdf/recruitment/recruitment.html?cid=eea42ed6-3dcf-47f3-b99b-29a304948b2b&ccId=9200441095595_2&jobId=9201977953466_1&lang=en_US,not checked (out of scope),0,2026-10-01,2026-10-09,0,,,adp,SFR Property Management,Idaho,A,adp:eea42ed6-3dcf-47f3-b99b-29a304948b2b:9201977953466_1
PURE HomeRiver Group,"Multifamily Leasing Specialist - Charlotte, NC","Cornelius, NC",https://workforcenow.adp.com/mascsr/default/mdf/recruitment/recruitment.html?cid=eea42ed6-3dcf-47f3-b99b-29a304948b2b&ccId=9200441095595_2&jobId=9201959521899_1&lang=en_US,not checked (out of scope),0,2026-10-01,2026-10-09,0,,ops,adp,SFR Property Management,Idaho,A,adp:eea42ed6-3dcf-47f3-b99b-29a304948b2b:9201959521899_1
PURE HomeRiver Group,Operations Manager,"Scottsdale, AZ",https://workforcenow.adp.com/mascsr/default/mdf/recruitment/recruitment.html?cid=eea42ed6-3dcf-47f3-b99b-29a304948b2b&ccId=9200441095595_2&jobId=9201956408471_1&lang=en_US,not checked (out of scope),0,2026-08-20,2026-10-09,0,,ops,adp,SFR Property Management,Idaho,A,adp:eea42ed6-3dcf-47f3-b99b-29a304948b2b:9201956408471_1
PURE HomeRiver Group,"Operations Manager - Los Gatos, CA","Los Gatos, CA",https://workforcenow.adp.com/mascsr/default/mdf/recruitment/recruitment.html?cid=eea42ed6-3dcf-47f3-b99b-29a304948b2b&ccId=9200441095595_2&jobId=9201968794377_1&lang=en_US,not checked (out of scope),0,2026-09-14,2026-10-09,0,,ops,adp,SFR Property Management,Idaho,A,adp:eea42ed6-3dcf-47f3-b99b-29a304948b2b:9201968794377_1
PURE HomeRiver Group,"PHR Way Projects & Programs Manager - Nationwide, US",Remote,https://workforcenow.adp.com/mascsr/default/mdf/recruitment/recruitment.html?cid=eea42ed6-3dcf-47f3-b99b-29a304948b2b&ccId=9200441095595_2&jobId=9201975296811_1&lang=en_US,not checked (out of scope),0,2026-09-25,2026-10-09,0,,,adp,SFR Property Management,Idaho,A,adp:eea42ed6-3dcf-47f3-b99b-29a304948b2b:9201975296811_1
PURE HomeRiver Group,"Property Manager - Missoula, MT","Missoula, MT",https://workforcenow.adp.com/mascsr/default/mdf/recruitment/recruitment.html?cid=eea42ed6-3dcf-47f3-b99b-29a304948b2b&ccId=9200441095595_2&jobId=9201971901408_1&lang=en_US,not checked (out of scope),0,2026-09-21,2026-10-09,0,,ops,adp,SFR Property Management,Idaho,A,adp:eea42ed6-3dcf-47f3-b99b-29a304948b2b:9201971901408_1
PURE HomeRiver Group,"Property Manager - Sacramento, CA","Rancho Cordova, CA",https://workforcenow.adp.com/mascsr/default/mdf/recruitment/recruitment.html?cid=eea42ed6-3dcf-47f3-b99b-29a304948b2b&ccId=9200441095595_2&jobId=9201973906500_1&lang=en_US,not checked (out of scope),0,2026-09-24,2026-10-09,0,,ops,adp,SFR Property Management,Idaho,A,adp:eea42ed6-3dcf-47f3-b99b-29a304948b2b:9201973906500_1
PointCentral,Revenue & Operations Associate,"Tysons, Virginia",https://www.pointcentral.com/careers-pointcentral/?gh_jid=8679339002,open per job board; link check failed (HTTP 404),404,2026-08-04,2026-09-24,15,sales,sales,greenhouse,Smart Home for SFR (Alarm.com subsidiary),Arizona,A,greenhouse:pointcentral:8679339002
RealPage,AI Engineer (DFW Area),US-TX-Richardson,https://careers-realpagepms.icims.com/jobs/12679/ai-engineer-%28dfw-area%29/job,live,200,,2026-10-09,0,engineering,eng,icims,Property Management Data & Software,Texas,A,icims:careers-realpagepms:12679
RealPage,Account Rep I,US-MA-Boston,https://careers-realpagepms.icims.com/jobs/14675/account-rep-i/job,not checked (out of scope),0,,2026-10-09,0,,,icims,Property Management Data & Software,Texas,A,icims:careers-realpagepms:14675
RealPage,Account Representative I,US-TX-Richardson,https://careers-realpagepms.icims.com/jobs/11879/account-representative-i/job,not checked (out of scope),0,,2026-10-09,0,,,icims,Property Management Data & Software,Texas,A,icims:careers-realpagepms:11879
RealPage,Customer Solutions Arc I,US-TX-Remote,https://careers-realpagepms.icims.com/jobs/14561/customer-solutions-arc-i/job,not checked (out of scope),0,,2026-10-09,0,,,icims,Property Management Data & Software,Texas,A,icims:careers-realpagepms:14561
RealPage,Customer Solutions Arc II,US-TX-Remote,https://careers-realpagepms.icims.com/jobs/14559/customer-solutions-arc-ii/job,not checked (out of scope),0,,2026-10-09,0,,,icims,Property Management Data & Software,Texas,A,icims:careers-realpagepms:14559
RealPage,Customer Success Manager II,US-MA-Remote,https://careers-realpagepms.icims.com/jobs/14640/customer-success-manager-ii/job,live,200,,2026-10-09,0,gtm,customer,icims,Property Management Data & Software,Texas,A,icims:careers-realpagepms:14640
RealPage,Data Science Project Manager,US-TX-Remote,https://careers-realpagepms.icims.com/jobs/14615/data-science-project-manager/job,not checked (out of scope),0,,2026-10-09,0,,,icims,Property Management Data & Software,Texas,A,icims:careers-realpagepms:14615
RealPage,Demand Marketing Driver,US-TX-Richardson,https://careers-realpagepms.icims.com/jobs/14625/demand-marketing-driver/job,live,200,,2026-10-09,0,gtm,,icims,Property Management Data & Software,Texas,A,icims:careers-realpagepms:14625
RealPage,Developer Analyst II,US-TX-Richardson,https://careers-realpagepms.icims.com/jobs/14320/developer-analyst-ii/job,live,200,,2026-10-09,0,engineering,eng,icims,Property Management Data & Software,Texas,A,icims:careers-realpagepms:14320
RealPage,Director of Engineering,US-TX-Richardson,https://careers-realpagepms.icims.com/jobs/14197/director-of-engineering/job,live,200,,2026-10-09,0,engineering,leadership,icims,Property Management Data & Software,Texas,A,icims:careers-realpagepms:14197
RealPage,"Director, Product Management- FinTech",US-CA-Remote,https://careers-realpagepms.icims.com/jobs/14339/director%2c-product-management--fintech/job,not checked (out of scope),0,,2026-10-09,0,,leadership,icims,Property Management Data & Software,Texas,A,icims:careers-realpagepms:14339
RealPage,Enterprise Architect – Integrated Front Office,US-TX-Richardson,https://careers-realpagepms.icims.com/jobs/12807/enterprise-architect-%e2%80%93-integrated-front-office/job,live,200,,2026-10-09,0,engineering,eng,icims,Property Management Data & Software,Texas,A,icims:careers-realpagepms:12807
RealPage,FinTech Counsel,US-TX-Richardson,https://careers-realpagepms.icims.com/jobs/14241/fintech-counsel/job,not checked (out of scope),0,,2026-10-09,0,,,icims,Property Management Data & Software,Texas,A,icims:careers-realpagepms:14241
RealPage,"Finance, Senior Manager",US-TX-Richardson,https://careers-realpagepms.icims.com/jobs/14600/finance%2c-senior-manager/job,not checked (out of scope),0,,2026-10-09,0,,,icims,Property Management Data & Software,Texas,A,icims:careers-realpagepms:14600
RealPage,Financial Account Mgr I,US-TX-Richardson,https://careers-realpagepms.icims.com/jobs/14602/financial-account-mgr-i/job,not checked (out of scope),0,,2026-10-09,0,,,icims,Property Management Data & Software,Texas,A,icims:careers-realpagepms:14602
RealPage,Financial Solution Consultant II,US-TX-Remote,https://careers-realpagepms.icims.com/jobs/14372/financial-solution-consultant-ii/job,live,200,,2026-10-09,0,sales,,icims,Property Management Data & Software,Texas,A,icims:careers-realpagepms:14372
RealPage,Lead AI Engineer – Agentic & Generative AI (DFW Area),US-TX-Richardson,https://careers-realpagepms.icims.com/jobs/12678/lead-ai-engineer-%e2%80%93-agentic-%26-generative-ai-%28dfw-area%29/job,live,200,,2026-10-09,0,engineering,eng,icims,Property Management Data & Software,Texas,A,icims:careers-realpagepms:12678
RealPage,Litigation Paralegal,US-TX-Richardson,https://careers-realpagepms.icims.com/jobs/14560/litigation-paralegal/job,not checked (out of scope),0,,2026-10-09,0,,,icims,Property Management Data & Software,Texas,A,icims:careers-realpagepms:14560
RealPage,Manager Solution Consulting - Utility Management,US-TX-Richardson,https://careers-realpagepms.icims.com/jobs/14049/manager-solution-consulting----utility-management/job,not checked (out of scope),0,,2026-10-09,0,,,icims,Property Management Data & Software,Texas,A,icims:careers-realpagepms:14049
RealPage,Marketplace Client Specialist,US-MA-Remote,https://careers-realpagepms.icims.com/jobs/13775/marketplace-client-specialist/job,not checked (out of scope),0,,2026-10-09,0,,,icims,Property Management Data & Software,Texas,A,icims:careers-realpagepms:13775
RealPage,Network Install Tech III,US-FL-Remote,https://careers-realpagepms.icims.com/jobs/14646/network-install-tech-iii/job,not checked (out of scope),0,,2026-10-09,0,,,icims,Property Management Data & Software,Texas,A,icims:careers-realpagepms:14646
RealPage,Network Install Tech III,US-GA-Remote,https://careers-realpagepms.icims.com/jobs/14645/network-install-tech-iii/job,not checked (out of scope),0,,2026-10-09,0,,,icims,Property Management Data & Software,Texas,A,icims:careers-realpagepms:14645
RealPage,Network Install Tech III (San Antonio/Austin Area),US-TX-Remote,https://careers-realpagepms.icims.com/jobs/13972/network-install-tech-iii-%28san-antonio-austin-area%29/job,not checked (out of scope),0,,2026-10-09,0,,,icims,Property Management Data & Software,Texas,A,icims:careers-realpagepms:13972
RealPage,Platform Engineer,US-TX-Remote,https://careers-realpagepms.icims.com/jobs/13887/platform-engineer/job,live,200,,2026-10-09,0,engineering,eng,icims,Property Management Data & Software,Texas,A,icims:careers-realpagepms:13887
RealPage,Pricing Strategy Manager,US-TX-Richardson,https://careers-realpagepms.icims.com/jobs/14658/pricing-strategy-manager/job,not checked (out of scope),0,,2026-10-09,0,,,icims,Property Management Data & Software,Texas,A,icims:careers-realpagepms:14658
RealPage,Product Manager,US-TX-Remote,https://careers-realpagepms.icims.com/jobs/14256/product-manager/job,not checked (out of scope),0,,2026-10-09,0,,product,icims,Property Management Data & Software,Texas,A,icims:careers-realpagepms:14256
RealPage,Product Manager,US-TX-Remote,https://careers-realpagepms.icims.com/jobs/13808/product-manager/job,not checked (out of scope),0,,2026-10-09,0,,product,icims,Property Management Data & Software,Texas,A,icims:careers-realpagepms:13808
RealPage,Product Manager - AI/Renter's Insurance,US-UT-Remote,https://careers-realpagepms.icims.com/jobs/14198/product-manager---ai-renter%27s-insurance/job,not checked (out of scope),0,,2026-10-09,0,,product,icims,Property Management Data & Software,Texas,A,icims:careers-realpagepms:14198
RealPage,"Product Marketing Director (AI Workforce, Insights & Analytics)",US-TX-Richardson,https://careers-realpagepms.icims.com/jobs/12976/product-marketing-director-%28ai-workforce%2c-insights-%26-analytics%29/job,live,200,,2026-10-09,0,gtm,leadership,icims,Property Management Data & Software,Texas,A,icims:careers-realpagepms:12976
RealPage,Product Marketing Manager - Remote,US-MA-Boston,https://careers-realpagepms.icims.com/jobs/14451/product-marketing-manager---remote/job,live,200,,2026-10-09,0,gtm,,icims,Property Management Data & Software,Texas,A,icims:careers-realpagepms:14451
RealPage,Product Support Agent IV,US-TX-Richardson,https://careers-realpagepms.icims.com/jobs/14601/product-support-agent-iv/job,not checked (out of scope),0,,2026-10-09,0,,customer,icims,Property Management Data & Software,Texas,A,icims:careers-realpagepms:14601
RealPage,Sales Development Representative,US-TX-Richardson,https://careers-realpagepms.icims.com/jobs/12574/sales-development-representative/job,live,200,,2026-10-09,0,sales,sales,icims,Property Management Data & Software,Texas,A,icims:careers-realpagepms:12574
RealPage,"Senior Data Analyst, Lumina Data Platform",US-TX-Remote,https://careers-realpagepms.icims.com/jobs/14570/senior-data-analyst%2c-lumina-data-platform/job,not checked (out of scope),0,,2026-10-09,0,,,icims,Property Management Data & Software,Texas,A,icims:careers-realpagepms:14570
RealPage,"Senior Director, Product Management - Leasing",US-WA-Vancouver,https://careers-realpagepms.icims.com/jobs/14563/senior-director%2c-product-management---leasing/job,not checked (out of scope),0,,2026-10-09,0,,leadership,icims,Property Management Data & Software,Texas,A,icims:careers-realpagepms:14563
RealPage,"Senior Director, Solutions Architecture (Institutional Client Solutions) - Remote",US-TX-Remote,https://careers-realpagepms.icims.com/jobs/14400/senior-director%2c-solutions-architecture-%28institutional-client-solutions%29---remote/job,live,200,,2026-10-09,0,sales,leadership,icims,Property Management Data & Software,Texas,A,icims:careers-realpagepms:14400
RealPage,Senior Finance Analyst,US-TX-Remote,https://careers-realpagepms.icims.com/jobs/14544/senior-finance-analyst/job,not checked (out of scope),0,,2026-10-09,0,,,icims,Property Management Data & Software,Texas,A,icims:careers-realpagepms:14544
RealPage,Senior Fraud Strategist,US-TX-Remote,https://careers-realpagepms.icims.com/jobs/14514/senior-fraud-strategist/job,not checked (out of scope),0,,2026-10-09,0,,,icims,Property Management Data & Software,Texas,A,icims:careers-realpagepms:14514
RealPage,Senior Investment Planning Analyst,US-TX-Richardson,https://careers-realpagepms.icims.com/jobs/14535/senior-investment-planning-analyst/job,not checked (out of scope),0,,2026-10-09,0,,,icims,Property Management Data & Software,Texas,A,icims:careers-realpagepms:14535
RealPage,Senior Product Manager - Smart Buildings,US-TX-Remote,https://careers-realpagepms.icims.com/jobs/14617/senior-product-manager---smart-buildings/job,not checked (out of scope),0,,2026-10-09,0,,product,icims,Property Management Data & Software,Texas,A,icims:careers-realpagepms:14617
RealPage,"Senior Product Manager, Lumina Data Platform",US-TX-Remote,https://careers-realpagepms.icims.com/jobs/14569/senior-product-manager%2c-lumina-data-platform/job,not checked (out of scope),0,,2026-10-09,0,,product,icims,Property Management Data & Software,Texas,A,icims:careers-realpagepms:14569
RealPage,Solution Consultant I,US-TX-Richardson,https://careers-realpagepms.icims.com/jobs/14306/solution-consultant-i/job,live,200,,2026-10-09,0,sales,,icims,Property Management Data & Software,Texas,A,icims:careers-realpagepms:14306
RealPage,Solutions Architect I,US-TX-Richardson,https://careers-realpagepms.icims.com/jobs/12990/solutions-architect-i/job,live,200,,2026-10-09,0,sales,eng,icims,Property Management Data & Software,Texas,A,icims:careers-realpagepms:12990
RealPage,Solutions Architect I,US-TX-Richardson,https://careers-realpagepms.icims.com/jobs/12989/solutions-architect-i/job,live,200,,2026-10-09,0,sales,eng,icims,Property Management Data & Software,Texas,A,icims:careers-realpagepms:12989
RealPage,Solutions Representative V,US-TX-Richardson,https://careers-realpagepms.icims.com/jobs/14554/solutions-representative-v/job,not checked (out of scope),0,,2026-10-09,0,,,icims,Property Management Data & Software,Texas,A,icims:careers-realpagepms:14554
RealPage,Sr. Enablement Strategist - Smart Buildings,US-TX-Richardson,https://careers-realpagepms.icims.com/jobs/14389/sr.-enablement-strategist---smart-buildings/job,not checked (out of scope),0,,2026-10-09,0,,,icims,Property Management Data & Software,Texas,A,icims:careers-realpagepms:14389
Reffie,Client Success Manager Austin,,https://careers.reffie.me/client-success-manager-austin,live,200,,2026-09-24,15,gtm,,generic,AI Leasing Workflow,Texas,A,generic:reffie:https://careers.reffie.me/client-success-manager-austin
Rent Manager (LCS),MySQL Database Administrator,"Cincinnati, OH",https://workforcenow.adp.com/mascsr/default/mdf/recruitment/recruitment.html?cid=b156e713-5801-4c36-bb62-a62f3bc9844f&ccId=19000101_000001&jobId=9200957012145_1&lang=en_US,not checked (out of scope),0,2026-10-01,2026-10-09,0,,,adp,Property Management Software,Ohio,A,adp:b156e713-5801-4c36-bb62-a62f3bc9844f:9200957012145_1
Rent Manager (LCS),Product Support Specialist - Scripting,"Cincinnati, OH",https://workforcenow.adp.com/mascsr/default/mdf/recruitment/recruitment.html?cid=b156e713-5801-4c36-bb62-a62f3bc9844f&ccId=19000101_000001&jobId=9200957007567_1&lang=en_US,not checked (out of scope),0,2026-10-01,2026-10-09,0,,customer,adp,Property Management Software,Ohio,A,adp:b156e713-5801-4c36-bb62-a62f3bc9844f:9200957007567_1
Rent Manager (LCS),Product Support Specialist - Software,"Cincinnati, OH",https://workforcenow.adp.com/mascsr/default/mdf/recruitment/recruitment.html?cid=b156e713-5801-4c36-bb62-a62f3bc9844f&ccId=19000101_000001&jobId=9200957006224_1&lang=en_US,not checked (out of scope),0,2026-10-01,2026-10-09,0,,customer,adp,Property Management Software,Ohio,A,adp:b156e713-5801-4c36-bb62-a62f3bc9844f:9200957006224_1
Rent Manager (LCS),Software Developer Co-op/Intern,"Cincinnati, OH",https://workforcenow.adp.com/mascsr/default/mdf/recruitment/recruitment.html?cid=b156e713-5801-4c36-bb62-a62f3bc9844f&ccId=19000101_000001&jobId=9200957008632_1&lang=en_US,not checked (out of scope),0,2026-10-01,2026-10-09,0,,eng,adp,Property Management Software,Ohio,A,adp:b156e713-5801-4c36-bb62-a62f3bc9844f:9200957008632_1
RentSpree,Financial Planning & Analysis Manager,"Seattle, WA",https://ats.rippling.com/rentspree/jobs/e1eacdc7-4534-48fb-b35e-db12e61e83df,not checked (out of scope),0,,2026-10-09,0,,,rippling,Tenant Screening Software,California,A,rippling:rentspree:e1eacdc7-4534-48fb-b35e-db12e61e83df
RentSpree,First Voice Manager,"Seattle, WA",https://ats.rippling.com/rentspree/jobs/1ad8485b-ff14-48ec-947f-ddffeb103749,not checked (out of scope),0,,2026-10-09,0,,,rippling,Tenant Screening Software,California,A,rippling:rentspree:1ad8485b-ff14-48ec-947f-ddffeb103749
RentSpree,Growth Marketing Manager,"Seattle, WA",https://ats.rippling.com/rentspree/jobs/77c080e0-841b-465d-a176-b6c99502c8c5,live,200,,2026-10-09,0,gtm,,rippling,Tenant Screening Software,California,A,rippling:rentspree:77c080e0-841b-465d-a176-b6c99502c8c5
RentSpree,Head of Data,"Seattle, WA",https://ats.rippling.com/rentspree/jobs/92088ef0-e603-4e54-bc41-2b7a4a9451a4,live,200,,2026-10-09,0,executive,leadership,rippling,Tenant Screening Software,California,A,rippling:rentspree:92088ef0-e603-4e54-bc41-2b7a4a9451a4
RentSpree,Partner Marketing Lead,"Seattle, WA",https://ats.rippling.com/rentspree/jobs/6cc8c97d-254a-4d56-8a01-b25aa898911f,live,200,,2026-10-09,0,gtm,,rippling,Tenant Screening Software,California,A,rippling:rentspree:6cc8c97d-254a-4d56-8a01-b25aa898911f
RentSpree,Partnerships Lead,"Seattle, WA",https://ats.rippling.com/rentspree/jobs/38455680-581e-4b2e-a53f-a4a8d587907d,live,200,,2026-10-09,0,sales,,rippling,Tenant Screening Software,California,A,rippling:rentspree:38455680-581e-4b2e-a53f-a4a8d587907d
RentSpree,Principal Product Manager,"Seattle, WA",https://ats.rippling.com/rentspree/jobs/37ac3f38-e8fe-489b-9e77-da3d3bbfd289,not checked (out of scope),0,,2026-10-09,0,,product,rippling,Tenant Screening Software,California,A,rippling:rentspree:37ac3f38-e8fe-489b-9e77-da3d3bbfd289
RentSpree,Senior Content Strategist,"Seattle, WA",https://ats.rippling.com/rentspree/jobs/a065ae61-d07e-4ed3-9e15-d909edef3b30,live,200,,2026-10-09,0,gtm,,rippling,Tenant Screening Software,California,A,rippling:rentspree:a065ae61-d07e-4ed3-9e15-d909edef3b30
RentSpree,"Senior Manager, Revenue Operations","Seattle, WA",https://ats.rippling.com/rentspree/jobs/fe58b797-9ab2-46dc-87c8-8ac131f3472c,live,200,,2026-10-09,0,sales,sales,rippling,Tenant Screening Software,California,A,rippling:rentspree:fe58b797-9ab2-46dc-87c8-8ac131f3472c
RentSpree,Sr. Strategic Partnerships Manager,"Seattle, WA",https://ats.rippling.com/rentspree/jobs/0e09394e-f04d-438f-afea-c9135efb42c5,live,200,,2026-10-09,0,sales,,rippling,Tenant Screening Software,California,A,rippling:rentspree:0e09394e-f04d-438f-afea-c9135efb42c5
RentSpree,Staff Product Manager,"Seattle, WA",https://ats.rippling.com/rentspree/jobs/f055609d-ba21-4908-b15c-48dddf631f1c,not checked (out of scope),0,,2026-10-09,0,,product,rippling,Tenant Screening Software,California,A,rippling:rentspree:f055609d-ba21-4908-b15c-48dddf631f1c
RentSpree,Staff Software Engineer,"Seattle, WA",https://ats.rippling.com/rentspree/jobs/46aabe89-c7de-4e5f-b05e-46d2da26b2e9,live,200,,2026-10-09,0,engineering,eng,rippling,Tenant Screening Software,California,A,rippling:rentspree:46aabe89-c7de-4e5f-b05e-46d2da26b2e9
RentSpree,Technical Support Engineer (6 months Contract),"Bangkok, Thailand",https://ats.rippling.com/rentspree/jobs/87812239-4fe0-4f56-8759-5739995ff4a8,live,200,,2026-10-09,0,engineering,customer,rippling,Tenant Screening Software,California,A,rippling:rentspree:87812239-4fe0-4f56-8759-5739995ff4a8
RentSpree,👉 Apply for Future Opportunities,"Seattle, WA",https://ats.rippling.com/rentspree/jobs/316fb4fc-497a-4442-9b4d-ec61a696661c,not checked (out of scope),0,,2026-10-09,0,,,rippling,Tenant Screening Software,California,A,rippling:rentspree:316fb4fc-497a-4442-9b4d-ec61a696661c
Rentec Direct,Web Application Developer,"Grants Pass, OR",https://rentecdirect.com/jobs/,live,200,2025-08-27,2026-10-09,0,engineering,eng,jsonld,Property Management Software,Oregon,A,jsonld:rentec-direct:web-application-developer-Web Application Developer
Rentec Direct,Writer and Marketing Specialist,"Grants Pass, OR",https://rentecdirect.com/jobs/,live,200,2025-08-27,2026-10-09,0,gtm,,jsonld,Property Management Software,Oregon,A,jsonld:rentec-direct:writer-marketing-specialist-Writer and Marketing Specialist
Renters Warehouse,Acquisitions Field Coordinator,"Mavel, TX",https://workforcenow.adp.com/mascsr/default/mdf/recruitment/recruitment.html?cid=0b4acaac-5cd6-4597-9e3b-0cc4e2eba1da&jobId=65917880_1&lang=en_US,not checked (out of scope),0,2026-09-28,2026-10-09,0,,,adp,SFR Property Management Franchise,Minnesota,A,adp:0b4acaac-5cd6-4597-9e3b-0cc4e2eba1da:65917880_1
Renters Warehouse,BUSINESS DEVELOPMENT MANAGER,"Tempe, AZ",https://workforcenow.adp.com/mascsr/default/mdf/recruitment/recruitment.html?cid=0b4acaac-5cd6-4597-9e3b-0cc4e2eba1da&jobId=73284483_1&lang=en_US,live,200,2026-10-08,2026-10-09,0,sales,sales,adp,SFR Property Management Franchise,Minnesota,A,adp:0b4acaac-5cd6-4597-9e3b-0cc4e2eba1da:73284483_1
Renters Warehouse,BUSINESS DEVELOPMENT MANAGER,"Minneapolis, MN",https://workforcenow.adp.com/mascsr/default/mdf/recruitment/recruitment.html?cid=0b4acaac-5cd6-4597-9e3b-0cc4e2eba1da&jobId=25863430_1&lang=en_US,live,200,2026-06-25,2026-10-09,0,sales,sales,adp,SFR Property Management Franchise,Minnesota,A,adp:0b4acaac-5cd6-4597-9e3b-0cc4e2eba1da:25863430_1
Renters Warehouse,Construction Field Coordinator,"Mavel, TX",https://workforcenow.adp.com/mascsr/default/mdf/recruitment/recruitment.html?cid=0b4acaac-5cd6-4597-9e3b-0cc4e2eba1da&jobId=65745302_1&lang=en_US,not checked (out of scope),0,2026-09-24,2026-10-09,0,,,adp,SFR Property Management Franchise,Minnesota,A,adp:0b4acaac-5cd6-4597-9e3b-0cc4e2eba1da:65745302_1
Renters Warehouse,Construction Field Manager,"Plano, TX",https://workforcenow.adp.com/mascsr/default/mdf/recruitment/recruitment.html?cid=0b4acaac-5cd6-4597-9e3b-0cc4e2eba1da&jobId=69947405_1&lang=en_US,not checked (out of scope),0,2026-10-02,2026-10-09,0,,,adp,SFR Property Management Franchise,Minnesota,A,adp:0b4acaac-5cd6-4597-9e3b-0cc4e2eba1da:69947405_1
Renters Warehouse,LEASING AGENT,"Chesterfield, MO",https://workforcenow.adp.com/mascsr/default/mdf/recruitment/recruitment.html?cid=0b4acaac-5cd6-4597-9e3b-0cc4e2eba1da&jobId=54050509_1&lang=en_US,not checked (out of scope),0,2026-09-03,2026-10-09,0,,ops,adp,SFR Property Management Franchise,Minnesota,A,adp:0b4acaac-5cd6-4597-9e3b-0cc4e2eba1da:54050509_1
Renters Warehouse,"Leasing Agent, PWA (Dallas, TX)","Plano, TX",https://workforcenow.adp.com/mascsr/default/mdf/recruitment/recruitment.html?cid=0b4acaac-5cd6-4597-9e3b-0cc4e2eba1da&jobId=68706915_1&lang=en_US,not checked (out of scope),0,2026-09-28,2026-10-09,0,,ops,adp,SFR Property Management Franchise,Minnesota,A,adp:0b4acaac-5cd6-4597-9e3b-0cc4e2eba1da:68706915_1
Renters Warehouse,Manager - Corporate Finance,"Minneapolis, MN",https://workforcenow.adp.com/mascsr/default/mdf/recruitment/recruitment.html?cid=0b4acaac-5cd6-4597-9e3b-0cc4e2eba1da&jobId=65347995_1&lang=en_US,not checked (out of scope),0,2026-09-22,2026-10-09,0,,,adp,SFR Property Management Franchise,Minnesota,A,adp:0b4acaac-5cd6-4597-9e3b-0cc4e2eba1da:65347995_1
Renters Warehouse,PROPERTY ACCOUNTANT,"Minneapolis, MN",https://workforcenow.adp.com/mascsr/default/mdf/recruitment/recruitment.html?cid=0b4acaac-5cd6-4597-9e3b-0cc4e2eba1da&jobId=40244350_1&lang=en_US,not checked (out of scope),0,2026-08-07,2026-10-09,0,,,adp,SFR Property Management Franchise,Minnesota,A,adp:0b4acaac-5cd6-4597-9e3b-0cc4e2eba1da:40244350_1
Renters Warehouse,PROPERTY ACCOUNTING MANAGER,"Minneapolis, MN",https://workforcenow.adp.com/mascsr/default/mdf/recruitment/recruitment.html?cid=0b4acaac-5cd6-4597-9e3b-0cc4e2eba1da&jobId=25578606_1&lang=en_US,not checked (out of scope),0,2026-10-08,2026-10-09,0,,,adp,SFR Property Management Franchise,Minnesota,A,adp:0b4acaac-5cd6-4597-9e3b-0cc4e2eba1da:25578606_1
Renters Warehouse,Payroll and Accounts Payable Specialist,"Minneapolis, MN",https://workforcenow.adp.com/mascsr/default/mdf/recruitment/recruitment.html?cid=0b4acaac-5cd6-4597-9e3b-0cc4e2eba1da&jobId=68540541_1&lang=en_US,not checked (out of scope),0,2026-10-06,2026-10-09,0,,,adp,SFR Property Management Franchise,Minnesota,A,adp:0b4acaac-5cd6-4597-9e3b-0cc4e2eba1da:68540541_1
Renters Warehouse,Property Manager,"Tempe, AZ",https://workforcenow.adp.com/mascsr/default/mdf/recruitment/recruitment.html?cid=0b4acaac-5cd6-4597-9e3b-0cc4e2eba1da&jobId=69676871_1&lang=en_US,not checked (out of scope),0,2026-10-01,2026-10-09,0,,ops,adp,SFR Property Management Franchise,Minnesota,A,adp:0b4acaac-5cd6-4597-9e3b-0cc4e2eba1da:69676871_1
Renters Warehouse,Talent and Acquisition Manager,"Minneapolis, MN",https://workforcenow.adp.com/mascsr/default/mdf/recruitment/recruitment.html?cid=0b4acaac-5cd6-4597-9e3b-0cc4e2eba1da&jobId=57208511_1&lang=en_US,not checked (out of scope),0,2026-09-09,2026-10-09,0,,,adp,SFR Property Management Franchise,Minnesota,A,adp:0b4acaac-5cd6-4597-9e3b-0cc4e2eba1da:57208511_1
ResMan,Architect I,"US TX RSM 001 Plano TX Office - Plano, TX 75093",https://www.paycomonline.net/v4/ats/web.php/portal/3B7D41D91746BB95F1A4DACFC560089B/jobs/425125,live,200,,2026-10-09,0,engineering,eng,page,Property Management Software,Texas,A,page:resman:/v4/ats/web.php/portal/3B7D41D91746BB95F1A4DACFC560089B/jobs/425125
ResMan,Credit and Risk Analyst I,"Alpharetta - Alpharetta, GA 30009",https://www.paycomonline.net/v4/ats/web.php/portal/3B7D41D91746BB95F1A4DACFC560089B/jobs/436003,not checked (out of scope),0,,2026-10-09,0,,,page,Property Management Software,Texas,A,page:resman:/v4/ats/web.php/portal/3B7D41D91746BB95F1A4DACFC560089B/jobs/436003
ResMan,Director of Technical Product - Insurance,,https://www.paycomonline.net/v4/ats/web.php/portal/3B7D41D91746BB95F1A4DACFC560089B/jobs/429805,not checked (out of scope),0,,2026-10-09,0,,leadership,page,Property Management Software,Texas,A,page:resman:/v4/ats/web.php/portal/3B7D41D91746BB95F1A4DACFC560089B/jobs/429805
ResMan,Sales Development Representative,"US AZ STL 001 Chandler AZ Office - Chandler, AZ 85226",https://www.paycomonline.net/v4/ats/web.php/portal/3B7D41D91746BB95F1A4DACFC560089B/jobs/437784,live,200,,2026-10-09,0,sales,sales,page,Property Management Software,Texas,A,page:resman:/v4/ats/web.php/portal/3B7D41D91746BB95F1A4DACFC560089B/jobs/437784
Rhino,Associate Counsel,,https://rhinolabs.bamboohr.com/careers/75,not checked (out of scope),0,,2026-09-24,15,,,bamboohr,Security Deposit Insurance,New York,A,bamboohr:rhinolabs:75
Rhino,Data Engineer,,https://rhinolabs.bamboohr.com/careers/76,live,200,,2026-09-28,11,engineering,eng,bamboohr,Security Deposit Insurance,New York,A,bamboohr:rhinolabs:76
Roofstock,Accounting Manager,"Oakland, California, United States",https://job-boards.greenhouse.io/roofstock/jobs/8821792002,not checked (out of scope),0,2026-09-18,2026-09-24,15,,,greenhouse,SFR Investment Marketplace,California,A,greenhouse:roofstock:8821792002
Roofstock,Assistant Property Manager,"Portland, Oregon, United States; Salt Lake City, Utah, United States",https://job-boards.greenhouse.io/roofstock/jobs/8647520002,not checked (out of scope),0,2026-07-24,2026-09-30,9,,ops,greenhouse,SFR Investment Marketplace,California,A,greenhouse:roofstock:8647520002
Roofstock,Maintenance Technician,"Columbia, South Carolina, United States",https://job-boards.greenhouse.io/roofstock/jobs/8811638002,not checked (out of scope),0,2026-09-17,2026-09-24,15,,ops,greenhouse,SFR Investment Marketplace,California,A,greenhouse:roofstock:8811638002
Roofstock,Maintenance Technician,"Birmingham, Alabama, United States",https://job-boards.greenhouse.io/roofstock/jobs/8872718002,not checked (out of scope),0,2026-10-06,2026-10-09,0,,ops,greenhouse,SFR Investment Marketplace,California,A,greenhouse:roofstock:8872718002
Roofstock,Portfolio Asset Manager,"Atlanta, Georgia, United States; Charlotte, North Carolina, United States; Dallas, Texas, United States; Las Vegas, Nevada, United States; Oakland, California, United States; Phoenix, Arizona, United States",https://job-boards.greenhouse.io/roofstock/jobs/8558888002,not checked (out of scope),0,2026-05-21,2026-09-24,15,,ops,greenhouse,SFR Investment Marketplace,California,A,greenhouse:roofstock:8558888002
Roofstock,"Property Accountant, Retail","Dallas, Texas, United States",https://job-boards.greenhouse.io/roofstock/jobs/8845806002,not checked (out of scope),0,2026-09-28,2026-09-28,11,,,greenhouse,SFR Investment Marketplace,California,A,greenhouse:roofstock:8845806002
Roofstock,Senior Legal Operations Manager,"Dallas, Texas, United States",https://job-boards.greenhouse.io/roofstock/jobs/8686159002,not checked (out of scope),0,2026-09-23,2026-09-24,15,,ops,greenhouse,SFR Investment Marketplace,California,A,greenhouse:roofstock:8686159002
Second Nature,Account Executive,"Remote, USA",https://jobs.ashbyhq.com/second-nature/fa47f83c-52db-4df3-960c-7e2125bdccf6,live,200,2026-09-10,2026-09-24,15,sales,sales,ashby,Resident Benefits / Property Management SaaS,Tennessee,A,ashby:second-nature:fa47f83c-52db-4df3-960c-7e2125bdccf6
Second Nature,Sales Development Representative,"Remote, USA",https://jobs.ashbyhq.com/second-nature/8f23e4ba-54fc-43ce-8744-8629a09f93ae,live,200,2026-08-03,2026-09-24,15,sales,sales,ashby,Resident Benefits / Property Management SaaS,Tennessee,A,ashby:second-nature:8f23e4ba-54fc-43ce-8744-8629a09f93ae
Second Nature,Staff Software Engineer (Backend-focused),"Remote, USA",https://jobs.ashbyhq.com/second-nature/88fc670b-d2ff-46a9-af53-280037931613,live,200,2026-09-24,2026-09-24,15,engineering,eng,ashby,Resident Benefits / Property Management SaaS,Tennessee,A,ashby:second-nature:88fc670b-d2ff-46a9-af53-280037931613
Second Nature,Technical Implementation Manager,"Remote, USA",https://jobs.ashbyhq.com/second-nature/2d202d9f-aeca-4089-8a9b-c666821d9e4a,not checked (out of scope),0,2026-09-08,2026-09-24,15,,customer,ashby,Resident Benefits / Property Management SaaS,Tennessee,A,ashby:second-nature:2d202d9f-aeca-4089-8a9b-c666821d9e4a
Second Nature,"VP, Product","Remote, USA",https://jobs.ashbyhq.com/second-nature/124ce02b-b6c7-4f93-97ed-aa8787fd20e4,live,200,2026-09-17,2026-09-24,15,executive,,ashby,Resident Benefits / Property Management SaaS,Tennessee,A,ashby:second-nature:124ce02b-b6c7-4f93-97ed-aa8787fd20e4
SmartRent,Advanced Systems Integrator,"Phoenix, Arizona",https://job-boards.greenhouse.io/smartrent/jobs/6167377004,not checked (out of scope),0,2026-09-03,2026-09-24,15,,,greenhouse,Smart Home / Multifamily IoT,Arizona,A,greenhouse:smartrent:6167377004
SmartRent,"Director, Customer Service","Phoenix, Arizona",https://job-boards.greenhouse.io/smartrent/jobs/6111061004,not checked (out of scope),0,2026-07-13,2026-09-24,15,,leadership,greenhouse,Smart Home / Multifamily IoT,Arizona,A,greenhouse:smartrent:6111061004
SmartRent,"Group Product Manager, Data & Analytics","Phoenix, Arizona",https://job-boards.greenhouse.io/smartrent/jobs/6173642004,not checked (out of scope),0,2026-09-09,2026-09-24,15,,product,greenhouse,Smart Home / Multifamily IoT,Arizona,A,greenhouse:smartrent:6173642004
SmartRent,Senior Account Manager,"Phoenix, Arizona",https://job-boards.greenhouse.io/smartrent/jobs/6122956004,live,200,2026-07-23,2026-09-24,15,gtm,customer,greenhouse,Smart Home / Multifamily IoT,Arizona,A,greenhouse:smartrent:6122956004
SmartRent,Senior Software Engineer,"Phoenix, Arizona",https://job-boards.greenhouse.io/smartrent/jobs/6192943004,live,200,2026-09-18,2026-09-24,15,engineering,eng,greenhouse,Smart Home / Multifamily IoT,Arizona,A,greenhouse:smartrent:6192943004
SmartRent,Solutions Architect,"Phoenix, Arizona",https://job-boards.greenhouse.io/smartrent/jobs/5835029004,live,200,2026-08-25,2026-09-24,15,sales,eng,greenhouse,Smart Home / Multifamily IoT,Arizona,A,greenhouse:smartrent:5835029004
SmartRent,"Vice President, Sales",United States,https://job-boards.greenhouse.io/smartrent/jobs/5970930004,live,200,2026-09-29,2026-09-30,9,executive,sales,greenhouse,Smart Home / Multifamily IoT,Arizona,A,greenhouse:smartrent:5970930004
SmartRent,Warehouse Associate,"Avondale, Arizona",https://job-boards.greenhouse.io/smartrent/jobs/6207899004,not checked (out of scope),0,2026-09-24,2026-09-28,11,,,greenhouse,Smart Home / Multifamily IoT,Arizona,A,greenhouse:smartrent:6207899004
Steadily,Accounting Manager,"Austin, TX",https://jobs.ashbyhq.com/steadily/1a2cbedc-b729-44a2-9594-7bda198b01b1,not checked (out of scope),0,2026-03-18,2026-09-24,15,,,ashby,Landlord Insurance,Texas,A,ashby:steadily:1a2cbedc-b729-44a2-9594-7bda198b01b1
Steadily,Actuary,"Overland Park, KS",https://jobs.ashbyhq.com/steadily/d1489154-052c-45de-a780-43fcf25658ee,not checked (out of scope),0,2026-03-18,2026-09-24,15,,,ashby,Landlord Insurance,Texas,A,ashby:steadily:d1489154-052c-45de-a780-43fcf25658ee
Steadily,Agency Success Associate,"Overland Park, KS",https://jobs.ashbyhq.com/steadily/c53f0ce3-ee23-4871-b5e7-18a18364c626,not checked (out of scope),0,2026-03-18,2026-09-24,15,,,ashby,Landlord Insurance,Texas,A,ashby:steadily:c53f0ce3-ee23-4871-b5e7-18a18364c626
Steadily,Agency Success Manager,"Overland Park, KS",https://jobs.ashbyhq.com/steadily/fde229ef-a928-458d-8b02-f31ffa79e897,not checked (out of scope),0,2026-04-28,2026-09-24,15,,,ashby,Landlord Insurance,Texas,A,ashby:steadily:fde229ef-a928-458d-8b02-f31ffa79e897
Steadily,Associate Claims Adjuster,"Overland Park, KS",https://jobs.ashbyhq.com/steadily/13284cc1-501c-45ac-869f-cff914399363,not checked (out of scope),0,2026-03-18,2026-09-24,15,,,ashby,Landlord Insurance,Texas,A,ashby:steadily:13284cc1-501c-45ac-869f-cff914399363
Steadily,Business Development Associate,"Overland Park, KS",https://jobs.ashbyhq.com/steadily/95f22d0e-4f96-4d67-bfb6-30c3e23b55ed,live,200,2026-09-18,2026-09-24,15,sales,sales,ashby,Landlord Insurance,Texas,A,ashby:steadily:95f22d0e-4f96-4d67-bfb6-30c3e23b55ed
Steadily,Business Development Manager,"Overland Park, KS",https://jobs.ashbyhq.com/steadily/4ef70d6a-956f-4e97-b5b0-c84a68890c5c,live,200,2026-06-26,2026-09-24,15,sales,sales,ashby,Landlord Insurance,Texas,A,ashby:steadily:4ef70d6a-956f-4e97-b5b0-c84a68890c5c
Steadily,Claims Adjuster,"Overland Park, KS",https://jobs.ashbyhq.com/steadily/96bb28c7-77fa-4085-b9ab-e7d5348620d9,not checked (out of scope),0,2026-03-18,2026-09-24,15,,,ashby,Landlord Insurance,Texas,A,ashby:steadily:96bb28c7-77fa-4085-b9ab-e7d5348620d9
Steadily,Claims Adjuster (Remote Contract),Remote,https://jobs.ashbyhq.com/steadily/1cb1dcdf-c310-4d12-9f53-9cc45eba02b9,not checked (out of scope),0,2026-10-06,2026-10-09,0,,,ashby,Landlord Insurance,Texas,A,ashby:steadily:1cb1dcdf-c310-4d12-9f53-9cc45eba02b9
Steadily,Claims Team Lead,"Overland Park, KS",https://jobs.ashbyhq.com/steadily/29172e49-78aa-461f-afb2-885831b57860,not checked (out of scope),0,2026-09-09,2026-09-24,15,,,ashby,Landlord Insurance,Texas,A,ashby:steadily:29172e49-78aa-461f-afb2-885831b57860
Steadily,Direct Sales Manager,"Overland Park, KS",https://jobs.ashbyhq.com/steadily/3d8e3b12-ecb6-4c7c-bc48-f2b8da185218,live,200,2026-03-18,2026-09-24,15,sales,sales,ashby,Landlord Insurance,Texas,A,ashby:steadily:3d8e3b12-ecb6-4c7c-bc48-f2b8da185218
Steadily,Director of Reinsurance and Capacity,"Overland Park, KS",https://jobs.ashbyhq.com/steadily/6be9da4d-5b84-4b58-8286-c01422ce940d,not checked (out of scope),0,2026-08-20,2026-09-24,15,,leadership,ashby,Landlord Insurance,Texas,A,ashby:steadily:6be9da4d-5b84-4b58-8286-c01422ce940d
Steadily,Future Graduate Internship Program,"Overland Park, KS",https://jobs.ashbyhq.com/steadily/633e55f8-566f-4ff6-8207-f0fd0d962bcc,not checked (out of scope),0,2026-09-08,2026-09-24,15,,,ashby,Landlord Insurance,Texas,A,ashby:steadily:633e55f8-566f-4ff6-8207-f0fd0d962bcc
Steadily,Head of Revenue Operations,"Overland Park, KS",https://jobs.ashbyhq.com/steadily/6ae3b8c3-3035-4455-b1ce-8c0900b7abd6,live,200,2026-08-28,2026-09-24,15,executive,sales,ashby,Landlord Insurance,Texas,A,ashby:steadily:6ae3b8c3-3035-4455-b1ce-8c0900b7abd6
Steadily,Insurance Coverage and Compliance Analyst,"Overland Park, KS",https://jobs.ashbyhq.com/steadily/83ca9ee8-7070-488b-8afd-54daf07f555b,not checked (out of scope),0,2026-03-18,2026-09-24,15,,,ashby,Landlord Insurance,Texas,A,ashby:steadily:83ca9ee8-7070-488b-8afd-54daf07f555b
Steadily,Insurance Product Analyst,"Overland Park, KS",https://jobs.ashbyhq.com/steadily/8ef15f89-cbde-4f77-9728-2b9baa944b25,not checked (out of scope),0,2026-06-04,2026-09-24,15,,,ashby,Landlord Insurance,Texas,A,ashby:steadily:8ef15f89-cbde-4f77-9728-2b9baa944b25
Steadily,Insurance Product Manager,"Overland Park, KS",https://jobs.ashbyhq.com/steadily/43afcf53-e441-49ed-ade0-b77eca3e1a6e,not checked (out of scope),0,2026-03-19,2026-09-24,15,,product,ashby,Landlord Insurance,Texas,A,ashby:steadily:43afcf53-e441-49ed-ade0-b77eca3e1a6e
Steadily,Insurance Sales Agent,"Overland Park, KS",https://jobs.ashbyhq.com/steadily/75090fab-8a98-4365-83a5-84ae76b326a3,not checked (out of scope),0,2026-03-19,2026-09-24,15,,sales,ashby,Landlord Insurance,Texas,A,ashby:steadily:75090fab-8a98-4365-83a5-84ae76b326a3
Steadily,Insurance Sales Agent Development Program,"Overland Park, KS",https://jobs.ashbyhq.com/steadily/da8908eb-7877-4c7a-8b4e-df9de6d860e6,not checked (out of scope),0,2026-06-10,2026-09-24,15,,sales,ashby,Landlord Insurance,Texas,A,ashby:steadily:da8908eb-7877-4c7a-8b4e-df9de6d860e6
Steadily,New Graduate Sales Accelerator,"Overland Park, KS",https://jobs.ashbyhq.com/steadily/4b3c118a-43bc-4a3c-a700-e2bd1879249e,live,200,2026-04-07,2026-09-24,15,sales,sales,ashby,Landlord Insurance,Texas,A,ashby:steadily:4b3c118a-43bc-4a3c-a700-e2bd1879249e
Steadily,People Operations Manager,"Overland Park, KS",https://jobs.ashbyhq.com/steadily/6213016b-1ab6-462a-b9fe-12434fcf89fa,not checked (out of scope),0,2026-10-02,2026-10-02,7,,ops,ashby,Landlord Insurance,Texas,A,ashby:steadily:6213016b-1ab6-462a-b9fe-12434fcf89fa
Steadily,"Principal Account Manager, Enterprise and Partnership","Overland Park, KS",https://jobs.ashbyhq.com/steadily/0e485ee5-9550-495d-8b30-563607aba1f3,live,200,2026-09-24,2026-09-28,11,sales,customer,ashby,Landlord Insurance,Texas,A,ashby:steadily:0e485ee5-9550-495d-8b30-563607aba1f3
Steadily,Principal Machine Learning Engineer,"Austin, TX",https://jobs.ashbyhq.com/steadily/ecf647a7-0b84-4566-bc09-3e2babdac50b,live,200,2026-03-19,2026-09-24,15,engineering,eng,ashby,Landlord Insurance,Texas,A,ashby:steadily:ecf647a7-0b84-4566-bc09-3e2babdac50b
Steadily,Principal Product Manager,"Austin, TX",https://jobs.ashbyhq.com/steadily/50191019-226e-4274-915f-e9e2da68cfa3,not checked (out of scope),0,2026-08-26,2026-09-24,15,,product,ashby,Landlord Insurance,Texas,A,ashby:steadily:50191019-226e-4274-915f-e9e2da68cfa3
Steadily,Recruiter,"Overland Park, KS",https://jobs.ashbyhq.com/steadily/5a3ed4cf-015b-4288-84a6-ca5194abff86,not checked (out of scope),0,2026-07-13,2026-09-24,15,,,ashby,Landlord Insurance,Texas,A,ashby:steadily:5a3ed4cf-015b-4288-84a6-ca5194abff86
Steadily,Sales Representative – Insurance Training Provided,"Overland Park, KS",https://jobs.ashbyhq.com/steadily/259b6448-5a89-44c6-9ecf-783e5b4a6660,live,200,2026-06-10,2026-09-24,15,sales,sales,ashby,Landlord Insurance,Texas,A,ashby:steadily:259b6448-5a89-44c6-9ecf-783e5b4a6660
Steadily,Senior Accounting Analyst,"Austin, TX",https://jobs.ashbyhq.com/steadily/4365404a-7a75-4325-abdc-c1aa2eeef87b,not checked (out of scope),0,2026-03-19,2026-09-24,15,,,ashby,Landlord Insurance,Texas,A,ashby:steadily:4365404a-7a75-4325-abdc-c1aa2eeef87b
Steadily,Senior Insurance Product Analyst,"Overland Park, KS",https://jobs.ashbyhq.com/steadily/bd3f407b-da78-4ca4-adbe-23975880bd1e,not checked (out of scope),0,2026-06-04,2026-09-24,15,,,ashby,Landlord Insurance,Texas,A,ashby:steadily:bd3f407b-da78-4ca4-adbe-23975880bd1e
Steadily,Senior Insurance Product Manager,"Overland Park, KS",https://jobs.ashbyhq.com/steadily/a1c8d633-9816-40c4-8a41-4aa6bb098463,not checked (out of scope),0,2026-06-04,2026-09-24,15,,product,ashby,Landlord Insurance,Texas,A,ashby:steadily:a1c8d633-9816-40c4-8a41-4aa6bb098463
Steadily,Senior Machine Learning Engineer,"Austin, TX",https://jobs.ashbyhq.com/steadily/82f961e2-98d7-4175-ba91-4ee9aeaa79b0,live,200,2026-10-01,2026-09-30,9,engineering,eng,ashby,Landlord Insurance,Texas,A,ashby:steadily:82f961e2-98d7-4175-ba91-4ee9aeaa79b0
Steadily,Senior Software Engineer,"Austin, TX",https://jobs.ashbyhq.com/steadily/da218e31-c3a5-4ec7-805a-5541b2571258,live,200,2026-03-19,2026-09-24,15,engineering,eng,ashby,Landlord Insurance,Texas,A,ashby:steadily:da218e31-c3a5-4ec7-805a-5541b2571258
Steadily,"Senior Software Engineer, Growth","Austin, TX",https://jobs.ashbyhq.com/steadily/f2652ec3-667e-4f4b-8898-c3ce3cfeccda,live,200,2026-03-19,2026-09-24,15,gtm,eng,ashby,Landlord Insurance,Texas,A,ashby:steadily:f2652ec3-667e-4f4b-8898-c3ce3cfeccda
Steadily,Sr. Liability Claims Adjuster,"Overland Park, KS",https://jobs.ashbyhq.com/steadily/c70a71c0-c736-456b-be87-d68dd13f4d3f,not checked (out of scope),0,2026-03-19,2026-09-24,15,,,ashby,Landlord Insurance,Texas,A,ashby:steadily:c70a71c0-c736-456b-be87-d68dd13f4d3f
Steadily,Sr. Property Claims Adjuster,"Overland Park, KS",https://jobs.ashbyhq.com/steadily/514b2392-c837-4db6-b068-6f348333b9d2,not checked (out of scope),0,2026-06-15,2026-09-24,15,,,ashby,Landlord Insurance,Texas,A,ashby:steadily:514b2392-c837-4db6-b068-6f348333b9d2
Steadily,Staff Software Engineer,"Austin, TX",https://jobs.ashbyhq.com/steadily/f11f027c-8904-4f68-97c3-382cd9d18bd0,live,200,2026-03-19,2026-09-24,15,engineering,eng,ashby,Landlord Insurance,Texas,A,ashby:steadily:f11f027c-8904-4f68-97c3-382cd9d18bd0
Steadily,"Stage Zero GTM Sales Leader, Enterprise and Partnerships","Overland Park, KS",https://jobs.ashbyhq.com/steadily/70378de6-ca58-4af5-afe5-2f1cb2f00f4c,live,200,2026-09-15,2026-09-24,15,sales,sales,ashby,Landlord Insurance,Texas,A,ashby:steadily:70378de6-ca58-4af5-afe5-2f1cb2f00f4c
TheGuarantors,AI Solutions Architect,"New York, NY",https://ats.rippling.com/theguarantors-open-positions/jobs/0033b91a-171d-4fed-9ca9-67aabb1a5756,live,200,,2026-09-24,15,sales,eng,rippling,Lease Insurance / Insurtech,New York,A,rippling:theguarantors-open-positions:0033b91a-171d-4fed-9ca9-67aabb1a5756
TheGuarantors,Commercial Strategy Associate - AE Strategy,"New York, NY",https://ats.rippling.com/theguarantors-open-positions/jobs/19d4de81-3c98-481e-9783-c6cf0b77c9cd,live,200,,2026-09-24,15,sales,,rippling,Lease Insurance / Insurtech,New York,A,rippling:theguarantors-open-positions:19d4de81-3c98-481e-9783-c6cf0b77c9cd
TheGuarantors,Commercial Strategy Associate - AM Strategy,"New York, NY",https://ats.rippling.com/theguarantors-open-positions/jobs/cf7b2875-34d8-4261-9709-cf967751a1c7,not checked (out of scope),0,,2026-09-24,15,,,rippling,Lease Insurance / Insurtech,New York,A,rippling:theguarantors-open-positions:cf7b2875-34d8-4261-9709-cf967751a1c7
TheGuarantors,Customer Success Analyst,Remote (United States),https://ats.rippling.com/theguarantors-open-positions/jobs/2fbdc5de-9a2f-4d89-bda7-02d4c1e21e89,live,200,,2026-09-30,9,gtm,customer,rippling,Lease Insurance / Insurtech,New York,A,rippling:theguarantors-open-positions:2fbdc5de-9a2f-4d89-bda7-02d4c1e21e89
TheGuarantors,Customer Success Analyst (Mandarin Speaking),Remote (United States),https://ats.rippling.com/theguarantors-open-positions/jobs/dc16277d-218e-4be3-aced-9f79767c6a2e,live,200,,2026-09-28,11,gtm,customer,rippling,Lease Insurance / Insurtech,New York,A,rippling:theguarantors-open-positions:dc16277d-218e-4be3-aced-9f79767c6a2e
TheGuarantors,"Data Analyst, Insurance","New York, NY",https://ats.rippling.com/theguarantors-open-positions/jobs/c2a1f957-3217-4831-9ce9-e0dded7a4f2f,not checked (out of scope),0,,2026-09-24,15,,,rippling,Lease Insurance / Insurtech,New York,A,rippling:theguarantors-open-positions:c2a1f957-3217-4831-9ce9-e0dded7a4f2f
TheGuarantors,Data Engineer,"New York, NY",https://ats.rippling.com/theguarantors-open-positions/jobs/aeb1fbf7-3348-4f6d-826f-75d6f48cd1fa,live,200,,2026-09-24,15,engineering,eng,rippling,Lease Insurance / Insurtech,New York,A,rippling:theguarantors-open-positions:aeb1fbf7-3348-4f6d-826f-75d6f48cd1fa
TheGuarantors,Data Science Analyst,"New York, NY",https://ats.rippling.com/theguarantors-open-positions/jobs/75fc2d37-a8b8-48e9-b4fe-e06285bd0249,not checked (out of scope),0,,2026-09-24,15,,,rippling,Lease Insurance / Insurtech,New York,A,rippling:theguarantors-open-positions:75fc2d37-a8b8-48e9-b4fe-e06285bd0249
TheGuarantors,Engineering Manager - Landlord Experience,"New York, NY",https://ats.rippling.com/theguarantors-open-positions/jobs/f6fb187d-5984-48cd-b51c-095dc0ea47d4,live,200,,2026-10-09,0,engineering,eng,rippling,Lease Insurance / Insurtech,New York,A,rippling:theguarantors-open-positions:f6fb187d-5984-48cd-b51c-095dc0ea47d4
TheGuarantors,Engineering Manager - Property Management,"New York, NY",https://ats.rippling.com/theguarantors-open-positions/jobs/fa4824e5-4961-4d68-94fd-654d896fa722,live,200,,2026-09-24,15,engineering,eng,rippling,Lease Insurance / Insurtech,New York,A,rippling:theguarantors-open-positions:fa4824e5-4961-4d68-94fd-654d896fa722
TheGuarantors,Lead - Commercial Operations & Analytics,"New York, NY",https://ats.rippling.com/theguarantors-open-positions/jobs/1f89fd20-cc7e-4c5c-9c84-592406bbd8e0,not checked (out of scope),0,,2026-09-24,15,,ops,rippling,Lease Insurance / Insurtech,New York,A,rippling:theguarantors-open-positions:1f89fd20-cc7e-4c5c-9c84-592406bbd8e0
TheGuarantors,"Lead Product Manager, Payments","New York, NY",https://ats.rippling.com/theguarantors-open-positions/jobs/338d0e73-fc31-452d-b98c-d37c52e67dd7,not checked (out of scope),0,,2026-09-24,15,,product,rippling,Lease Insurance / Insurtech,New York,A,rippling:theguarantors-open-positions:338d0e73-fc31-452d-b98c-d37c52e67dd7
TheGuarantors,Partner Success Associate (Remote),Remote (United States),https://ats.rippling.com/theguarantors-open-positions/jobs/a5c93eac-c299-4832-bcfd-90e3daaa4b75,live,200,,2026-09-24,15,gtm,,rippling,Lease Insurance / Insurtech,New York,A,rippling:theguarantors-open-positions:a5c93eac-c299-4832-bcfd-90e3daaa4b75
TheGuarantors,Senior Account Executive (Remote),Remote (United States),https://ats.rippling.com/theguarantors-open-positions/jobs/0dc4f5a7-e5c3-4027-bf78-bca413498c9c,live,200,,2026-09-24,15,sales,sales,rippling,Lease Insurance / Insurtech,New York,A,rippling:theguarantors-open-positions:0dc4f5a7-e5c3-4027-bf78-bca413498c9c
TheGuarantors,Senior Account Manager (Remote),Remote (United States),https://ats.rippling.com/theguarantors-open-positions/jobs/245e388e-13f8-461b-9f46-bacd201c3be3,live,200,,2026-09-24,15,gtm,customer,rippling,Lease Insurance / Insurtech,New York,A,rippling:theguarantors-open-positions:245e388e-13f8-461b-9f46-bacd201c3be3
TheGuarantors,Senior Marketing Operations Manager,"New York, NY",https://ats.rippling.com/theguarantors-open-positions/jobs/76b828fa-e6ac-4861-91b6-233f57124f32,live,200,,2026-10-09,0,gtm,ops,rippling,Lease Insurance / Insurtech,New York,A,rippling:theguarantors-open-positions:76b828fa-e6ac-4861-91b6-233f57124f32
TheGuarantors,"Senior Product Manager, ZGRI","New York, NY",https://ats.rippling.com/theguarantors-open-positions/jobs/40594c89-8739-4809-ba63-e20f0ea5e735,not checked (out of scope),0,,2026-09-24,15,,product,rippling,Lease Insurance / Insurtech,New York,A,rippling:theguarantors-open-positions:40594c89-8739-4809-ba63-e20f0ea5e735
TheGuarantors,Software Engineer - Customer Integrations (API),Remote (United States),https://ats.rippling.com/theguarantors-open-positions/jobs/cdb6349f-91f9-47f9-984b-fd19a329a563,live,200,,2026-09-24,15,engineering,eng,rippling,Lease Insurance / Insurtech,New York,A,rippling:theguarantors-open-positions:cdb6349f-91f9-47f9-984b-fd19a329a563
TheGuarantors,Software Engineer - Deal Flow & Underwriting Experience,"New York, NY",https://ats.rippling.com/theguarantors-open-positions/jobs/2bc51270-c3d1-4d04-b3d0-7407407ccc96,live,200,,2026-09-24,15,engineering,eng,rippling,Lease Insurance / Insurtech,New York,A,rippling:theguarantors-open-positions:2bc51270-c3d1-4d04-b3d0-7407407ccc96
TheGuarantors,Software Engineer - Renter Experience,"New York, NY",https://ats.rippling.com/theguarantors-open-positions/jobs/337d8f93-b0d3-4765-9a32-bede74a246dc,live,200,,2026-09-24,15,engineering,eng,rippling,Lease Insurance / Insurtech,New York,A,rippling:theguarantors-open-positions:337d8f93-b0d3-4765-9a32-bede74a246dc
TheGuarantors,Software Engineer - Risk Solutions,"New York, NY",https://ats.rippling.com/theguarantors-open-positions/jobs/219799ca-8d34-4198-abe4-23c209d77a73,live,200,,2026-09-24,15,engineering,eng,rippling,Lease Insurance / Insurtech,New York,A,rippling:theguarantors-open-positions:219799ca-8d34-4198-abe4-23c209d77a73
TheGuarantors,"VP, Strategic Accounts & Services",Remote (United States),https://ats.rippling.com/theguarantors-open-positions/jobs/819b73d8-7750-47df-a3c8-929101e90606,live,200,,2026-09-24,15,executive,,rippling,Lease Insurance / Insurtech,New York,A,rippling:theguarantors-open-positions:819b73d8-7750-47df-a3c8-929101e90606
TurboTenant,Director of Local Marketing,"Denver, CO",https://job-boards.greenhouse.io/turbotenant/jobs/5210482007,live,200,2026-08-18,2026-09-28,11,gtm,leadership,greenhouse,Landlord/DIY Property Management Software,Colorado,A,greenhouse:turbotenant:5210482007
TurboTenant,Grow Your Career at TurboTenant: General Application,"Denver, CO",https://job-boards.greenhouse.io/turbotenant/jobs/4401577007,not checked (out of scope),0,2024-06-06,2026-09-24,15,,,greenhouse,Landlord/DIY Property Management Software,Colorado,A,greenhouse:turbotenant:4401577007
TurboTenant,"Real Estate Photographer - Tallahassee, FL","Tallahassee, FL",https://job-boards.greenhouse.io/turbotenant/jobs/5222721007,not checked (out of scope),0,2026-08-26,2026-09-24,15,,,greenhouse,Landlord/DIY Property Management Software,Colorado,A,greenhouse:turbotenant:5222721007
Two Dots,Account Executive,Santa Monica,https://jobs.lever.co/twodots/77be9b0c-d628-4919-a98c-c792617f7163,open per job board; link check failed (HTTP 404),404,2023-07-09,2026-09-24,15,sales,sales,lever,AI Tenant Screening / Underwriting,California,A,lever:twodots:77be9b0c-d628-4919-a98c-c792617f7163
Two Dots,Chief of Staff,Santa Monica,https://jobs.lever.co/twodots/ccd1b8bd-15bb-47ed-841a-ce5af4ba4727,not checked (out of scope),0,2023-08-02,2026-09-24,15,,leadership,lever,AI Tenant Screening / Underwriting,California,A,lever:twodots:ccd1b8bd-15bb-47ed-841a-ce5af4ba4727
Two Dots,Customer Success Associate,Santa Monica,https://jobs.lever.co/twodots/72be4c60-2ce7-4f83-b837-d8c840c34de9,open per job board; link check failed (HTTP 404),404,2023-07-16,2026-09-24,15,gtm,customer,lever,AI Tenant Screening / Underwriting,California,A,lever:twodots:72be4c60-2ce7-4f83-b837-d8c840c34de9
Two Dots,Customer Success Lead,Santa Monica,https://jobs.lever.co/twodots/4b12f49a-486d-42ca-9deb-503f53a15cb8,open per job board; link check failed (HTTP 404),404,2023-07-09,2026-09-24,15,gtm,customer,lever,AI Tenant Screening / Underwriting,California,A,lever:twodots:4b12f49a-486d-42ca-9deb-503f53a15cb8
Updater,"Director, Corporate Development","Remote, US",https://job-boards.greenhouse.io/updater/jobs/8089760,not checked (out of scope),0,2026-07-27,2026-09-24,15,,leadership,greenhouse,Moving/Relocation Tech for Property Managers,New York,A,greenhouse:updater:8089760
Zumper,"Director, Business Development, Sales",Remote (United States),https://ats.rippling.com/zumper/jobs/5fe74982-876b-4f72-bb08-4f5cbd414e54,live,200,,2026-10-09,0,sales,sales,rippling,Rental Marketplace,California,A,rippling:zumper:5fe74982-876b-4f72-bb08-4f5cbd414e54
Zumper,Head of Legal,Remote (United States),https://ats.rippling.com/zumper/jobs/73fabfa5-bd07-491f-b467-058792922a3c,live,200,,2026-10-09,0,executive,leadership,rippling,Rental Marketplace,California,A,rippling:zumper:73fabfa5-bd07-491f-b467-058792922a3c
Alarm.com,Alarm.com Accounting and Finance Talent Network,"Tysons, VA",https://job-boards.greenhouse.io/alarmcom/jobs/7564515002,not checked (out of scope),0,2024-07-23,2026-10-09,0,,,greenhouse,Smart Property / Security Platform,Virginia,B,greenhouse:alarmcom:7564515002
Alarm.com,Alarm.com Human Resources Talent Network,"Tysons, VA",https://job-boards.greenhouse.io/alarmcom/jobs/7466450002,not checked (out of scope),0,2024-05-24,2026-10-09,0,,,greenhouse,Smart Property / Security Platform,Virginia,B,greenhouse:alarmcom:7466450002
Alarm.com,Alarm.com Sales Talent Network,Alarm.com,https://job-boards.greenhouse.io/alarmcom/jobs/7462078002,live,200,2024-05-23,2026-10-09,0,sales,sales,greenhouse,Smart Property / Security Platform,Virginia,B,greenhouse:alarmcom:7462078002
Alarm.com,Alarm.com Supply Chain Talent Network,"Tysons, VA",https://job-boards.greenhouse.io/alarmcom/jobs/7465414002,not checked (out of scope),0,2024-05-24,2026-10-09,0,,,greenhouse,Smart Property / Security Platform,Virginia,B,greenhouse:alarmcom:7465414002
Alarm.com,Application Security Architect,"Tysons, Virginia",https://job-boards.greenhouse.io/alarmcom/jobs/8371492002,"listed in ATS, not rechecked",0,2026-02-17,2026-10-09,0,engineering,eng,greenhouse,Smart Property / Security Platform,Virginia,B,greenhouse:alarmcom:8371492002
Alarm.com,Associate General Counsel,"Tysons, Virginia",https://job-boards.greenhouse.io/alarmcom/jobs/8298187002,not checked (out of scope),0,2025-11-18,2026-10-09,0,,,greenhouse,Smart Property / Security Platform,Virginia,B,greenhouse:alarmcom:8298187002
Alarm.com,Associate Inside Sales Representative,"Liberty Lake, Washington",https://job-boards.greenhouse.io/alarmcom/jobs/8753230002,live,200,2026-08-26,2026-10-09,0,sales,sales,greenhouse,Smart Property / Security Platform,Virginia,B,greenhouse:alarmcom:8753230002
Alarm.com,Business Development Manager,Japan,https://job-boards.greenhouse.io/alarmcom/jobs/8733921002,"listed in ATS, not rechecked",0,2026-09-04,2026-10-09,0,sales,sales,greenhouse,Smart Property / Security Platform,Virginia,B,greenhouse:alarmcom:8733921002
Alarm.com,Business Development Representative,"Florida, United States",https://job-boards.greenhouse.io/alarmcom/jobs/8853398002,"listed in ATS, not rechecked",0,2026-10-01,2026-10-09,0,sales,sales,greenhouse,Smart Property / Security Platform,Virginia,B,greenhouse:alarmcom:8853398002
Alarm.com,Cloud Systems Engineer,"Tysons, Virginia",https://job-boards.greenhouse.io/alarmcom/jobs/8696114002,live,200,2026-09-25,2026-10-09,0,engineering,eng,greenhouse,Smart Property / Security Platform,Virginia,B,greenhouse:alarmcom:8696114002
Alarm.com,"Commercial Sales Manager, Commercial Partnerships","Texas, United States",https://job-boards.greenhouse.io/alarmcom/jobs/8696117002,live,200,2026-08-19,2026-10-09,0,sales,sales,greenhouse,Smart Property / Security Platform,Virginia,B,greenhouse:alarmcom:8696117002
Alarm.com,Database Engineer,"Taoyuan, Taiwan",https://job-boards.greenhouse.io/alarmcom/jobs/8801196002,live,200,2026-09-11,2026-10-09,0,engineering,eng,greenhouse,Smart Property / Security Platform,Virginia,B,greenhouse:alarmcom:8801196002
Alarm.com,DevOps Engineer,"Centennial, Colorado",https://job-boards.greenhouse.io/alarmcom/jobs/8522951002,live,200,2026-04-24,2026-10-09,0,engineering,eng,greenhouse,Smart Property / Security Platform,Virginia,B,greenhouse:alarmcom:8522951002
Alarm.com,DevOps Engineer,"Lawrence, Kansas",https://job-boards.greenhouse.io/alarmcom/jobs/8594797002,live,200,2026-07-09,2026-10-09,0,engineering,eng,greenhouse,Smart Property / Security Platform,Virginia,B,greenhouse:alarmcom:8594797002
Alarm.com,Device Engineer I,"San Diego, California",https://job-boards.greenhouse.io/alarmcom/jobs/8485073002,live,200,2026-04-23,2026-10-09,0,engineering,eng,greenhouse,Smart Property / Security Platform,Virginia,B,greenhouse:alarmcom:8485073002
Alarm.com,Device Engineer II,"Tysons, Virginia",https://job-boards.greenhouse.io/alarmcom/jobs/8752266002,live,200,2026-10-02,2026-10-09,0,engineering,eng,greenhouse,Smart Property / Security Platform,Virginia,B,greenhouse:alarmcom:8752266002
Alarm.com,Device Engineer II (RF/EMC),"Tysons, Virginia",https://job-boards.greenhouse.io/alarmcom/jobs/8640391002,live,200,2026-08-07,2026-10-09,0,engineering,eng,greenhouse,Smart Property / Security Platform,Virginia,B,greenhouse:alarmcom:8640391002
Alarm.com,Embedded Software Engineer I,"Tysons, Virginia",https://job-boards.greenhouse.io/alarmcom/jobs/8622530002,live,200,2026-08-25,2026-10-09,0,engineering,eng,greenhouse,Smart Property / Security Platform,Virginia,B,greenhouse:alarmcom:8622530002
Alarm.com,Engineering Manager - Embedded Firmware,"Boston, Massachusetts",https://job-boards.greenhouse.io/alarmcom/jobs/8392931002,live,200,2026-02-17,2026-10-09,0,engineering,eng,greenhouse,Smart Property / Security Platform,Virginia,B,greenhouse:alarmcom:8392931002
Alarm.com,FP&A Analyst,"Tysons, Virginia",https://job-boards.greenhouse.io/alarmcom/jobs/8770745002,not checked (out of scope),0,2026-09-02,2026-10-09,0,,,greenhouse,Smart Property / Security Platform,Virginia,B,greenhouse:alarmcom:8770745002
Alarm.com,Facilities Associate,"Tysons, Virginia",https://job-boards.greenhouse.io/alarmcom/jobs/8750788002,not checked (out of scope),0,2026-09-08,2026-10-09,0,,,greenhouse,Smart Property / Security Platform,Virginia,B,greenhouse:alarmcom:8750788002
Alarm.com,Finance Transformation Manager,"Tysons, Virginia",https://job-boards.greenhouse.io/alarmcom/jobs/8853396002,not checked (out of scope),0,2026-10-01,2026-10-09,0,,,greenhouse,Smart Property / Security Platform,Virginia,B,greenhouse:alarmcom:8853396002
Alarm.com,Firmware Engineer/ C/C++ Developer (Embedded),"Warszawa, Masovian Voivodeship, Poland",https://job-boards.greenhouse.io/alarmcom/jobs/8722007002,live,200,2026-08-21,2026-10-09,0,engineering,eng,greenhouse,Smart Property / Security Platform,Virginia,B,greenhouse:alarmcom:8722007002
Alarm.com,Human Resources Business Partner,"Texas, United States",https://job-boards.greenhouse.io/alarmcom/jobs/8861547002,not checked (out of scope),0,2026-10-05,2026-10-09,0,,,greenhouse,Smart Property / Security Platform,Virginia,B,greenhouse:alarmcom:8861547002
Alarm.com,International Business Development Manager,Netherlands; REMOTE,https://job-boards.greenhouse.io/alarmcom/jobs/8599043002,live,200,2026-06-18,2026-10-09,0,sales,sales,greenhouse,Smart Property / Security Platform,Virginia,B,greenhouse:alarmcom:8599043002
Alarm.com,International Business Development Manager - UK,United Kingdom,https://job-boards.greenhouse.io/alarmcom/jobs/8606829002,live,200,2026-06-24,2026-10-09,0,sales,sales,greenhouse,Smart Property / Security Platform,Virginia,B,greenhouse:alarmcom:8606829002
Alarm.com,International Project Manager - EMEA,Spain,https://job-boards.greenhouse.io/alarmcom/jobs/8471613002,not checked (out of scope),0,2026-04-07,2026-10-09,0,,,greenhouse,Smart Property / Security Platform,Virginia,B,greenhouse:alarmcom:8471613002
Alarm.com,Lead Compensation Analyst,"Tysons, Virginia",https://job-boards.greenhouse.io/alarmcom/jobs/8746993002,not checked (out of scope),0,2026-10-05,2026-10-09,0,,,greenhouse,Smart Property / Security Platform,Virginia,B,greenhouse:alarmcom:8746993002
Alarm.com,Manager of Financial Reporting & Technical Accounting,"Tysons, Virginia",https://job-boards.greenhouse.io/alarmcom/jobs/8801083002,not checked (out of scope),0,2026-09-29,2026-10-09,0,,,greenhouse,Smart Property / Security Platform,Virginia,B,greenhouse:alarmcom:8801083002
Alarm.com,"Manager, Corporate Accounting","Tysons, Virginia",https://job-boards.greenhouse.io/alarmcom/jobs/8761347002,not checked (out of scope),0,2026-09-03,2026-10-09,0,,,greenhouse,Smart Property / Security Platform,Virginia,B,greenhouse:alarmcom:8761347002
Alarm.com,Manufacturing Quality Engineer,"Taoyuan, Taiwan",https://job-boards.greenhouse.io/alarmcom/jobs/8610060002,"listed in ATS, not rechecked",0,2026-07-10,2026-10-09,0,engineering,eng,greenhouse,Smart Property / Security Platform,Virginia,B,greenhouse:alarmcom:8610060002
Alarm.com,Marketing Program Manager,"Liberty Lake, Washington",https://job-boards.greenhouse.io/alarmcom/jobs/8715964002,"listed in ATS, not rechecked",0,2026-08-14,2026-10-09,0,gtm,,greenhouse,Smart Property / Security Platform,Virginia,B,greenhouse:alarmcom:8715964002
Alarm.com,Partner Success Executive,"Tysons, Virginia",https://job-boards.greenhouse.io/alarmcom/jobs/8796547002,live,200,2026-09-23,2026-10-09,0,gtm,,greenhouse,Smart Property / Security Platform,Virginia,B,greenhouse:alarmcom:8796547002
Alarm.com,Principal Network Security Engineer,"Tysons, Virginia",https://job-boards.greenhouse.io/alarmcom/jobs/8030878002,live,200,2025-07-14,2026-10-09,0,engineering,eng,greenhouse,Smart Property / Security Platform,Virginia,B,greenhouse:alarmcom:8030878002
Alarm.com,Principal Software Engineer,"Tysons, Virginia",https://job-boards.greenhouse.io/alarmcom/jobs/8868356002,live,200,2026-10-05,2026-10-09,0,engineering,eng,greenhouse,Smart Property / Security Platform,Virginia,B,greenhouse:alarmcom:8868356002
Alarm.com,Product Manager,"Tysons, Virginia",https://job-boards.greenhouse.io/alarmcom/jobs/8612482002,not checked (out of scope),0,2026-07-01,2026-10-09,0,,product,greenhouse,Smart Property / Security Platform,Virginia,B,greenhouse:alarmcom:8612482002
Alarm.com,Product Manager II (Technical),"Tysons, Virginia",https://job-boards.greenhouse.io/alarmcom/jobs/8842046002,not checked (out of scope),0,2026-09-23,2026-10-09,0,,product,greenhouse,Smart Property / Security Platform,Virginia,B,greenhouse:alarmcom:8842046002
Alarm.com,Product Manager- Access Technologies,"Tysons, Virginia",https://job-boards.greenhouse.io/alarmcom/jobs/8648918002,not checked (out of scope),0,2026-08-05,2026-10-09,0,,product,greenhouse,Smart Property / Security Platform,Virginia,B,greenhouse:alarmcom:8648918002
Alarm.com,Product Marketing Manager,"Tysons, Virginia",https://job-boards.greenhouse.io/alarmcom/jobs/8399305002,live,200,2026-02-09,2026-10-09,0,gtm,,greenhouse,Smart Property / Security Platform,Virginia,B,greenhouse:alarmcom:8399305002
Alarm.com,"Program Manager, Finance Systems","Tysons, Virginia",https://job-boards.greenhouse.io/alarmcom/jobs/8853394002,not checked (out of scope),0,2026-10-01,2026-10-09,0,,,greenhouse,Smart Property / Security Platform,Virginia,B,greenhouse:alarmcom:8853394002
Alarm.com,Quality Engineer I,"Tysons, Virginia",https://job-boards.greenhouse.io/alarmcom/jobs/8394361002,"listed in ATS, not rechecked",0,2026-02-11,2026-10-09,0,engineering,eng,greenhouse,Smart Property / Security Platform,Virginia,B,greenhouse:alarmcom:8394361002
Alarm.com,RMA Operations Lead,"Liberty Lake, Washington",https://job-boards.greenhouse.io/alarmcom/jobs/8856512002,not checked (out of scope),0,2026-09-29,2026-10-09,0,,ops,greenhouse,Smart Property / Security Platform,Virginia,B,greenhouse:alarmcom:8856512002
Alarm.com,Regional Sales Manager,REMOTE,https://job-boards.greenhouse.io/alarmcom/jobs/8713807002,live,200,2026-08-14,2026-10-09,0,sales,sales,greenhouse,Smart Property / Security Platform,Virginia,B,greenhouse:alarmcom:8713807002
Alarm.com,Revenue & Operations Associate,"Tysons, Virginia",https://job-boards.greenhouse.io/alarmcom/jobs/8606158002,"listed in ATS, not rechecked",0,2026-08-04,2026-10-09,0,sales,sales,greenhouse,Smart Property / Security Platform,Virginia,B,greenhouse:alarmcom:8606158002
Alarm.com,Revenue Operations Manager,"Tysons, Virginia",https://job-boards.greenhouse.io/alarmcom/jobs/8573813002,live,200,2026-06-08,2026-10-09,0,sales,sales,greenhouse,Smart Property / Security Platform,Virginia,B,greenhouse:alarmcom:8573813002
Alarm.com,Sales Engineer - Northeast,"Massachusetts, United States",https://job-boards.greenhouse.io/alarmcom/jobs/8646370002,live,200,2026-07-22,2026-10-09,0,sales,sales,greenhouse,Smart Property / Security Platform,Virginia,B,greenhouse:alarmcom:8646370002
Alarm.com,Senior Account Manager,REMOTE,https://job-boards.greenhouse.io/alarmcom/jobs/8842947002,live,200,2026-09-24,2026-10-09,0,gtm,customer,greenhouse,Smart Property / Security Platform,Virginia,B,greenhouse:alarmcom:8842947002
Alarm.com,Senior Accountant,"Tysons, Virginia",https://job-boards.greenhouse.io/alarmcom/jobs/8729655002,not checked (out of scope),0,2026-09-02,2026-10-09,0,,,greenhouse,Smart Property / Security Platform,Virginia,B,greenhouse:alarmcom:8729655002
Alarm.com,Senior Device Engineer,"San Diego, California",https://job-boards.greenhouse.io/alarmcom/jobs/8783306002,"listed in ATS, not rechecked",0,2026-09-03,2026-10-09,0,engineering,eng,greenhouse,Smart Property / Security Platform,Virginia,B,greenhouse:alarmcom:8783306002
Alarm.com,Senior Device Engineer (Gateway),"Taoyuan, Taiwan",https://job-boards.greenhouse.io/alarmcom/jobs/8341986002,"listed in ATS, not rechecked",0,2025-12-16,2026-10-09,0,engineering,eng,greenhouse,Smart Property / Security Platform,Virginia,B,greenhouse:alarmcom:8341986002
Alarm.com,Senior Device Engineer - Mechanical,"San Diego, California",https://job-boards.greenhouse.io/alarmcom/jobs/8610061002,"listed in ATS, not rechecked",0,2026-07-01,2026-10-09,0,engineering,eng,greenhouse,Smart Property / Security Platform,Virginia,B,greenhouse:alarmcom:8610061002
Alarm.com,Senior Electrical Engineer,"Taoyuan, Taiwan",https://job-boards.greenhouse.io/alarmcom/jobs/8659598002,live,200,2026-10-07,2026-10-09,0,engineering,eng,greenhouse,Smart Property / Security Platform,Virginia,B,greenhouse:alarmcom:8659598002
Alarm.com,"Senior Manager, Accounting","Tysons, Virginia",https://job-boards.greenhouse.io/alarmcom/jobs/8750789002,not checked (out of scope),0,2026-08-28,2026-10-09,0,,,greenhouse,Smart Property / Security Platform,Virginia,B,greenhouse:alarmcom:8750789002
Alarm.com,Senior Mechanical Engineer,"Taoyuan, Taiwan",https://job-boards.greenhouse.io/alarmcom/jobs/8722273002,"listed in ATS, not rechecked",0,2026-08-19,2026-10-09,0,engineering,eng,greenhouse,Smart Property / Security Platform,Virginia,B,greenhouse:alarmcom:8722273002
Alarm.com,Senior Multimedia Firmware Engineer,"Taoyuan, Taiwan",https://job-boards.greenhouse.io/alarmcom/jobs/8516481002,live,200,2026-05-04,2026-10-09,0,engineering,eng,greenhouse,Smart Property / Security Platform,Virginia,B,greenhouse:alarmcom:8516481002
Alarm.com,Senior Partner Growth Manager,REMOTE,https://job-boards.greenhouse.io/alarmcom/jobs/8660676002,"listed in ATS, not rechecked",0,2026-08-06,2026-10-09,0,gtm,,greenhouse,Smart Property / Security Platform,Virginia,B,greenhouse:alarmcom:8660676002
Alarm.com,Senior Product Manager,"Redwood City, California; San Diego, California",https://job-boards.greenhouse.io/alarmcom/jobs/8863303002,not checked (out of scope),0,2026-10-02,2026-10-09,0,,product,greenhouse,Smart Property / Security Platform,Virginia,B,greenhouse:alarmcom:8863303002
Alarm.com,Senior Product Manager,"Tysons, Virginia",https://job-boards.greenhouse.io/alarmcom/jobs/8601611002,not checked (out of scope),0,2026-06-19,2026-10-09,0,,product,greenhouse,Smart Property / Security Platform,Virginia,B,greenhouse:alarmcom:8601611002
Alarm.com,Senior Regulatory Engineer,"Tysons, Virginia",https://job-boards.greenhouse.io/alarmcom/jobs/8807341002,live,200,2026-09-23,2026-10-09,0,engineering,eng,greenhouse,Smart Property / Security Platform,Virginia,B,greenhouse:alarmcom:8807341002
Alarm.com,Senior Software Engineer,"Kraków, Lesser Poland Voivodeship, Poland",https://job-boards.greenhouse.io/alarmcom/jobs/8659906002,live,200,2026-07-31,2026-10-09,0,engineering,eng,greenhouse,Smart Property / Security Platform,Virginia,B,greenhouse:alarmcom:8659906002
Alarm.com,Senior Software Engineer,"Needham, Massachusetts",https://job-boards.greenhouse.io/alarmcom/jobs/8815202002,live,200,2026-09-16,2026-10-09,0,engineering,eng,greenhouse,Smart Property / Security Platform,Virginia,B,greenhouse:alarmcom:8815202002
Alarm.com,Senior Software Engineer,"Tysons, Virginia",https://job-boards.greenhouse.io/alarmcom/jobs/8771191002,live,200,2026-09-01,2026-10-09,0,engineering,eng,greenhouse,Smart Property / Security Platform,Virginia,B,greenhouse:alarmcom:8771191002
Alarm.com,Senior Software Engineer (.NET),"Kraków, Lesser Poland Voivodeship, Poland",https://job-boards.greenhouse.io/alarmcom/jobs/8649101002,"listed in ATS, not rechecked",0,2026-07-29,2026-10-09,0,engineering,eng,greenhouse,Smart Property / Security Platform,Virginia,B,greenhouse:alarmcom:8649101002
Alarm.com,Senior Software Engineer (Full-stack Web),"Kraków, Lesser Poland Voivodeship, Poland",https://job-boards.greenhouse.io/alarmcom/jobs/8635117002,"listed in ATS, not rechecked",0,2026-07-21,2026-10-09,0,engineering,eng,greenhouse,Smart Property / Security Platform,Virginia,B,greenhouse:alarmcom:8635117002
Alarm.com,Senior Software QA Specialist,"Liberty Lake, Washington",https://job-boards.greenhouse.io/alarmcom/jobs/8612737002,not checked (out of scope),0,2026-06-29,2026-10-09,0,,,greenhouse,Smart Property / Security Platform,Virginia,B,greenhouse:alarmcom:8612737002
Alarm.com,Senior Staff Software Engineer,"Tysons, Virginia",https://job-boards.greenhouse.io/alarmcom/jobs/8801891002,"listed in ATS, not rechecked",0,2026-09-11,2026-10-09,0,engineering,eng,greenhouse,Smart Property / Security Platform,Virginia,B,greenhouse:alarmcom:8801891002
Alarm.com,Senior Systems Engineer - Finance,"Tysons, Virginia",https://job-boards.greenhouse.io/alarmcom/jobs/8675596002,live,200,2026-08-10,2026-10-09,0,engineering,eng,greenhouse,Smart Property / Security Platform,Virginia,B,greenhouse:alarmcom:8675596002
Alarm.com,Software Engineer I - (streaming technologies),"Kraków, Lesser Poland Voivodeship, Poland",https://job-boards.greenhouse.io/alarmcom/jobs/8822832002,live,200,2026-10-03,2026-10-09,0,engineering,eng,greenhouse,Smart Property / Security Platform,Virginia,B,greenhouse:alarmcom:8822832002
Alarm.com,Software Engineer II,"Kraków, Lesser Poland Voivodeship, Poland",https://job-boards.greenhouse.io/alarmcom/jobs/8822833002,"listed in ATS, not rechecked",0,2026-10-06,2026-10-09,0,engineering,eng,greenhouse,Smart Property / Security Platform,Virginia,B,greenhouse:alarmcom:8822833002
Alarm.com,Software Engineer II,"Kraków, Lesser Poland Voivodeship, Poland",https://job-boards.greenhouse.io/alarmcom/jobs/8659801002,"listed in ATS, not rechecked",0,2026-07-31,2026-10-09,0,engineering,eng,greenhouse,Smart Property / Security Platform,Virginia,B,greenhouse:alarmcom:8659801002
Alarm.com,Software Engineer II,"Tysons, Virginia",https://job-boards.greenhouse.io/alarmcom/jobs/8610334002,live,200,2026-07-06,2026-10-09,0,engineering,eng,greenhouse,Smart Property / Security Platform,Virginia,B,greenhouse:alarmcom:8610334002
Alarm.com,Software Engineer II (.NET),"Kraków, Lesser Poland Voivodeship, Poland",https://job-boards.greenhouse.io/alarmcom/jobs/8649149002,"listed in ATS, not rechecked",0,2026-07-29,2026-10-09,0,engineering,eng,greenhouse,Smart Property / Security Platform,Virginia,B,greenhouse:alarmcom:8649149002
Alarm.com,Software Engineer II (Full-stack Web),"Kraków, Lesser Poland Voivodeship, Poland",https://job-boards.greenhouse.io/alarmcom/jobs/8635118002,live,200,2026-07-21,2026-10-09,0,engineering,eng,greenhouse,Smart Property / Security Platform,Virginia,B,greenhouse:alarmcom:8635118002
Alarm.com,Software Engineer II - C#,"Kraków, Lesser Poland Voivodeship, Poland",https://job-boards.greenhouse.io/alarmcom/jobs/8638328002,live,200,2026-07-28,2026-10-09,0,engineering,eng,greenhouse,Smart Property / Security Platform,Virginia,B,greenhouse:alarmcom:8638328002
Alarm.com,Software Engineer II - IOS,"Kraków, Lesser Poland Voivodeship, Poland",https://job-boards.greenhouse.io/alarmcom/jobs/8646277002,"listed in ATS, not rechecked",0,2026-07-28,2026-10-09,0,engineering,eng,greenhouse,Smart Property / Security Platform,Virginia,B,greenhouse:alarmcom:8646277002
Alarm.com,Software Engineering Manager,"Greenville, South Carolina",https://job-boards.greenhouse.io/alarmcom/jobs/8413577002,live,200,2026-03-09,2026-10-09,0,engineering,eng,greenhouse,Smart Property / Security Platform,Virginia,B,greenhouse:alarmcom:8413577002
Alarm.com,Software Engineering Manager,"Kraków, Lesser Poland Voivodeship, Poland",https://job-boards.greenhouse.io/alarmcom/jobs/8659905002,"listed in ATS, not rechecked",0,2026-07-31,2026-10-09,0,engineering,eng,greenhouse,Smart Property / Security Platform,Virginia,B,greenhouse:alarmcom:8659905002
Alarm.com,Staff Security Engineer,"Tysons, Virginia",https://job-boards.greenhouse.io/alarmcom/jobs/8564941002,"listed in ATS, not rechecked",0,2026-08-19,2026-10-09,0,engineering,eng,greenhouse,Smart Property / Security Platform,Virginia,B,greenhouse:alarmcom:8564941002
Alarm.com,Staff Software Engineer,"Needham, Massachusetts",https://job-boards.greenhouse.io/alarmcom/jobs/8843222002,live,200,2026-09-24,2026-10-09,0,engineering,eng,greenhouse,Smart Property / Security Platform,Virginia,B,greenhouse:alarmcom:8843222002
Alarm.com,Staff Software Engineer,"Tysons, Virginia",https://job-boards.greenhouse.io/alarmcom/jobs/8801870002,"listed in ATS, not rechecked",0,2026-09-11,2026-10-09,0,engineering,eng,greenhouse,Smart Property / Security Platform,Virginia,B,greenhouse:alarmcom:8801870002
Alarm.com,Staff Software Engineer,"Tysons, Virginia",https://job-boards.greenhouse.io/alarmcom/jobs/8758164002,live,200,2026-08-27,2026-10-09,0,engineering,eng,greenhouse,Smart Property / Security Platform,Virginia,B,greenhouse:alarmcom:8758164002
Alarm.com,Staff Software Engineer,"Boston, Massachusetts",https://job-boards.greenhouse.io/alarmcom/jobs/8858254002,"listed in ATS, not rechecked",0,2026-09-30,2026-10-09,0,engineering,eng,greenhouse,Smart Property / Security Platform,Virginia,B,greenhouse:alarmcom:8858254002
Alarm.com,Staff Software Engineer - Embedded,"Ottawa, Ontario, Canada",https://job-boards.greenhouse.io/alarmcom/jobs/8453763002,"listed in ATS, not rechecked",0,2026-08-27,2026-10-09,0,engineering,eng,greenhouse,Smart Property / Security Platform,Virginia,B,greenhouse:alarmcom:8453763002
Alarm.com,Staff Software Engineer - Embedded,"Tysons, Virginia",https://job-boards.greenhouse.io/alarmcom/jobs/8234065002,live,200,2025-12-12,2026-10-09,0,engineering,eng,greenhouse,Smart Property / Security Platform,Virginia,B,greenhouse:alarmcom:8234065002
Alarm.com,Staff Software Engineer - SRE,"Kraków, Lesser Poland Voivodeship, Poland",https://job-boards.greenhouse.io/alarmcom/jobs/8638329002,live,200,2026-07-23,2026-10-09,0,engineering,eng,greenhouse,Smart Property / Security Platform,Virginia,B,greenhouse:alarmcom:8638329002
Alarm.com,Technical Support Associate,"Bogotá, Bogotá, Colombia",https://job-boards.greenhouse.io/alarmcom/jobs/8786018002,not checked (out of scope),0,2026-09-09,2026-10-09,0,,customer,greenhouse,Smart Property / Security Platform,Virginia,B,greenhouse:alarmcom:8786018002
Alarm.com,Technical Support Representative,"Liberty Lake, Washington",https://job-boards.greenhouse.io/alarmcom/jobs/8875426002,not checked (out of scope),0,2026-10-07,2026-10-09,0,,customer,greenhouse,Smart Property / Security Platform,Virginia,B,greenhouse:alarmcom:8875426002
Alarm.com,Total Rewards Partner,"Tysons, Virginia",https://job-boards.greenhouse.io/alarmcom/jobs/8612085002,not checked (out of scope),0,2026-06-29,2026-10-09,0,,,greenhouse,Smart Property / Security Platform,Virginia,B,greenhouse:alarmcom:8612085002
Alarm.com,Western Regional Sales Director,REMOTE,https://job-boards.greenhouse.io/alarmcom/jobs/8706293002,live,200,2026-08-14,2026-10-09,0,sales,sales,greenhouse,Smart Property / Security Platform,Virginia,B,greenhouse:alarmcom:8706293002
Auction.com,AI Application Engineer,"Irvine, CA, USA",https://jobs.dayforcehcm.com/en-US/auction/CANDIDATEPORTAL/jobs/9050,live,200,2026-09-13,2026-10-09,0,engineering,eng,dayforce,Real Estate Auction Platform,California,B,dayforce:auction:9050
Auction.com,"Associate Auction Coordinator - Beckley, WV (Part Time Opportunity)","Beckley, WV 25801, USA",https://jobs.dayforcehcm.com/en-US/auction/CANDIDATEPORTAL/jobs/8776,not checked (out of scope),0,2026-08-10,2026-10-09,0,,,dayforce,Real Estate Auction Platform,California,B,dayforce:auction:8776
Auction.com,"Associate Auction Coordinator - Brunswick, GA (Part Time Opportunity)","St Simons Island, GA 31522, USA",https://jobs.dayforcehcm.com/en-US/auction/CANDIDATEPORTAL/jobs/9144,not checked (out of scope),0,2026-10-07,2026-10-09,0,,,dayforce,Real Estate Auction Platform,California,B,dayforce:auction:9144
Auction.com,"Associate Auction Coordinator - Columbia, MO - Part Time Opportunity","Rocheport, MO 65279, USA",https://jobs.dayforcehcm.com/en-US/auction/CANDIDATEPORTAL/jobs/9084,not checked (out of scope),0,2026-09-17,2026-10-09,0,,,dayforce,Real Estate Auction Platform,California,B,dayforce:auction:9084
Auction.com,"Associate Auction Coordinator - Douglasville, GA - Part Time Opportunity","Douglasville, GA, USA",https://jobs.dayforcehcm.com/en-US/auction/CANDIDATEPORTAL/jobs/9072,not checked (out of scope),0,2026-09-14,2026-10-09,0,,,dayforce,Real Estate Auction Platform,California,B,dayforce:auction:9072
Auction.com,"Associate Auction Coordinator - El Paso, TX (Part-Time Opportunity)","El Paso, TX, USA",https://jobs.dayforcehcm.com/en-US/auction/CANDIDATEPORTAL/jobs/9136,not checked (out of scope),0,2026-10-05,2026-10-09,0,,,dayforce,Real Estate Auction Platform,California,B,dayforce:auction:9136
Auction.com,"Associate Auction Coordinator - Fredericksburg, VA (Part Time Opportunity)","Fredericksburg, VA 22401, USA",https://jobs.dayforcehcm.com/en-US/auction/CANDIDATEPORTAL/jobs/9132,not checked (out of scope),0,2026-09-30,2026-10-09,0,,,dayforce,Real Estate Auction Platform,California,B,dayforce:auction:9132
Auction.com,"Associate Auction Coordinator - Jonesboro, GA - Part Time Opportunity","Jonesboro, GA, USA",https://jobs.dayforcehcm.com/en-US/auction/CANDIDATEPORTAL/jobs/9068,not checked (out of scope),0,2026-09-14,2026-10-09,0,,,dayforce,Real Estate Auction Platform,California,B,dayforce:auction:9068
Auction.com,"Associate Auction Coordinator - Kansas City, MO - Part Time Opportunity","Kansas City, MO, USA",https://jobs.dayforcehcm.com/en-US/auction/CANDIDATEPORTAL/jobs/8960,not checked (out of scope),0,2026-08-27,2026-10-09,0,,,dayforce,Real Estate Auction Platform,California,B,dayforce:auction:8960
Auction.com,"Associate Auction Coordinator - Lubbock, TX (Part Time Opportunity)","Post, TX 79356, USA",https://jobs.dayforcehcm.com/en-US/auction/CANDIDATEPORTAL/jobs/8887,not checked (out of scope),0,2026-08-19,2026-10-09,0,,,dayforce,Real Estate Auction Platform,California,B,dayforce:auction:8887
Auction.com,Associate Auction Coordinator - Roanoke VA (Part Time Opportunity,"Roanoke, VA, USA",https://jobs.dayforcehcm.com/en-US/auction/CANDIDATEPORTAL/jobs/8984,not checked (out of scope),0,2026-08-31,2026-10-09,0,,,dayforce,Real Estate Auction Platform,California,B,dayforce:auction:8984
Auction.com,"Associate Auction Coordinator - Springfield, MO - Part Time Opportunity","Springfield, MO, USA",https://jobs.dayforcehcm.com/en-US/auction/CANDIDATEPORTAL/jobs/8968,not checked (out of scope),0,2026-08-27,2026-10-09,0,,,dayforce,Real Estate Auction Platform,California,B,dayforce:auction:8968
Auction.com,"Associate Auction Coordinator - Williamsburg, VA (Part Time Opportunity)","Hampton, VA, USA",https://jobs.dayforcehcm.com/en-US/auction/CANDIDATEPORTAL/jobs/9128,not checked (out of scope),0,2026-09-30,2026-10-09,0,,,dayforce,Real Estate Auction Platform,California,B,dayforce:auction:9128
Auction.com,"Auction Coordinator I - Everett, WA (Part Time Opportunity)","Everett, WA, USA",https://jobs.dayforcehcm.com/en-US/auction/CANDIDATEPORTAL/jobs/9116,not checked (out of scope),0,2026-09-25,2026-10-09,0,,,dayforce,Real Estate Auction Platform,California,B,dayforce:auction:9116
Auction.com,"Auction Coordinator I - Nashville, TN - Part Time Opportunity","Nashville, TN, USA",https://jobs.dayforcehcm.com/en-US/auction/CANDIDATEPORTAL/jobs/9064,not checked (out of scope),0,2026-09-14,2026-10-09,0,,,dayforce,Real Estate Auction Platform,California,B,dayforce:auction:9064
Auction.com,"Auction Coordinator I - Wake County/Raleigh, NC - PART TIME OPPORTUNITY","Morrisville, NC, USA",https://jobs.dayforcehcm.com/en-US/auction/CANDIDATEPORTAL/jobs/9140,not checked (out of scope),0,2026-10-05,2026-10-09,0,,,dayforce,Real Estate Auction Platform,California,B,dayforce:auction:9140
Auction.com,"Auction Coordinator II - Napa, CA (PART TIME OPPORTUNITY),","St Helena, CA, USA",https://jobs.dayforcehcm.com/en-US/auction/CANDIDATEPORTAL/jobs/7261,not checked (out of scope),0,2025-10-16,2026-10-09,0,,,dayforce,Real Estate Auction Platform,California,B,dayforce:auction:7261
Auction.com,"Buyer Experience Specialist - Plano, TX","Plano, TX, USA",https://jobs.dayforcehcm.com/en-US/auction/CANDIDATEPORTAL/jobs/9124,not checked (out of scope),0,2026-09-29,2026-10-09,0,,,dayforce,Real Estate Auction Platform,California,B,dayforce:auction:9124
Auction.com,Contract Technical Recruiter II,"Irvine, CA, USA",https://jobs.dayforcehcm.com/en-US/auction/CANDIDATEPORTAL/jobs/8944,not checked (out of scope),0,2026-08-24,2026-10-09,0,,,dayforce,Real Estate Auction Platform,California,B,dayforce:auction:8944
Auction.com,"Director, Lifecycle Marketing","Irvine, CA, USA",https://jobs.dayforcehcm.com/en-US/auction/CANDIDATEPORTAL/jobs/8685,live,200,2026-07-28,2026-10-09,0,gtm,leadership,dayforce,Real Estate Auction Platform,California,B,dayforce:auction:8685
Auction.com,"Facilities - Manager Facilities (Irvine, CA)","Irvine, CA, USA",https://jobs.dayforcehcm.com/en-US/auction/CANDIDATEPORTAL/jobs/9104,not checked (out of scope),0,2026-09-24,2026-10-09,0,,,dayforce,Real Estate Auction Platform,California,B,dayforce:auction:9104
Auction.com,Job Fair,"Irvine, CA, USA",https://jobs.dayforcehcm.com/en-US/auction/CANDIDATEPORTAL/jobs/8861,not checked (out of scope),0,2026-08-18,2026-10-09,0,,,dayforce,Real Estate Auction Platform,California,B,dayforce:auction:8861
Auction.com,"Portfolio Asset Manager - Irvine, CA","Irvine, CA, USA",https://jobs.dayforcehcm.com/en-US/auction/CANDIDATEPORTAL/jobs/9080,not checked (out of scope),0,2026-09-14,2026-10-09,0,,ops,dayforce,Real Estate Auction Platform,California,B,dayforce:auction:9080
Auction.com,"Portfolio Asset Manager - Plano, TX","Plano, TX, USA",https://jobs.dayforcehcm.com/en-US/auction/CANDIDATEPORTAL/jobs/9076,not checked (out of scope),0,2026-09-14,2026-10-09,0,,ops,dayforce,Real Estate Auction Platform,California,B,dayforce:auction:9076
Auction.com,Senior Product Manager,"Irvine, CA, USA",https://jobs.dayforcehcm.com/en-US/auction/CANDIDATEPORTAL/jobs/8222,not checked (out of scope),0,2026-04-21,2026-10-09,0,,product,dayforce,Real Estate Auction Platform,California,B,dayforce:auction:8222
Auction.com,Software Engineer,"Irvine, CA, USA",https://jobs.dayforcehcm.com/en-US/auction/CANDIDATEPORTAL/jobs/9096,live,200,2026-09-18,2026-10-09,0,engineering,eng,dayforce,Real Estate Auction Platform,California,B,dayforce:auction:9096
Auction.com,Sr. Product Manager,"Irvine, CA, USA",https://jobs.dayforcehcm.com/en-US/auction/CANDIDATEPORTAL/jobs/9026,not checked (out of scope),0,2026-09-08,2026-10-09,0,,product,dayforce,Real Estate Auction Platform,California,B,dayforce:auction:9026
Auction.com,Sr. Product Manager,"Irvine, CA, USA",https://jobs.dayforcehcm.com/en-US/auction/CANDIDATEPORTAL/jobs/8850,not checked (out of scope),0,2026-08-14,2026-10-09,0,,product,dayforce,Real Estate Auction Platform,California,B,dayforce:auction:8850
Auction.com,Sr. Program Manager,"Irvine, CA, USA",https://jobs.dayforcehcm.com/en-US/auction/CANDIDATEPORTAL/jobs/9015,not checked (out of scope),0,2026-09-02,2026-10-09,0,,,dayforce,Real Estate Auction Platform,California,B,dayforce:auction:9015
Auction.com,Sr. Software Engineer,"Irvine, CA, USA",https://jobs.dayforcehcm.com/en-US/auction/CANDIDATEPORTAL/jobs/9092,live,200,2026-09-18,2026-10-09,0,engineering,eng,dayforce,Real Estate Auction Platform,California,B,dayforce:auction:9092
Auction.com,"Supervisor, Buyer Experience - Plano, TX","Plano, TX, USA",https://jobs.dayforcehcm.com/en-US/auction/CANDIDATEPORTAL/jobs/9120,not checked (out of scope),0,2026-09-29,2026-10-09,0,,,dayforce,Real Estate Auction Platform,California,B,dayforce:auction:9120
Auction.com,Transaction Coordinator I,"Irvine, CA, USA",https://jobs.dayforcehcm.com/en-US/auction/CANDIDATEPORTAL/jobs/8911,not checked (out of scope),0,2026-08-21,2026-10-09,0,,,dayforce,Real Estate Auction Platform,California,B,dayforce:auction:8911
Auction.com,Transaction Coordinator I,"Irvine, CA, USA",https://jobs.dayforcehcm.com/en-US/auction/CANDIDATEPORTAL/jobs/8907,not checked (out of scope),0,2026-08-21,2026-10-09,0,,,dayforce,Real Estate Auction Platform,California,B,dayforce:auction:8907
Auction.com,"Transaction Operations Manager (Irvine, CA)","Irvine, CA, USA",https://jobs.dayforcehcm.com/en-US/auction/CANDIDATEPORTAL/jobs/9005,not checked (out of scope),0,2026-09-01,2026-10-09,0,,ops,dayforce,Real Estate Auction Platform,California,B,dayforce:auction:9005
Auction.com,Transaction Specialist I,"Irvine, CA, USA",https://jobs.dayforcehcm.com/en-US/auction/CANDIDATEPORTAL/jobs/9100,not checked (out of scope),0,2026-09-22,2026-10-09,0,,,dayforce,Real Estate Auction Platform,California,B,dayforce:auction:9100
Auction.com,"VP, Data Intake Operations","Irvine, CA, USA",https://jobs.dayforcehcm.com/en-US/auction/CANDIDATEPORTAL/jobs/8842,live,200,2026-08-14,2026-10-09,0,executive,ops,dayforce,Real Estate Auction Platform,California,B,dayforce:auction:8842
Auction.com,"VP, Strategic Partnerships & Business Development","Plano, TX, USA",https://jobs.dayforcehcm.com/en-US/auction/CANDIDATEPORTAL/jobs/8444,live,200,2026-06-03,2026-10-09,0,executive,sales,dayforce,Real Estate Auction Platform,California,B,dayforce:auction:8444
Blend Labs,Client Sales Executive - Named Accounts,United States,https://job-boards.greenhouse.io/blend/jobs/6177609004,live,200,2026-09-08,2026-09-24,15,sales,sales,greenhouse,Mortgage/Lending Software,California,B,greenhouse:blend:6177609004
Blend Labs,"Consultant, Professional Services",United States,https://job-boards.greenhouse.io/blend/jobs/6207985004,not checked (out of scope),0,2026-09-25,2026-09-28,11,,,greenhouse,Mortgage/Lending Software,California,B,greenhouse:blend:6207985004
Blend Labs,Financial Reporting & Technical Accounting Lead,United States,https://job-boards.greenhouse.io/blend/jobs/6148697004,not checked (out of scope),0,2026-08-21,2026-09-24,15,,,greenhouse,Mortgage/Lending Software,California,B,greenhouse:blend:6148697004
Blend Labs,Head of Product - Autopilot,United States,https://job-boards.greenhouse.io/blend/jobs/6186352004,live,200,2026-09-15,2026-09-24,15,executive,product,greenhouse,Mortgage/Lending Software,California,B,greenhouse:blend:6186352004
Blend Labs,Product Architect,United States,https://job-boards.greenhouse.io/blend/jobs/6208751004,live,200,2026-09-29,2026-09-30,9,engineering,eng,greenhouse,Mortgage/Lending Software,California,B,greenhouse:blend:6208751004
Blend Labs,Sales Executive - New Logo (Named Accounts),United States,https://job-boards.greenhouse.io/blend/jobs/6141507004,live,200,2026-08-17,2026-09-24,15,sales,sales,greenhouse,Mortgage/Lending Software,California,B,greenhouse:blend:6141507004
Blend Labs,Security Engineering Manager,United States,https://job-boards.greenhouse.io/blend/jobs/6132178004,live,200,2026-07-31,2026-09-24,15,engineering,eng,greenhouse,Mortgage/Lending Software,California,B,greenhouse:blend:6132178004
Blend Labs,"Senior Manager, Technical Accounting",United States,https://job-boards.greenhouse.io/blend/jobs/6219753004,not checked (out of scope),0,2026-10-08,2026-10-09,0,,,greenhouse,Mortgage/Lending Software,California,B,greenhouse:blend:6219753004
Blend Labs,Software Engineer,United States,https://job-boards.greenhouse.io/blend/jobs/6203084004,live,200,2026-09-21,2026-09-24,15,engineering,eng,greenhouse,Mortgage/Lending Software,California,B,greenhouse:blend:6203084004
Blend Labs,Software Engineer - AI Native (Full Stack),"Raleigh, NC",https://job-boards.greenhouse.io/blend/jobs/6141420004,live,200,2026-08-11,2026-09-24,15,engineering,eng,greenhouse,Mortgage/Lending Software,California,B,greenhouse:blend:6141420004
Blend Labs,Software Engineer - Infrastructure,United States,https://job-boards.greenhouse.io/blend/jobs/6123761004,live,200,2026-07-23,2026-09-24,15,engineering,eng,greenhouse,Mortgage/Lending Software,California,B,greenhouse:blend:6123761004
Blend Labs,Software Engineer - Platform Foundation,United States,https://job-boards.greenhouse.io/blend/jobs/6190338004,live,200,2026-09-11,2026-09-24,15,engineering,eng,greenhouse,Mortgage/Lending Software,California,B,greenhouse:blend:6190338004
Blend Labs,Strategic Customer Success Manager,United States,https://job-boards.greenhouse.io/blend/jobs/6207994004,live,200,2026-09-25,2026-09-28,11,gtm,customer,greenhouse,Mortgage/Lending Software,California,B,greenhouse:blend:6207994004
Bowery Valuation,"Associate, Valuation","New York, NY",https://ats.rippling.com/bowery-valuation/jobs/92740487-badc-4922-a7a7-0349383f0f22,not checked (out of scope),0,,2026-09-24,15,,,rippling,AI-Powered Appraisal Software,New York,B,rippling:bowery-valuation:92740487-badc-4922-a7a7-0349383f0f22
Bowery Valuation,Experienced CRE Appraisers (nationwide),Remote,https://ats.rippling.com/bowery-valuation/jobs/b4fd4c5e-ff09-4c18-9f7b-8b4df29c09b2,not checked (out of scope),0,,2026-09-24,15,,,rippling,AI-Powered Appraisal Software,New York,B,rippling:bowery-valuation:b4fd4c5e-ff09-4c18-9f7b-8b4df29c09b2
Bright MLS,Corporate Events Manager,"North Bethesda, MD",https://workforcenow.adp.com/mascsr/default/mdf/recruitment/recruitment.html?cid=c8cd8c14-72bd-4bb3-8c99-f7fb2a14a693&ccId=19000101_000001&jobId=9205183949778_1&lang=en_US,not checked (out of scope),0,2026-09-24,2026-10-09,0,,,adp,Real Estate MLS / Listings Data,Maryland,B,adp:c8cd8c14-72bd-4bb3-8c99-f7fb2a14a693:9205183949778_1
Bright MLS,Customer Support Rep (Part-Time Weekends),"North Bethesda, MD",https://workforcenow.adp.com/mascsr/default/mdf/recruitment/recruitment.html?cid=c8cd8c14-72bd-4bb3-8c99-f7fb2a14a693&ccId=19000101_000001&jobId=9205228389158_1&lang=en_US,not checked (out of scope),0,2026-10-05,2026-10-09,0,,customer,adp,Real Estate MLS / Listings Data,Maryland,B,adp:c8cd8c14-72bd-4bb3-8c99-f7fb2a14a693:9205228389158_1
Bright MLS,Customer Support Representative,"North Bethesda, MD",https://workforcenow.adp.com/mascsr/default/mdf/recruitment/recruitment.html?cid=c8cd8c14-72bd-4bb3-8c99-f7fb2a14a693&ccId=19000101_000001&jobId=9205202218315_1&lang=en_US,not checked (out of scope),0,2026-08-11,2026-10-09,0,,customer,adp,Real Estate MLS / Listings Data,Maryland,B,adp:c8cd8c14-72bd-4bb3-8c99-f7fb2a14a693:9205202218315_1
Bright MLS,Predictive & Agentic AI Engineer,US,https://workforcenow.adp.com/mascsr/default/mdf/recruitment/recruitment.html?cid=c8cd8c14-72bd-4bb3-8c99-f7fb2a14a693&ccId=19000101_000001&jobId=9205215055509_1&lang=en_US,live,200,2026-09-24,2026-10-09,0,engineering,eng,adp,Real Estate MLS / Listings Data,Maryland,B,adp:c8cd8c14-72bd-4bb3-8c99-f7fb2a14a693:9205215055509_1
Bright MLS,Sr. Mobile Developer,US,https://workforcenow.adp.com/mascsr/default/mdf/recruitment/recruitment.html?cid=c8cd8c14-72bd-4bb3-8c99-f7fb2a14a693&ccId=19000101_000001&jobId=9205215040711_1&lang=en_US,live,200,2026-09-24,2026-10-09,0,engineering,eng,adp,Real Estate MLS / Listings Data,Maryland,B,adp:c8cd8c14-72bd-4bb3-8c99-f7fb2a14a693:9205215040711_1
CertifID,"Senior Data Engineer, Tech Lead","Austin, TX",https://jobs.ashbyhq.com/certifid/a375be83-7a61-4f75-b146-9a84f6bf8e06,live,200,2026-08-03,2026-10-09,0,engineering,eng,ashby,Wire Fraud Prevention / Identity Verification,Texas,B,ashby:certifid:a375be83-7a61-4f75-b146-9a84f6bf8e06
Chamberlain Group,AI Engineering Manager,"Oak Brook, IL",https://chamberlain.wd1.myworkdayjobs.com/Chamberlain_Group/job/Oak-Brook-IL/AI-Engineering-Manager_JR30977,live,200,,2026-09-24,15,engineering,eng,workday,Smart Access (myQ/LiftMaster),Illinois,B,workday:chamberlain:/job/Oak-Brook-IL/AI-Engineering-Manager_JR30977
Chamberlain Group,"Analyst I, Associate Program Manager - Sales Support","Oak Brook, IL",https://chamberlain.wd1.myworkdayjobs.com/Chamberlain_Group/job/Oak-Brook-IL/Analyst-I--Associate-Program-Manager---Sales-Support_JR30758,live,200,,2026-09-24,15,sales,sales,workday,Smart Access (myQ/LiftMaster),Illinois,B,workday:chamberlain:/job/Oak-Brook-IL/Analyst-I--Associate-Program-Manager---Sales-Support_JR30758
Chamberlain Group,Builder Channel Lead – Single-Family,Remote - Arizona,https://chamberlain.wd1.myworkdayjobs.com/Chamberlain_Group/job/Remote---Arizona/Builder-Channel-Lead---Single-Family_JR30933-1,not checked (out of scope),0,,2026-09-24,15,,,workday,Smart Access (myQ/LiftMaster),Illinois,B,workday:chamberlain:/job/Remote---Arizona/Builder-Channel-Lead---Single-Family_JR30933-1
Chamberlain Group,Candidate Engagement Pool,"Oak Brook, IL",https://chamberlain.wd1.myworkdayjobs.com/Chamberlain_Group/job/Oak-Brook-IL/Candidate-Engagement-Pool_JR30435,not checked (out of scope),0,,2026-09-24,15,,,workday,Smart Access (myQ/LiftMaster),Illinois,B,workday:chamberlain:/job/Oak-Brook-IL/Candidate-Engagement-Pool_JR30435
Chamberlain Group,Customer Care myQ Community - Coordinator,"Oak Brook, IL",https://chamberlain.wd1.myworkdayjobs.com/Chamberlain_Group/job/Oak-Brook-IL/Customer-Care-myQ-Community---Coordinator_JR31416,not checked (out of scope),0,,2026-09-24,15,,,workday,Smart Access (myQ/LiftMaster),Illinois,B,workday:chamberlain:/job/Oak-Brook-IL/Customer-Care-myQ-Community---Coordinator_JR31416
Chamberlain Group,Demand Planning Sr. Analyst,"Oak Brook, IL",https://chamberlain.wd1.myworkdayjobs.com/Chamberlain_Group/job/Oak-Brook-IL/Demand-Planning-Sr-Analyst_JR31740,not checked (out of scope),0,,2026-10-09,0,,,workday,Smart Access (myQ/LiftMaster),Illinois,B,workday:chamberlain:/job/Oak-Brook-IL/Demand-Planning-Sr-Analyst_JR31740
Chamberlain Group,"Director, Product Management - Connectivity-Led Experiences (Hybrid - Oak Brook, IL)","Oak Brook, IL",https://chamberlain.wd1.myworkdayjobs.com/Chamberlain_Group/job/Oak-Brook-IL/Director--Product-Management---Connectivity-Led-Experiences_JR31112,not checked (out of scope),0,,2026-09-24,15,,leadership,workday,Smart Access (myQ/LiftMaster),Illinois,B,workday:chamberlain:/job/Oak-Brook-IL/Director--Product-Management---Connectivity-Led-Experiences_JR31112
Chamberlain Group,District Sales Manager,"Germantown, WI",https://chamberlain.wd1.myworkdayjobs.com/Chamberlain_Group/job/Germantown-WI/District-Sales-Manager_JR31694,live,200,,2026-10-09,0,sales,sales,workday,Smart Access (myQ/LiftMaster),Illinois,B,workday:chamberlain:/job/Germantown-WI/District-Sales-Manager_JR31694
Chamberlain Group,"Group Product Manager (Hybrid - Oak Brook, IL)","Oak Brook, IL",https://chamberlain.wd1.myworkdayjobs.com/Chamberlain_Group/job/Oak-Brook-IL/Group-Product-Manager--Hybrid---Oak-Brook--IL-_JR31388,not checked (out of scope),0,,2026-09-24,15,,product,workday,Smart Access (myQ/LiftMaster),Illinois,B,workday:chamberlain:/job/Oak-Brook-IL/Group-Product-Manager--Hybrid---Oak-Brook--IL-_JR31388
Chamberlain Group,"Intern, Community Product Management (Summer 2027)","Oak Brook, IL",https://chamberlain.wd1.myworkdayjobs.com/Chamberlain_Group/job/Oak-Brook-IL/Intern--Community-Product-Management--Summer-2026-_JR31309,not checked (out of scope),0,,2026-09-24,15,,,workday,Smart Access (myQ/LiftMaster),Illinois,B,workday:chamberlain:/job/Oak-Brook-IL/Intern--Community-Product-Management--Summer-2026-_JR31309
Chamberlain Group,Lead Analytics Engineer,"Oak Brook, IL",https://chamberlain.wd1.myworkdayjobs.com/Chamberlain_Group/job/Oak-Brook-IL/Lead-Analytics-Engineer_JR31606,live,200,,2026-10-09,0,engineering,eng,workday,Smart Access (myQ/LiftMaster),Illinois,B,workday:chamberlain:/job/Oak-Brook-IL/Lead-Analytics-Engineer_JR31606
Chamberlain Group,Lead Analytics Engineer,"Oak Brook, IL",https://chamberlain.wd1.myworkdayjobs.com/Chamberlain_Group/job/Oak-Brook-IL/Lead-Analytics-Engineer_JR31608,live,200,,2026-10-09,0,engineering,eng,workday,Smart Access (myQ/LiftMaster),Illinois,B,workday:chamberlain:/job/Oak-Brook-IL/Lead-Analytics-Engineer_JR31608
Chamberlain Group,Lead Analytics Engineer,"Oak Brook, IL",https://chamberlain.wd1.myworkdayjobs.com/Chamberlain_Group/job/Oak-Brook-IL/Lead-Analytics-Engineer_JR31607,live,200,,2026-10-09,0,engineering,eng,workday,Smart Access (myQ/LiftMaster),Illinois,B,workday:chamberlain:/job/Oak-Brook-IL/Lead-Analytics-Engineer_JR31607
Chamberlain Group,Lead Data Scientist,"Oak Brook, IL",https://chamberlain.wd1.myworkdayjobs.com/Chamberlain_Group/job/Oak-Brook-IL/Lead-Data-Scientist_JR30293,not checked (out of scope),0,,2026-09-24,15,,eng,workday,Smart Access (myQ/LiftMaster),Illinois,B,workday:chamberlain:/job/Oak-Brook-IL/Lead-Data-Scientist_JR30293
Chamberlain Group,Lead Decision Science Analyst,"Oak Brook, IL",https://chamberlain.wd1.myworkdayjobs.com/Chamberlain_Group/job/Oak-Brook-IL/Lead-Decision-Science-Analyst_JR30103,not checked (out of scope),0,,2026-09-24,15,,,workday,Smart Access (myQ/LiftMaster),Illinois,B,workday:chamberlain:/job/Oak-Brook-IL/Lead-Decision-Science-Analyst_JR30103
Chamberlain Group,Lead Staff Front End Engineer (Remote),Remote - California,https://chamberlain.wd1.myworkdayjobs.com/Chamberlain_Group/job/Remote---California/Staff-Engineer--Remote-_JR31626,live,200,,2026-09-24,15,engineering,eng,workday,Smart Access (myQ/LiftMaster),Illinois,B,workday:chamberlain:/job/Remote---California/Staff-Engineer--Remote-_JR31626
Chamberlain Group,"Lead, Go-To-Market Strategy - Multifamily Channel","Oak Brook, IL",https://chamberlain.wd1.myworkdayjobs.com/Chamberlain_Group/job/Oak-Brook-IL/Lead--Go-To-Market-Strategy---Multifamily-Channel_JR31317,live,200,,2026-09-24,15,gtm,,workday,Smart Access (myQ/LiftMaster),Illinois,B,workday:chamberlain:/job/Oak-Brook-IL/Lead--Go-To-Market-Strategy---Multifamily-Channel_JR31317
Chamberlain Group,"Manager, Cloud Engineering",2 Locations,https://chamberlain.wd1.myworkdayjobs.com/Chamberlain_Group/job/Oak-Brook-IL/Manager--Cloud-Engineering_JR30944,live,200,,2026-09-24,15,engineering,eng,workday,Smart Access (myQ/LiftMaster),Illinois,B,workday:chamberlain:/job/Oak-Brook-IL/Manager--Cloud-Engineering_JR30944
Chamberlain Group,"Manager, Enterprise Integrations","Oak Brook, IL",https://chamberlain.wd1.myworkdayjobs.com/Chamberlain_Group/job/Oak-Brook-IL/Manager--Enterprise-Integrations_JR30340,not checked (out of scope),0,,2026-09-24,15,,,workday,Smart Access (myQ/LiftMaster),Illinois,B,workday:chamberlain:/job/Oak-Brook-IL/Manager--Enterprise-Integrations_JR30340
Chamberlain Group,"Manager, Sales Incentives & Coverage","Oak Brook, IL",https://chamberlain.wd1.myworkdayjobs.com/Chamberlain_Group/job/Oak-Brook-IL/Manager--Sales-Incentives---Coverage_JR31166,live,200,,2026-09-24,15,sales,sales,workday,Smart Access (myQ/LiftMaster),Illinois,B,workday:chamberlain:/job/Oak-Brook-IL/Manager--Sales-Incentives---Coverage_JR31166
Chamberlain Group,"Manager, Social Media & Influencer Marketing","Oak Brook, IL",https://chamberlain.wd1.myworkdayjobs.com/Chamberlain_Group/job/Oak-Brook-IL/Manager--Social-Media---Influencer-Marketing_JR31289,live,200,,2026-09-24,15,gtm,,workday,Smart Access (myQ/LiftMaster),Illinois,B,workday:chamberlain:/job/Oak-Brook-IL/Manager--Social-Media---Influencer-Marketing_JR31289
Chamberlain Group,Market Intelligence Manager,"Oak Brook, IL",https://chamberlain.wd1.myworkdayjobs.com/Chamberlain_Group/job/Oak-Brook-IL/Market-Intelligence-Manager_JR31655,not checked (out of scope),0,,2026-10-09,0,,,workday,Smart Access (myQ/LiftMaster),Illinois,B,workday:chamberlain:/job/Oak-Brook-IL/Market-Intelligence-Manager_JR31655
Chamberlain Group,Marketing Manager - B2B,"Oak Brook, IL",https://chamberlain.wd1.myworkdayjobs.com/Chamberlain_Group/job/Oak-Brook-IL/Marketing-Manager---B2B_JR31437-1,live,200,,2026-09-24,15,gtm,,workday,Smart Access (myQ/LiftMaster),Illinois,B,workday:chamberlain:/job/Oak-Brook-IL/Marketing-Manager---B2B_JR31437-1
Chamberlain Group,Media Coordinator - National/DTC Media,"Oak Brook, IL",https://chamberlain.wd1.myworkdayjobs.com/Chamberlain_Group/job/Oak-Brook-IL/Media-Coordinator---National-DTC-Media_JR31257,not checked (out of scope),0,,2026-09-24,15,,,workday,Smart Access (myQ/LiftMaster),Illinois,B,workday:chamberlain:/job/Oak-Brook-IL/Media-Coordinator---National-DTC-Media_JR31257
Chamberlain Group,Media Coordinator - Retail Media (Amazon),"Oak Brook, IL",https://chamberlain.wd1.myworkdayjobs.com/Chamberlain_Group/job/Oak-Brook-IL/Media-Coordinator---Retail-Media--Amazon-_JR31255,not checked (out of scope),0,,2026-09-24,15,,,workday,Smart Access (myQ/LiftMaster),Illinois,B,workday:chamberlain:/job/Oak-Brook-IL/Media-Coordinator---Retail-Media--Amazon-_JR31255
Chamberlain Group,"Principal Software Architect, Platform Engineering",Remote - California,https://chamberlain.wd1.myworkdayjobs.com/Chamberlain_Group/job/Remote---California/Principal-Software-Architect--Platform-Engineering_JR30578-1,live,200,,2026-09-24,15,engineering,eng,workday,Smart Access (myQ/LiftMaster),Illinois,B,workday:chamberlain:/job/Remote---California/Principal-Software-Architect--Platform-Engineering_JR30578-1
Chamberlain Group,"Principal Software Engineer (Hybrid - Oak Brook, IL)","Oak Brook, IL",https://chamberlain.wd1.myworkdayjobs.com/Chamberlain_Group/job/Oak-Brook-IL/Principal-Software-Engineer--Hybrid---Oak-Brook--IL-_JR31620,live,200,,2026-09-24,15,engineering,eng,workday,Smart Access (myQ/LiftMaster),Illinois,B,workday:chamberlain:/job/Oak-Brook-IL/Principal-Software-Engineer--Hybrid---Oak-Brook--IL-_JR31620
Chamberlain Group,"Principal, Brand Strategy & Activation","Oak Brook, IL",https://chamberlain.wd1.myworkdayjobs.com/Chamberlain_Group/job/Oak-Brook-IL/Principal--Brand-Strategy---Activation_JR30328,live,200,,2026-09-24,15,gtm,,workday,Smart Access (myQ/LiftMaster),Illinois,B,workday:chamberlain:/job/Oak-Brook-IL/Principal--Brand-Strategy---Activation_JR30328
Chamberlain Group,"Principal, Cloud Infrastructure Architect","Oak Brook, IL",https://chamberlain.wd1.myworkdayjobs.com/Chamberlain_Group/job/Oak-Brook-IL/Principal--Cloud-Infrastructure-Architect_JR31406,live,200,,2026-09-24,15,engineering,eng,workday,Smart Access (myQ/LiftMaster),Illinois,B,workday:chamberlain:/job/Oak-Brook-IL/Principal--Cloud-Infrastructure-Architect_JR31406
Chamberlain Group,"Product Manager (Hybrid - Oak Brook, IL)","Oak Brook, IL",https://chamberlain.wd1.myworkdayjobs.com/Chamberlain_Group/job/Oak-Brook-IL/Product-Manager--Hybrid---Oak-Brook--IL-_JR31389-1,not checked (out of scope),0,,2026-09-24,15,,product,workday,Smart Access (myQ/LiftMaster),Illinois,B,workday:chamberlain:/job/Oak-Brook-IL/Product-Manager--Hybrid---Oak-Brook--IL-_JR31389-1
Chamberlain Group,"Program Manager (Hybrid - Oak Brook, IL)","Oak Brook, IL",https://chamberlain.wd1.myworkdayjobs.com/Chamberlain_Group/job/Oak-Brook-IL/Program-Manager_JR31444,not checked (out of scope),0,,2026-09-30,9,,,workday,Smart Access (myQ/LiftMaster),Illinois,B,workday:chamberlain:/job/Oak-Brook-IL/Program-Manager_JR31444
Chamberlain Group,"Retail Senior Analyst, Sales Analytics","Oak Brook, IL",https://chamberlain.wd1.myworkdayjobs.com/Chamberlain_Group/job/Oak-Brook-IL/Retail-Senior-Analyst--Sales-Analytics_JR31497-1,live,200,,2026-10-02,7,sales,sales,workday,Smart Access (myQ/LiftMaster),Illinois,B,workday:chamberlain:/job/Oak-Brook-IL/Retail-Senior-Analyst--Sales-Analytics_JR31497-1
Chamberlain Group,Revenue Growth Management Lead,"Oak Brook, IL",https://chamberlain.wd1.myworkdayjobs.com/Chamberlain_Group/job/Oak-Brook-IL/Revenue-Growth-Management-Lead_JR30887,live,200,,2026-09-24,15,sales,sales,workday,Smart Access (myQ/LiftMaster),Illinois,B,workday:chamberlain:/job/Oak-Brook-IL/Revenue-Growth-Management-Lead_JR30887
Chamberlain Group,Revenue Operation Analyst,"Oak Brook, IL",https://chamberlain.wd1.myworkdayjobs.com/Chamberlain_Group/job/Oak-Brook-IL/Analyst-I--Associate-Program-Manager---Sales-Support_JR30730,live,200,,2026-09-24,15,sales,sales,workday,Smart Access (myQ/LiftMaster),Illinois,B,workday:chamberlain:/job/Oak-Brook-IL/Analyst-I--Associate-Program-Manager---Sales-Support_JR30730
Chamberlain Group,Salesforce Administrator,"Oak Brook, IL",https://chamberlain.wd1.myworkdayjobs.com/Chamberlain_Group/job/Oak-Brook-IL/Salesforce-Administrator_JR31015,not checked (out of scope),0,,2026-09-24,15,,sales,workday,Smart Access (myQ/LiftMaster),Illinois,B,workday:chamberlain:/job/Oak-Brook-IL/Salesforce-Administrator_JR31015
Chamberlain Group,Senior Enterprise Account Executive,Remote - Illinois,https://chamberlain.wd1.myworkdayjobs.com/Chamberlain_Group/job/Remote---Illinois/Principal--Enterprise-Solutions_JR31008,live,200,,2026-09-24,15,sales,sales,workday,Smart Access (myQ/LiftMaster),Illinois,B,workday:chamberlain:/job/Remote---Illinois/Principal--Enterprise-Solutions_JR31008
Chamberlain Group,"Senior Manager Product, myQ Enterprise (Hybrid - Oak Brook, IL)","Oak Brook, IL",https://chamberlain.wd1.myworkdayjobs.com/Chamberlain_Group/job/Oak-Brook-IL/Senior-Manager-Product--myQ-App-Enterprise--Hybrid---Oak-Brook--IL-_JR31295,not checked (out of scope),0,,2026-09-24,15,,,workday,Smart Access (myQ/LiftMaster),Illinois,B,workday:chamberlain:/job/Oak-Brook-IL/Senior-Manager-Product--myQ-App-Enterprise--Hybrid---Oak-Brook--IL-_JR31295
Chamberlain Group,Senior Product Designer,"Oak Brook, IL",https://chamberlain.wd1.myworkdayjobs.com/Chamberlain_Group/job/Oak-Brook-IL/Senior-Product-Designer_JR31705,not checked (out of scope),0,,2026-10-02,7,,,workday,Smart Access (myQ/LiftMaster),Illinois,B,workday:chamberlain:/job/Oak-Brook-IL/Senior-Product-Designer_JR31705
Chamberlain Group,"Senior Software Engineer, .NET","Oak Brook, IL",https://chamberlain.wd1.myworkdayjobs.com/Chamberlain_Group/job/Oak-Brook-IL/Senior-Software-Engineer--NET_JR30628-1,live,200,,2026-09-24,15,engineering,eng,workday,Smart Access (myQ/LiftMaster),Illinois,B,workday:chamberlain:/job/Oak-Brook-IL/Senior-Software-Engineer--NET_JR30628-1
Chamberlain Group,"Senior Software Engineer, Middleware","Oak Brook, IL",https://chamberlain.wd1.myworkdayjobs.com/Chamberlain_Group/job/Oak-Brook-IL/Senior-Software-Engineer--Middleware_JR31355,live,200,,2026-09-24,15,engineering,eng,workday,Smart Access (myQ/LiftMaster),Illinois,B,workday:chamberlain:/job/Oak-Brook-IL/Senior-Software-Engineer--Middleware_JR31355
Chamberlain Group,"Software Manager, Middleware (Hybrid)","Oak Brook, IL",https://chamberlain.wd1.myworkdayjobs.com/Chamberlain_Group/job/Oak-Brook-IL/Software-Manager--Middleware--Hybrid-_JR31752,not checked (out of scope),0,,2026-10-09,0,,,workday,Smart Access (myQ/LiftMaster),Illinois,B,workday:chamberlain:/job/Oak-Brook-IL/Software-Manager--Middleware--Hybrid-_JR31752
Chamberlain Group,"Software Product Manager, myQ App (Hybrid - Oak Brook, IL)","Oak Brook, IL",https://chamberlain.wd1.myworkdayjobs.com/Chamberlain_Group/job/Oak-Brook-IL/Software-Product-Manager_JR30900,not checked (out of scope),0,,2026-09-24,15,,product,workday,Smart Access (myQ/LiftMaster),Illinois,B,workday:chamberlain:/job/Oak-Brook-IL/Software-Product-Manager_JR30900
Chamberlain Group,"Sr Manager, Go-To-Market Strategy - Multifamily Channel","Oak Brook, IL",https://chamberlain.wd1.myworkdayjobs.com/Chamberlain_Group/job/Oak-Brook-IL/Sr-Manager--Go-To-Market-Strategy---Multifamily-Channel_JR31316,live,200,,2026-09-24,15,gtm,,workday,Smart Access (myQ/LiftMaster),Illinois,B,workday:chamberlain:/job/Oak-Brook-IL/Sr-Manager--Go-To-Market-Strategy---Multifamily-Channel_JR31316
Chamberlain Group,"Sr. Engineer, Software - GenAI (Hybrid)","Oak Brook, IL",https://chamberlain.wd1.myworkdayjobs.com/Chamberlain_Group/job/Oak-Brook-IL/Sr-Engineer--Software---GenAI--Hybrid-_JR30976,live,200,,2026-09-24,15,engineering,eng,workday,Smart Access (myQ/LiftMaster),Illinois,B,workday:chamberlain:/job/Oak-Brook-IL/Sr-Engineer--Software---GenAI--Hybrid-_JR30976
Chamberlain Group,Sr. Field Sales Representative,Remote - New York,https://chamberlain.wd1.myworkdayjobs.com/Chamberlain_Group/job/Remote---New-York/Sr-Field-Sales-Representative_JR31599,live,200,,2026-09-24,15,sales,sales,workday,Smart Access (myQ/LiftMaster),Illinois,B,workday:chamberlain:/job/Remote---New-York/Sr-Field-Sales-Representative_JR31599
Chamberlain Group,Sr. Field Sales Representative,Remote - Ohio,https://chamberlain.wd1.myworkdayjobs.com/Chamberlain_Group/job/Remote---Ohio/Sr-Field-Sales-Representative_JR31490-1,live,200,,2026-09-24,15,sales,sales,workday,Smart Access (myQ/LiftMaster),Illinois,B,workday:chamberlain:/job/Remote---Ohio/Sr-Field-Sales-Representative_JR31490-1
Chamberlain Group,"Sr. Hardware Product Manager (Hybrid - Oak Brook, IL)","Oak Brook, IL",https://chamberlain.wd1.myworkdayjobs.com/Chamberlain_Group/job/Oak-Brook-IL/Sr-Product-Manager--Hybrid---Oak-Brook--IL-_JR31633,not checked (out of scope),0,,2026-09-24,15,,product,workday,Smart Access (myQ/LiftMaster),Illinois,B,workday:chamberlain:/job/Oak-Brook-IL/Sr-Product-Manager--Hybrid---Oak-Brook--IL-_JR31633
Chamberlain Group,"Sr. Manager Software Engineering (Hybrid in Oak Brook, IL)","Oak Brook, IL",https://chamberlain.wd1.myworkdayjobs.com/Chamberlain_Group/job/Oak-Brook-IL/Sr-Manager-Software-Engineering--Hybrid-in-Oak-Brook--IL-_JR31619,live,200,,2026-09-24,15,engineering,eng,workday,Smart Access (myQ/LiftMaster),Illinois,B,workday:chamberlain:/job/Oak-Brook-IL/Sr-Manager-Software-Engineering--Hybrid-in-Oak-Brook--IL-_JR31619
Chamberlain Group,"Sr. Manager, Channel Programs","Oak Brook, IL",https://chamberlain.wd1.myworkdayjobs.com/Chamberlain_Group/job/Oak-Brook-IL/Sr-Manager--Channel-Programs_JR29664,not checked (out of scope),0,,2026-09-24,15,,,workday,Smart Access (myQ/LiftMaster),Illinois,B,workday:chamberlain:/job/Oak-Brook-IL/Sr-Manager--Channel-Programs_JR29664
Chamberlain Group,"Sr. Manager, Data Foundations","Oak Brook, IL",https://chamberlain.wd1.myworkdayjobs.com/Chamberlain_Group/job/Oak-Brook-IL/Sr-Manager--Data-Foundations_JR31605,not checked (out of scope),0,,2026-10-09,0,,,workday,Smart Access (myQ/LiftMaster),Illinois,B,workday:chamberlain:/job/Oak-Brook-IL/Sr-Manager--Data-Foundations_JR31605
Chamberlain Group,"Sr. Manager, Data Science (Marketing)","Oak Brook, IL",https://chamberlain.wd1.myworkdayjobs.com/Chamberlain_Group/job/Oak-Brook-IL/Sr-Manager--Data-Science--Marketing-_JR30949,live,200,,2026-09-24,15,gtm,,workday,Smart Access (myQ/LiftMaster),Illinois,B,workday:chamberlain:/job/Oak-Brook-IL/Sr-Manager--Data-Science--Marketing-_JR30949
Chamberlain Group,"Sr. Manager, Data Science (Product & Engineering)","Oak Brook, IL",https://chamberlain.wd1.myworkdayjobs.com/Chamberlain_Group/job/Oak-Brook-IL/Sr-Manager--Data-Science--Product---Engineering-_JR31711-1,live,200,,2026-09-30,9,engineering,eng,workday,Smart Access (myQ/LiftMaster),Illinois,B,workday:chamberlain:/job/Oak-Brook-IL/Sr-Manager--Data-Science--Product---Engineering-_JR31711-1
Chamberlain Group,"Sr. Manager, Direct Sourcing - Electronics & Drivetrain",2 Locations,https://chamberlain.wd1.myworkdayjobs.com/Chamberlain_Group/job/Oak-Brook-IL/Sr-Manager--Direct-Sourcing---Electronics---Drivetrain_JR31739,not checked (out of scope),0,,2026-10-09,0,,,workday,Smart Access (myQ/LiftMaster),Illinois,B,workday:chamberlain:/job/Oak-Brook-IL/Sr-Manager--Direct-Sourcing---Electronics---Drivetrain_JR31739
Chamberlain Group,"Sr. Manager, Integrated Planning","Oak Brook, IL",https://chamberlain.wd1.myworkdayjobs.com/Chamberlain_Group/job/Oak-Brook-IL/Sr-Manager--Integrated-Planning_JR31577,not checked (out of scope),0,,2026-09-28,11,,,workday,Smart Access (myQ/LiftMaster),Illinois,B,workday:chamberlain:/job/Oak-Brook-IL/Sr-Manager--Integrated-Planning_JR31577
Chamberlain Group,"Sr. Manager, Lifecycle Marketing","Oak Brook, IL",https://chamberlain.wd1.myworkdayjobs.com/Chamberlain_Group/job/Oak-Brook-IL/Sr-Manager--Lifecycle-Marketing_JR31466,live,200,,2026-09-24,15,gtm,,workday,Smart Access (myQ/LiftMaster),Illinois,B,workday:chamberlain:/job/Oak-Brook-IL/Sr-Manager--Lifecycle-Marketing_JR31466
Chamberlain Group,Sr. Product Marketing Manager - Subscription Growth,"Oak Brook, IL",https://chamberlain.wd1.myworkdayjobs.com/Chamberlain_Group/job/Oak-Brook-IL/Sr-Product-Marketing-Manager---Subscription-Growth_JR31229,live,200,,2026-10-09,0,gtm,,workday,Smart Access (myQ/LiftMaster),Illinois,B,workday:chamberlain:/job/Oak-Brook-IL/Sr-Product-Marketing-Manager---Subscription-Growth_JR31229
Chamberlain Group,Sr. Site Reliability Engineer,"Oak Brook, IL",https://chamberlain.wd1.myworkdayjobs.com/Chamberlain_Group/job/Oak-Brook-IL/Sr-Site-Reliability-Engineer_JR31761,live,200,,2026-10-09,0,engineering,eng,workday,Smart Access (myQ/LiftMaster),Illinois,B,workday:chamberlain:/job/Oak-Brook-IL/Sr-Site-Reliability-Engineer_JR31761
Chamberlain Group,"Sr. Software Engineer - Middleware (Hybrid - Oak Brook, IL)","Oak Brook, IL",https://chamberlain.wd1.myworkdayjobs.com/Chamberlain_Group/job/Oak-Brook-IL/Sr-Software-Engineer---Middleware--Hybrid---Oak-Brook--IL-_JR30749,live,200,,2026-09-24,15,engineering,eng,workday,Smart Access (myQ/LiftMaster),Illinois,B,workday:chamberlain:/job/Oak-Brook-IL/Sr-Software-Engineer---Middleware--Hybrid---Oak-Brook--IL-_JR30749
Chamberlain Group,"Sr. Software Product Manager (Hybrid - Oak Brook, IL)","Oak Brook, IL",https://chamberlain.wd1.myworkdayjobs.com/Chamberlain_Group/job/Oak-Brook-IL/Sr-Software-Product-Manager_JR31094,not checked (out of scope),0,,2026-09-24,15,,product,workday,Smart Access (myQ/LiftMaster),Illinois,B,workday:chamberlain:/job/Oak-Brook-IL/Sr-Software-Product-Manager_JR31094
Chamberlain Group,"Sr. Specialist, Web & App Operations","Oak Brook, IL",https://chamberlain.wd1.myworkdayjobs.com/Chamberlain_Group/job/Oak-Brook-IL/Sr-Specialist--Web---App-Operations_JR31610,not checked (out of scope),0,,2026-09-28,11,,ops,workday,Smart Access (myQ/LiftMaster),Illinois,B,workday:chamberlain:/job/Oak-Brook-IL/Sr-Specialist--Web---App-Operations_JR31610
Chamberlain Group,Sr. Technical Program Manager,"Oak Brook, IL",https://chamberlain.wd1.myworkdayjobs.com/Chamberlain_Group/job/Oak-Brook-IL/Sr-Technical-Program-Manager_JR31595,not checked (out of scope),0,,2026-09-24,15,,,workday,Smart Access (myQ/LiftMaster),Illinois,B,workday:chamberlain:/job/Oak-Brook-IL/Sr-Technical-Program-Manager_JR31595
Chamberlain Group,Supply Chain Specialist,"Oak Brook, IL",https://chamberlain.wd1.myworkdayjobs.com/Chamberlain_Group/job/Oak-Brook-IL/Supply-Chain-Analyst_JR31402,not checked (out of scope),0,,2026-09-24,15,,,workday,Smart Access (myQ/LiftMaster),Illinois,B,workday:chamberlain:/job/Oak-Brook-IL/Supply-Chain-Analyst_JR31402
Chamberlain Group,Technical Project Manager - Hardware/Software (Hybrid),"Oak Brook, IL",https://chamberlain.wd1.myworkdayjobs.com/Chamberlain_Group/job/Oak-Brook-IL/Technical-Project-Manager_JR31622,not checked (out of scope),0,,2026-09-24,15,,,workday,Smart Access (myQ/LiftMaster),Illinois,B,workday:chamberlain:/job/Oak-Brook-IL/Technical-Project-Manager_JR31622
Chamberlain Group,Technician Facilities Maintenance,"Olive Branch, MS",https://chamberlain.wd1.myworkdayjobs.com/Chamberlain_Group/job/Olive-Branch-MS/Technician-Facilities-Maintenance_JR31472-2,not checked (out of scope),0,,2026-09-24,15,,ops,workday,Smart Access (myQ/LiftMaster),Illinois,B,workday:chamberlain:/job/Olive-Branch-MS/Technician-Facilities-Maintenance_JR31472-2
Chamberlain Group,Territory Manager,Remote - Illinois,https://chamberlain.wd1.myworkdayjobs.com/Chamberlain_Group/job/Remote---Illinois/Territory-Manager_JR31770,not checked (out of scope),0,,2026-10-09,0,,,workday,Smart Access (myQ/LiftMaster),Illinois,B,workday:chamberlain:/job/Remote---Illinois/Territory-Manager_JR31770
Chamberlain Group,Territory Manager,Remote - Florida,https://chamberlain.wd1.myworkdayjobs.com/Chamberlain_Group/job/Remote---Florida/Territory-Manager_JR31744,not checked (out of scope),0,,2026-10-09,0,,,workday,Smart Access (myQ/LiftMaster),Illinois,B,workday:chamberlain:/job/Remote---Florida/Territory-Manager_JR31744
CompStak,Account Executive,"New York, NY",https://jobs.lever.co/compstak/9e292fe1-f59c-4466-b8ec-cd6e1b38ec2d,live,200,2026-08-24,2026-09-24,15,sales,sales,lever,CRE Comparable Data Platform,New York,B,lever:compstak:9e292fe1-f59c-4466-b8ec-cd6e1b38ec2d
CompStak,Sales Development Associate,Belgrade,https://jobs.lever.co/compstak/a91f0da0-d720-4adc-b036-f58c986a1894,live,200,2026-03-05,2026-09-24,15,sales,sales,lever,CRE Comparable Data Platform,New York,B,lever:compstak:a91f0da0-d720-4adc-b036-f58c986a1894
CompStak,Senior Account Executive,"New York, NY",https://jobs.lever.co/compstak/ded2dbb5-692f-4809-8eea-4d40409a9813,live,200,2026-07-07,2026-09-24,15,sales,sales,lever,CRE Comparable Data Platform,New York,B,lever:compstak:ded2dbb5-692f-4809-8eea-4d40409a9813
Compass,Account Executive,WA - Seattle - Tacoma - 4701 S 19th Street,https://www.compass.com/careers?gh_jid=8132305,"listed in ATS, not rechecked",0,2026-08-17,2026-10-09,0,sales,sales,greenhouse,Real Estate Brokerage Tech,New York,B,greenhouse:urbancompass:8132305
Compass,Account Executive,Denver,https://www.compass.com/careers?gh_jid=8189737,"listed in ATS, not rechecked",0,2026-09-09,2026-10-09,0,sales,sales,greenhouse,Real Estate Brokerage Tech,New York,B,greenhouse:urbancompass:8189737
Compass,Account Executive,Sacramento,https://www.compass.com/careers?gh_jid=8189747,"listed in ATS, not rechecked",0,2026-09-09,2026-10-09,0,sales,sales,greenhouse,Real Estate Brokerage Tech,New York,B,greenhouse:urbancompass:8189747
Compass,Account Executive,Atlanta,https://www.compass.com/careers?gh_jid=8226991,"listed in ATS, not rechecked",0,2026-09-23,2026-10-09,0,sales,sales,greenhouse,Real Estate Brokerage Tech,New York,B,greenhouse:urbancompass:8226991
Compass,Account Executive,"San Jose, California, United States",https://www.compass.com/careers?gh_jid=8185937,live,200,2026-09-08,2026-10-09,0,sales,sales,greenhouse,Real Estate Brokerage Tech,New York,B,greenhouse:urbancompass:8185937
Compass,Account Executive,GA - Marietta - 145 Church St Suite 100,https://www.compass.com/careers?gh_jid=8097698,"listed in ATS, not rechecked",0,2026-07-30,2026-10-09,0,sales,sales,greenhouse,Real Estate Brokerage Tech,New York,B,greenhouse:urbancompass:8097698
Compass,Account Executive,"Saint Petersburg, Florida, United States",https://www.compass.com/careers?gh_jid=8191125,"listed in ATS, not rechecked",0,2026-09-10,2026-10-09,0,sales,sales,greenhouse,Real Estate Brokerage Tech,New York,B,greenhouse:urbancompass:8191125
Compass,Account Executive,FL - Tampa - 3615 Bromley Grand Ave,https://www.compass.com/careers?gh_jid=8191130,"listed in ATS, not rechecked",0,2026-09-10,2026-10-09,0,sales,sales,greenhouse,Real Estate Brokerage Tech,New York,B,greenhouse:urbancompass:8191130
Compass,Account Executive,"Salt Lake City, Utah, United States",https://www.compass.com/careers?gh_jid=8138972,"listed in ATS, not rechecked",0,2026-08-18,2026-10-09,0,sales,sales,greenhouse,Real Estate Brokerage Tech,New York,B,greenhouse:urbancompass:8138972
Compass,Account Executive,"Cincinnati, Ohio, United States",https://www.compass.com/careers?gh_jid=8125949,"listed in ATS, not rechecked",0,2026-08-12,2026-10-09,0,sales,sales,greenhouse,Real Estate Brokerage Tech,New York,B,greenhouse:urbancompass:8125949
Compass,Account Executive,"Charleston, South Carolina, United States",https://www.compass.com/careers?gh_jid=7985785,"listed in ATS, not rechecked",0,2026-06-05,2026-10-09,0,sales,sales,greenhouse,Real Estate Brokerage Tech,New York,B,greenhouse:urbancompass:7985785
Compass,Account Executive,"Columbus, Ohio, United States",https://www.compass.com/careers?gh_jid=8125948,"listed in ATS, not rechecked",0,2026-08-12,2026-10-09,0,sales,sales,greenhouse,Real Estate Brokerage Tech,New York,B,greenhouse:urbancompass:8125948
Compass,Account Executive,"Austin, Texas, United States",https://www.compass.com/careers?gh_jid=8142297,"listed in ATS, not rechecked",0,2026-08-19,2026-10-09,0,sales,sales,greenhouse,Real Estate Brokerage Tech,New York,B,greenhouse:urbancompass:8142297
Compass,Account Executive,Madison - Wisconsin,https://www.compass.com/careers?gh_jid=8130495,"listed in ATS, not rechecked",0,2026-08-14,2026-10-09,0,sales,sales,greenhouse,Real Estate Brokerage Tech,New York,B,greenhouse:urbancompass:8130495
Compass,Account Executive,Milwaukee,https://www.compass.com/careers?gh_jid=8099458,live,200,2026-07-31,2026-10-09,0,sales,sales,greenhouse,Real Estate Brokerage Tech,New York,B,greenhouse:urbancompass:8099458
Compass,Account Executive (Marietta office),Atlanta,https://www.compass.com/careers?gh_jid=8174941,"listed in ATS, not rechecked",0,2026-09-02,2026-10-09,0,sales,sales,greenhouse,Real Estate Brokerage Tech,New York,B,greenhouse:urbancompass:8174941
Compass,Agent Experience Coordinator,Santa Barbara,https://www.compass.com/careers?gh_jid=8163373,not checked (out of scope),0,2026-08-27,2026-10-09,0,,,greenhouse,Real Estate Brokerage Tech,New York,B,greenhouse:urbancompass:8163373
Compass,Agent Experience Coordinator,Miami Beach,https://www.compass.com/careers?gh_jid=8049881,not checked (out of scope),0,2026-07-14,2026-10-09,0,,,greenhouse,Real Estate Brokerage Tech,New York,B,greenhouse:urbancompass:8049881
Compass,Agent Experience Coordinator,"Huntington, New York, United States",https://www.compass.com/careers?gh_jid=8231405,not checked (out of scope),0,2026-09-25,2026-10-09,0,,,greenhouse,Real Estate Brokerage Tech,New York,B,greenhouse:urbancompass:8231405
Compass,Agent Experience Coordinator,PA - Wayne - 216 East Lancaster Avenue,https://www.compass.com/careers?gh_jid=8231407,not checked (out of scope),0,2026-09-25,2026-10-09,0,,,greenhouse,Real Estate Brokerage Tech,New York,B,greenhouse:urbancompass:8231407
Compass,Agent Experience Coordinator,Winnetka,https://www.compass.com/careers?gh_jid=8174647,not checked (out of scope),0,2026-09-02,2026-10-09,0,,,greenhouse,Real Estate Brokerage Tech,New York,B,greenhouse:urbancompass:8174647
Compass,Agent Experience Coordinator,"Winter Park, Florida, United States",https://www.compass.com/careers?gh_jid=8191824,not checked (out of scope),0,2026-09-11,2026-10-09,0,,,greenhouse,Real Estate Brokerage Tech,New York,B,greenhouse:urbancompass:8191824
Compass,Agent Experience Coordinator,IN - Carmel - 10 East Main Street,https://www.compass.com/careers?gh_jid=8231871,not checked (out of scope),0,2026-09-29,2026-10-09,0,,,greenhouse,Real Estate Brokerage Tech,New York,B,greenhouse:urbancompass:8231871
Compass,Agent Experience Manager,"Miami Beach; Miami Beach, Florida, United States",https://www.compass.com/careers?gh_jid=8211890,not checked (out of scope),0,2026-09-17,2026-10-09,0,,,greenhouse,Real Estate Brokerage Tech,New York,B,greenhouse:urbancompass:8211890
Compass,Agent Experience Manager,Coconut Grove,https://www.compass.com/careers?gh_jid=8187494,not checked (out of scope),0,2026-09-09,2026-10-09,0,,,greenhouse,Real Estate Brokerage Tech,New York,B,greenhouse:urbancompass:8187494
Compass,Agent Experience Manager,"NJ - Avalon - 2021 Dune Drive; Ocean City, New Jersey, United States",https://www.compass.com/careers?gh_jid=8187390,not checked (out of scope),0,2026-09-08,2026-10-09,0,,,greenhouse,Real Estate Brokerage Tech,New York,B,greenhouse:urbancompass:8187390
Compass,Agent Experience Manager,Austin,https://www.compass.com/careers?gh_jid=8187092,not checked (out of scope),0,2026-09-09,2026-10-09,0,,,greenhouse,Real Estate Brokerage Tech,New York,B,greenhouse:urbancompass:8187092
Compass,Agent Experience Manager,Dallas; Flower Mound,https://www.compass.com/careers?gh_jid=8256389,not checked (out of scope),0,2026-10-05,2026-10-09,0,,,greenhouse,Real Estate Brokerage Tech,New York,B,greenhouse:urbancompass:8256389
Compass,Agent Experience Manager,Beverly Hills,https://www.compass.com/careers?gh_jid=8256379,not checked (out of scope),0,2026-10-05,2026-10-09,0,,,greenhouse,Real Estate Brokerage Tech,New York,B,greenhouse:urbancompass:8256379
Compass,Agent Experience Manager,Berkeley,https://www.compass.com/careers?gh_jid=8231986,not checked (out of scope),0,2026-09-24,2026-10-09,0,,,greenhouse,Real Estate Brokerage Tech,New York,B,greenhouse:urbancompass:8231986
Compass,Agent Experience Manager,"Chicago, Illinois, United States",https://www.compass.com/careers?gh_jid=8231873,not checked (out of scope),0,2026-09-30,2026-10-09,0,,,greenhouse,Real Estate Brokerage Tech,New York,B,greenhouse:urbancompass:8231873
Compass,Agent Experience Manager,Los Angeles,https://www.compass.com/careers?gh_jid=8079916,not checked (out of scope),0,2026-07-29,2026-10-09,0,,,greenhouse,Real Estate Brokerage Tech,New York,B,greenhouse:urbancompass:8079916
Compass,Agent Experience Manager,Walnut Creek,https://www.compass.com/careers?gh_jid=8174236,not checked (out of scope),0,2026-09-04,2026-10-09,0,,,greenhouse,Real Estate Brokerage Tech,New York,B,greenhouse:urbancompass:8174236
Compass,Agent Experience Manager,Chevy Chase,https://www.compass.com/careers?gh_jid=8204715,not checked (out of scope),0,2026-09-15,2026-10-09,0,,,greenhouse,Real Estate Brokerage Tech,New York,B,greenhouse:urbancompass:8204715
Compass,Agent Experience Manager,"Ridgewood, New Jersey, United States",https://www.compass.com/careers?gh_jid=8080276,not checked (out of scope),0,2026-07-22,2026-10-09,0,,,greenhouse,Real Estate Brokerage Tech,New York,B,greenhouse:urbancompass:8080276
Compass,Agent Experience Manager,Ellicott City,https://www.compass.com/careers?gh_jid=8204717,not checked (out of scope),0,2026-09-15,2026-10-09,0,,,greenhouse,Real Estate Brokerage Tech,New York,B,greenhouse:urbancompass:8204717
Compass,Agent Experience Manager,Seattle,https://www.compass.com/careers?gh_jid=8168360,not checked (out of scope),0,2026-09-01,2026-10-09,0,,,greenhouse,Real Estate Brokerage Tech,New York,B,greenhouse:urbancompass:8168360
Compass,Agent Experience Manager,HI - Kauai - Koloa - 2829 Ala Kalanikaumaka St; Kauai,https://www.compass.com/careers?gh_jid=8102880,not checked (out of scope),0,2026-08-03,2026-10-09,0,,,greenhouse,Real Estate Brokerage Tech,New York,B,greenhouse:urbancompass:8102880
Compass,Agent Experience Manager,Danville,https://www.compass.com/careers?gh_jid=8143435,not checked (out of scope),0,2026-08-20,2026-10-09,0,,,greenhouse,Real Estate Brokerage Tech,New York,B,greenhouse:urbancompass:8143435
Compass,Agent Experience Manager,"Greenbrae, California, United States",https://www.compass.com/careers?gh_jid=8114102,not checked (out of scope),0,2026-08-10,2026-10-09,0,,,greenhouse,Real Estate Brokerage Tech,New York,B,greenhouse:urbancompass:8114102
Compass,"Associate Counsel, Business & Growth",New York City,https://www.compass.com/careers?gh_jid=8207967,"listed in ATS, not rechecked",0,2026-09-16,2026-10-09,0,gtm,,greenhouse,Real Estate Brokerage Tech,New York,B,greenhouse:urbancompass:8207967
Compass,"Associate Counsel, Commercial Transactions",Beverly Hills; New York City; San Francisco,https://www.compass.com/careers?gh_jid=8132288,not checked (out of scope),0,2026-08-17,2026-10-09,0,,,greenhouse,Real Estate Brokerage Tech,New York,B,greenhouse:urbancompass:8132288
Compass,"Associate Counsel, Marketing & Brands Commercial Transactions",Beverly Hills; New York City; San Francisco,https://www.compass.com/careers?gh_jid=8264941,"listed in ATS, not rechecked",0,2026-10-08,2026-10-09,0,gtm,,greenhouse,Real Estate Brokerage Tech,New York,B,greenhouse:urbancompass:8264941
Compass,Associate Sales Development Representative,"Houston, Texas, United States",https://www.compass.com/careers?gh_jid=8191346,"listed in ATS, not rechecked",0,2026-09-10,2026-10-09,0,sales,sales,greenhouse,Real Estate Brokerage Tech,New York,B,greenhouse:urbancompass:8191346
Compass,Associate Sales Development Representative,Los Angeles,https://www.compass.com/careers?gh_jid=8191293,live,200,2026-09-10,2026-10-09,0,sales,sales,greenhouse,Real Estate Brokerage Tech,New York,B,greenhouse:urbancompass:8191293
Compass,Associate Sales Development Representative,"Boston, Massachusetts, United States",https://www.compass.com/careers?gh_jid=8191338,"listed in ATS, not rechecked",0,2026-09-10,2026-10-09,0,sales,sales,greenhouse,Real Estate Brokerage Tech,New York,B,greenhouse:urbancompass:8191338
Compass,Associate Sales Manager,Napa Valley,https://www.compass.com/careers?gh_jid=8095490,live,200,2026-07-29,2026-10-09,0,sales,sales,greenhouse,Real Estate Brokerage Tech,New York,B,greenhouse:urbancompass:8095490
Compass,Business Development Representative,"Atlanta, Georgia, United States",https://www.compass.com/careers?gh_jid=8231397,"listed in ATS, not rechecked",0,2026-09-24,2026-10-09,0,sales,sales,greenhouse,Real Estate Brokerage Tech,New York,B,greenhouse:urbancompass:8231397
Compass,Business Development Representative,"Chevy Chase, Maryland, United States",https://www.compass.com/careers?gh_jid=8231438,live,200,2026-09-24,2026-10-09,0,sales,sales,greenhouse,Real Estate Brokerage Tech,New York,B,greenhouse:urbancompass:8231438
Compass,"Copy of Senior Product Designer II, CRM",Boca Raton,https://www.compass.com/careers?gh_jid=8267201,not checked (out of scope),0,2026-10-09,2026-10-09,0,,,greenhouse,Real Estate Brokerage Tech,New York,B,greenhouse:urbancompass:8267201
Compass,Customer Success & Office Coordinator,Miami Beach,https://www.compass.com/careers?gh_jid=8260175,"listed in ATS, not rechecked",0,2026-10-06,2026-10-09,0,gtm,customer,greenhouse,Real Estate Brokerage Tech,New York,B,greenhouse:urbancompass:8260175
Compass,Customer Success Coordinator,Santa Barbara,https://www.compass.com/careers?gh_jid=8165059,live,200,2026-08-28,2026-10-09,0,gtm,customer,greenhouse,Real Estate Brokerage Tech,New York,B,greenhouse:urbancompass:8165059
Compass,Customer Success Manager,Seattle,https://www.compass.com/careers?gh_jid=8240859,live,200,2026-09-29,2026-10-09,0,gtm,customer,greenhouse,Real Estate Brokerage Tech,New York,B,greenhouse:urbancompass:8240859
Compass,Customer Success Manager,"Miami Beach; Miami Beach, Florida, United States",https://www.compass.com/careers?gh_jid=8212139,"listed in ATS, not rechecked",0,2026-09-17,2026-10-09,0,gtm,customer,greenhouse,Real Estate Brokerage Tech,New York,B,greenhouse:urbancompass:8212139
Compass,Customer Success Manager,"NJ - Avalon - 2021 Dune Drive; Ocean City, New Jersey, United States",https://www.compass.com/careers?gh_jid=8187393,"listed in ATS, not rechecked",0,2026-09-08,2026-10-09,0,gtm,customer,greenhouse,Real Estate Brokerage Tech,New York,B,greenhouse:urbancompass:8187393
Compass,Customer Success Manager,Chevy Chase,https://www.compass.com/careers?gh_jid=8205338,live,200,2026-09-15,2026-10-09,0,gtm,customer,greenhouse,Real Estate Brokerage Tech,New York,B,greenhouse:urbancompass:8205338
Compass,Customer Success Manager,Ellicott City,https://www.compass.com/careers?gh_jid=8205401,"listed in ATS, not rechecked",0,2026-09-15,2026-10-09,0,gtm,customer,greenhouse,Real Estate Brokerage Tech,New York,B,greenhouse:urbancompass:8205401
Compass,Customer Success Manager,Los Angeles,https://www.compass.com/careers?gh_jid=8095597,"listed in ATS, not rechecked",0,2026-07-29,2026-10-09,0,gtm,customer,greenhouse,Real Estate Brokerage Tech,New York,B,greenhouse:urbancompass:8095597
Compass,Customer Success Manager,Coconut Grove,https://www.compass.com/careers?gh_jid=8189992,"listed in ATS, not rechecked",0,2026-09-09,2026-10-09,0,gtm,customer,greenhouse,Real Estate Brokerage Tech,New York,B,greenhouse:urbancompass:8189992
Compass,Customer Success Manager,Austin,https://www.compass.com/careers?gh_jid=8189963,live,200,2026-09-09,2026-10-09,0,gtm,customer,greenhouse,Real Estate Brokerage Tech,New York,B,greenhouse:urbancompass:8189963
Compass,"Director, Enterprise Communications",New York City,https://www.compass.com/careers?gh_jid=8064812,"listed in ATS, not rechecked",0,2026-07-29,2026-10-09,0,gtm,leadership,greenhouse,Real Estate Brokerage Tech,New York,B,greenhouse:urbancompass:8064812
Compass,EPM Systems Administrator,"Madison, New Jersey, United States; New York City",https://www.compass.com/careers?gh_jid=8094776,not checked (out of scope),0,2026-09-11,2026-10-09,0,,,greenhouse,Real Estate Brokerage Tech,New York,B,greenhouse:urbancompass:8094776
Compass,Engineering Manager,"Seattle, Washington, United States",https://www.compass.com/careers?gh_jid=8063897,live,200,2026-07-14,2026-10-09,0,engineering,eng,greenhouse,Real Estate Brokerage Tech,New York,B,greenhouse:urbancompass:8063897
Compass,Engineering Manager,Boca Raton,https://www.compass.com/careers?gh_jid=8068777,"listed in ATS, not rechecked",0,2026-07-16,2026-10-09,0,engineering,eng,greenhouse,Real Estate Brokerage Tech,New York,B,greenhouse:urbancompass:8068777
Compass,Engineering Manager,"Manhattan, New York, United States",https://www.compass.com/careers?gh_jid=8042463,"listed in ATS, not rechecked",0,2026-07-14,2026-10-09,0,engineering,eng,greenhouse,Real Estate Brokerage Tech,New York,B,greenhouse:urbancompass:8042463
Compass,Engineering Manager,"Boston, Massachusetts, United States",https://www.compass.com/careers?gh_jid=8042462,"listed in ATS, not rechecked",0,2026-07-14,2026-10-09,0,engineering,eng,greenhouse,Real Estate Brokerage Tech,New York,B,greenhouse:urbancompass:8042462
Compass,Enterprise Account Executive,"Charleston, South Carolina, United States",https://www.compass.com/careers?gh_jid=7994509,"listed in ATS, not rechecked",0,2026-06-09,2026-10-09,0,sales,sales,greenhouse,Real Estate Brokerage Tech,New York,B,greenhouse:urbancompass:7994509
Compass,Enterprise Account Executive,WA - Seattle - Tacoma - 4701 S 19th Street,https://www.compass.com/careers?gh_jid=8100033,"listed in ATS, not rechecked",0,2026-07-31,2026-10-09,0,sales,sales,greenhouse,Real Estate Brokerage Tech,New York,B,greenhouse:urbancompass:8100033
Compass,Front Desk Administrator,"Glenview, Illinois, United States",https://www.compass.com/careers?gh_jid=8076838,not checked (out of scope),0,2026-07-21,2026-10-09,0,,,greenhouse,Real Estate Brokerage Tech,New York,B,greenhouse:urbancompass:8076838
Compass,Front Desk Administrator (@properties),"Hinsdale, Illinois, United States",https://www.compass.com/careers?gh_jid=8256395,not checked (out of scope),0,2026-10-05,2026-10-09,0,,,greenhouse,Real Estate Brokerage Tech,New York,B,greenhouse:urbancompass:8256395
Compass,Internal Communications Lead,"Madison, New Jersey, United States",https://www.compass.com/careers?gh_jid=8234071,"listed in ATS, not rechecked",0,2026-09-25,2026-10-09,0,gtm,,greenhouse,Real Estate Brokerage Tech,New York,B,greenhouse:urbancompass:8234071
Compass,Internal Communications Lead,New York City,https://www.compass.com/careers?gh_jid=8075967,"listed in ATS, not rechecked",0,2026-07-20,2026-10-09,0,gtm,,greenhouse,Real Estate Brokerage Tech,New York,B,greenhouse:urbancompass:8075967
Compass,Internal Communications Manager,"Madison, New Jersey, United States",https://www.compass.com/careers?gh_jid=8234104,live,200,2026-09-25,2026-10-09,0,gtm,,greenhouse,Real Estate Brokerage Tech,New York,B,greenhouse:urbancompass:8234104
Compass,Internal Communications Manager,New York City,https://www.compass.com/careers?gh_jid=7980071,live,200,2026-06-03,2026-10-09,0,gtm,,greenhouse,Real Estate Brokerage Tech,New York,B,greenhouse:urbancompass:7980071
Compass,Lead Data Scientist,New York City,https://www.compass.com/careers?gh_jid=8262220,not checked (out of scope),0,2026-10-07,2026-10-09,0,,eng,greenhouse,Real Estate Brokerage Tech,New York,B,greenhouse:urbancompass:8262220
Compass,Lead Data Scientist,Boca Raton,https://www.compass.com/careers?gh_jid=8155626,not checked (out of scope),0,2026-08-24,2026-10-09,0,,eng,greenhouse,Real Estate Brokerage Tech,New York,B,greenhouse:urbancompass:8155626
Compass,"Lead, Inventory Operations",Madison; New York City,https://www.compass.com/careers?gh_jid=8262245,not checked (out of scope),0,2026-10-07,2026-10-09,0,,ops,greenhouse,Real Estate Brokerage Tech,New York,B,greenhouse:urbancompass:8262245
Compass,Marketing Advisor,Newport Beach,https://www.compass.com/careers?gh_jid=8205190,live,200,2026-09-15,2026-10-09,0,gtm,,greenhouse,Real Estate Brokerage Tech,New York,B,greenhouse:urbancompass:8205190
Compass,Marketing Advisor,"Napa, California, United States; Sonoma, California, United States",https://www.compass.com/careers?gh_jid=8257314,live,200,2026-10-05,2026-10-09,0,gtm,,greenhouse,Real Estate Brokerage Tech,New York,B,greenhouse:urbancompass:8257314
Compass,Marketing Coordinator,"Denver, Colorado, United States",https://www.compass.com/careers?gh_jid=8202638,live,200,2026-09-14,2026-10-09,0,gtm,,greenhouse,Real Estate Brokerage Tech,New York,B,greenhouse:urbancompass:8202638
Compass,Marketing Coordinator,VA - Arlington - 4100 N Fairfax Drive,https://www.compass.com/careers?gh_jid=8171836,"listed in ATS, not rechecked",0,2026-09-03,2026-10-09,0,gtm,,greenhouse,Real Estate Brokerage Tech,New York,B,greenhouse:urbancompass:8171836
Compass,Marketing Coordinator (San Gabriel Valley),Pasadena,https://www.compass.com/careers?gh_jid=8171237,live,200,2026-09-03,2026-10-09,0,gtm,,greenhouse,Real Estate Brokerage Tech,New York,B,greenhouse:urbancompass:8171237
Compass,Marketing Program Manager (@properties),"Chicago, Illinois, United States",https://www.compass.com/careers?gh_jid=8171027,"listed in ATS, not rechecked",0,2026-09-01,2026-10-09,0,gtm,,greenhouse,Real Estate Brokerage Tech,New York,B,greenhouse:urbancompass:8171027
Compass,Office Lead,Northern California; San Francisco,https://www.compass.com/careers?gh_jid=8143433,not checked (out of scope),0,2026-08-20,2026-10-09,0,,,greenhouse,Real Estate Brokerage Tech,New York,B,greenhouse:urbancompass:8143433
Compass,"Program Coordinator, Leads",Newport Beach,https://www.compass.com/careers?gh_jid=8212400,not checked (out of scope),0,2026-09-17,2026-10-09,0,,,greenhouse,Real Estate Brokerage Tech,New York,B,greenhouse:urbancompass:8212400
Compass,"Program Coordinator, Leads",San Diego,https://www.compass.com/careers?gh_jid=8212398,not checked (out of scope),0,2026-09-17,2026-10-09,0,,,greenhouse,Real Estate Brokerage Tech,New York,B,greenhouse:urbancompass:8212398
Compass,"Program Manager, Inventory Strategy and Ops","Madison, New Jersey, United States; Manhattan; New York City",https://www.compass.com/careers?gh_jid=8258799,not checked (out of scope),0,2026-10-06,2026-10-09,0,,,greenhouse,Real Estate Brokerage Tech,New York,B,greenhouse:urbancompass:8258799
Compass,Project Management Lead,"CA - San Francisco - 3512 16th Street; Los Angeles, California, United States; Sacramento, California, United States; San Diego, California, United States",https://www.compass.com/careers?gh_jid=8141871,not checked (out of scope),0,2026-08-20,2026-10-09,0,,,greenhouse,Real Estate Brokerage Tech,New York,B,greenhouse:urbancompass:8141871
Compass,Project Management Lead,"Austin, Texas, United States; Miami Beach, Florida, United States; Nashville, Tennessee, United States",https://www.compass.com/careers?gh_jid=8141869,not checked (out of scope),0,2026-08-20,2026-10-09,0,,,greenhouse,Real Estate Brokerage Tech,New York,B,greenhouse:urbancompass:8141869
Compass,Project Management Lead,"Boston, Massachusetts, United States; New York City; Philadelphia, Pennsylvania, United States; Washington, District of Columbia, United States",https://www.compass.com/careers?gh_jid=8141867,not checked (out of scope),0,2026-08-20,2026-10-09,0,,,greenhouse,Real Estate Brokerage Tech,New York,B,greenhouse:urbancompass:8141867
Compass,Sales Development Representative,San Diego,https://www.compass.com/careers?gh_jid=8196298,live,200,2026-09-11,2026-10-09,0,sales,sales,greenhouse,Real Estate Brokerage Tech,New York,B,greenhouse:urbancompass:8196298
Compass,Sales Development Representative,Houston,https://www.compass.com/careers?gh_jid=8224380,live,200,2026-09-22,2026-10-09,0,sales,sales,greenhouse,Real Estate Brokerage Tech,New York,B,greenhouse:urbancompass:8224380
Compass,Sales Development Representative,Seattle,https://www.compass.com/careers?gh_jid=8207924,live,200,2026-09-16,2026-10-09,0,sales,sales,greenhouse,Real Estate Brokerage Tech,New York,B,greenhouse:urbancompass:8207924
Compass,Sales Manager,New Jersey,https://www.compass.com/careers?gh_jid=8184559,"listed in ATS, not rechecked",0,2026-09-07,2026-10-09,0,sales,sales,greenhouse,Real Estate Brokerage Tech,New York,B,greenhouse:urbancompass:8184559
Compass,Sales Manager,Darien; New Canaan,https://www.compass.com/careers?gh_jid=8227435,"listed in ATS, not rechecked",0,2026-09-23,2026-10-09,0,sales,sales,greenhouse,Real Estate Brokerage Tech,New York,B,greenhouse:urbancompass:8227435
Compass,Senior Account Executive,"Charleston, South Carolina, United States",https://www.compass.com/careers?gh_jid=7994512,"listed in ATS, not rechecked",0,2026-06-10,2026-10-09,0,sales,sales,greenhouse,Real Estate Brokerage Tech,New York,B,greenhouse:urbancompass:7994512
Compass,"Senior Associate, Communications","Madison, New Jersey, United States",https://www.compass.com/careers?gh_jid=8234077,live,200,2026-09-25,2026-10-09,0,gtm,,greenhouse,Real Estate Brokerage Tech,New York,B,greenhouse:urbancompass:8234077
Compass,"Senior Associate, Communications",New York City,https://www.compass.com/careers?gh_jid=8234076,live,200,2026-09-25,2026-10-09,0,gtm,,greenhouse,Real Estate Brokerage Tech,New York,B,greenhouse:urbancompass:8234076
Compass,"Senior Manager, Lease Administration",Madison,https://www.compass.com/careers?gh_jid=8214316,not checked (out of scope),0,2026-09-18,2026-10-09,0,,,greenhouse,Real Estate Brokerage Tech,New York,B,greenhouse:urbancompass:8214316
Compass,"Senior Manager, Lease Administration",New York City,https://www.compass.com/careers?gh_jid=8214244,not checked (out of scope),0,2026-09-18,2026-10-09,0,,,greenhouse,Real Estate Brokerage Tech,New York,B,greenhouse:urbancompass:8214244
Compass,"Senior Manager, Product Design",Seattle,https://www.compass.com/careers?gh_jid=8223865,not checked (out of scope),0,2026-09-22,2026-10-09,0,,,greenhouse,Real Estate Brokerage Tech,New York,B,greenhouse:urbancompass:8223865
Compass,"Senior Manager, Product Design",Boston,https://www.compass.com/careers?gh_jid=8223840,not checked (out of scope),0,2026-09-22,2026-10-09,0,,,greenhouse,Real Estate Brokerage Tech,New York,B,greenhouse:urbancompass:8223840
Compass,"Senior Manager, Product Design",New York City,https://www.compass.com/careers?gh_jid=8223140,not checked (out of scope),0,2026-09-22,2026-10-09,0,,,greenhouse,Real Estate Brokerage Tech,New York,B,greenhouse:urbancompass:8223140
Compass,"Senior Manager, Product Design",Boca Raton,https://www.compass.com/careers?gh_jid=8223868,not checked (out of scope),0,2026-09-22,2026-10-09,0,,,greenhouse,Real Estate Brokerage Tech,New York,B,greenhouse:urbancompass:8223868
Compass,"Senior Manager, SEC Reporting & Technical Accounting",New York City,https://www.compass.com/careers?gh_jid=8168362,not checked (out of scope),0,2026-08-31,2026-10-09,0,,,greenhouse,Real Estate Brokerage Tech,New York,B,greenhouse:urbancompass:8168362
Compass,"Senior Product Designer II, CRM",Seattle,https://www.compass.com/careers?gh_jid=8267199,not checked (out of scope),0,2026-10-09,2026-10-09,0,,,greenhouse,Real Estate Brokerage Tech,New York,B,greenhouse:urbancompass:8267199
Compass,"Senior Product Designer II, CRM",Boston,https://www.compass.com/careers?gh_jid=8267197,not checked (out of scope),0,2026-10-09,2026-10-09,0,,,greenhouse,Real Estate Brokerage Tech,New York,B,greenhouse:urbancompass:8267197
Compass,"Senior Product Designer II, CRM",New York City,https://www.compass.com/careers?gh_jid=8265696,not checked (out of scope),0,2026-10-09,2026-10-09,0,,,greenhouse,Real Estate Brokerage Tech,New York,B,greenhouse:urbancompass:8265696
Compass,"Senior Product Designer, Real Estate Transactions",Seattle,https://www.compass.com/careers?gh_jid=8264537,not checked (out of scope),0,2026-10-08,2026-10-09,0,,,greenhouse,Real Estate Brokerage Tech,New York,B,greenhouse:urbancompass:8264537
Compass,"Senior Product Designer, Real Estate Transactions",New York City,https://www.compass.com/careers?gh_jid=8264359,not checked (out of scope),0,2026-10-08,2026-10-09,0,,,greenhouse,Real Estate Brokerage Tech,New York,B,greenhouse:urbancompass:8264359
Compass,"Senior Product Designer, Real Estate Transactions",Boston,https://www.compass.com/careers?gh_jid=8264538,not checked (out of scope),0,2026-10-08,2026-10-09,0,,,greenhouse,Real Estate Brokerage Tech,New York,B,greenhouse:urbancompass:8264538
Compass,Senior Program Manager,New York City,https://www.compass.com/careers?gh_jid=8197002,not checked (out of scope),0,2026-09-14,2026-10-09,0,,,greenhouse,Real Estate Brokerage Tech,New York,B,greenhouse:urbancompass:8197002
Compass,Senior Project Manager,Boston; Philadelphia,https://www.compass.com/careers?gh_jid=8230715,not checked (out of scope),0,2026-09-24,2026-10-09,0,,,greenhouse,Real Estate Brokerage Tech,New York,B,greenhouse:urbancompass:8230715
Compass,Senior Security Engineer - Cloud,"Boston, Massachusetts, United States",https://www.compass.com/careers?gh_jid=8068783,"listed in ATS, not rechecked",0,2026-07-16,2026-10-09,0,engineering,eng,greenhouse,Real Estate Brokerage Tech,New York,B,greenhouse:urbancompass:8068783
Compass,Senior Security Engineer - Cloud,"Seattle, Washington, United States",https://www.compass.com/careers?gh_jid=8068785,"listed in ATS, not rechecked",0,2026-07-16,2026-10-09,0,engineering,eng,greenhouse,Real Estate Brokerage Tech,New York,B,greenhouse:urbancompass:8068785
Compass,Senior Security Engineer - Cloud,Boca Raton,https://www.compass.com/careers?gh_jid=8068788,"listed in ATS, not rechecked",0,2026-07-16,2026-10-09,0,engineering,eng,greenhouse,Real Estate Brokerage Tech,New York,B,greenhouse:urbancompass:8068788
Compass,Senior Security Engineer - Cloud,New York City,https://www.compass.com/careers?gh_jid=8055183,"listed in ATS, not rechecked",0,2026-07-15,2026-10-09,0,engineering,eng,greenhouse,Real Estate Brokerage Tech,New York,B,greenhouse:urbancompass:8055183
Compass,Senior Security Engineer - Enterprise,New York City,https://www.compass.com/careers?gh_jid=8226339,"listed in ATS, not rechecked",0,2026-09-28,2026-10-09,0,engineering,eng,greenhouse,Real Estate Brokerage Tech,New York,B,greenhouse:urbancompass:8226339
Compass,Senior Security Engineer - Enterprise,Boston,https://www.compass.com/careers?gh_jid=8237230,"listed in ATS, not rechecked",0,2026-09-28,2026-10-09,0,engineering,eng,greenhouse,Real Estate Brokerage Tech,New York,B,greenhouse:urbancompass:8237230
Compass,Senior Security Engineer - Enterprise,Seattle,https://www.compass.com/careers?gh_jid=8237231,"listed in ATS, not rechecked",0,2026-09-28,2026-10-09,0,engineering,eng,greenhouse,Real Estate Brokerage Tech,New York,B,greenhouse:urbancompass:8237231
Compass,Senior Security Engineer - Enterprise,Boca Raton,https://www.compass.com/careers?gh_jid=8237232,"listed in ATS, not rechecked",0,2026-09-28,2026-10-09,0,engineering,eng,greenhouse,Real Estate Brokerage Tech,New York,B,greenhouse:urbancompass:8237232
Compass,"Senior Software Engineer - Mobile, iOS",Boca Raton,https://www.compass.com/careers?gh_jid=8256187,live,200,2026-10-05,2026-10-09,0,engineering,eng,greenhouse,Real Estate Brokerage Tech,New York,B,greenhouse:urbancompass:8256187
Compass,"Senior Software Engineer - Mobile, iOS",Seattle,https://www.compass.com/careers?gh_jid=8256186,"listed in ATS, not rechecked",0,2026-10-05,2026-10-09,0,engineering,eng,greenhouse,Real Estate Brokerage Tech,New York,B,greenhouse:urbancompass:8256186
Compass,"Senior Software Engineer - Mobile, iOS",Boston,https://www.compass.com/careers?gh_jid=8256185,"listed in ATS, not rechecked",0,2026-10-05,2026-10-09,0,engineering,eng,greenhouse,Real Estate Brokerage Tech,New York,B,greenhouse:urbancompass:8256185
Compass,"Senior Software Engineer - Mobile, iOS",New York,https://www.compass.com/careers?gh_jid=8226312,"listed in ATS, not rechecked",0,2026-10-05,2026-10-09,0,engineering,eng,greenhouse,Real Estate Brokerage Tech,New York,B,greenhouse:urbancompass:8226312
Compass,Senior Software Engineer I,Boca Raton; Boston; New York City; Seattle,https://www.compass.com/careers?gh_jid=8079249,"listed in ATS, not rechecked",0,2026-07-22,2026-10-09,0,engineering,eng,greenhouse,Real Estate Brokerage Tech,New York,B,greenhouse:urbancompass:8079249
Compass,Senior Software Engineer I - Front End,Boca Raton; Boston; New York City; Seattle,https://www.compass.com/careers?gh_jid=8249576,"listed in ATS, not rechecked",0,2026-10-02,2026-10-09,0,engineering,eng,greenhouse,Real Estate Brokerage Tech,New York,B,greenhouse:urbancompass:8249576
Compass,Senior Software Engineer II,Boca Raton; Boston; New York City; Seattle,https://www.compass.com/careers?gh_jid=5930626,"listed in ATS, not rechecked",0,2024-04-30,2026-10-09,0,engineering,eng,greenhouse,Real Estate Brokerage Tech,New York,B,greenhouse:urbancompass:5930626
Compass,Senior Software Engineer II - Front End,Boca Raton; Boston; New York City; Seattle,https://www.compass.com/careers?gh_jid=8106238,"listed in ATS, not rechecked",0,2026-10-02,2026-10-09,0,engineering,eng,greenhouse,Real Estate Brokerage Tech,New York,B,greenhouse:urbancompass:8106238
Compass,Senior Software Engineer II - Streaming and Durability,"Manhattan, New York, United States",https://www.compass.com/careers?gh_jid=8079586,"listed in ATS, not rechecked",0,2026-07-22,2026-10-09,0,engineering,eng,greenhouse,Real Estate Brokerage Tech,New York,B,greenhouse:urbancompass:8079586
Compass,Senior Software Engineer II - Streaming and Durability,"Boston, Massachusetts, United States",https://www.compass.com/careers?gh_jid=8079585,"listed in ATS, not rechecked",0,2026-07-22,2026-10-09,0,engineering,eng,greenhouse,Real Estate Brokerage Tech,New York,B,greenhouse:urbancompass:8079585
Compass,Senior Software Engineer II- Streaming and Durability,"Seattle, Washington, United States",https://www.compass.com/careers?gh_jid=8080133,"listed in ATS, not rechecked",0,2026-07-22,2026-10-09,0,engineering,eng,greenhouse,Real Estate Brokerage Tech,New York,B,greenhouse:urbancompass:8080133
Compass,Senior Technical Program Manager II,Boston,https://www.compass.com/careers?gh_jid=8243203,not checked (out of scope),0,2026-09-30,2026-10-09,0,,,greenhouse,Real Estate Brokerage Tech,New York,B,greenhouse:urbancompass:8243203
Compass,Senior Technical Program Manager II,New York,https://www.compass.com/careers?gh_jid=8226287,not checked (out of scope),0,2026-09-30,2026-10-09,0,,,greenhouse,Real Estate Brokerage Tech,New York,B,greenhouse:urbancompass:8226287
Compass,Senior Technical Program Manager II,Seattle,https://www.compass.com/careers?gh_jid=8243208,not checked (out of scope),0,2026-09-30,2026-10-09,0,,,greenhouse,Real Estate Brokerage Tech,New York,B,greenhouse:urbancompass:8243208
Compass,"Software Engineer - Mobile, iOS",Boca Raton,https://www.compass.com/careers?gh_jid=8081848,live,200,2026-07-23,2026-10-09,0,engineering,eng,greenhouse,Real Estate Brokerage Tech,New York,B,greenhouse:urbancompass:8081848
Compass,"Software Engineer - Mobile, iOS",Boston,https://www.compass.com/careers?gh_jid=8042532,"listed in ATS, not rechecked",0,2026-07-07,2026-10-09,0,engineering,eng,greenhouse,Real Estate Brokerage Tech,New York,B,greenhouse:urbancompass:8042532
Compass,"Software Engineer - Mobile, iOS",Seattle,https://www.compass.com/careers?gh_jid=8048038,live,200,2026-07-07,2026-10-09,0,engineering,eng,greenhouse,Real Estate Brokerage Tech,New York,B,greenhouse:urbancompass:8048038
Compass,Software Engineer II,"Manhattan, New York, United States",https://www.compass.com/careers?gh_jid=8042469,"listed in ATS, not rechecked",0,2026-07-16,2026-10-09,0,engineering,eng,greenhouse,Real Estate Brokerage Tech,New York,B,greenhouse:urbancompass:8042469
Compass,Software Engineer II - Front End,Boston,https://www.compass.com/careers?gh_jid=8171614,live,200,2026-09-01,2026-10-09,0,engineering,eng,greenhouse,Real Estate Brokerage Tech,New York,B,greenhouse:urbancompass:8171614
Compass,Software Engineer II - Front End,New York City,https://www.compass.com/careers?gh_jid=8042541,live,200,2026-09-01,2026-10-09,0,engineering,eng,greenhouse,Real Estate Brokerage Tech,New York,B,greenhouse:urbancompass:8042541
Compass,Software Engineer II - Front End,Boca Raton,https://www.compass.com/careers?gh_jid=8171610,live,200,2026-09-01,2026-10-09,0,engineering,eng,greenhouse,Real Estate Brokerage Tech,New York,B,greenhouse:urbancompass:8171610
Compass,Software Engineer II- Front End,Seattle,https://www.compass.com/careers?gh_jid=8042542,"listed in ATS, not rechecked",0,2026-09-01,2026-10-09,0,engineering,eng,greenhouse,Real Estate Brokerage Tech,New York,B,greenhouse:urbancompass:8042542
Compass,"Software Engineer- Mobile, iOS",New York City,https://www.compass.com/careers?gh_jid=8042533,live,200,2026-07-07,2026-10-09,0,engineering,eng,greenhouse,Real Estate Brokerage Tech,New York,B,greenhouse:urbancompass:8042533
Compass,Sr Software Engineer - AI DevEx,"Boston, Massachusetts, United States",https://www.compass.com/careers?gh_jid=8042835,"listed in ATS, not rechecked",0,2026-07-01,2026-10-09,0,engineering,eng,greenhouse,Real Estate Brokerage Tech,New York,B,greenhouse:urbancompass:8042835
Compass,Sr Software Engineer - AI DevEx,Boca Raton,https://www.compass.com/careers?gh_jid=8042460,live,200,2026-07-01,2026-10-09,0,engineering,eng,greenhouse,Real Estate Brokerage Tech,New York,B,greenhouse:urbancompass:8042460
Compass,Sr Software Engineer - AI DevEx,"Seattle, Washington, United States",https://www.compass.com/careers?gh_jid=8042836,live,200,2026-07-01,2026-10-09,0,engineering,eng,greenhouse,Real Estate Brokerage Tech,New York,B,greenhouse:urbancompass:8042836
Compass,Sr Software Engineer - AI DevEx,New York City,https://www.compass.com/careers?gh_jid=8042461,live,200,2026-07-01,2026-10-09,0,engineering,eng,greenhouse,Real Estate Brokerage Tech,New York,B,greenhouse:urbancompass:8042461
Compass,Staff Security Engineer - AI,Boston,https://www.compass.com/careers?gh_jid=8243025,"listed in ATS, not rechecked",0,2026-09-30,2026-10-09,0,engineering,eng,greenhouse,Real Estate Brokerage Tech,New York,B,greenhouse:urbancompass:8243025
Compass,Staff Security Engineer - AI,Seattle,https://www.compass.com/careers?gh_jid=8243028,"listed in ATS, not rechecked",0,2026-09-30,2026-10-09,0,engineering,eng,greenhouse,Real Estate Brokerage Tech,New York,B,greenhouse:urbancompass:8243028
Compass,Staff Security Engineer - AI,New York City,https://www.compass.com/careers?gh_jid=8226338,"listed in ATS, not rechecked",0,2026-09-30,2026-10-09,0,engineering,eng,greenhouse,Real Estate Brokerage Tech,New York,B,greenhouse:urbancompass:8226338
Compass,Staff Security Engineer - AI,Boca Raton,https://www.compass.com/careers?gh_jid=8243031,"listed in ATS, not rechecked",0,2026-09-30,2026-10-09,0,engineering,eng,greenhouse,Real Estate Brokerage Tech,New York,B,greenhouse:urbancompass:8243031
Compass,"Staff Security Engineer, Product Security And Architecture",Boston,https://www.compass.com/careers?gh_jid=8079843,live,200,2026-07-22,2026-10-09,0,engineering,eng,greenhouse,Real Estate Brokerage Tech,New York,B,greenhouse:urbancompass:8079843
Compass,"Staff Security Engineer, Product Security and Architecture",New York City,https://www.compass.com/careers?gh_jid=8075436,"listed in ATS, not rechecked",0,2026-07-21,2026-10-09,0,engineering,eng,greenhouse,Real Estate Brokerage Tech,New York,B,greenhouse:urbancompass:8075436
Compass,"Staff Security Engineer, Product Security and Architecture",Boca Raton,https://www.compass.com/careers?gh_jid=8080100,"listed in ATS, not rechecked",0,2026-07-22,2026-10-09,0,engineering,eng,greenhouse,Real Estate Brokerage Tech,New York,B,greenhouse:urbancompass:8080100
Compass,"Staff Security Engineer, Product Security and Architecture","Seattle, Washington, United States",https://www.compass.com/careers?gh_jid=8080092,"listed in ATS, not rechecked",0,2026-07-22,2026-10-09,0,engineering,eng,greenhouse,Real Estate Brokerage Tech,New York,B,greenhouse:urbancompass:8080092
Compass,Staff Software Engineer - Front End,"Boston, Massachusetts, United States",https://www.compass.com/careers?gh_jid=8168073,"listed in ATS, not rechecked",0,2026-08-31,2026-10-09,0,engineering,eng,greenhouse,Real Estate Brokerage Tech,New York,B,greenhouse:urbancompass:8168073
Compass,Staff Software Engineer - Front End,"Manhattan, New York, United States; New York City",https://www.compass.com/careers?gh_jid=8189557,"listed in ATS, not rechecked",0,2026-09-09,2026-10-09,0,engineering,eng,greenhouse,Real Estate Brokerage Tech,New York,B,greenhouse:urbancompass:8189557
Compass,Staff Software Engineer - Front End,Bellevue; Seattle,https://www.compass.com/careers?gh_jid=7843672,live,200,2026-04-22,2026-10-09,0,engineering,eng,greenhouse,Real Estate Brokerage Tech,New York,B,greenhouse:urbancompass:7843672
Compass,Strategic Growth Associate,"Houston, Texas, United States",https://www.compass.com/careers?gh_jid=8092329,"listed in ATS, not rechecked",0,2026-07-29,2026-10-09,0,gtm,,greenhouse,Real Estate Brokerage Tech,New York,B,greenhouse:urbancompass:8092329
Compass,Strategic Growth Associate,"Los Angeles, California, United States",https://www.compass.com/careers?gh_jid=8074495,"listed in ATS, not rechecked",0,2026-07-29,2026-10-09,0,gtm,,greenhouse,Real Estate Brokerage Tech,New York,B,greenhouse:urbancompass:8074495
Compass,Strategic Growth Associate,"Boston, Massachusetts, United States",https://www.compass.com/careers?gh_jid=8074499,live,200,2026-07-29,2026-10-09,0,gtm,,greenhouse,Real Estate Brokerage Tech,New York,B,greenhouse:urbancompass:8074499
Compass,Strategic Growth Manager,Atlanta,https://www.compass.com/careers?gh_jid=8226996,"listed in ATS, not rechecked",0,2026-09-23,2026-10-09,0,gtm,,greenhouse,Real Estate Brokerage Tech,New York,B,greenhouse:urbancompass:8226996
Compass,Strategic Growth Manager,"Saint Petersburg, Florida, United States",https://www.compass.com/careers?gh_jid=8092049,"listed in ATS, not rechecked",0,2026-07-28,2026-10-09,0,gtm,,greenhouse,Real Estate Brokerage Tech,New York,B,greenhouse:urbancompass:8092049
Compass,Strategic Growth Manager,FL - Tampa - 3615 Bromley Grand Ave,https://www.compass.com/careers?gh_jid=8092055,"listed in ATS, not rechecked",0,2026-07-28,2026-10-09,0,gtm,,greenhouse,Real Estate Brokerage Tech,New York,B,greenhouse:urbancompass:8092055
Compass,Strategic Growth Manager,"Salt Lake City, Utah, United States",https://www.compass.com/careers?gh_jid=7990578,"listed in ATS, not rechecked",0,2026-07-31,2026-10-09,0,gtm,,greenhouse,Real Estate Brokerage Tech,New York,B,greenhouse:urbancompass:7990578
Compass,Strategic Growth Manager,"Charleston, South Carolina, United States",https://www.compass.com/careers?gh_jid=7961398,live,200,2026-06-05,2026-10-09,0,gtm,,greenhouse,Real Estate Brokerage Tech,New York,B,greenhouse:urbancompass:7961398
Compass,Strategic Growth Manager,Milwaukee,https://www.compass.com/careers?gh_jid=7961414,"listed in ATS, not rechecked",0,2026-07-31,2026-10-09,0,gtm,,greenhouse,Real Estate Brokerage Tech,New York,B,greenhouse:urbancompass:7961414
Compass,Strategic Growth Manager,"Sacramento, California, United States",https://www.compass.com/careers?gh_jid=7961404,"listed in ATS, not rechecked",0,2026-06-08,2026-10-09,0,gtm,,greenhouse,Real Estate Brokerage Tech,New York,B,greenhouse:urbancompass:7961404
Compass,Strategic Growth Manager,Denver,https://www.compass.com/careers?gh_jid=8189736,"listed in ATS, not rechecked",0,2026-09-09,2026-10-09,0,gtm,,greenhouse,Real Estate Brokerage Tech,New York,B,greenhouse:urbancompass:8189736
Compass,Strategic Growth Manager,"Austin, Texas, United States",https://www.compass.com/careers?gh_jid=8089046,live,200,2026-07-27,2026-10-09,0,gtm,,greenhouse,Real Estate Brokerage Tech,New York,B,greenhouse:urbancompass:8089046
Compass,Strategic Growth Manager,"Cincinnati, Ohio, United States; Columbus, Ohio, United States",https://www.compass.com/careers?gh_jid=7964763,live,200,2026-07-31,2026-10-09,0,gtm,,greenhouse,Real Estate Brokerage Tech,New York,B,greenhouse:urbancompass:7964763
Compass,Strategic Growth Manager,WA - Seattle - Tacoma - 4701 S 19th Street,https://www.compass.com/careers?gh_jid=7964761,"listed in ATS, not rechecked",0,2026-07-31,2026-10-09,0,gtm,,greenhouse,Real Estate Brokerage Tech,New York,B,greenhouse:urbancompass:7964761
Compass,Strategic Growth Manager,GA - Marietta - 145 Church St Suite 100,https://www.compass.com/careers?gh_jid=7961420,"listed in ATS, not rechecked",0,2026-07-30,2026-10-09,0,gtm,,greenhouse,Real Estate Brokerage Tech,New York,B,greenhouse:urbancompass:7961420
Compass,Strategic Growth Manager,"San Jose, California, United States",https://www.compass.com/careers?gh_jid=7961402,"listed in ATS, not rechecked",0,2026-06-08,2026-10-09,0,gtm,,greenhouse,Real Estate Brokerage Tech,New York,B,greenhouse:urbancompass:7961402
Compass,Strategic Growth Partner,"Bellevue, Washington, United States; Seattle, Washington, United States",https://www.compass.com/careers?gh_jid=8092364,"listed in ATS, not rechecked",0,2026-07-29,2026-10-09,0,gtm,,greenhouse,Real Estate Brokerage Tech,New York,B,greenhouse:urbancompass:8092364
Compass,Strategic Growth Partner,"Atlanta, Georgia, United States",https://www.compass.com/careers?gh_jid=8231678,live,200,2026-09-24,2026-10-09,0,gtm,,greenhouse,Real Estate Brokerage Tech,New York,B,greenhouse:urbancompass:8231678
Compass,Strategic Growth Partner,Houston,https://www.compass.com/careers?gh_jid=8223870,"listed in ATS, not rechecked",0,2026-09-22,2026-10-09,0,gtm,,greenhouse,Real Estate Brokerage Tech,New York,B,greenhouse:urbancompass:8223870
Compass,Strategic Growth Partner,"San Diego, California, United States",https://www.compass.com/careers?gh_jid=8192551,"listed in ATS, not rechecked",0,2026-09-11,2026-10-09,0,gtm,,greenhouse,Real Estate Brokerage Tech,New York,B,greenhouse:urbancompass:8192551
Compass,Strategic Growth Partner,"Chevy Chase, Maryland, United States",https://www.compass.com/careers?gh_jid=8231401,"listed in ATS, not rechecked",0,2026-09-24,2026-10-09,0,gtm,,greenhouse,Real Estate Brokerage Tech,New York,B,greenhouse:urbancompass:8231401
Compass,Technical Recruiter,"Madison, New Jersey, United States",https://www.compass.com/careers?gh_jid=8186396,not checked (out of scope),0,2026-09-08,2026-10-09,0,,,greenhouse,Real Estate Brokerage Tech,New York,B,greenhouse:urbancompass:8186396
Compass,Technical Recruiter,Austin,https://www.compass.com/careers?gh_jid=8186390,not checked (out of scope),0,2026-09-08,2026-10-09,0,,,greenhouse,Real Estate Brokerage Tech,New York,B,greenhouse:urbancompass:8186390
Compass,Technical Recruiter,"Los Angeles, California, United States",https://www.compass.com/careers?gh_jid=8186375,not checked (out of scope),0,2026-09-08,2026-10-09,0,,,greenhouse,Real Estate Brokerage Tech,New York,B,greenhouse:urbancompass:8186375
Compass,Technical Recruiter,New York City,https://www.compass.com/careers?gh_jid=8179681,not checked (out of scope),0,2026-09-08,2026-10-09,0,,,greenhouse,Real Estate Brokerage Tech,New York,B,greenhouse:urbancompass:8179681
Compass,Technical Recruiter,Texas,https://www.compass.com/careers?gh_jid=8262023,not checked (out of scope),0,2026-10-07,2026-10-09,0,,,greenhouse,Real Estate Brokerage Tech,New York,B,greenhouse:urbancompass:8262023
Compass,Technical Recruiter,"San Diego, California, United States",https://www.compass.com/careers?gh_jid=8186394,not checked (out of scope),0,2026-09-08,2026-10-09,0,,,greenhouse,Real Estate Brokerage Tech,New York,B,greenhouse:urbancompass:8186394
Compass,Transaction Coordinator,Tampa,https://www.compass.com/careers?gh_jid=8171621,not checked (out of scope),0,2026-09-01,2026-10-09,0,,,greenhouse,Real Estate Brokerage Tech,New York,B,greenhouse:urbancompass:8171621
Compass,Transaction Coordinator,Miami Beach,https://www.compass.com/careers?gh_jid=8163110,not checked (out of scope),0,2026-09-01,2026-10-09,0,,,greenhouse,Real Estate Brokerage Tech,New York,B,greenhouse:urbancompass:8163110
Compass,Transaction Coordinator,Fort Lauderdale,https://www.compass.com/careers?gh_jid=8171617,not checked (out of scope),0,2026-09-01,2026-10-09,0,,,greenhouse,Real Estate Brokerage Tech,New York,B,greenhouse:urbancompass:8171617
Compass,Transaction Coordinator,"Seattle, Washington, United States",https://www.compass.com/careers?gh_jid=8227171,not checked (out of scope),0,2026-09-24,2026-10-09,0,,,greenhouse,Real Estate Brokerage Tech,New York,B,greenhouse:urbancompass:8227171
Compass,Transaction Coordinator,"New Orleans, Louisiana, United States",https://www.compass.com/careers?gh_jid=8202640,not checked (out of scope),0,2026-09-14,2026-10-09,0,,,greenhouse,Real Estate Brokerage Tech,New York,B,greenhouse:urbancompass:8202640
Compass,Transaction Coordinator,New Jersey,https://www.compass.com/careers?gh_jid=8163371,not checked (out of scope),0,2026-08-28,2026-10-09,0,,,greenhouse,Real Estate Brokerage Tech,New York,B,greenhouse:urbancompass:8163371
Compass,"VP Brokerage Services, @properties Christie's International Real Estate",Chicago,https://www.compass.com/careers?gh_jid=8092760,live,200,2026-07-28,2026-10-09,0,executive,leadership,greenhouse,Real Estate Brokerage Tech,New York,B,greenhouse:urbancompass:8092760
Compass,"VP, Data Products & Solutions","Dallas, Texas, United States",https://www.compass.com/careers?gh_jid=8140452,"listed in ATS, not rechecked",0,2026-08-20,2026-10-09,0,executive,,greenhouse,Real Estate Brokerage Tech,New York,B,greenhouse:urbancompass:8140452
Compass,"VP, Data Products & Solutions",New York City,https://www.compass.com/careers?gh_jid=8140301,"listed in ATS, not rechecked",0,2026-08-19,2026-10-09,0,executive,,greenhouse,Real Estate Brokerage Tech,New York,B,greenhouse:urbancompass:8140301
Compass,"VP, Data Products & Solutions","Seattle, Washington, United States",https://www.compass.com/careers?gh_jid=8156276,live,200,2026-08-25,2026-10-09,0,executive,,greenhouse,Real Estate Brokerage Tech,New York,B,greenhouse:urbancompass:8156276
Compass,"VP, Data Products & Solutions","Boston, Massachusetts, United States",https://www.compass.com/careers?gh_jid=8156277,"listed in ATS, not rechecked",0,2026-08-25,2026-10-09,0,executive,,greenhouse,Real Estate Brokerage Tech,New York,B,greenhouse:urbancompass:8156277
Compass,WPO & Facilities Manager,Miami Beach,https://www.compass.com/careers?gh_jid=8103065,not checked (out of scope),0,2026-10-02,2026-10-09,0,,,greenhouse,Real Estate Brokerage Tech,New York,B,greenhouse:urbancompass:8103065
Compass,WPO & Facilities Manager,"Boston; Stamford, Connecticut, United States",https://www.compass.com/careers?gh_jid=8257263,not checked (out of scope),0,2026-10-05,2026-10-09,0,,,greenhouse,Real Estate Brokerage Tech,New York,B,greenhouse:urbancompass:8257263
Compass,WPO & Facilities Manager,"Providence, Rhode Island, United States",https://www.compass.com/careers?gh_jid=8257258,not checked (out of scope),0,2026-10-05,2026-10-09,0,,,greenhouse,Real Estate Brokerage Tech,New York,B,greenhouse:urbancompass:8257258
Compass,Workplace Operations & Facilities Lead,"Los Angeles, California, United States; San Diego, California, United States; San Francisco, California, United States",https://www.compass.com/careers?gh_jid=8220646,not checked (out of scope),0,2026-09-21,2026-10-09,0,,ops,greenhouse,Real Estate Brokerage Tech,New York,B,greenhouse:urbancompass:8220646
Compass,Workplace Operations & Facilities Lead,Miami Beach,https://www.compass.com/careers?gh_jid=8103910,not checked (out of scope),0,2026-08-04,2026-10-09,0,,ops,greenhouse,Real Estate Brokerage Tech,New York,B,greenhouse:urbancompass:8103910
Compass,Workplace Operations & Facilities Lead,New York City,https://www.compass.com/careers?gh_jid=8055653,not checked (out of scope),0,2026-07-13,2026-10-09,0,,ops,greenhouse,Real Estate Brokerage Tech,New York,B,greenhouse:urbancompass:8055653
Convene,"A1 Audio Engineer, Live Events (part-time)","New York, NY",https://job-boards.greenhouse.io/convene/jobs/8180337,not checked (out of scope),0,2026-09-04,2026-09-24,15,,eng,greenhouse,Flexible Workspace / Meeting Venues,New York,B,greenhouse:convene:8180337
Convene,Account Manager,"London, UK",https://job-boards.greenhouse.io/convene/jobs/8158887,live,200,2026-08-26,2026-09-24,15,gtm,customer,greenhouse,Flexible Workspace / Meeting Venues,New York,B,greenhouse:convene:8158887
Convene,"Area Director of Operations, Live Events","New York, NY",https://job-boards.greenhouse.io/convene/jobs/8180445,not checked (out of scope),0,2026-09-04,2026-09-24,15,,leadership,greenhouse,Flexible Workspace / Meeting Venues,New York,B,greenhouse:convene:8180445
Convene,Audio Visual Event Technology Manager,"New York, NY",https://job-boards.greenhouse.io/convene/jobs/8236672,not checked (out of scope),0,2026-09-28,2026-09-28,11,,,greenhouse,Flexible Workspace / Meeting Venues,New York,B,greenhouse:convene:8236672
Convene,"Audio Visual Technician, Live Events","New York, NY",https://job-boards.greenhouse.io/convene/jobs/8244403,not checked (out of scope),0,2026-09-30,2026-09-30,9,,,greenhouse,Flexible Workspace / Meeting Venues,New York,B,greenhouse:convene:8244403
Convene,Bartender - Flex,"New York, NY",https://job-boards.greenhouse.io/convene/jobs/8212671,not checked (out of scope),0,2026-09-17,2026-09-24,15,,,greenhouse,Flexible Workspace / Meeting Venues,New York,B,greenhouse:convene:8212671
Convene,Business Development Manager,"London, UK",https://job-boards.greenhouse.io/convene/jobs/8237057,live,200,2026-09-28,2026-09-28,11,sales,sales,greenhouse,Flexible Workspace / Meeting Venues,New York,B,greenhouse:convene:8237057
Convene,Cafe Attendant,"Boston, MA",https://job-boards.greenhouse.io/convene/jobs/8243534,not checked (out of scope),0,2026-09-30,2026-09-30,9,,,greenhouse,Flexible Workspace / Meeting Venues,New York,B,greenhouse:convene:8243534
Convene,Chef De Partie,"London, UK",https://job-boards.greenhouse.io/convene/jobs/8260851,not checked (out of scope),0,2026-10-07,2026-10-09,0,,,greenhouse,Flexible Workspace / Meeting Venues,New York,B,greenhouse:convene:8260851
Convene,Cleaner- Client Support Team,"London, UK",https://job-boards.greenhouse.io/convene/jobs/8104960,not checked (out of scope),0,2026-08-05,2026-09-24,15,,customer,greenhouse,Flexible Workspace / Meeting Venues,New York,B,greenhouse:convene:8104960
Convene,Conference & Events Assistant- Client Support Team,"London, UK",https://job-boards.greenhouse.io/convene/jobs/7925925,not checked (out of scope),0,2026-05-14,2026-09-24,15,,customer,greenhouse,Flexible Workspace / Meeting Venues,New York,B,greenhouse:convene:7925925
Convene,Conference & Events Lead,"London, UK",https://job-boards.greenhouse.io/convene/jobs/8158894,not checked (out of scope),0,2026-10-06,2026-10-09,0,,,greenhouse,Flexible Workspace / Meeting Venues,New York,B,greenhouse:convene:8158894
Convene,Conference & Events Manager,London,https://job-boards.greenhouse.io/convene/jobs/8210482,not checked (out of scope),0,2026-09-17,2026-09-24,15,,,greenhouse,Flexible Workspace / Meeting Venues,New York,B,greenhouse:convene:8210482
Convene,"Director, Global Agency Partnerships (Meetings & Events)","New York, NY",https://job-boards.greenhouse.io/convene/jobs/8260232,live,200,2026-10-06,2026-10-09,0,sales,leadership,greenhouse,Flexible Workspace / Meeting Venues,New York,B,greenhouse:convene:8260232
Convene,Event Manager- Live Events!,"London, UK",https://job-boards.greenhouse.io/convene/jobs/8083168,not checked (out of scope),0,2026-07-24,2026-09-24,15,,,greenhouse,Flexible Workspace / Meeting Venues,New York,B,greenhouse:convene:8083168
Convene,Executive Chef,"Chicago, IL",https://job-boards.greenhouse.io/convene/jobs/8265663,not checked (out of scope),0,2026-10-08,2026-10-09,0,,,greenhouse,Flexible Workspace / Meeting Venues,New York,B,greenhouse:convene:8265663
Convene,"Executive Chef- Live Events, New Opening!","London, UK",https://job-boards.greenhouse.io/convene/jobs/8147707,not checked (out of scope),0,2026-08-21,2026-09-24,15,,,greenhouse,Flexible Workspace / Meeting Venues,New York,B,greenhouse:convene:8147707
Convene,Facilities Assistant- Client Support Team,"London, UK",https://job-boards.greenhouse.io/convene/jobs/8143631,not checked (out of scope),0,2026-08-20,2026-09-24,15,,customer,greenhouse,Flexible Workspace / Meeting Venues,New York,B,greenhouse:convene:8143631
Convene,Food & Beverage Supervisor (Monday-Friday),"London, UK",https://job-boards.greenhouse.io/convene/jobs/7742425,not checked (out of scope),0,2026-03-23,2026-09-24,15,,,greenhouse,Flexible Workspace / Meeting Venues,New York,B,greenhouse:convene:7742425
Convene,Food & Beverage Supervisor (Monday-Friday),"Manchester, UK",https://job-boards.greenhouse.io/convene/jobs/8185864,not checked (out of scope),0,2026-09-08,2026-09-24,15,,,greenhouse,Flexible Workspace / Meeting Venues,New York,B,greenhouse:convene:8185864
Convene,Front of House Attendant,"New York, NY",https://job-boards.greenhouse.io/convene/jobs/8187031,not checked (out of scope),0,2026-09-08,2026-09-24,15,,,greenhouse,Flexible Workspace / Meeting Venues,New York,B,greenhouse:convene:8187031
Convene,"General Manager, Live Events","New York, NY",https://job-boards.greenhouse.io/convene/jobs/8160867,live,200,2026-08-26,2026-09-24,15,executive,leadership,greenhouse,Flexible Workspace / Meeting Venues,New York,B,greenhouse:convene:8160867
Convene,Head Chef -Live Events (New Opening!),"London, UK",https://job-boards.greenhouse.io/convene/jobs/8158031,not checked (out of scope),0,2026-08-26,2026-09-24,15,,,greenhouse,Flexible Workspace / Meeting Venues,New York,B,greenhouse:convene:8158031
Convene,Helpdesk Support Analyst,"London, UK",https://job-boards.greenhouse.io/convene/jobs/8213831,not checked (out of scope),0,2026-09-18,2026-09-24,15,,customer,greenhouse,Flexible Workspace / Meeting Venues,New York,B,greenhouse:convene:8213831
Convene,Hospitality Coordinator,"New York, NY",https://job-boards.greenhouse.io/convene/jobs/8213783,not checked (out of scope),0,2026-09-18,2026-09-24,15,,,greenhouse,Flexible Workspace / Meeting Venues,New York,B,greenhouse:convene:8213783
Convene,Hospitality Event Server,"New York, New York",https://job-boards.greenhouse.io/convene/jobs/8042083,not checked (out of scope),0,2026-07-09,2026-09-24,15,,,greenhouse,Flexible Workspace / Meeting Venues,New York,B,greenhouse:convene:8042083
Convene,Hospitality/Event Coordinator- Live Events,"London, UK",https://job-boards.greenhouse.io/convene/jobs/8213339,not checked (out of scope),0,2026-09-18,2026-09-24,15,,,greenhouse,Flexible Workspace / Meeting Venues,New York,B,greenhouse:convene:8213339
Convene,"L1 Lighting Engineer, Live Events (part-time)","New York, NY",https://job-boards.greenhouse.io/convene/jobs/8180353,not checked (out of scope),0,2026-09-04,2026-09-24,15,,eng,greenhouse,Flexible Workspace / Meeting Venues,New York,B,greenhouse:convene:8180353
Convene,Line Cook,"New York, NY",https://job-boards.greenhouse.io/convene/jobs/8267755,not checked (out of scope),0,2026-10-09,2026-10-09,0,,,greenhouse,Flexible Workspace / Meeting Venues,New York,B,greenhouse:convene:8267755
Convene,Line Cook,"San Francisco, CA",https://job-boards.greenhouse.io/convene/jobs/8196629,not checked (out of scope),0,2026-09-11,2026-09-24,15,,,greenhouse,Flexible Workspace / Meeting Venues,New York,B,greenhouse:convene:8196629
Convene,Sales Executive- Live Meetings & Events,"London, UK",https://job-boards.greenhouse.io/convene/jobs/8236681,live,200,2026-09-28,2026-09-28,11,sales,sales,greenhouse,Flexible Workspace / Meeting Venues,New York,B,greenhouse:convene:8236681
Convene,Senior Account Manager,"London, UK",https://job-boards.greenhouse.io/convene/jobs/7967028,live,200,2026-05-29,2026-09-24,15,gtm,customer,greenhouse,Flexible Workspace / Meeting Venues,New York,B,greenhouse:convene:7967028
Convene,"Senior Audio Visual Technician, Live Events","London, UK",https://job-boards.greenhouse.io/convene/jobs/8189201,not checked (out of scope),0,2026-09-09,2026-09-24,15,,,greenhouse,Flexible Workspace / Meeting Venues,New York,B,greenhouse:convene:8189201
Convene,"Senior Conference & Events Manager- Live Events, New Opening!","London, UK",https://job-boards.greenhouse.io/convene/jobs/8201578,not checked (out of scope),0,2026-09-17,2026-09-24,15,,,greenhouse,Flexible Workspace / Meeting Venues,New York,B,greenhouse:convene:8201578
Convene,Senior Event Manager,"London, UK",https://job-boards.greenhouse.io/convene/jobs/8246252,not checked (out of scope),0,2026-10-01,2026-10-02,7,,,greenhouse,Flexible Workspace / Meeting Venues,New York,B,greenhouse:convene:8246252
Convene,"Senior Event Production Manager- Live Events, New Opening!","London, UK",https://job-boards.greenhouse.io/convene/jobs/8207777,not checked (out of scope),0,2026-09-17,2026-09-24,15,,,greenhouse,Flexible Workspace / Meeting Venues,New York,B,greenhouse:convene:8207777
Convene,Senior Network Engineer,"New York, NY",https://job-boards.greenhouse.io/convene/jobs/8092500,live,200,2026-07-28,2026-09-24,15,engineering,eng,greenhouse,Flexible Workspace / Meeting Venues,New York,B,greenhouse:convene:8092500
Convene,"Senior Sales Executive, Corporate & Social Events","New York, NY",https://job-boards.greenhouse.io/convene/jobs/8211900,live,200,2026-09-17,2026-09-24,15,sales,sales,greenhouse,Flexible Workspace / Meeting Venues,New York,B,greenhouse:convene:8211900
Convene,"Senior Sales Executive, Corporate Meetings & Events","San Francisco, CA",https://job-boards.greenhouse.io/convene/jobs/8260250,live,200,2026-10-06,2026-10-09,0,sales,sales,greenhouse,Flexible Workspace / Meeting Venues,New York,B,greenhouse:convene:8260250
Convene,Senior | Staff Product Engineer,Remote (US East Coast / Eastern Time Zone Preferred),https://job-boards.greenhouse.io/convene/jobs/8260223,live,200,2026-10-09,2026-10-09,0,engineering,eng,greenhouse,Flexible Workspace / Meeting Venues,New York,B,greenhouse:convene:8260223
Convene,Sous Chef,"San Francisco, CA",https://job-boards.greenhouse.io/convene/jobs/8257373,not checked (out of scope),0,2026-10-05,2026-10-09,0,,,greenhouse,Flexible Workspace / Meeting Venues,New York,B,greenhouse:convene:8257373
Convene,"V1 Video Engineer, Live Events","New York, NY",https://job-boards.greenhouse.io/convene/jobs/8240618,not checked (out of scope),0,2026-09-29,2026-09-30,9,,eng,greenhouse,Flexible Workspace / Meeting Venues,New York,B,greenhouse:convene:8240618
Convene,"Venue Manager- Live Events, New Opening!","London, UK",https://job-boards.greenhouse.io/convene/jobs/8207733,not checked (out of scope),0,2026-09-17,2026-09-24,15,,,greenhouse,Flexible Workspace / Meeting Venues,New York,B,greenhouse:convene:8207733
Crexi,"Account Executive, Intelligence (Los Angeles)","Playa Vista, Ca",https://job-boards.greenhouse.io/crexi/jobs/4649730005,live,200,2026-01-14,2026-09-24,15,sales,sales,greenhouse,CRE Marketplace & Data,California,B,greenhouse:crexi:4649730005
Crexi,"Account Executive, Intelligence (Miami)","Miami, FL",https://job-boards.greenhouse.io/crexi/jobs/4649743005,live,200,2026-01-14,2026-09-24,15,sales,sales,greenhouse,CRE Marketplace & Data,California,B,greenhouse:crexi:4649743005
Crexi,"Account Executive, Pro (Los Angeles)","Playa Vista, Ca",https://job-boards.greenhouse.io/crexi/jobs/4648939005,live,200,2026-01-14,2026-09-24,15,sales,sales,greenhouse,CRE Marketplace & Data,California,B,greenhouse:crexi:4648939005
Crexi,"Account Executive, Pro (Miami)","Miami, FL",https://job-boards.greenhouse.io/crexi/jobs/4648940005,live,200,2026-01-14,2026-09-24,15,sales,sales,greenhouse,CRE Marketplace & Data,California,B,greenhouse:crexi:4648940005
Crexi,"Manager, Software Engineering",Los Angeles,https://job-boards.greenhouse.io/crexi/jobs/4723629005,live,200,2026-08-12,2026-09-24,15,engineering,eng,greenhouse,CRE Marketplace & Data,California,B,greenhouse:crexi:4723629005
Crexi,"Sales Development Representative, Intelligence (Los Angeles)","Playa Vista, Ca",https://job-boards.greenhouse.io/crexi/jobs/4649714005,live,200,2026-01-21,2026-09-24,15,sales,sales,greenhouse,CRE Marketplace & Data,California,B,greenhouse:crexi:4649714005
Crexi,"Sales Development Representative, Intelligence (Miami)","Miami, FL",https://job-boards.greenhouse.io/crexi/jobs/4649735005,live,200,2026-01-21,2026-09-24,15,sales,sales,greenhouse,CRE Marketplace & Data,California,B,greenhouse:crexi:4649735005
Crexi,"Sales Development Representative, Pro (Los Angeles)","Playa Vista, Ca",https://job-boards.greenhouse.io/crexi/jobs/4649741005,live,200,2026-01-21,2026-09-24,15,sales,sales,greenhouse,CRE Marketplace & Data,California,B,greenhouse:crexi:4649741005
Crexi,"Sales Development Representative, Pro (Miami)","Miami, FL",https://job-boards.greenhouse.io/crexi/jobs/4649747005,live,200,2026-01-21,2026-09-24,15,sales,sales,greenhouse,CRE Marketplace & Data,California,B,greenhouse:crexi:4649747005
Crexi,Senior AI Engineer,United States,https://job-boards.greenhouse.io/crexi/jobs/4723615005,live,200,2026-08-12,2026-09-24,15,engineering,eng,greenhouse,CRE Marketplace & Data,California,B,greenhouse:crexi:4723615005
Crexi,Senior Data Engineer,Los Angeles,https://job-boards.greenhouse.io/crexi/jobs/4724138005,live,200,2026-08-13,2026-09-24,15,engineering,eng,greenhouse,CRE Marketplace & Data,California,B,greenhouse:crexi:4724138005
Crexi,Senior Product Designer,United States,https://job-boards.greenhouse.io/crexi/jobs/4728132005,not checked (out of scope),0,2026-08-26,2026-09-24,15,,,greenhouse,CRE Marketplace & Data,California,B,greenhouse:crexi:4728132005
Crexi,Senior Product Manager,United States,https://job-boards.greenhouse.io/crexi/jobs/4728120005,not checked (out of scope),0,2026-08-26,2026-09-24,15,,product,greenhouse,CRE Marketplace & Data,California,B,greenhouse:crexi:4728120005
Crexi,Senior Product Marketing Manager,"Playa Vista, CA",https://job-boards.greenhouse.io/crexi/jobs/4728816005,live,200,2026-08-28,2026-09-24,15,gtm,,greenhouse,CRE Marketplace & Data,California,B,greenhouse:crexi:4728816005
Crexi,Senior Security Engineer,United States,https://job-boards.greenhouse.io/crexi/jobs/4723659005,live,200,2026-08-12,2026-09-24,15,engineering,eng,greenhouse,CRE Marketplace & Data,California,B,greenhouse:crexi:4723659005
Crexi,Senior Software Engineer- Full Stack,United States,https://job-boards.greenhouse.io/crexi/jobs/4679227005,live,200,2026-03-30,2026-09-24,15,engineering,eng,greenhouse,CRE Marketplace & Data,California,B,greenhouse:crexi:4679227005
Doma,"Director, Platform Engineering",Remote USA,https://job-boards.greenhouse.io/doma/jobs/8167584,live,200,2026-08-31,2026-09-24,15,engineering,leadership,greenhouse,Title Insurance / Mortgage Tech,California,B,greenhouse:doma:8167584
Doma,General Counsel,Remote USA,https://job-boards.greenhouse.io/doma/jobs/8202941,not checked (out of scope),0,2026-09-28,2026-09-28,11,,,greenhouse,Title Insurance / Mortgage Tech,California,B,greenhouse:doma:8202941
Doma,IT Specialist,Remote USA,https://job-boards.greenhouse.io/doma/jobs/8219586,not checked (out of scope),0,2026-09-21,2026-09-24,15,,,greenhouse,Title Insurance / Mortgage Tech,California,B,greenhouse:doma:8219586
Doma,IT Specialist,Remote USA,https://job-boards.greenhouse.io/doma/jobs/8219588,not checked (out of scope),0,2026-09-21,2026-09-24,15,,,greenhouse,Title Insurance / Mortgage Tech,California,B,greenhouse:doma:8219588
Envoy,Demand Generation Manager,"San Francisco, CA",https://jobs.ashbyhq.com/envoy/0a8ce051-c533-4c9e-a4d8-577ccf33b7bb,live,200,2026-09-11,2026-09-24,15,gtm,,ashby,Workplace Experience Platform,California,B,ashby:envoy:0a8ce051-c533-4c9e-a4d8-577ccf33b7bb
Envoy,EMEA Outbound BDR,"London, United Kingdom",https://jobs.ashbyhq.com/envoy/50fb0d1e-fa3a-4f05-b40f-df0149882eec,live,200,2026-09-12,2026-09-24,15,sales,sales,ashby,Workplace Experience Platform,California,B,ashby:envoy:50fb0d1e-fa3a-4f05-b40f-df0149882eec
Envoy,EMEA SMB Account Executive,"London, United Kingdom",https://jobs.ashbyhq.com/envoy/994f31d8-2e8d-4e60-bdb4-6f1315b22967,live,200,2026-08-13,2026-09-24,15,sales,sales,ashby,Workplace Experience Platform,California,B,ashby:envoy:994f31d8-2e8d-4e60-bdb4-6f1315b22967
Envoy,"Member of Technical Staff Engineer, Full-Stack (Staff)","San Francisco, CA",https://jobs.ashbyhq.com/envoy/fb56e24e-41dc-45d8-9bdb-b059635fb7a6,live,200,2026-07-28,2026-09-24,15,engineering,eng,ashby,Workplace Experience Platform,California,B,ashby:envoy:fb56e24e-41dc-45d8-9bdb-b059635fb7a6
Envoy,"Member of Technical Staff, Admin Experiences","San Francisco, CA",https://jobs.ashbyhq.com/envoy/f8fa0c7b-df47-4bca-a094-ba4f4a9bb290,live,200,2026-09-16,2026-09-24,15,engineering,,ashby,Workplace Experience Platform,California,B,ashby:envoy:f8fa0c7b-df47-4bca-a094-ba4f4a9bb290
Envoy,"Member of Technical Staff, Fullstack","San Francisco, CA",https://jobs.ashbyhq.com/envoy/724fe1ce-e41f-4fce-a386-f1c8fca63a2f,live,200,2026-07-08,2026-09-24,15,engineering,,ashby,Workplace Experience Platform,California,B,ashby:envoy:724fe1ce-e41f-4fce-a386-f1c8fca63a2f
Envoy,"Member of Technical Staff, Labs","San Francisco, CA",https://jobs.ashbyhq.com/envoy/5499e5fa-3e9f-4722-a407-0325d14cef23,live,200,2026-05-19,2026-09-24,15,engineering,,ashby,Workplace Experience Platform,California,B,ashby:envoy:5499e5fa-3e9f-4722-a407-0325d14cef23
Envoy,"Member of Technical Staff, SecOps & Threat Detection Engineer","San Francisco, CA",https://jobs.ashbyhq.com/envoy/d985cc9c-5e69-4423-b394-2619c25d7f79,live,200,2026-07-08,2026-09-24,15,engineering,eng,ashby,Workplace Experience Platform,California,B,ashby:envoy:d985cc9c-5e69-4423-b394-2619c25d7f79
Envoy,Mid Market Account Executive,"Denver, CO",https://jobs.ashbyhq.com/envoy/e85a668d-a1d3-4dd0-a511-f75c2005ef61,live,200,2026-09-12,2026-09-24,15,sales,sales,ashby,Workplace Experience Platform,California,B,ashby:envoy:e85a668d-a1d3-4dd0-a511-f75c2005ef61
Envoy,Mid Market Account Executive,"San Francisco, CA",https://jobs.ashbyhq.com/envoy/d8a76039-7a58-4e28-988c-b013be7a3aa8,live,200,2026-09-12,2026-09-24,15,sales,sales,ashby,Workplace Experience Platform,California,B,ashby:envoy:d8a76039-7a58-4e28-988c-b013be7a3aa8
Envoy,Pre Sales Solutions Engineer,"New York City, NY",https://jobs.ashbyhq.com/envoy/c59852fc-8912-4d6b-ad59-694eac7f942d,live,200,2026-08-18,2026-09-24,15,sales,sales,ashby,Workplace Experience Platform,California,B,ashby:envoy:c59852fc-8912-4d6b-ad59-694eac7f942d
Envoy,Product Designer,"San Francisco, CA",https://jobs.ashbyhq.com/envoy/3a2fb81f-f22a-459d-a246-5dd0126d3f1f,not checked (out of scope),0,2026-08-28,2026-09-24,15,,,ashby,Workplace Experience Platform,California,B,ashby:envoy:3a2fb81f-f22a-459d-a246-5dd0126d3f1f
Envoy,"Product Lead, Spaces","San Francisco, CA",https://jobs.ashbyhq.com/envoy/74af8151-51b2-4ec8-9989-501a9b96084d,not checked (out of scope),0,2026-04-06,2026-09-24,15,,product,ashby,Workplace Experience Platform,California,B,ashby:envoy:74af8151-51b2-4ec8-9989-501a9b96084d
Envoy,"Product Lead, Visitors","San Francisco, CA",https://jobs.ashbyhq.com/envoy/f456eb52-6acd-4f1c-9b6f-fa263a04341d,not checked (out of scope),0,2026-09-18,2026-09-24,15,,product,ashby,Workplace Experience Platform,California,B,ashby:envoy:f456eb52-6acd-4f1c-9b6f-fa263a04341d
Envoy,Renewals Manager,"Austin, TX",https://jobs.ashbyhq.com/envoy/3053d864-4139-4dcd-83fa-e54ae83985fe,not checked (out of scope),0,2026-09-29,2026-09-30,9,,,ashby,Workplace Experience Platform,California,B,ashby:envoy:3053d864-4139-4dcd-83fa-e54ae83985fe
Envoy,SMB Account Executive,"San Francisco, CA",https://jobs.ashbyhq.com/envoy/e0660f3d-0672-4399-8d0c-d7b83fc78784,live,200,2026-10-07,2026-10-09,0,sales,sales,ashby,Workplace Experience Platform,California,B,ashby:envoy:e0660f3d-0672-4399-8d0c-d7b83fc78784
Envoy,SMB Sales Manager,"London, United Kingdom",https://jobs.ashbyhq.com/envoy/8d424f7f-c043-497f-b897-afaa5e2c5552,live,200,2026-10-02,2026-10-04,5,sales,sales,ashby,Workplace Experience Platform,California,B,ashby:envoy:8d424f7f-c043-497f-b897-afaa5e2c5552
Envoy,SMB Sales Manager,"New York City, NY",https://jobs.ashbyhq.com/envoy/4d45f11b-7170-4b46-96a9-073a59acaf05,live,200,2026-10-02,2026-10-04,5,sales,sales,ashby,Workplace Experience Platform,California,B,ashby:envoy:4d45f11b-7170-4b46-96a9-073a59acaf05
Envoy,SMB Sales Manager,"Denver, CO",https://jobs.ashbyhq.com/envoy/7155132f-3c16-425a-9251-a4fe7e259efd,live,200,2026-10-02,2026-10-04,5,sales,sales,ashby,Workplace Experience Platform,California,B,ashby:envoy:7155132f-3c16-425a-9251-a4fe7e259efd
Envoy,Senior Demand Generation Manager,"San Francisco, CA",https://jobs.ashbyhq.com/envoy/c907d2c3-6a3e-4ae7-85be-184c0a966677,live,200,2026-07-11,2026-09-24,15,gtm,,ashby,Workplace Experience Platform,California,B,ashby:envoy:c907d2c3-6a3e-4ae7-85be-184c0a966677
Envoy,Senior Technical Recruiter,"San Francisco, CA",https://jobs.ashbyhq.com/envoy/f10e8757-a46a-4e95-b28d-b99b57abfe76,not checked (out of scope),0,2026-09-12,2026-09-24,15,,,ashby,Workplace Experience Platform,California,B,ashby:envoy:f10e8757-a46a-4e95-b28d-b99b57abfe76
Envoy,Solutions Engineering Intern,"San Francisco, CA",https://jobs.ashbyhq.com/envoy/f2e20a8a-0e10-48ee-a761-3cffb89a80ca,not checked (out of scope),0,2026-09-24,2026-09-28,11,,eng,ashby,Workplace Experience Platform,California,B,ashby:envoy:f2e20a8a-0e10-48ee-a761-3cffb89a80ca
HomeLight,Account Executive - Title Insurance,"Irvine, CA",https://job-boards.greenhouse.io/homelight/jobs/7904083,live,200,2026-05-07,2026-09-24,15,sales,sales,greenhouse,Agent Matching / Real Estate Marketplace,California,B,greenhouse:homelight:7904083
HomeLight,Account Executive - Title Insurance,"San Bernardino, CA",https://job-boards.greenhouse.io/homelight/jobs/7871429,live,200,2026-04-30,2026-09-24,15,sales,sales,greenhouse,Agent Matching / Real Estate Marketplace,California,B,greenhouse:homelight:7871429
HomeLight,Account Executive - Title Insurance,"Los Angeles, CA",https://job-boards.greenhouse.io/homelight/jobs/7904090,live,200,2026-05-07,2026-09-24,15,sales,sales,greenhouse,Agent Matching / Real Estate Marketplace,California,B,greenhouse:homelight:7904090
HomeLight,Account Executive - Title Insurance,"Riverside, CA",https://job-boards.greenhouse.io/homelight/jobs/7877826,live,200,2026-05-02,2026-09-24,15,sales,sales,greenhouse,Agent Matching / Real Estate Marketplace,California,B,greenhouse:homelight:7877826
HomeLight,Contract Advisor,"Scottsdale, AZ",https://job-boards.greenhouse.io/homelight/jobs/8208496,not checked (out of scope),0,2026-09-16,2026-09-24,15,,,greenhouse,Agent Matching / Real Estate Marketplace,California,B,greenhouse:homelight:8208496
HomeLight,Director of Growth Acquisition,"San Francisco, CA",https://job-boards.greenhouse.io/homelight/jobs/7843865,live,200,2026-04-22,2026-09-24,15,gtm,leadership,greenhouse,Agent Matching / Real Estate Marketplace,California,B,greenhouse:homelight:7843865
HomeLight,Escrow Officer,"Webster, TX",https://job-boards.greenhouse.io/homelight/jobs/8262248,not checked (out of scope),0,2026-10-07,2026-10-09,0,,,greenhouse,Agent Matching / Real Estate Marketplace,California,B,greenhouse:homelight:8262248
HomeLight,"Full Stack Engineer (D2C), San Francisco, CA","San Francisco, CA",https://job-boards.greenhouse.io/homelight/jobs/8211717,live,200,2026-09-17,2026-09-24,15,engineering,eng,greenhouse,Agent Matching / Real Estate Marketplace,California,B,greenhouse:homelight:8211717
HomeLight,Inbound Support Coordinator,Philippines,https://job-boards.greenhouse.io/homelight/jobs/8190094,not checked (out of scope),0,2026-09-09,2026-10-04,5,,customer,greenhouse,Agent Matching / Real Estate Marketplace,California,B,greenhouse:homelight:8190094
HomeLight,Inside Sales (Home Consultant),"Tijuana, Mexico",https://job-boards.greenhouse.io/homelight/jobs/8155658,not checked (out of scope),0,2026-08-24,2026-09-24,15,,sales,greenhouse,Agent Matching / Real Estate Marketplace,California,B,greenhouse:homelight:8155658
HomeLight,Mortgage Licensing Specialist - Flex Schedule - Passive Income,"Las Vegas, NV",https://job-boards.greenhouse.io/homelight/jobs/8265882,not checked (out of scope),0,2026-10-09,2026-10-09,0,,,greenhouse,Agent Matching / Real Estate Marketplace,California,B,greenhouse:homelight:8265882
HomeLight,Product Manager - D2C,"San Francisco, CA",https://job-boards.greenhouse.io/homelight/jobs/8008777,not checked (out of scope),0,2026-06-15,2026-09-24,15,,product,greenhouse,Agent Matching / Real Estate Marketplace,California,B,greenhouse:homelight:8008777
HomeLight,"Senior Growth Manager, Acquisition","San Francisco, CA",https://job-boards.greenhouse.io/homelight/jobs/7843746,live,200,2026-04-22,2026-09-24,15,gtm,,greenhouse,Agent Matching / Real Estate Marketplace,California,B,greenhouse:homelight:7843746
HomeLight,Title Sales Representative,"Los Angeles, CA",https://job-boards.greenhouse.io/homelight/jobs/7904086,live,200,2026-05-07,2026-09-24,15,sales,sales,greenhouse,Agent Matching / Real Estate Marketplace,California,B,greenhouse:homelight:7904086
HomeLight,Title Sales Representative,"Irvine, CA",https://job-boards.greenhouse.io/homelight/jobs/7904058,live,200,2026-05-07,2026-09-24,15,sales,sales,greenhouse,Agent Matching / Real Estate Marketplace,California,B,greenhouse:homelight:7904058
HomeLight,Title Sales Representative,"Riverside, CA",https://job-boards.greenhouse.io/homelight/jobs/7877827,live,200,2026-05-02,2026-09-24,15,sales,sales,greenhouse,Agent Matching / Real Estate Marketplace,California,B,greenhouse:homelight:7877827
HomeLight,Title Sales Representative,"San Bernardino, CA",https://job-boards.greenhouse.io/homelight/jobs/7871753,live,200,2026-04-30,2026-09-24,15,sales,sales,greenhouse,Agent Matching / Real Estate Marketplace,California,B,greenhouse:homelight:7871753
Homeward,Analytics Engineer (LatAm),Remote - Latin America,https://job-boards.greenhouse.io/homeward/jobs/8701047002,live,200,2026-08-12,2026-09-24,15,engineering,eng,greenhouse,Cash-Offer / Mortgage Fintech,Texas,B,greenhouse:homeward:8701047002
Homeward,Manager of Mortgage Sales,Remote (anywhere in the U.S.),https://job-boards.greenhouse.io/homeward/jobs/8861875002,not checked (out of scope),0,2026-10-02,2026-10-04,5,,sales,greenhouse,Cash-Offer / Mortgage Fintech,Texas,B,greenhouse:homeward:8861875002
Homeward,Principal Integrated Marketer,Remote (Anywhere in U.S.),https://job-boards.greenhouse.io/homeward/jobs/4342595002,not checked (out of scope),0,2026-08-04,2026-10-09,0,,,greenhouse,Cash-Offer / Mortgage Fintech,Texas,B,greenhouse:homeward:4342595002
Homeward,"Senior Software Engineer, Back-end (LatAm)",Latin America,https://job-boards.greenhouse.io/homeward/jobs/8191859002,live,200,2025-10-02,2026-09-24,15,engineering,eng,greenhouse,Cash-Offer / Mortgage Fintech,Texas,B,greenhouse:homeward:8191859002
Luxury Presence,"Account Executive (Austin, TX)","Austin, TX",https://jobs.lever.co/luxurypresence/00069055-e828-4369-8916-ac5673e58e3f,live,200,2019-07-26,2026-09-24,15,sales,sales,lever,Real Estate Agent Marketing Platform,Texas,B,lever:luxurypresence:00069055-e828-4369-8916-ac5673e58e3f
Luxury Presence,Client Success Manager II,"Phoenix, AZ",https://jobs.lever.co/luxurypresence/ce3869ba-fc2b-4979-aacd-221b92b9bdbb,live,200,2023-02-08,2026-09-24,15,gtm,,lever,Real Estate Agent Marketing Platform,Texas,B,lever:luxurypresence:ce3869ba-fc2b-4979-aacd-221b92b9bdbb
Luxury Presence,Client Support Representative,"Phoenix, AZ",https://jobs.lever.co/luxurypresence/c651e15f-cc5d-46c0-bd77-cf9c3134ead3,not checked (out of scope),0,2019-08-31,2026-09-24,15,,customer,lever,Real Estate Agent Marketing Platform,Texas,B,lever:luxurypresence:c651e15f-cc5d-46c0-bd77-cf9c3134ead3
Luxury Presence,"Director, Client Success - Austin, TX (Hybrid)","Austin, TX",https://jobs.lever.co/luxurypresence/3e87e45b-a406-46d1-896c-cfc59cb5ba24,live,200,2026-08-31,2026-09-24,15,gtm,leadership,lever,Real Estate Agent Marketing Platform,Texas,B,lever:luxurypresence:3e87e45b-a406-46d1-896c-cfc59cb5ba24
Luxury Presence,"Engineering Manager, Maps & Search - CANADA (Remote)",Canada,https://jobs.lever.co/luxurypresence/87374c99-7cb5-46eb-bd0f-c2f3f9bf1a7c,live,200,2026-07-17,2026-09-24,15,engineering,eng,lever,Real Estate Agent Marketing Platform,Texas,B,lever:luxurypresence:87374c99-7cb5-46eb-bd0f-c2f3f9bf1a7c
Luxury Presence,"Engineering Manager, Maps & Search - US (Remote)",United States,https://jobs.lever.co/luxurypresence/a67ee678-19d6-4256-99be-6547235db23c,live,200,2026-07-17,2026-09-24,15,engineering,eng,lever,Real Estate Agent Marketing Platform,Texas,B,lever:luxurypresence:a67ee678-19d6-4256-99be-6547235db23c
Luxury Presence,GTM Recruiter,"Austin, TX",https://jobs.lever.co/luxurypresence/1cebb130-7a12-4b74-a99a-a01ef6b5f084,live,200,2026-09-04,2026-09-24,15,gtm,,lever,Real Estate Agent Marketing Platform,Texas,B,lever:luxurypresence:1cebb130-7a12-4b74-a99a-a01ef6b5f084
Luxury Presence,General Inquiries,"Santa Monica, CA",https://jobs.lever.co/luxurypresence/fe7ca7b0-f158-4351-9054-d0f7cccb0f63,not checked (out of scope),0,2020-05-07,2026-09-24,15,,,lever,Real Estate Agent Marketing Platform,Texas,B,lever:luxurypresence:fe7ca7b0-f158-4351-9054-d0f7cccb0f63
Luxury Presence,"Generative Media Engineer, AI Social - CANADA (Remote)",Canada,https://jobs.lever.co/luxurypresence/0d8abf66-c086-4d37-9c44-ef1d503055e7,live,200,2026-07-22,2026-09-24,15,engineering,eng,lever,Real Estate Agent Marketing Platform,Texas,B,lever:luxurypresence:0d8abf66-c086-4d37-9c44-ef1d503055e7
Luxury Presence,"Generative Media Engineer, AI Social - US (Remote)",United States,https://jobs.lever.co/luxurypresence/1bb9c63b-7f1c-4846-9b4c-9a752cac99d2,live,200,2026-07-13,2026-09-24,15,engineering,eng,lever,Real Estate Agent Marketing Platform,Texas,B,lever:luxurypresence:1bb9c63b-7f1c-4846-9b4c-9a752cac99d2
Luxury Presence,"Manager, Onboarding - ATX","Austin, TX",https://jobs.lever.co/luxurypresence/33ee4e0a-505c-43ad-a3a8-68d047ef65e3,not checked (out of scope),0,2026-06-23,2026-09-24,15,,customer,lever,Real Estate Agent Marketing Platform,Texas,B,lever:luxurypresence:33ee4e0a-505c-43ad-a3a8-68d047ef65e3
Luxury Presence,Onboarding Specialist - Austin (hybrid),"Austin, TX",https://jobs.lever.co/luxurypresence/db79e5cb-4a08-4095-a79c-d29e50db7e8a,not checked (out of scope),0,2026-07-06,2026-09-24,15,,customer,lever,Real Estate Agent Marketing Platform,Texas,B,lever:luxurypresence:db79e5cb-4a08-4095-a79c-d29e50db7e8a
Luxury Presence,"Producer / Editor, Presence® Media","New York, NY",https://jobs.lever.co/luxurypresence/5a65413b-7377-4c08-a2dc-f1e9dead9413,not checked (out of scope),0,2026-05-01,2026-09-24,15,,,lever,Real Estate Agent Marketing Platform,Texas,B,lever:luxurypresence:5a65413b-7377-4c08-a2dc-f1e9dead9413
Luxury Presence,"Product Engineer, Internal Tools - LATAM (Remote)",Latin America,https://jobs.lever.co/luxurypresence/32fe02d5-b291-42bf-87e3-2ebe3bb2521d,live,200,2026-08-29,2026-09-24,15,engineering,eng,lever,Real Estate Agent Marketing Platform,Texas,B,lever:luxurypresence:32fe02d5-b291-42bf-87e3-2ebe3bb2521d
Luxury Presence,RevTech Senior Salesforce Developer - India (Remote),India,https://jobs.lever.co/luxurypresence/e132529e-f6a8-4772-9b08-551302a32a0f,live,200,2026-09-22,2026-09-24,15,engineering,sales,lever,Real Estate Agent Marketing Platform,Texas,B,lever:luxurypresence:e132529e-f6a8-4772-9b08-551302a32a0f
Luxury Presence,RevTech Senior Salesforce Developer - LATAM (Remote),Latin America,https://jobs.lever.co/luxurypresence/087d7b01-d4e7-47f4-8c2e-aad9a903cc8d,live,200,2026-08-24,2026-09-24,15,engineering,sales,lever,Real Estate Agent Marketing Platform,Texas,B,lever:luxurypresence:087d7b01-d4e7-47f4-8c2e-aad9a903cc8d
Luxury Presence,Sales Development Representative (SDR),"Austin, TX",https://jobs.lever.co/luxurypresence/29b2f9e2-772b-4738-8e16-e8ee7078d070,live,200,2019-01-18,2026-09-24,15,sales,sales,lever,Real Estate Agent Marketing Platform,Texas,B,lever:luxurypresence:29b2f9e2-772b-4738-8e16-e8ee7078d070
Luxury Presence,Sales Development Representative - New Grad,"Austin, TX",https://jobs.lever.co/luxurypresence/2462abfb-a255-4c9c-9e55-1ebc6293477b,live,200,2026-04-14,2026-09-24,15,sales,sales,lever,Real Estate Agent Marketing Platform,Texas,B,lever:luxurypresence:2462abfb-a255-4c9c-9e55-1ebc6293477b
Luxury Presence,Senior Analytics Engineer - CANADA (Remote),Canada,https://jobs.lever.co/luxurypresence/dfd25ab3-1033-432b-8adf-edf867619f7a,live,200,2026-08-10,2026-09-24,15,engineering,eng,lever,Real Estate Agent Marketing Platform,Texas,B,lever:luxurypresence:dfd25ab3-1033-432b-8adf-edf867619f7a
Luxury Presence,Senior Analytics Engineer - US (Remote),United States,https://jobs.lever.co/luxurypresence/d8705197-2421-4c2b-9179-242654c8b2fc,live,200,2026-08-10,2026-09-24,15,engineering,eng,lever,Real Estate Agent Marketing Platform,Texas,B,lever:luxurypresence:d8705197-2421-4c2b-9179-242654c8b2fc
Luxury Presence,"Senior Data Analyst, GTM Analytics - CANADA (Remote)",Canada,https://jobs.lever.co/luxurypresence/219e0592-a9f1-4e34-b7da-16da8949b6dd,live,200,2026-08-19,2026-09-24,15,gtm,,lever,Real Estate Agent Marketing Platform,Texas,B,lever:luxurypresence:219e0592-a9f1-4e34-b7da-16da8949b6dd
Luxury Presence,"Senior Data Analyst, GTM Analytics - US (Remote)",United States,https://jobs.lever.co/luxurypresence/0a6fd9f4-a606-460e-b65e-5b31de56331a,live,200,2026-08-19,2026-09-24,15,gtm,,lever,Real Estate Agent Marketing Platform,Texas,B,lever:luxurypresence:0a6fd9f4-a606-460e-b65e-5b31de56331a
Luxury Presence,"Senior Financial Analyst, GTM",United States,https://jobs.lever.co/luxurypresence/dc5e4d17-8c30-4f31-9fb5-3cde9004c835,live,200,2026-08-11,2026-09-24,15,gtm,,lever,Real Estate Agent Marketing Platform,Texas,B,lever:luxurypresence:dc5e4d17-8c30-4f31-9fb5-3cde9004c835
Luxury Presence,"Senior Manager, CS Operations","Austin, TX",https://jobs.lever.co/luxurypresence/2919e560-4ed4-4de7-be6f-b443e60726ca,not checked (out of scope),0,2026-09-10,2026-09-24,15,,ops,lever,Real Estate Agent Marketing Platform,Texas,B,lever:luxurypresence:2919e560-4ed4-4de7-be6f-b443e60726ca
Luxury Presence,Sr. Social Media Manager,"New York, NY",https://jobs.lever.co/luxurypresence/3393a3e3-6a33-4a97-a668-96c1b899928f,not checked (out of scope),0,2026-09-04,2026-09-24,15,,,lever,Real Estate Agent Marketing Platform,Texas,B,lever:luxurypresence:3393a3e3-6a33-4a97-a668-96c1b899928f
Luxury Presence,"Staff Product Manager, SEO and AI Visibility - CANADA (Remote)",Canada,https://jobs.lever.co/luxurypresence/262ae59d-60b9-4667-9703-2b924ce956f4,not checked (out of scope),0,2026-09-15,2026-09-24,15,,product,lever,Real Estate Agent Marketing Platform,Texas,B,lever:luxurypresence:262ae59d-60b9-4667-9703-2b924ce956f4
Luxury Presence,"Staff Product Manager, SEO and AI Visibility - US (Remote)",United States,https://jobs.lever.co/luxurypresence/ef4dbe4f-c184-4e9c-a0c3-bda8f2e9d2ef,not checked (out of scope),0,2026-09-15,2026-09-24,15,,product,lever,Real Estate Agent Marketing Platform,Texas,B,lever:luxurypresence:ef4dbe4f-c184-4e9c-a0c3-bda8f2e9d2ef
Luxury Presence,Talent Analyst Specialist (Fully Remote),Philippines,https://jobs.lever.co/luxurypresence/bfe669b4-497e-42a7-b368-e0976bf4f85d,not checked (out of scope),0,2026-09-17,2026-09-24,15,,,lever,Real Estate Agent Marketing Platform,Texas,B,lever:luxurypresence:bfe669b4-497e-42a7-b368-e0976bf4f85d
Luxury Presence,VP of Sales,"Austin, TX",https://jobs.lever.co/luxurypresence/676f76c6-a440-4f71-b03c-81f9b683759a,live,200,2026-07-21,2026-09-24,15,executive,sales,lever,Real Estate Agent Marketing Platform,Texas,B,lever:luxurypresence:676f76c6-a440-4f71-b03c-81f9b683759a
Notarize (Proof),Strategic Enterprise Account Executive,Remote,https://jobs.lever.co/proof/cf16d2a5-898e-4a63-9800-ed1478d2141e,live,200,2026-07-10,2026-09-24,15,sales,sales,lever,Remote Online Notarization,Virginia,B,lever:proof:cf16d2a5-898e-4a63-9800-ed1478d2141e
Offerpad,Inspection Coordinator,"Tempe, AZ",https://workforcenow.adp.com/mascsr/default/mdf/recruitment/recruitment.html?cid=1259f4b4-8ba3-4cf9-86d2-e957dc127478&ccId=19000101_000001&jobId=9200583779124_1&lang=en_US,not checked (out of scope),0,2026-08-11,2026-10-09,0,,,adp,iBuying / Real Estate Transactions,Arizona,B,adp:1259f4b4-8ba3-4cf9-86d2-e957dc127478:9200583779124_1
Offerpad,Project Manager- Renovations,"Charlotte, NC",https://workforcenow.adp.com/mascsr/default/mdf/recruitment/recruitment.html?cid=1259f4b4-8ba3-4cf9-86d2-e957dc127478&ccId=19000101_000001&jobId=9200582827855_1&lang=en_US,not checked (out of scope),0,2026-08-05,2026-10-09,0,,,adp,iBuying / Real Estate Transactions,Arizona,B,adp:1259f4b4-8ba3-4cf9-86d2-e957dc127478:9200582827855_1
Offerpad,Real Estate Agent (1099 Agent),"Las Vegas, NV",https://workforcenow.adp.com/mascsr/default/mdf/recruitment/recruitment.html?cid=1259f4b4-8ba3-4cf9-86d2-e957dc127478&ccId=19000101_000001&jobId=9200573308467_1&lang=en_US,not checked (out of scope),0,2026-06-12,2026-10-09,0,,,adp,iBuying / Real Estate Transactions,Arizona,B,adp:1259f4b4-8ba3-4cf9-86d2-e957dc127478:9200573308467_1
Offerpad,Real Estate Agent (1099 Agent),"Raleigh, NC",https://workforcenow.adp.com/mascsr/default/mdf/recruitment/recruitment.html?cid=1259f4b4-8ba3-4cf9-86d2-e957dc127478&ccId=19000101_000001&jobId=9200573309945_1&lang=en_US,not checked (out of scope),0,2026-06-12,2026-10-09,0,,,adp,iBuying / Real Estate Transactions,Arizona,B,adp:1259f4b4-8ba3-4cf9-86d2-e957dc127478:9200573309945_1
Offerpad,Real Estate Agent (1099 Agent),"Columbia, SC",https://workforcenow.adp.com/mascsr/default/mdf/recruitment/recruitment.html?cid=1259f4b4-8ba3-4cf9-86d2-e957dc127478&ccId=19000101_000001&jobId=9200573309728_1&lang=en_US,not checked (out of scope),0,2026-06-12,2026-10-09,0,,,adp,iBuying / Real Estate Transactions,Arizona,B,adp:1259f4b4-8ba3-4cf9-86d2-e957dc127478:9200573309728_1
Offerpad,Real Estate Agent (1099 Agent),"Charlotte, NC",https://workforcenow.adp.com/mascsr/default/mdf/recruitment/recruitment.html?cid=1259f4b4-8ba3-4cf9-86d2-e957dc127478&ccId=19000101_000001&jobId=9200573309588_1&lang=en_US,not checked (out of scope),0,2026-06-12,2026-10-09,0,,,adp,iBuying / Real Estate Transactions,Arizona,B,adp:1259f4b4-8ba3-4cf9-86d2-e957dc127478:9200573309588_1
Offerpad,Real Estate Agent (1099 Agent),"Jacksonville, FL",https://workforcenow.adp.com/mascsr/default/mdf/recruitment/recruitment.html?cid=1259f4b4-8ba3-4cf9-86d2-e957dc127478&ccId=19000101_000001&jobId=9200573309535_1&lang=en_US,not checked (out of scope),0,2026-06-12,2026-10-09,0,,,adp,iBuying / Real Estate Transactions,Arizona,B,adp:1259f4b4-8ba3-4cf9-86d2-e957dc127478:9200573309535_1
Offerpad,Real Estate Agent (1099 Agent),"Orlando, FL",https://workforcenow.adp.com/mascsr/default/mdf/recruitment/recruitment.html?cid=1259f4b4-8ba3-4cf9-86d2-e957dc127478&ccId=19000101_000001&jobId=9200573309466_1&lang=en_US,not checked (out of scope),0,2026-06-12,2026-10-09,0,,,adp,iBuying / Real Estate Transactions,Arizona,B,adp:1259f4b4-8ba3-4cf9-86d2-e957dc127478:9200573309466_1
Offerpad,Real Estate Agent (1099 Agent),"Atlanta, GA",https://workforcenow.adp.com/mascsr/default/mdf/recruitment/recruitment.html?cid=1259f4b4-8ba3-4cf9-86d2-e957dc127478&ccId=19000101_000001&jobId=9200573309148_1&lang=en_US,not checked (out of scope),0,2026-06-12,2026-10-09,0,,,adp,iBuying / Real Estate Transactions,Arizona,B,adp:1259f4b4-8ba3-4cf9-86d2-e957dc127478:9200573309148_1
Offerpad,Real Estate Agent (1099 Agent),"San Antonio, TX",https://workforcenow.adp.com/mascsr/default/mdf/recruitment/recruitment.html?cid=1259f4b4-8ba3-4cf9-86d2-e957dc127478&ccId=19000101_000001&jobId=9200573308864_1&lang=en_US,not checked (out of scope),0,2026-06-12,2026-10-09,0,,,adp,iBuying / Real Estate Transactions,Arizona,B,adp:1259f4b4-8ba3-4cf9-86d2-e957dc127478:9200573308864_1
Offerpad,Real Estate Agent (1099 Agent),"Houston, TX",https://workforcenow.adp.com/mascsr/default/mdf/recruitment/recruitment.html?cid=1259f4b4-8ba3-4cf9-86d2-e957dc127478&ccId=19000101_000001&jobId=9200573308757_1&lang=en_US,not checked (out of scope),0,2026-06-12,2026-10-09,0,,,adp,iBuying / Real Estate Transactions,Arizona,B,adp:1259f4b4-8ba3-4cf9-86d2-e957dc127478:9200573308757_1
Offerpad,Real Estate Agent (1099 Agent),"Dallas, TX",https://workforcenow.adp.com/mascsr/default/mdf/recruitment/recruitment.html?cid=1259f4b4-8ba3-4cf9-86d2-e957dc127478&ccId=19000101_000001&jobId=9200573308556_1&lang=en_US,not checked (out of scope),0,2026-06-12,2026-10-09,0,,,adp,iBuying / Real Estate Transactions,Arizona,B,adp:1259f4b4-8ba3-4cf9-86d2-e957dc127478:9200573308556_1
Offerpad,Real Estate Agent (1099 Agent),"Tempe, AZ",https://workforcenow.adp.com/mascsr/default/mdf/recruitment/recruitment.html?cid=1259f4b4-8ba3-4cf9-86d2-e957dc127478&ccId=19000101_000001&jobId=9200573308326_1&lang=en_US,not checked (out of scope),0,2026-06-12,2026-10-09,0,,,adp,iBuying / Real Estate Transactions,Arizona,B,adp:1259f4b4-8ba3-4cf9-86d2-e957dc127478:9200573308326_1
Offerpad,Senior Pricing Analyst,"Tempe, AZ",https://workforcenow.adp.com/mascsr/default/mdf/recruitment/recruitment.html?cid=1259f4b4-8ba3-4cf9-86d2-e957dc127478&ccId=19000101_000001&jobId=9200581588268_1&lang=en_US,not checked (out of scope),0,2026-07-29,2026-10-09,0,,,adp,iBuying / Real Estate Transactions,Arizona,B,adp:1259f4b4-8ba3-4cf9-86d2-e957dc127478:9200581588268_1
Offerpad,Solution Advisor,"Tempe, AZ",https://workforcenow.adp.com/mascsr/default/mdf/recruitment/recruitment.html?cid=1259f4b4-8ba3-4cf9-86d2-e957dc127478&ccId=19000101_000001&jobId=9200570632817_1&lang=en_US,not checked (out of scope),0,2026-06-12,2026-10-09,0,,,adp,iBuying / Real Estate Transactions,Arizona,B,adp:1259f4b4-8ba3-4cf9-86d2-e957dc127478:9200570632817_1
Ojo Labs,Loan Officer,"Columbus, OH 43215",https://jobs.gem.com/lower-llc/am9icG9zdDr8iR2xjPkn5XK0BKyXkAPX,not checked (out of scope),0,,2026-10-09,0,,,gem,AI Real Estate Assistant,Texas,B,gem:lower-llc:/lower-llc/am9icG9zdDr8iR2xjPkn5XK0BKyXkAPX
Ojo Labs,Senior Data Engineer,"Columbus, OH 43215",https://jobs.gem.com/lower-llc/am9icG9zdDqIufApzZI4C5MReyej3WSd,live,200,,2026-10-09,0,engineering,eng,gem,AI Real Estate Assistant,Texas,B,gem:lower-llc:/lower-llc/am9icG9zdDqIufApzZI4C5MReyej3WSd
Ojo Labs,Senior Data Engineer,"Austin, TX 78702",https://jobs.gem.com/lower-llc/am9icG9zdDoUzlEitpl0Ev-LfWV8HYql,live,200,,2026-10-09,0,engineering,eng,gem,AI Real Estate Assistant,Texas,B,gem:lower-llc:/lower-llc/am9icG9zdDoUzlEitpl0Ev-LfWV8HYql
Ojo Labs,"Senior Product Manager, Borrower Experience","Columbus, OH 43215",https://jobs.gem.com/lower-llc/am9icG9zdDodNuWj07ecY5VspHntQGNy,not checked (out of scope),0,,2026-10-09,0,,product,gem,AI Real Estate Assistant,Texas,B,gem:lower-llc:/lower-llc/am9icG9zdDodNuWj07ecY5VspHntQGNy
Ojo Labs,"Senior Product Manager, Borrower Experience","Austin, TX 78702",https://jobs.gem.com/lower-llc/am9icG9zdDq3bbkydIeyoQdK4WRTrt1p,not checked (out of scope),0,,2026-10-09,0,,product,gem,AI Real Estate Assistant,Texas,B,gem:lower-llc:/lower-llc/am9icG9zdDq3bbkydIeyoQdK4WRTrt1p
Ojo Labs,"Senior Product Manager, Homeownership","Columbus, OH 43215",https://jobs.gem.com/lower-llc/am9icG9zdDo89UAMCN8Y6rUzTMp4aj9j,not checked (out of scope),0,,2026-10-09,0,,product,gem,AI Real Estate Assistant,Texas,B,gem:lower-llc:/lower-llc/am9icG9zdDo89UAMCN8Y6rUzTMp4aj9j
Ojo Labs,"Senior Product Manager, Homeownership","Austin, TX 78702",https://jobs.gem.com/lower-llc/am9icG9zdDqHt6Y4408WNJudpAwYHfkz,not checked (out of scope),0,,2026-10-09,0,,product,gem,AI Real Estate Assistant,Texas,B,gem:lower-llc:/lower-llc/am9icG9zdDqHt6Y4408WNJudpAwYHfkz
Ojo Labs,Senior Software Engineer,"Columbus, OH 43215",https://jobs.gem.com/lower-llc/am9icG9zdDpJhJDUe7uO7yVvZ1uA1kuK,live,200,,2026-10-09,0,engineering,eng,gem,AI Real Estate Assistant,Texas,B,gem:lower-llc:/lower-llc/am9icG9zdDpJhJDUe7uO7yVvZ1uA1kuK
Ojo Labs,Senior Software Engineer,"Austin, TX 78702",https://jobs.gem.com/lower-llc/am9icG9zdDpXhzoePCa6l4DVYyJx8TWB,live,200,,2026-10-09,0,engineering,eng,gem,AI Real Estate Assistant,Texas,B,gem:lower-llc:/lower-llc/am9icG9zdDpXhzoePCa6l4DVYyJx8TWB
Ojo Labs,Staff Front End Engineer,"Columbus, OH 43215",https://jobs.gem.com/lower-llc/am9icG9zdDpR_7wZ5h63yK6Q3XSejwY-,live,200,,2026-10-09,0,engineering,eng,gem,AI Real Estate Assistant,Texas,B,gem:lower-llc:/lower-llc/am9icG9zdDpR_7wZ5h63yK6Q3XSejwY-
Ojo Labs,Staff Front End Engineer,"Austin, TX 78702",https://jobs.gem.com/lower-llc/am9icG9zdDrtA9DjFhWujSk--uG7LzvO,live,200,,2026-10-09,0,engineering,eng,gem,AI Real Estate Assistant,Texas,B,gem:lower-llc:/lower-llc/am9icG9zdDrtA9DjFhWujSk--uG7LzvO
Opendoor,Account Executive - Home Sales Advisor,"Miami, FL",https://www.opendoor.com/careers/open-positions/jobs/account-executive-home-sales-advisor-37773206-51d2-43f1-b78c-5ac5eac8abbd,live,200,,2026-10-09,0,sales,sales,page,iBuying / Real Estate Transactions,Arizona,B,page:opendoor:/careers/open-positions/jobs/account-executive-home-sales-advisor-37773206-51d2-43f1-b78c-5ac5eac8abbd
Opendoor,Agentic Analytics Engineer,"Miami, FL",https://www.opendoor.com/careers/open-positions/jobs/agentic-analytics-engineer-61e10868-0439-4bff-adc3-ef4e8afdf644,live,200,,2026-10-09,0,engineering,eng,page,iBuying / Real Estate Transactions,Arizona,B,page:opendoor:/careers/open-positions/jobs/agentic-analytics-engineer-61e10868-0439-4bff-adc3-ef4e8afdf644
Opendoor,Agentic Analytics Engineer,"Toronto, Canada",https://www.opendoor.com/careers/open-positions/jobs/agentic-analytics-engineer-c3dd5f2e-0528-41a9-a7ad-b0c0a4930764,live,200,,2026-10-09,0,engineering,eng,page,iBuying / Real Estate Transactions,Arizona,B,page:opendoor:/careers/open-positions/jobs/agentic-analytics-engineer-c3dd5f2e-0528-41a9-a7ad-b0c0a4930764
Opendoor,Application Security Engineer,"Toronto, Canada",https://www.opendoor.com/careers/open-positions/jobs/application-security-engineer-9d51e170-8f6d-4569-8aa0-350b2aec8c46,live,200,,2026-10-09,0,engineering,eng,page,iBuying / Real Estate Transactions,Arizona,B,page:opendoor:/careers/open-positions/jobs/application-security-engineer-9d51e170-8f6d-4569-8aa0-350b2aec8c46
Opendoor,Application Security Engineer,"Miami, FL",https://www.opendoor.com/careers/open-positions/jobs/application-security-engineer-4ae52502-e460-4c22-9226-8cf4c0946d57,live,200,,2026-10-09,0,engineering,eng,page,iBuying / Real Estate Transactions,Arizona,B,page:opendoor:/careers/open-positions/jobs/application-security-engineer-4ae52502-e460-4c22-9226-8cf4c0946d57
Opendoor,Applied Science- Growth,"Miami, FL · Seattle, WA",https://www.opendoor.com/careers/open-positions/jobs/applied-science-growth-d9e0a5b4-9768-4938-89d0-e9472547b23a,live,200,,2026-10-09,0,gtm,,page,iBuying / Real Estate Transactions,Arizona,B,page:opendoor:/careers/open-positions/jobs/applied-science-growth-d9e0a5b4-9768-4938-89d0-e9472547b23a
Opendoor,Applied Science- Growth,"Toronto, Canada",https://www.opendoor.com/careers/open-positions/jobs/applied-science-growth-3a749e18-77ea-4333-9269-49d8dd4ff642,live,200,,2026-10-09,0,gtm,,page,iBuying / Real Estate Transactions,Arizona,B,page:opendoor:/careers/open-positions/jobs/applied-science-growth-3a749e18-77ea-4333-9269-49d8dd4ff642
Opendoor,Applied Scientist AI/ML,"Toronto, Canada",https://www.opendoor.com/careers/open-positions/jobs/applied-scientist-ai-ml-f3e08ade-d6ac-41c7-b6e3-8b9d1e1b8aca,live,200,,2026-10-09,0,engineering,,page,iBuying / Real Estate Transactions,Arizona,B,page:opendoor:/careers/open-positions/jobs/applied-scientist-ai-ml-f3e08ade-d6ac-41c7-b6e3-8b9d1e1b8aca
Opendoor,Applied Scientist AI/ML,"Miami, FL",https://www.opendoor.com/careers/open-positions/jobs/applied-scientist-ai-ml-02769a4e-625d-4c41-aba8-ae22855c63c2,live,200,,2026-10-09,0,engineering,,page,iBuying / Real Estate Transactions,Arizona,B,page:opendoor:/careers/open-positions/jobs/applied-scientist-ai-ml-02769a4e-625d-4c41-aba8-ae22855c63c2
Opendoor,Applied Scientist AI/ML,"Seattle, WA",https://www.opendoor.com/careers/open-positions/jobs/applied-scientist-ai-ml-4bb0fc2c-5cc4-4182-b437-7a8f5e76297c,live,200,,2026-10-09,0,engineering,,page,iBuying / Real Estate Transactions,Arizona,B,page:opendoor:/careers/open-positions/jobs/applied-scientist-ai-ml-4bb0fc2c-5cc4-4182-b437-7a8f5e76297c
Opendoor,Applied Scientist- Pricing,"Seattle, WA",https://www.opendoor.com/careers/open-positions/jobs/applied-scientist-pricing-180626d2-2e13-4c2f-b5dc-7ebbf8069359,not checked (out of scope),0,,2026-10-09,0,,,page,iBuying / Real Estate Transactions,Arizona,B,page:opendoor:/careers/open-positions/jobs/applied-scientist-pricing-180626d2-2e13-4c2f-b5dc-7ebbf8069359
Opendoor,Applied Scientist- Pricing,"Miami, FL",https://www.opendoor.com/careers/open-positions/jobs/applied-scientist-pricing-6468e326-2214-4b3f-ab82-5ccbbe7182b7,not checked (out of scope),0,,2026-10-09,0,,,page,iBuying / Real Estate Transactions,Arizona,B,page:opendoor:/careers/open-positions/jobs/applied-scientist-pricing-6468e326-2214-4b3f-ab82-5ccbbe7182b7
Opendoor,Applied Scientist- Pricing,"Toronto, Canada",https://www.opendoor.com/careers/open-positions/jobs/applied-scientist-pricing-0a9c38af-cf87-43b3-bfbd-93e189259e7f,not checked (out of scope),0,,2026-10-09,0,,,page,iBuying / Real Estate Transactions,Arizona,B,page:opendoor:/careers/open-positions/jobs/applied-scientist-pricing-0a9c38af-cf87-43b3-bfbd-93e189259e7f
Opendoor,"Compliance Manager, Mortgage","Miami, FL · Tempe, AZ",https://www.opendoor.com/careers/open-positions/jobs/compliance-manager-mortgage-ca8c119c-bc76-495c-a58a-84ce67c369f5,not checked (out of scope),0,,2026-10-09,0,,,page,iBuying / Real Estate Transactions,Arizona,B,page:opendoor:/careers/open-positions/jobs/compliance-manager-mortgage-ca8c119c-bc76-495c-a58a-84ce67c369f5
Opendoor,Customer Experience Specialist,"Tempe, AZ",https://www.opendoor.com/careers/open-positions/jobs/customer-experience-specialist-da6256fa-3bf9-4334-a0c1-eb6c1b97db15,not checked (out of scope),0,,2026-10-09,0,,,page,iBuying / Real Estate Transactions,Arizona,B,page:opendoor:/careers/open-positions/jobs/customer-experience-specialist-da6256fa-3bf9-4334-a0c1-eb6c1b97db15
Opendoor,Customer Experience Specialist,"Miami, FL",https://www.opendoor.com/careers/open-positions/jobs/customer-experience-specialist-b2a83c1b-6043-488a-9732-0bab00da2ec5,not checked (out of scope),0,,2026-10-09,0,,,page,iBuying / Real Estate Transactions,Arizona,B,page:opendoor:/careers/open-positions/jobs/customer-experience-specialist-b2a83c1b-6043-488a-9732-0bab00da2ec5
Opendoor,Data Scientist,"Miami, FL · Seattle, WA · Toronto, Canada",https://www.opendoor.com/careers/open-positions/jobs/data-scientist-e2ea6b22-2166-46bb-a547-109474727fd6,not checked (out of scope),0,,2026-10-09,0,,eng,page,iBuying / Real Estate Transactions,Arizona,B,page:opendoor:/careers/open-positions/jobs/data-scientist-e2ea6b22-2166-46bb-a547-109474727fd6
Opendoor,Enterprise Security Engineer,"Miami, FL",https://www.opendoor.com/careers/open-positions/jobs/enterprise-security-engineer-b2f70c26-195c-4560-a54a-6e6903e4a529,live,200,,2026-10-09,0,engineering,eng,page,iBuying / Real Estate Transactions,Arizona,B,page:opendoor:/careers/open-positions/jobs/enterprise-security-engineer-b2f70c26-195c-4560-a54a-6e6903e4a529
Opendoor,Enterprise Security Engineer,"Toronto, Canada",https://www.opendoor.com/careers/open-positions/jobs/enterprise-security-engineer-d4f5c334-a069-4bbc-8f86-163f8d02f03a,live,200,,2026-10-09,0,engineering,eng,page,iBuying / Real Estate Transactions,Arizona,B,page:opendoor:/careers/open-positions/jobs/enterprise-security-engineer-d4f5c334-a069-4bbc-8f86-163f8d02f03a
Opendoor,Homes Project Manager - Central Renovations Team,"Miami, FL",https://www.opendoor.com/careers/open-positions/jobs/homes-project-manager-central-renovations-team-1675b920-53cc-4e75-8841-beefa2dc311f,not checked (out of scope),0,,2026-10-09,0,,,page,iBuying / Real Estate Transactions,Arizona,B,page:opendoor:/careers/open-positions/jobs/homes-project-manager-central-renovations-team-1675b920-53cc-4e75-8841-beefa2dc311f
Opendoor,IT Support Technician,"Toronto, Canada",https://www.opendoor.com/careers/open-positions/jobs/it-support-technician-fae40156-2a7c-4020-8b7a-9d08bb48b656,not checked (out of scope),0,,2026-10-09,0,,customer,page,iBuying / Real Estate Transactions,Arizona,B,page:opendoor:/careers/open-positions/jobs/it-support-technician-fae40156-2a7c-4020-8b7a-9d08bb48b656
Opendoor,IT Support Technician,"Miami, FL",https://www.opendoor.com/careers/open-positions/jobs/it-support-technician-d21186ca-f9f2-40fb-9a7d-c3e4a7c4ab9a,not checked (out of scope),0,,2026-10-09,0,,customer,page,iBuying / Real Estate Transactions,Arizona,B,page:opendoor:/careers/open-positions/jobs/it-support-technician-d21186ca-f9f2-40fb-9a7d-c3e4a7c4ab9a
Opendoor,Information Systems Engineer,"Toronto, Canada",https://www.opendoor.com/careers/open-positions/jobs/information-systems-engineer-44d49b85-90e0-4bff-9b45-f257548a4b66,live,200,,2026-10-09,0,engineering,eng,page,iBuying / Real Estate Transactions,Arizona,B,page:opendoor:/careers/open-positions/jobs/information-systems-engineer-44d49b85-90e0-4bff-9b45-f257548a4b66
Opendoor,Infrastructure Security Engineer,"Toronto, Canada",https://www.opendoor.com/careers/open-positions/jobs/infrastructure-security-engineer-87e99c45-272f-46e2-ab64-9d2bb6e49415,live,200,,2026-10-09,0,engineering,eng,page,iBuying / Real Estate Transactions,Arizona,B,page:opendoor:/careers/open-positions/jobs/infrastructure-security-engineer-87e99c45-272f-46e2-ab64-9d2bb6e49415
Opendoor,Infrastructure Security Engineer,"Miami, FL",https://www.opendoor.com/careers/open-positions/jobs/infrastructure-security-engineer-07d023a3-6c5d-4964-abe3-f6e75a57c1b5,live,200,,2026-10-09,0,engineering,eng,page,iBuying / Real Estate Transactions,Arizona,B,page:opendoor:/careers/open-positions/jobs/infrastructure-security-engineer-07d023a3-6c5d-4964-abe3-f6e75a57c1b5
Opendoor,Listing Partner,"Miami, FL",https://www.opendoor.com/careers/open-positions/jobs/listing-partner-48e4df08-c4e2-4ff2-85cf-41ce2927c311,not checked (out of scope),0,,2026-10-09,0,,,page,iBuying / Real Estate Transactions,Arizona,B,page:opendoor:/careers/open-positions/jobs/listing-partner-48e4df08-c4e2-4ff2-85cf-41ce2927c311
Opendoor,Machine Learning Engineer,"Miami, FL · Seattle, WA · Toronto, Canada",https://www.opendoor.com/careers/open-positions/jobs/machine-learning-engineer-39324638-e89a-4747-821c-935aa2baba26,live,200,,2026-10-09,0,engineering,eng,page,iBuying / Real Estate Transactions,Arizona,B,page:opendoor:/careers/open-positions/jobs/machine-learning-engineer-39324638-e89a-4747-821c-935aa2baba26
Opendoor,"Marketing Manager, Lifecycle","Miami, FL · Phoenix, AZ · Toronto, Canada",https://www.opendoor.com/careers/open-positions/jobs/marketing-manager-lifecycle-686ea38b-f3e8-4479-be4b-2d8c66a1ea4d,live,200,,2026-10-09,0,gtm,,page,iBuying / Real Estate Transactions,Arizona,B,page:opendoor:/careers/open-positions/jobs/marketing-manager-lifecycle-686ea38b-f3e8-4479-be4b-2d8c66a1ea4d
Opendoor,Operations Specialist,"Toronto, Canada",https://www.opendoor.com/careers/open-positions/jobs/operations-specialist-aaf9ae29-ad49-4a05-b973-b71011039f82,not checked (out of scope),0,,2026-10-09,0,,ops,page,iBuying / Real Estate Transactions,Arizona,B,page:opendoor:/careers/open-positions/jobs/operations-specialist-aaf9ae29-ad49-4a05-b973-b71011039f82
Opendoor,Operations Specialist,"Phoenix, AZ · Tempe, AZ",https://www.opendoor.com/careers/open-positions/jobs/operations-specialist-ce10c609-80af-4eb1-a939-ae5bf86c7618,not checked (out of scope),0,,2026-10-09,0,,ops,page,iBuying / Real Estate Transactions,Arizona,B,page:opendoor:/careers/open-positions/jobs/operations-specialist-ce10c609-80af-4eb1-a939-ae5bf86c7618
Opendoor,Payroll and Equity Analyst,"Phoenix, AZ · Toronto, Canada",https://www.opendoor.com/careers/open-positions/jobs/payroll-and-equity-analyst-b2502347-6814-4e44-9934-fc61981c74e6,not checked (out of scope),0,,2026-10-09,0,,,page,iBuying / Real Estate Transactions,Arizona,B,page:opendoor:/careers/open-positions/jobs/payroll-and-equity-analyst-b2502347-6814-4e44-9934-fc61981c74e6
Opendoor,People Analytics &  Automation Specialist,"Miami, FL",https://www.opendoor.com/careers/open-positions/jobs/people-analytics-automation-specialist-469a3d6e-3fe4-43fa-ab78-0bbc14f89a60,not checked (out of scope),0,,2026-10-09,0,,,page,iBuying / Real Estate Transactions,Arizona,B,page:opendoor:/careers/open-positions/jobs/people-analytics-automation-specialist-469a3d6e-3fe4-43fa-ab78-0bbc14f89a60
Opendoor,People Analytics &  Automation Specialist,"Toronto, Canada",https://www.opendoor.com/careers/open-positions/jobs/people-analytics-automation-specialist-76e2b45b-11d8-4065-9ca9-29a53c221b8b,not checked (out of scope),0,,2026-10-09,0,,,page,iBuying / Real Estate Transactions,Arizona,B,page:opendoor:/careers/open-positions/jobs/people-analytics-automation-specialist-76e2b45b-11d8-4065-9ca9-29a53c221b8b
Opendoor,Portfolio Manager,"Tempe, AZ",https://www.opendoor.com/careers/open-positions/jobs/portfolio-manager-e872bdf5-c5ae-45f8-85a5-21ac5fae7f54,not checked (out of scope),0,,2026-10-09,0,,ops,page,iBuying / Real Estate Transactions,Arizona,B,page:opendoor:/careers/open-positions/jobs/portfolio-manager-e872bdf5-c5ae-45f8-85a5-21ac5fae7f54
Opendoor,Pricing Analyst,"Phoenix, AZ",https://www.opendoor.com/careers/open-positions/jobs/pricing-analyst-cb2e7086-1306-4499-a84d-87772a541e64,not checked (out of scope),0,,2026-10-09,0,,,page,iBuying / Real Estate Transactions,Arizona,B,page:opendoor:/careers/open-positions/jobs/pricing-analyst-cb2e7086-1306-4499-a84d-87772a541e64
Opendoor,Procurement Specialist – Indirect Spend & Commercial Contracting,"Toronto, Canada",https://www.opendoor.com/careers/open-positions/jobs/procurement-specialist-indirect-spend-commercial-contracting-da0559bc-dd94-4bdc-a20f-ad9fd9a40ccf,not checked (out of scope),0,,2026-10-09,0,,,page,iBuying / Real Estate Transactions,Arizona,B,page:opendoor:/careers/open-positions/jobs/procurement-specialist-indirect-spend-commercial-contracting-da0559bc-dd94-4bdc-a20f-ad9fd9a40ccf
Opendoor,Procurement Specialist – Indirect Spend & Commercial Contracting,"Miami, FL",https://www.opendoor.com/careers/open-positions/jobs/procurement-specialist-indirect-spend-commercial-contracting-8c8c0a3a-284b-42d8-8afe-dafc980a8bfc,not checked (out of scope),0,,2026-10-09,0,,,page,iBuying / Real Estate Transactions,Arizona,B,page:opendoor:/careers/open-positions/jobs/procurement-specialist-indirect-spend-commercial-contracting-8c8c0a3a-284b-42d8-8afe-dafc980a8bfc
Opendoor,Senior Tax Manager,"Toronto, Canada",https://www.opendoor.com/careers/open-positions/jobs/senior-tax-manager-16b915e4-263b-4fd6-a44e-a70a7f4f9537,not checked (out of scope),0,,2026-10-09,0,,,page,iBuying / Real Estate Transactions,Arizona,B,page:opendoor:/careers/open-positions/jobs/senior-tax-manager-16b915e4-263b-4fd6-a44e-a70a7f4f9537
Opendoor,Software Engineer,"Toronto, Canada",https://www.opendoor.com/careers/open-positions/jobs/software-engineer-9bc276c6-f2c0-4775-98f5-e01d22dfcb47,live,200,,2026-10-09,0,engineering,eng,page,iBuying / Real Estate Transactions,Arizona,B,page:opendoor:/careers/open-positions/jobs/software-engineer-9bc276c6-f2c0-4775-98f5-e01d22dfcb47
Opendoor,Software Engineer,"Miami, FL",https://www.opendoor.com/careers/open-positions/jobs/software-engineer-84685958-6420-4a9e-a231-dc7943a3e6ad,live,200,,2026-10-09,0,engineering,eng,page,iBuying / Real Estate Transactions,Arizona,B,page:opendoor:/careers/open-positions/jobs/software-engineer-84685958-6420-4a9e-a231-dc7943a3e6ad
Opendoor,Sr. Accountant,"Phoenix, AZ",https://www.opendoor.com/careers/open-positions/jobs/sr-accountant-1a8108a8-9f02-4fc1-ae34-87dc982e064d,not checked (out of scope),0,,2026-10-09,0,,,page,iBuying / Real Estate Transactions,Arizona,B,page:opendoor:/careers/open-positions/jobs/sr-accountant-1a8108a8-9f02-4fc1-ae34-87dc982e064d
Opendoor,Sr. Accountant,"Toronto, Canada",https://www.opendoor.com/careers/open-positions/jobs/sr-accountant-8b943781-adcf-40a3-9690-3b7424bf7d29,not checked (out of scope),0,,2026-10-09,0,,,page,iBuying / Real Estate Transactions,Arizona,B,page:opendoor:/careers/open-positions/jobs/sr-accountant-8b943781-adcf-40a3-9690-3b7424bf7d29
Opendoor,"Sr. Manager, SEO","Miami, FL · Tempe, AZ · Toronto, Canada",https://www.opendoor.com/careers/open-positions/jobs/sr-manager-seo-fb004d73-8c73-402d-a5b9-59d67450ee02,not checked (out of scope),0,,2026-10-09,0,,,page,iBuying / Real Estate Transactions,Arizona,B,page:opendoor:/careers/open-positions/jobs/sr-manager-seo-fb004d73-8c73-402d-a5b9-59d67450ee02
Opendoor,Workplace Specialist,"Miami, FL",https://www.opendoor.com/careers/open-positions/jobs/workplace-specialist-8fc08134-65b4-4494-aa3f-b6353d8ae981,not checked (out of scope),0,,2026-10-09,0,,,page,iBuying / Real Estate Transactions,Arizona,B,page:opendoor:/careers/open-positions/jobs/workplace-specialist-8fc08134-65b4-4494-aa3f-b6353d8ae981
Orchard,Associate General Counsel,"Austin, Texas, United States",https://job-boards.greenhouse.io/orchard/jobs/8818002002,not checked (out of scope),0,2026-09-29,2026-09-30,9,,,greenhouse,Home Trade-In / Mortgage Fintech,New York,B,greenhouse:orchard:8818002002
Orchard,Associate General Counsel,"Remote, United States",https://job-boards.greenhouse.io/orchard/jobs/8818007002,not checked (out of scope),0,2026-10-07,2026-10-09,0,,,greenhouse,Home Trade-In / Mortgage Fintech,New York,B,greenhouse:orchard:8818007002
Orchard,Associate General Counsel,"Denver, Colorado, United States",https://job-boards.greenhouse.io/orchard/jobs/8818003002,not checked (out of scope),0,2026-09-29,2026-09-30,9,,,greenhouse,Home Trade-In / Mortgage Fintech,New York,B,greenhouse:orchard:8818003002
Orchard,Associate General Counsel,"New York, New York, United States",https://job-boards.greenhouse.io/orchard/jobs/8818001002,not checked (out of scope),0,2026-09-17,2026-09-24,15,,,greenhouse,Home Trade-In / Mortgage Fintech,New York,B,greenhouse:orchard:8818001002
Orchard,Brokerage Team Leader,"San Diego, California, United States",https://job-boards.greenhouse.io/orchard/jobs/8536016002,not checked (out of scope),0,2026-05-05,2026-09-24,15,,,greenhouse,Home Trade-In / Mortgage Fintech,New York,B,greenhouse:orchard:8536016002
Orchard,Brokerage Team Leader,"Seattle, Washington, United States",https://job-boards.greenhouse.io/orchard/jobs/8536000002,not checked (out of scope),0,2026-05-05,2026-09-24,15,,,greenhouse,Home Trade-In / Mortgage Fintech,New York,B,greenhouse:orchard:8536000002
Orchard,Business Development Manager,"Burleson, Texas, United States",https://job-boards.greenhouse.io/orchard/jobs/8697558002,live,200,2026-08-11,2026-09-24,15,sales,sales,greenhouse,Home Trade-In / Mortgage Fintech,New York,B,greenhouse:orchard:8697558002
Orchard,Escrow Officer w/ Book,"Dallas, Texas, United States",https://job-boards.greenhouse.io/orchard/jobs/8477160002,not checked (out of scope),0,2026-03-24,2026-09-24,15,,,greenhouse,Home Trade-In / Mortgage Fintech,New York,B,greenhouse:orchard:8477160002
Orchard,Escrow Officer w/ Book,"Austin, Texas, United States",https://job-boards.greenhouse.io/orchard/jobs/8478010002,not checked (out of scope),0,2026-03-24,2026-09-24,15,,,greenhouse,Home Trade-In / Mortgage Fintech,New York,B,greenhouse:orchard:8478010002
Orchard,Escrow Officer w/ Book,"San Antonio, Texas, United States",https://job-boards.greenhouse.io/orchard/jobs/8478011002,not checked (out of scope),0,2026-03-24,2026-09-24,15,,,greenhouse,Home Trade-In / Mortgage Fintech,New York,B,greenhouse:orchard:8478011002
Orchard,Escrow Officer w/ Book,"Houston, Texas, United States",https://job-boards.greenhouse.io/orchard/jobs/8478015002,not checked (out of scope),0,2026-03-24,2026-09-24,15,,,greenhouse,Home Trade-In / Mortgage Fintech,New York,B,greenhouse:orchard:8478015002
Orchard,Escrow Officer w/ Book,"Denver, Colorado, United States",https://job-boards.greenhouse.io/orchard/jobs/8478075002,not checked (out of scope),0,2026-03-24,2026-09-24,15,,,greenhouse,Home Trade-In / Mortgage Fintech,New York,B,greenhouse:orchard:8478075002
Orchard,Escrow Officer w/ Book,"Phoenix, Arizona, United States",https://job-boards.greenhouse.io/orchard/jobs/8478096002,not checked (out of scope),0,2026-03-24,2026-09-24,15,,,greenhouse,Home Trade-In / Mortgage Fintech,New York,B,greenhouse:orchard:8478096002
Orchard,Licensed Real Estate Agent,"San Diego, California, United States",https://job-boards.greenhouse.io/orchard/jobs/7675303002,not checked (out of scope),0,2024-10-14,2026-09-24,15,,,greenhouse,Home Trade-In / Mortgage Fintech,New York,B,greenhouse:orchard:7675303002
Orchard,Licensed Real Estate Agent - Fully Vetted Leads Provided,"Dallas, Texas, United States",https://job-boards.greenhouse.io/orchard/jobs/7018933002,not checked (out of scope),0,2023-11-10,2026-09-24,15,,,greenhouse,Home Trade-In / Mortgage Fintech,New York,B,greenhouse:orchard:7018933002
Orchard,Licensed Real Estate Agent - Fully Vetted Leads Provided,"Atlanta, Georgia, United States",https://job-boards.greenhouse.io/orchard/jobs/7016479002,not checked (out of scope),0,2023-11-10,2026-09-24,15,,,greenhouse,Home Trade-In / Mortgage Fintech,New York,B,greenhouse:orchard:7016479002
Orchard,Licensed Real Estate Agent - Fully Vetted Leads Provided,"Marana, Arizona, United States",https://job-boards.greenhouse.io/orchard/jobs/8382201002,not checked (out of scope),0,2026-01-20,2026-09-24,15,,,greenhouse,Home Trade-In / Mortgage Fintech,New York,B,greenhouse:orchard:8382201002
Orchard,Licensed Real Estate Agent - Fully Vetted Leads Provided,"Denver, Colorado, United States",https://job-boards.greenhouse.io/orchard/jobs/7018970002,not checked (out of scope),0,2023-11-10,2026-09-24,15,,,greenhouse,Home Trade-In / Mortgage Fintech,New York,B,greenhouse:orchard:7018970002
Orchard,Licensed Real Estate Agent - Fully Vetted Leads Provided,"Austin, Texas, United States",https://job-boards.greenhouse.io/orchard/jobs/7019066002,not checked (out of scope),0,2023-11-10,2026-09-24,15,,,greenhouse,Home Trade-In / Mortgage Fintech,New York,B,greenhouse:orchard:7019066002
Orchard,Licensed Real Estate Agent - Fully Vetted Leads Provided,"Nashville, Tennessee, United States",https://job-boards.greenhouse.io/orchard/jobs/7703930002,not checked (out of scope),0,2024-10-28,2026-09-24,15,,,greenhouse,Home Trade-In / Mortgage Fintech,New York,B,greenhouse:orchard:7703930002
Orchard,Licensed Real Estate Agent - Fully Vetted Leads Provided,"Houston, Texas, United States",https://job-boards.greenhouse.io/orchard/jobs/7019004002,not checked (out of scope),0,2023-11-10,2026-09-24,15,,,greenhouse,Home Trade-In / Mortgage Fintech,New York,B,greenhouse:orchard:7019004002
Orchard,Licensed Real Estate Agent - Fully Vetted Leads Provided,"San Antonio, Texas, United States",https://job-boards.greenhouse.io/orchard/jobs/7019077002,not checked (out of scope),0,2023-11-10,2026-09-24,15,,,greenhouse,Home Trade-In / Mortgage Fintech,New York,B,greenhouse:orchard:7019077002
Orchard,Licensed Real Estate Agent - Fully Vetted Leads Provided,"Phoenix, Arizona, United States",https://job-boards.greenhouse.io/orchard/jobs/7704097002,not checked (out of scope),0,2024-10-28,2026-09-24,15,,,greenhouse,Home Trade-In / Mortgage Fintech,New York,B,greenhouse:orchard:7704097002
Orchard,Licensed Real Estate Agent - Fully Vetted Leads Provided,"Orlando, Florida, United States",https://job-boards.greenhouse.io/orchard/jobs/8284279002,not checked (out of scope),0,2025-11-11,2026-09-24,15,,,greenhouse,Home Trade-In / Mortgage Fintech,New York,B,greenhouse:orchard:8284279002
Orchard,Licensed Real Estate Agent - Fully Vetted Leads Provided,"Tampa, Florida, United States",https://job-boards.greenhouse.io/orchard/jobs/8285372002,not checked (out of scope),0,2025-11-11,2026-09-24,15,,,greenhouse,Home Trade-In / Mortgage Fintech,New York,B,greenhouse:orchard:8285372002
Orchard,Licensed Real Estate Agent - Fully Vetted Leads Provided,"Maricopa, Arizona, United States",https://job-boards.greenhouse.io/orchard/jobs/8382200002,not checked (out of scope),0,2026-01-20,2026-09-24,15,,,greenhouse,Home Trade-In / Mortgage Fintech,New York,B,greenhouse:orchard:8382200002
Orchard,Software Engineer,"New York, New York, United States",https://job-boards.greenhouse.io/orchard/jobs/8817823002,live,200,2026-09-17,2026-09-24,15,engineering,eng,greenhouse,Home Trade-In / Mortgage Fintech,New York,B,greenhouse:orchard:8817823002
Ownwell,Business Development Manager - Partnerships,"Austin, TX",https://job-boards.greenhouse.io/ownwell/jobs/4647432006,live,200,2026-01-22,2026-09-24,15,sales,sales,greenhouse,Property Tax Appeal Platform,Texas,B,greenhouse:ownwell:4647432006
Ownwell,Client Success Manager,"Austin, TX",https://job-boards.greenhouse.io/ownwell/jobs/4394616006,live,200,2024-08-15,2026-09-24,15,gtm,,greenhouse,Property Tax Appeal Platform,Texas,B,greenhouse:ownwell:4394616006
Ownwell,Commercial Property Tax Consultant,"Austin, TX",https://job-boards.greenhouse.io/ownwell/jobs/4653759006,not checked (out of scope),0,2026-02-11,2026-09-24,15,,,greenhouse,Property Tax Appeal Platform,Texas,B,greenhouse:ownwell:4653759006
Ownwell,Commercial Property Tax Consultant- Business Personal Property (BPP),"Austin, TX",https://job-boards.greenhouse.io/ownwell/jobs/4685760006,not checked (out of scope),0,2026-06-01,2026-09-24,15,,,greenhouse,Property Tax Appeal Platform,Texas,B,greenhouse:ownwell:4685760006
Ownwell,Commercial Property Tax Consultant- National Team,"Remote, US",https://job-boards.greenhouse.io/ownwell/jobs/4655562006,not checked (out of scope),0,2026-02-18,2026-09-24,15,,,greenhouse,Property Tax Appeal Platform,Texas,B,greenhouse:ownwell:4655562006
Ownwell,"Growth Lead, Market Expansion","New York City, Long Island, New York",https://job-boards.greenhouse.io/ownwell/jobs/4701392006,live,200,2026-07-30,2026-09-24,15,gtm,,greenhouse,Property Tax Appeal Platform,Texas,B,greenhouse:ownwell:4701392006
Ownwell,Insurance Agent,"Austin, TX",https://job-boards.greenhouse.io/ownwell/jobs/4605270006,not checked (out of scope),0,2025-09-29,2026-09-24,15,,,greenhouse,Property Tax Appeal Platform,Texas,B,greenhouse:ownwell:4605270006
Ownwell,Product Manager,"Austin, TX",https://job-boards.greenhouse.io/ownwell/jobs/4555493006,not checked (out of scope),0,2025-03-31,2026-09-24,15,,product,greenhouse,Property Tax Appeal Platform,Texas,B,greenhouse:ownwell:4555493006
Ownwell,Property Tax Consultant - Texas (Contract Position),"Austin, San Antonio, Houston, Dallas, Fort Worth",https://job-boards.greenhouse.io/ownwell/jobs/4410174006,not checked (out of scope),0,2024-11-13,2026-09-24,15,,,greenhouse,Property Tax Appeal Platform,Texas,B,greenhouse:ownwell:4410174006
Ownwell,Revenue Recovery Lead,"Austin, TX",https://job-boards.greenhouse.io/ownwell/jobs/4686070006,live,200,2026-06-02,2026-09-24,15,sales,sales,greenhouse,Property Tax Appeal Platform,Texas,B,greenhouse:ownwell:4686070006
Ownwell,Senior Account Executive,"Austin, TX",https://job-boards.greenhouse.io/ownwell/jobs/4602222006,live,200,2025-09-16,2026-09-24,15,sales,sales,greenhouse,Property Tax Appeal Platform,Texas,B,greenhouse:ownwell:4602222006
Ownwell,Software Engineer,"Gurugram, India",https://job-boards.greenhouse.io/ownwell/jobs/4441476006,live,200,2025-02-06,2026-09-24,15,engineering,eng,greenhouse,Property Tax Appeal Platform,Texas,B,greenhouse:ownwell:4441476006
Ownwell,Support Operations Specialist,"Austin, TX",https://job-boards.greenhouse.io/ownwell/jobs/4569892006,not checked (out of scope),0,2025-05-20,2026-09-24,15,,customer,greenhouse,Property Tax Appeal Platform,Texas,B,greenhouse:ownwell:4569892006
Pacaso,Director of Lifecycle Marketing,"United States, Remote",https://job-boards.greenhouse.io/pacaso/jobs/6187338004,live,200,2026-09-09,2026-09-24,15,gtm,leadership,greenhouse,Co-Ownership / Second Homes,California,B,greenhouse:pacaso:6187338004
Pacaso,"Ownership Advisor, Sales","United States, Remote",https://job-boards.greenhouse.io/pacaso/jobs/5679921004,live,200,2025-10-22,2026-09-24,15,sales,sales,greenhouse,Co-Ownership / Second Homes,California,B,greenhouse:pacaso:5679921004
Placer.ai,Account Executive,"United States, Remote",https://placer.ai/company/we-are-hiring/?gh_jid=7612606003,live,200,2026-01-30,2026-10-09,0,sales,sales,greenhouse,Foot Traffic / Location Analytics,California,B,greenhouse:placerlabs:7612606003
Placer.ai,Account Manager,"United States, Remote",https://placer.ai/company/we-are-hiring/?gh_jid=7768278003,live,200,2026-08-06,2026-10-09,0,gtm,customer,greenhouse,Foot Traffic / Location Analytics,California,B,greenhouse:placerlabs:7768278003
Placer.ai,Accounts Receivable Specialist,"Bogotá Colombia, Remote",https://placer.ai/company/we-are-hiring/?gh_jid=7814538003,not checked (out of scope),0,2026-07-23,2026-10-09,0,,,greenhouse,Foot Traffic / Location Analytics,California,B,greenhouse:placerlabs:7814538003
Placer.ai,Backend Engineer - Mobile Platform,"Ramat Gan, Israel",https://placer.ai/company/we-are-hiring/?gh_jid=7853136003,live,200,2026-08-11,2026-10-09,0,engineering,eng,greenhouse,Foot Traffic / Location Analytics,California,B,greenhouse:placerlabs:7853136003
Placer.ai,Big Data Engineer,"Ramat Gan, Israel",https://placer.ai/company/we-are-hiring/?gh_jid=7958129003,live,200,2026-08-24,2026-10-09,0,engineering,eng,greenhouse,Foot Traffic / Location Analytics,California,B,greenhouse:placerlabs:7958129003
Placer.ai,"Director, Marketing Operations","United States, Remote",https://placer.ai/company/we-are-hiring/?gh_jid=7999244003,live,200,2026-09-18,2026-10-09,0,gtm,leadership,greenhouse,Foot Traffic / Location Analytics,California,B,greenhouse:placerlabs:7999244003
Placer.ai,"Founding Engineer, Consumer Apps","Austin, Texas",https://placer.ai/company/we-are-hiring/?gh_jid=8009817003,live,200,2026-09-30,2026-10-09,0,engineering,eng,greenhouse,Foot Traffic / Location Analytics,California,B,greenhouse:placerlabs:8009817003
Placer.ai,Sales Development Representative,"Austin, Texas",https://placer.ai/company/we-are-hiring/?gh_jid=6501448003,live,200,2025-03-06,2026-10-09,0,sales,sales,greenhouse,Foot Traffic / Location Analytics,California,B,greenhouse:placerlabs:6501448003
Placer.ai,Senior AI Software Engineer,"United States, Remote",https://placer.ai/company/we-are-hiring/?gh_jid=7994141003,live,200,2026-09-22,2026-10-09,0,engineering,eng,greenhouse,Foot Traffic / Location Analytics,California,B,greenhouse:placerlabs:7994141003
Placer.ai,Senior Analytics Engineer- Custom Feeds,Ramat Gan,https://placer.ai/company/we-are-hiring/?gh_jid=7993942003,live,200,2026-09-14,2026-10-09,0,engineering,eng,greenhouse,Foot Traffic / Location Analytics,California,B,greenhouse:placerlabs:7993942003
Placer.ai,Senior Backend Engineer- Data Platform,"Ramat Gan, Israel",https://placer.ai/company/we-are-hiring/?gh_jid=7893702003,live,200,2026-08-20,2026-10-09,0,engineering,eng,greenhouse,Foot Traffic / Location Analytics,California,B,greenhouse:placerlabs:7893702003
Placer.ai,Senior Data Analyst - Data Quality,"Ramat Gan, Israel",https://placer.ai/company/we-are-hiring/?gh_jid=8015443003,not checked (out of scope),0,2026-10-08,2026-10-09,0,,,greenhouse,Foot Traffic / Location Analytics,California,B,greenhouse:placerlabs:8015443003
Placer.ai,Senior Devops Engineer,"Austin, TX",https://placer.ai/company/we-are-hiring/?gh_jid=7660276003,live,200,2026-03-12,2026-10-09,0,engineering,eng,greenhouse,Foot Traffic / Location Analytics,California,B,greenhouse:placerlabs:7660276003
Placer.ai,Senior Finance Manager,"Colombia, Remote",https://placer.ai/company/we-are-hiring/?gh_jid=8011369003,not checked (out of scope),0,2026-10-02,2026-10-09,0,,,greenhouse,Foot Traffic / Location Analytics,California,B,greenhouse:placerlabs:8011369003
Placer.ai,"Senior Software Engineer, Placer Intelligence","United States, Remote",https://placer.ai/company/we-are-hiring/?gh_jid=8009196003,live,200,2026-09-30,2026-10-09,0,engineering,eng,greenhouse,Foot Traffic / Location Analytics,California,B,greenhouse:placerlabs:8009196003
Placer.ai,Solutions Engineer,"United States, Remote",https://placer.ai/company/we-are-hiring/?gh_jid=7597819003,live,200,2026-01-20,2026-10-09,0,sales,eng,greenhouse,Foot Traffic / Location Analytics,California,B,greenhouse:placerlabs:7597819003
Placer.ai,Solutions Engineering Analyst,"Colombia, Remote",https://placer.ai/company/we-are-hiring/?gh_jid=7330970003,live,200,2025-09-15,2026-10-09,0,sales,eng,greenhouse,Foot Traffic / Location Analytics,California,B,greenhouse:placerlabs:7330970003
Placer.ai,Solutions Engineering Analyst,"Mexico, Remote",https://placer.ai/company/we-are-hiring/?gh_jid=7330632003,live,200,2025-09-15,2026-10-09,0,sales,eng,greenhouse,Foot Traffic / Location Analytics,California,B,greenhouse:placerlabs:7330632003
Placer.ai,"VP, Revenue Marketing","United States, Remote",https://placer.ai/company/we-are-hiring/?gh_jid=8004413003,live,200,2026-09-24,2026-10-09,0,executive,sales,greenhouse,Foot Traffic / Location Analytics,California,B,greenhouse:placerlabs:8004413003
Point,Account Manager,United States,https://point.com/hiring?gh_jid=8728320002,live,200,2026-08-18,2026-10-09,0,gtm,customer,greenhouse,Home Equity Fintech,California,B,greenhouse:pointdigitalfinance:8728320002
Point,"Associate General Counsel, Litigation",United States,https://point.com/hiring?gh_jid=8801872002,not checked (out of scope),0,2026-09-14,2026-10-09,0,,,greenhouse,Home Equity Fintech,California,B,greenhouse:pointdigitalfinance:8801872002
Point,"Associate General Counsel, Servicing & Title",United States,https://point.com/hiring?gh_jid=8819082002,not checked (out of scope),0,2026-09-18,2026-10-09,0,,,greenhouse,Home Equity Fintech,California,B,greenhouse:pointdigitalfinance:8819082002
Point,Associate Software Engineer,"San Francisco, California, United States",https://point.com/hiring?gh_jid=8829278002,live,200,2026-09-22,2026-10-09,0,engineering,eng,greenhouse,Home Equity Fintech,California,B,greenhouse:pointdigitalfinance:8829278002
Point,Engineering Manager,"San Francisco, California, United States",https://point.com/hiring?gh_jid=8879796002,live,200,2026-10-08,2026-10-09,0,engineering,eng,greenhouse,Home Equity Fintech,California,B,greenhouse:pointdigitalfinance:8879796002
Point,Engineering Manager,United States,https://point.com/hiring?gh_jid=8879794002,live,200,2026-10-08,2026-10-09,0,engineering,eng,greenhouse,Home Equity Fintech,California,B,greenhouse:pointdigitalfinance:8879794002
Point,Sales Manager,United States,https://point.com/hiring?gh_jid=8784149002,live,200,2026-09-08,2026-10-09,0,sales,sales,greenhouse,Home Equity Fintech,California,B,greenhouse:pointdigitalfinance:8784149002
Point,Senior Accountant,United States,https://point.com/hiring?gh_jid=8870970002,not checked (out of scope),0,2026-10-06,2026-10-09,0,,,greenhouse,Home Equity Fintech,California,B,greenhouse:pointdigitalfinance:8870970002
Point,"Senior Analyst, Marketing Analytics",United States,https://point.com/hiring?gh_jid=8761725002,live,200,2026-08-28,2026-10-09,0,gtm,,greenhouse,Home Equity Fintech,California,B,greenhouse:pointdigitalfinance:8761725002
Point,Senior Security Operations Analyst (Detection & Response),"San Francisco, California, United States",https://point.com/hiring?gh_jid=8782693002,not checked (out of scope),0,2026-09-03,2026-10-09,0,,ops,greenhouse,Home Equity Fintech,California,B,greenhouse:pointdigitalfinance:8782693002
Point,Senior Security Operations Analyst (Detection & Response),United States,https://point.com/hiring?gh_jid=8717639002,not checked (out of scope),0,2026-08-17,2026-10-09,0,,ops,greenhouse,Home Equity Fintech,California,B,greenhouse:pointdigitalfinance:8717639002
Point,"Sr. Manager, DevOps and AI Enablement","San Francisco, California, United States",https://point.com/hiring?gh_jid=8800482002,live,200,2026-09-11,2026-10-09,0,engineering,eng,greenhouse,Home Equity Fintech,California,B,greenhouse:pointdigitalfinance:8800482002
Side,"Manager, Partner Success","San Francisco, California",https://jobs.lever.co/sideinc/8c8f607b-7021-42b2-af1d-86fd7b61cec2,live,200,2026-05-19,2026-09-24,15,gtm,,lever,Real Estate Brokerage Platform,California,B,lever:sideinc:8c8f607b-7021-42b2-af1d-86fd7b61cec2
Side,Managing Broker - In Market: San Francisco/Bay Area,"San Francisco, California",https://jobs.lever.co/sideinc/e73abd82-7a7c-4993-8740-5e6f1287da1e,not checked (out of scope),0,2026-01-12,2026-09-24,15,,,lever,Real Estate Brokerage Platform,California,B,lever:sideinc:e73abd82-7a7c-4993-8740-5e6f1287da1e
Side,"Partner Success Manager - In Market, Southern CA","Los Angeles, California",https://jobs.lever.co/sideinc/c2d05667-74bc-40df-b94e-4718c6951522,live,200,2026-06-23,2026-09-24,15,gtm,,lever,Real Estate Brokerage Platform,California,B,lever:sideinc:c2d05667-74bc-40df-b94e-4718c6951522
Side,"Sales Development Representative - Bay Area , CA","San Francisco, California",https://jobs.lever.co/sideinc/a5df4845-8a35-4690-a49b-05c1d5f7d9a6,live,200,2026-07-17,2026-09-24,15,sales,sales,lever,Real Estate Brokerage Platform,California,B,lever:sideinc:a5df4845-8a35-4690-a49b-05c1d5f7d9a6
Snapdocs,Controller,United States,https://jobs.ashbyhq.com/snapdocs/88f9a598-f0fd-4ab7-8e18-600ad5f6815d,not checked (out of scope),0,2026-08-12,2026-09-24,15,,,ashby,Digital Mortgage Closing Platform,California,B,ashby:snapdocs:88f9a598-f0fd-4ab7-8e18-600ad5f6815d
Snapdocs,Enterprise Account Executive,United States,https://jobs.ashbyhq.com/snapdocs/d725e93c-e215-461f-9468-4bc7caf1a506,live,200,2026-06-10,2026-09-24,15,sales,sales,ashby,Digital Mortgage Closing Platform,California,B,ashby:snapdocs:d725e93c-e215-461f-9468-4bc7caf1a506
Snapdocs,Field Marketing Manager,United States,https://jobs.ashbyhq.com/snapdocs/2e2031d0-6045-43ed-a9d1-d53046b124c5,live,200,2026-09-08,2026-09-24,15,gtm,,ashby,Digital Mortgage Closing Platform,California,B,ashby:snapdocs:2e2031d0-6045-43ed-a9d1-d53046b124c5
VTS,Account Executive,"New York, New York, United States",https://job-boards.greenhouse.io/vts/jobs/4654703005,live,200,2026-01-29,2026-09-24,15,sales,sales,greenhouse,Commercial Real Estate Leasing Platform,New York,B,greenhouse:vts:4654703005
VTS,Account Manager,"New York, New York, United States",https://job-boards.greenhouse.io/vts/jobs/4696138005,live,200,2026-05-18,2026-09-24,15,gtm,customer,greenhouse,Commercial Real Estate Leasing Platform,New York,B,greenhouse:vts:4696138005
VTS,Associate Implementation Manager,"New York, New York, United States",https://job-boards.greenhouse.io/vts/jobs/4723555005,not checked (out of scope),0,2026-08-12,2026-09-24,15,,customer,greenhouse,Commercial Real Estate Leasing Platform,New York,B,greenhouse:vts:4723555005
VTS,Chief of Staff,"New York, New York, United States",https://job-boards.greenhouse.io/vts/jobs/4737104005,not checked (out of scope),0,2026-09-23,2026-09-24,15,,leadership,greenhouse,Commercial Real Estate Leasing Platform,New York,B,greenhouse:vts:4737104005
VTS,Director of Growth Marketing,"New York, New York, United States",https://job-boards.greenhouse.io/vts/jobs/4716261005,live,200,2026-07-17,2026-09-24,15,gtm,leadership,greenhouse,Commercial Real Estate Leasing Platform,New York,B,greenhouse:vts:4716261005
VTS,Engineering Manager,"New York, New York, United States",https://job-boards.greenhouse.io/vts/jobs/4694646005,live,200,2026-05-12,2026-09-24,15,engineering,eng,greenhouse,Commercial Real Estate Leasing Platform,New York,B,greenhouse:vts:4694646005
VTS,Executive Assistant,"New York, New York, United States",https://job-boards.greenhouse.io/vts/jobs/4706462005,not checked (out of scope),0,2026-06-16,2026-09-24,15,,,greenhouse,Commercial Real Estate Leasing Platform,New York,B,greenhouse:vts:4706462005
VTS,Integrations and API Support Advisor,"New York, New York, United States",https://job-boards.greenhouse.io/vts/jobs/4725639005,not checked (out of scope),0,2026-08-20,2026-09-24,15,,customer,greenhouse,Commercial Real Estate Leasing Platform,New York,B,greenhouse:vts:4725639005
VTS,People Operations Coordinator,"New York, New York, United States",https://job-boards.greenhouse.io/vts/jobs/4729577005,not checked (out of scope),0,2026-09-01,2026-09-24,15,,ops,greenhouse,Commercial Real Estate Leasing Platform,New York,B,greenhouse:vts:4729577005
VTS,Product Marketing Manager,"New York, New York, United States",https://job-boards.greenhouse.io/vts/jobs/4739716005,live,200,2026-10-01,2026-10-02,7,gtm,,greenhouse,Commercial Real Estate Leasing Platform,New York,B,greenhouse:vts:4739716005
VTS,Sales Development Representative,"New York, New York, United States",https://job-boards.greenhouse.io/vts/jobs/4679033005,live,200,2026-04-06,2026-09-24,15,sales,sales,greenhouse,Commercial Real Estate Leasing Platform,New York,B,greenhouse:vts:4679033005
VTS,Senior Content Marketing Manager,"New York, New York, United States",https://job-boards.greenhouse.io/vts/jobs/4739722005,live,200,2026-10-01,2026-10-02,7,gtm,,greenhouse,Commercial Real Estate Leasing Platform,New York,B,greenhouse:vts:4739722005
VTS,"Senior Manager, Solutions Consultant - Activate","New York, New York, United States",https://job-boards.greenhouse.io/vts/jobs/4713181005,live,200,2026-07-08,2026-09-24,15,sales,,greenhouse,Commercial Real Estate Leasing Platform,New York,B,greenhouse:vts:4713181005
VTS,Senior Salesforce & Integration Engineer,"New York, New York, United States",https://job-boards.greenhouse.io/vts/jobs/4725638005,live,200,2026-08-21,2026-09-24,15,engineering,sales,greenhouse,Commercial Real Estate Leasing Platform,New York,B,greenhouse:vts:4725638005
VTS,Senior Technical Solutions Consultant,"New York, New York, United States",https://job-boards.greenhouse.io/vts/jobs/4704260005,live,200,2026-06-09,2026-09-24,15,sales,,greenhouse,Commercial Real Estate Leasing Platform,New York,B,greenhouse:vts:4704260005
VTS,VTS Talent Network - Canada,Canada,https://job-boards.greenhouse.io/vts/jobs/4042709005,not checked (out of scope),0,2022-07-07,2026-09-24,15,,,greenhouse,Commercial Real Estate Leasing Platform,New York,B,greenhouse:vts:4042709005
VTS,VTS Talent Network - United States,United States,https://job-boards.greenhouse.io/vts/jobs/4042708005,not checked (out of scope),0,2022-07-07,2026-09-24,15,,,greenhouse,Commercial Real Estate Leasing Platform,New York,B,greenhouse:vts:4042708005
Zillow Group,AV Engineer,Seattle-WA-2nd Ave,https://zillow.wd5.myworkdayjobs.com/Zillow_Group_External/job/Seattle-WA-2nd-Ave/AV-Engineer_P751376-1,"listed in ATS, not rechecked",0,2026-10-01,2026-09-28,11,engineering,eng,workday,Real Estate Marketplace,Washington,B,workday:zillow:/job/Seattle-WA-2nd-Ave/AV-Engineer_P751376-1
Zillow Group,Accounting Manager - Financial Products & Services,Remote-USA,https://zillow.wd5.myworkdayjobs.com/Zillow_Group_External/job/Remote-USA/Accounting-Manager---Financial-Products---Services_P751506-2,not checked (out of scope),0,2026-10-07,2026-10-09,0,,,workday,Real Estate Marketplace,Washington,B,workday:zillow:/job/Remote-USA/Accounting-Manager---Financial-Products---Services_P751506-2
Zillow Group,Analytics Engineer,Bengaluru,https://zillow.wd5.myworkdayjobs.com/Zillow_Group_External/job/Bengaluru/Analytics-Engineer_P751461,"listed in ATS, not rechecked",0,,2026-10-09,0,engineering,eng,workday,Real Estate Marketplace,Washington,B,workday:zillow:/job/Bengaluru/Analytics-Engineer_P751461
Zillow Group,Applied Scientist,Remote-Germany,https://zillow.wd5.myworkdayjobs.com/Zillow_Group_External/job/Remote-Germany/Applied-Scientist_P751407-1,not checked (out of scope),0,2026-10-09,2026-10-09,0,,,workday,Real Estate Marketplace,Washington,B,workday:zillow:/job/Remote-Germany/Applied-Scientist_P751407-1
Zillow Group,Applied Scientist,Remote-USA,https://zillow.wd5.myworkdayjobs.com/Zillow_Group_External/job/Remote-USA/Applied-Scientist_P751481-1,not checked (out of scope),0,2026-10-07,2026-10-09,0,,,workday,Real Estate Marketplace,Washington,B,workday:zillow:/job/Remote-USA/Applied-Scientist_P751481-1
Zillow Group,Applied Scientist,Bengaluru,https://zillow.wd5.myworkdayjobs.com/Zillow_Group_External/job/Bengaluru/Applied-Scientist_P751065-1,not checked (out of scope),0,2026-09-09,2026-09-24,15,,,workday,Real Estate Marketplace,Washington,B,workday:zillow:/job/Bengaluru/Applied-Scientist_P751065-1
Zillow Group,Appraisal Review Specialist,Bengaluru,https://zillow.wd5.myworkdayjobs.com/Zillow_Group_External/job/Bengaluru/Appraisal-Review-Specialist_P751368-1,not checked (out of scope),0,2026-09-21,2026-09-24,15,,,workday,Real Estate Marketplace,Washington,B,workday:zillow:/job/Bengaluru/Appraisal-Review-Specialist_P751368-1
Zillow Group,Backend Software Development Engineer - Mexico,Mexico City,https://zillow.wd5.myworkdayjobs.com/Zillow_Group_External/job/Mexico-City/Backend-Software-Development-Engineer---Mexico_P751468-1,"listed in ATS, not rechecked",0,2026-10-06,2026-10-09,0,engineering,eng,workday,Real Estate Marketplace,Washington,B,workday:zillow:/job/Mexico-City/Backend-Software-Development-Engineer---Mexico_P751468-1
Zillow Group,"Business Development Representative, Aryeo",Remote-USA,https://zillow.wd5.myworkdayjobs.com/Zillow_Group_External/job/Remote-USA/Business-Development-Representative--Aryeo_P751048-1,live,200,2026-10-01,2026-09-24,15,sales,sales,workday,Real Estate Marketplace,Washington,B,workday:zillow:/job/Remote-USA/Business-Development-Representative--Aryeo_P751048-1
Zillow Group,Business SOX Compliance Manager,Remote-USA,https://zillow.wd5.myworkdayjobs.com/Zillow_Group_External/job/Remote-USA/Business-SOX-Compliance-Manager_P751341-1,not checked (out of scope),0,2026-10-02,2026-10-04,5,,,workday,Real Estate Marketplace,Washington,B,workday:zillow:/job/Remote-USA/Business-SOX-Compliance-Manager_P751341-1
Zillow Group,Closing Operations Enablement Manager,Bengaluru,https://zillow.wd5.myworkdayjobs.com/Zillow_Group_External/job/Bengaluru/Closing-Operations-Enablement-Manager_P751362-1,not checked (out of scope),0,,2026-09-24,15,,ops,workday,Real Estate Marketplace,Washington,B,workday:zillow:/job/Bengaluru/Closing-Operations-Enablement-Manager_P751362-1
Zillow Group,Condo Review Specialist,Bengaluru,https://zillow.wd5.myworkdayjobs.com/Zillow_Group_External/job/Bengaluru/Condo-Review-Specialist_P751423-1,not checked (out of scope),0,2026-09-28,2026-09-28,11,,,workday,Real Estate Marketplace,Washington,B,workday:zillow:/job/Bengaluru/Condo-Review-Specialist_P751423-1
Zillow Group,Content Creator & Cultural Specialist,Remote-USA,https://zillow.wd5.myworkdayjobs.com/Zillow_Group_External/job/Remote-USA/Content-Creator_P751372-1,"listed in ATS, not rechecked",0,,2026-10-09,0,gtm,,workday,Real Estate Marketplace,Washington,B,workday:zillow:/job/Remote-USA/Content-Creator_P751372-1
Zillow Group,"Content Producer, Videographer, and Editor",Remote-USA,https://zillow.wd5.myworkdayjobs.com/Zillow_Group_External/job/Remote-USA/Content-Producer--Videographer--and-Editor_P751442-2,"listed in ATS, not rechecked",0,2026-10-09,2026-10-09,0,gtm,,workday,Real Estate Marketplace,Washington,B,workday:zillow:/job/Remote-USA/Content-Producer--Videographer--and-Editor_P751442-2
Zillow Group,Cyber Defense SOC Analyst,Bengaluru,https://zillow.wd5.myworkdayjobs.com/Zillow_Group_External/job/Bengaluru/Cyber-Defense-SOC-Analyst_P751272-1,not checked (out of scope),0,2026-09-10,2026-09-24,15,,,workday,Real Estate Marketplace,Washington,B,workday:zillow:/job/Bengaluru/Cyber-Defense-SOC-Analyst_P751272-1
Zillow Group,Data Scientist,Remote-USA,https://zillow.wd5.myworkdayjobs.com/Zillow_Group_External/job/Remote-USA/Data-Scientist_P751219-2,not checked (out of scope),0,2026-10-01,2026-09-24,15,,eng,workday,Real Estate Marketplace,Washington,B,workday:zillow:/job/Remote-USA/Data-Scientist_P751219-2
Zillow Group,"Director, Application Security",Remote-USA,https://zillow.wd5.myworkdayjobs.com/Zillow_Group_External/job/Remote-USA/Director--Application-Security_P751400-1,not checked (out of scope),0,2026-09-22,2026-09-24,15,,leadership,workday,Real Estate Marketplace,Washington,B,workday:zillow:/job/Remote-USA/Director--Application-Security_P751400-1
Zillow Group,"Director, Corporate Accounting and Consolidation",Remote-USA,https://zillow.wd5.myworkdayjobs.com/Zillow_Group_External/job/Remote-USA/Director--Corporate-Accounting-and-Consolidation_P751318-1,not checked (out of scope),0,2026-09-17,2026-09-24,15,,leadership,workday,Real Estate Marketplace,Washington,B,workday:zillow:/job/Remote-USA/Director--Corporate-Accounting-and-Consolidation_P751318-1
Zillow Group,"Director, Engineering",Bengaluru,https://zillow.wd5.myworkdayjobs.com/Zillow_Group_External/job/Bengaluru/Director--Engineering_P751170-1,"listed in ATS, not rechecked",0,2026-10-06,2026-10-09,0,engineering,leadership,workday,Real Estate Marketplace,Washington,B,workday:zillow:/job/Bengaluru/Director--Engineering_P751170-1
Zillow Group,Employee Service Coordinator,Mexico City,https://zillow.wd5.myworkdayjobs.com/Zillow_Group_External/job/Mexico-City/Employee-Service-Coordinator_P751274,not checked (out of scope),0,2026-10-02,2026-09-24,15,,,workday,Real Estate Marketplace,Washington,B,workday:zillow:/job/Mexico-City/Employee-Service-Coordinator_P751274
Zillow Group,"Fraud Operations Consultant, Rentals",Bengaluru,https://zillow.wd5.myworkdayjobs.com/Zillow_Group_External/job/Bengaluru/Fraud-Operations-Consultant--Rentals_P750699,not checked (out of scope),0,2026-09-21,2026-09-24,15,,ops,workday,Real Estate Marketplace,Washington,B,workday:zillow:/job/Bengaluru/Fraud-Operations-Consultant--Rentals_P750699
Zillow Group,Full Stack Software Development Engineer - Mexico,Mexico City,https://zillow.wd5.myworkdayjobs.com/Zillow_Group_External/job/Mexico-City/Full-Stack-Software-Development-Engineer---Mexico_P751464,"listed in ATS, not rechecked",0,2026-10-06,2026-10-09,0,engineering,eng,workday,Real Estate Marketplace,Washington,B,workday:zillow:/job/Mexico-City/Full-Stack-Software-Development-Engineer---Mexico_P751464
Zillow Group,IT Support Specialist,Remote-USA,https://zillow.wd5.myworkdayjobs.com/Zillow_Group_External/job/Remote-USA/IT-Support-Specialist_P751346-2,not checked (out of scope),0,2026-09-23,2026-09-24,15,,customer,workday,Real Estate Marketplace,Washington,B,workday:zillow:/job/Remote-USA/IT-Support-Specialist_P751346-2
Zillow Group,Incident Manager,Remote-USA,https://zillow.wd5.myworkdayjobs.com/Zillow_Group_External/job/Remote-USA/Incident-Manager_P751406-1,not checked (out of scope),0,2026-09-29,2026-09-24,15,,,workday,Real Estate Marketplace,Washington,B,workday:zillow:/job/Remote-USA/Incident-Manager_P751406-1
Zillow Group,Information Security Cyber Defense Incident Responder,Bengaluru,https://zillow.wd5.myworkdayjobs.com/Zillow_Group_External/job/Bengaluru/Information-Security-Cyber-Defense-Incident-Responder_P750946,not checked (out of scope),0,2026-10-09,2026-09-24,15,,,workday,Real Estate Marketplace,Washington,B,workday:zillow:/job/Bengaluru/Information-Security-Cyber-Defense-Incident-Responder_P750946
Zillow Group,Insurance Order Specialist,Bengaluru,https://zillow.wd5.myworkdayjobs.com/Zillow_Group_External/job/Bengaluru/Insurance-Order-Specialist_P750950-1,not checked (out of scope),0,2026-09-09,2026-09-24,15,,,workday,Real Estate Marketplace,Washington,B,workday:zillow:/job/Bengaluru/Insurance-Order-Specialist_P750950-1
Zillow Group,"Lifecycle Marketing Operations Specialist, Audience",Bengaluru,https://zillow.wd5.myworkdayjobs.com/Zillow_Group_External/job/Bengaluru/Lifecycle-Marketing-Operations-Specialist--Audience_P750923-1,live,200,2026-09-24,2026-09-28,11,gtm,ops,workday,Real Estate Marketplace,Washington,B,workday:zillow:/job/Bengaluru/Lifecycle-Marketing-Operations-Specialist--Audience_P750923-1
Zillow Group,"Lifecycle Marketing Operations Specialist, Audience",Bengaluru,https://zillow.wd5.myworkdayjobs.com/Zillow_Group_External/job/Bengaluru/Lifecycle-Marketing-Operations-Specialist--Audience_P750925-1,"listed in ATS, not rechecked",0,2026-09-09,2026-09-24,15,gtm,ops,workday,Real Estate Marketplace,Washington,B,workday:zillow:/job/Bengaluru/Lifecycle-Marketing-Operations-Specialist--Audience_P750925-1
Zillow Group,"Lifecycle Marketing Operations Specialist, Audience",Bengaluru,https://zillow.wd5.myworkdayjobs.com/Zillow_Group_External/job/Bengaluru/Lifecycle-Marketing-Operations-Specialist--Audience_P751059-1,live,200,2026-09-09,2026-09-24,15,gtm,ops,workday,Real Estate Marketplace,Washington,B,workday:zillow:/job/Bengaluru/Lifecycle-Marketing-Operations-Specialist--Audience_P751059-1
Zillow Group,"Lifecycle Marketing Operations Specialist, Templates",Bengaluru,https://zillow.wd5.myworkdayjobs.com/Zillow_Group_External/job/Bengaluru/Lifecycle-Marketing-Operations-Specialist--Templates_P750921-1,"listed in ATS, not rechecked",0,2026-10-09,2026-09-28,11,gtm,ops,workday,Real Estate Marketplace,Washington,B,workday:zillow:/job/Bengaluru/Lifecycle-Marketing-Operations-Specialist--Templates_P750921-1
Zillow Group,"Lifecycle Marketing Operations Specialist, Templates",Bengaluru,https://zillow.wd5.myworkdayjobs.com/Zillow_Group_External/job/Bengaluru/Lifecycle-Marketing-Operations-Specialist--Templates_P751060-1,"listed in ATS, not rechecked",0,2026-09-09,2026-09-24,15,gtm,ops,workday,Real Estate Marketplace,Washington,B,workday:zillow:/job/Bengaluru/Lifecycle-Marketing-Operations-Specialist--Templates_P751060-1
Zillow Group,Machine Learning Engineer,Remote-Germany,https://zillow.wd5.myworkdayjobs.com/Zillow_Group_External/job/Remote-Germany/Machine-Learning-Engineer_P750556-1,live,200,2026-09-09,2026-09-24,15,engineering,eng,workday,Real Estate Marketplace,Washington,B,workday:zillow:/job/Remote-Germany/Machine-Learning-Engineer_P750556-1
Zillow Group,"Manager, Customer Success, Strategic",Remote-USA,https://zillow.wd5.myworkdayjobs.com/Zillow_Group_External/job/Remote-USA/Manager--Customer-Success--Strategic_P750846-1,"listed in ATS, not rechecked",0,2026-09-18,2026-09-24,15,gtm,customer,workday,Real Estate Marketplace,Washington,B,workday:zillow:/job/Remote-USA/Manager--Customer-Success--Strategic_P750846-1
Zillow Group,"Manager, Rentals Collections",Remote-USA,https://zillow.wd5.myworkdayjobs.com/Zillow_Group_External/job/Remote-USA/Manager--Rentals-Collections_P751411-1,not checked (out of scope),0,2026-09-29,2026-09-30,9,,,workday,Real Estate Marketplace,Washington,B,workday:zillow:/job/Remote-USA/Manager--Rentals-Collections_P751411-1
Zillow Group,"Marketing Specialist, Media Reporting and Automation",Bengaluru,https://zillow.wd5.myworkdayjobs.com/Zillow_Group_External/job/Bengaluru/Marketing-Specialist--Media-Reporting-and-Automation_P751329-2,live,200,2026-10-09,2026-09-24,15,gtm,,workday,Real Estate Marketplace,Washington,B,workday:zillow:/job/Bengaluru/Marketing-Specialist--Media-Reporting-and-Automation_P751329-2
Zillow Group,"Marketing Specialist, Paid Social",Bengaluru,https://zillow.wd5.myworkdayjobs.com/Zillow_Group_External/job/Bengaluru/Marketing-Specialist--Paid-Social_P751417-1,live,200,2026-09-25,2026-09-28,11,gtm,,workday,Real Estate Marketplace,Washington,B,workday:zillow:/job/Bengaluru/Marketing-Specialist--Paid-Social_P751417-1
Zillow Group,"Marketing Specialist, SEM",Bengaluru,https://zillow.wd5.myworkdayjobs.com/Zillow_Group_External/job/Bengaluru/Marketing-Specialist--SEM_P751416-1,live,200,2026-09-25,2026-09-28,11,gtm,,workday,Real Estate Marketplace,Washington,B,workday:zillow:/job/Bengaluru/Marketing-Specialist--SEM_P751416-1
Zillow Group,"Marketing Technologist, Customer Data Platform",Bengaluru,https://zillow.wd5.myworkdayjobs.com/Zillow_Group_External/job/Bengaluru/Marketing-Technologist--Customer-Data-Platform_P750926,live,200,2026-09-09,2026-09-24,15,gtm,,workday,Real Estate Marketplace,Washington,B,workday:zillow:/job/Bengaluru/Marketing-Technologist--Customer-Data-Platform_P750926
Zillow Group,"Mobile Engineer, iOS",Mexico City,https://zillow.wd5.myworkdayjobs.com/Zillow_Group_External/job/Mexico-City/Mobile-Engineer--iOS_P751306-2,live,200,2026-09-23,2026-09-24,15,engineering,eng,workday,Real Estate Marketplace,Washington,B,workday:zillow:/job/Mexico-City/Mobile-Engineer--iOS_P751306-2
Zillow Group,Mobile Product Engineer,Mexico City,https://zillow.wd5.myworkdayjobs.com/Zillow_Group_External/job/Mexico-City/Mobile-AI-Native-Product-Engineer_P750187,live,200,2026-10-02,2026-10-02,7,engineering,eng,workday,Real Estate Marketplace,Washington,B,workday:zillow:/job/Mexico-City/Mobile-AI-Native-Product-Engineer_P750187
Zillow Group,Mortgage Disclosure Analyst,Bengaluru,https://zillow.wd5.myworkdayjobs.com/Zillow_Group_External/job/Bengaluru/Mortgage-Disclosure-Analyst_P750582-1,not checked (out of scope),0,2026-09-09,2026-09-24,15,,,workday,Real Estate Marketplace,Washington,B,workday:zillow:/job/Bengaluru/Mortgage-Disclosure-Analyst_P750582-1
Zillow Group,Mortgage Funding Coordinator,Bengaluru,https://zillow.wd5.myworkdayjobs.com/Zillow_Group_External/job/Bengaluru/Mortgage-Funding-Coordinator_P751522-1,not checked (out of scope),0,2026-10-01,2026-10-02,7,,,workday,Real Estate Marketplace,Washington,B,workday:zillow:/job/Bengaluru/Mortgage-Funding-Coordinator_P751522-1
Zillow Group,Mortgage Loan Closer,Bengaluru,https://zillow.wd5.myworkdayjobs.com/Zillow_Group_External/job/Bengaluru/Mortgage-Loan-Closer_P751370,not checked (out of scope),0,2026-09-21,2026-09-24,15,,,workday,Real Estate Marketplace,Washington,B,workday:zillow:/job/Bengaluru/Mortgage-Loan-Closer_P751370
Zillow Group,"Mortgage Loan Officer (Irvine, CA)",Irvine-CA-Michelson Dr,https://zillow.wd5.myworkdayjobs.com/Zillow_Group_External/job/Irvine-CA-Michelson-Dr/Mortgage-Loan-Officer--Irvine--CA-_P749621-1,not checked (out of scope),0,2026-10-02,2026-09-24,15,,,workday,Real Estate Marketplace,Washington,B,workday:zillow:/job/Irvine-CA-Michelson-Dr/Mortgage-Loan-Officer--Irvine--CA-_P749621-1
Zillow Group,"Mortgage Loan Officer (Overland Park, KS)",Overland Park-KS-Foster Street,https://zillow.wd5.myworkdayjobs.com/Zillow_Group_External/job/Overland-Park-KS-Foster-Street/Mortgage-Loan-Officer--Overland-Park--KS-_P749662-1,not checked (out of scope),0,2026-10-02,2026-09-24,15,,,workday,Real Estate Marketplace,Washington,B,workday:zillow:/job/Overland-Park-KS-Foster-Street/Mortgage-Loan-Officer--Overland-Park--KS-_P749662-1
Zillow Group,"Mortgage Loan Officer (Plano, TX)",Plano-TX-Legacy Dr.-ZHL,https://zillow.wd5.myworkdayjobs.com/Zillow_Group_External/job/Plano-TX-Legacy-Dr-ZHL/Mortgage-Loan-Officer--Plano--TX-_P749661-1,not checked (out of scope),0,2026-10-05,2026-09-24,15,,,workday,Real Estate Marketplace,Washington,B,workday:zillow:/job/Plano-TX-Legacy-Dr-ZHL/Mortgage-Loan-Officer--Plano--TX-_P749661-1
Zillow Group,"Mortgage Loan Officer (Seattle, WA)",Seattle-WA-2nd Ave,https://zillow.wd5.myworkdayjobs.com/Zillow_Group_External/job/Seattle-WA-2nd-Ave/Mortgage-Loan-Officer--Seattle--WA-_P749620,not checked (out of scope),0,2026-10-02,2026-09-24,15,,,workday,Real Estate Marketplace,Washington,B,workday:zillow:/job/Seattle-WA-2nd-Ave/Mortgage-Loan-Officer--Seattle--WA-_P749620
Zillow Group,"Photographer, Zillow Media Experts (Philadelphia, PA)",Remote-USA,https://zillow.wd5.myworkdayjobs.com/Zillow_Group_External/job/Remote-USA/Photographer--Zillow-Media-Experts--Philadelphia--PA-_P751510-1,not checked (out of scope),0,2026-10-02,2026-10-04,5,,,workday,Real Estate Marketplace,Washington,B,workday:zillow:/job/Remote-USA/Photographer--Zillow-Media-Experts--Philadelphia--PA-_P751510-1
Zillow Group,Principal Data Scientist - Rentals Shopping,Remote-USA,https://zillow.wd5.myworkdayjobs.com/Zillow_Group_External/job/Remote-USA/Principal-Data-Scientist_P749116-1,not checked (out of scope),0,2026-10-02,2026-09-24,15,,eng,workday,Real Estate Marketplace,Washington,B,workday:zillow:/job/Remote-USA/Principal-Data-Scientist_P749116-1
Zillow Group,Principal Full Stack Software Development Engineer,Remote-USA,https://zillow.wd5.myworkdayjobs.com/Zillow_Group_External/job/Remote-USA/Principal-Full-Stack-Software-Development-Engineer_P751226-2,"listed in ATS, not rechecked",0,2026-10-01,2026-09-24,15,engineering,eng,workday,Real Estate Marketplace,Washington,B,workday:zillow:/job/Remote-USA/Principal-Full-Stack-Software-Development-Engineer_P751226-2
Zillow Group,Principal Full Stack Software Development Engineer - Mexico,Mexico City,https://zillow.wd5.myworkdayjobs.com/Zillow_Group_External/job/Mexico-City/Principal-Full-Stack-Software-Development-Engineer---Mexico_P751467,live,200,2026-10-06,2026-10-09,0,engineering,eng,workday,Real Estate Marketplace,Washington,B,workday:zillow:/job/Mexico-City/Principal-Full-Stack-Software-Development-Engineer---Mexico_P751467
Zillow Group,"Principal Machine Learning Engineer, Agentic AI",Remote-USA,https://zillow.wd5.myworkdayjobs.com/Zillow_Group_External/job/Remote-USA/Principal-Machine-Learning-Engineer--Agentic-AI_P747954,live,200,2026-09-17,2026-09-24,15,engineering,eng,workday,Real Estate Marketplace,Washington,B,workday:zillow:/job/Remote-USA/Principal-Machine-Learning-Engineer--Agentic-AI_P747954
Zillow Group,Principal Product Manager,Remote-CA,https://zillow.wd5.myworkdayjobs.com/Zillow_Group_External/job/Remote-CA/Principal-Product-Manager_P750959,not checked (out of scope),0,2026-10-04,2026-10-09,0,,product,workday,Real Estate Marketplace,Washington,B,workday:zillow:/job/Remote-CA/Principal-Product-Manager_P750959
Zillow Group,"Principal Product Manager, Design Systems & Accessibility",Remote-USA,https://zillow.wd5.myworkdayjobs.com/Zillow_Group_External/job/Remote-USA/Principal-Product-Manager---Design-Systems---Accessibility_P751336-1,not checked (out of scope),0,2026-10-09,2026-10-09,0,,product,workday,Real Estate Marketplace,Washington,B,workday:zillow:/job/Remote-USA/Principal-Product-Manager---Design-Systems---Accessibility_P751336-1
Zillow Group,"Principal Product Manager, Directed Workflows",Remote-USA,https://zillow.wd5.myworkdayjobs.com/Zillow_Group_External/job/Remote-USA/Principal-Product-Manager--Directed-Workflows_P751276-1,not checked (out of scope),0,2026-09-11,2026-09-24,15,,product,workday,Real Estate Marketplace,Washington,B,workday:zillow:/job/Remote-USA/Principal-Product-Manager--Directed-Workflows_P751276-1
Zillow Group,"Principal Product Manager, Platform Engineering",Remote-USA,https://zillow.wd5.myworkdayjobs.com/Zillow_Group_External/job/Remote-USA/Principal-Product-Manager--Platform-Engineering_P751187-1,"listed in ATS, not rechecked",0,2026-09-09,2026-09-24,15,engineering,product,workday,Real Estate Marketplace,Washington,B,workday:zillow:/job/Remote-USA/Principal-Product-Manager--Platform-Engineering_P751187-1
Zillow Group,"Principal Product Manager, Rental Listings",Remote-USA,https://zillow.wd5.myworkdayjobs.com/Zillow_Group_External/job/Remote-USA/Principal-Product-Manager--Rental-Listings_P751113-1,not checked (out of scope),0,2026-09-09,2026-09-24,15,,product,workday,Real Estate Marketplace,Washington,B,workday:zillow:/job/Remote-USA/Principal-Product-Manager--Rental-Listings_P751113-1
Zillow Group,Principal Security Engineer,Bengaluru,https://zillow.wd5.myworkdayjobs.com/Zillow_Group_External/job/Bengaluru/Principal-Security-Engineer_P750881,"listed in ATS, not rechecked",0,2026-09-09,2026-09-24,15,engineering,eng,workday,Real Estate Marketplace,Washington,B,workday:zillow:/job/Bengaluru/Principal-Security-Engineer_P750881
Zillow Group,Principal Software Development Engineer,Bengaluru,https://zillow.wd5.myworkdayjobs.com/Zillow_Group_External/job/Bengaluru/Principal-Software-Development-Engineer_P751084-1,live,200,2026-09-09,2026-09-24,15,engineering,eng,workday,Real Estate Marketplace,Washington,B,workday:zillow:/job/Bengaluru/Principal-Software-Development-Engineer_P751084-1
Zillow Group,"Principal Software Development Engineer, Backend",Remote-USA,https://zillow.wd5.myworkdayjobs.com/Zillow_Group_External/job/Remote-USA/Principal-Software-Development-Engineer--Backend_P751304-1,live,200,2026-10-02,2026-09-24,15,engineering,eng,workday,Real Estate Marketplace,Washington,B,workday:zillow:/job/Remote-USA/Principal-Software-Development-Engineer--Backend_P751304-1
Zillow Group,"Principal Software Development Engineer, Full Stack",Remote-USA,https://zillow.wd5.myworkdayjobs.com/Zillow_Group_External/job/Remote-USA/Principal-Software-Development-Engineer--Full-Stack_P751216-1,"listed in ATS, not rechecked",0,2026-09-09,2026-09-24,15,engineering,eng,workday,Real Estate Marketplace,Washington,B,workday:zillow:/job/Remote-USA/Principal-Software-Development-Engineer--Full-Stack_P751216-1
Zillow Group,"Principal Software Development Engineer, iOS",Mexico City,https://zillow.wd5.myworkdayjobs.com/Zillow_Group_External/job/Mexico-City/Principal-Software-Development-Engineer--iOS_P751476,"listed in ATS, not rechecked",0,2026-10-05,2026-10-09,0,engineering,eng,workday,Real Estate Marketplace,Washington,B,workday:zillow:/job/Mexico-City/Principal-Software-Development-Engineer--iOS_P751476
Zillow Group,"Principal Technical Program Manager, Industry Software",Remote-USA,https://zillow.wd5.myworkdayjobs.com/Zillow_Group_External/job/Remote-USA/Principal-Technical-Program-Manager--Industry-Software_P750335-1,not checked (out of scope),0,2026-10-02,2026-09-24,15,,,workday,Real Estate Marketplace,Washington,B,workday:zillow:/job/Remote-USA/Principal-Technical-Program-Manager--Industry-Software_P750335-1
Zillow Group,Product Manager,Mexico City,https://zillow.wd5.myworkdayjobs.com/Zillow_Group_External/job/Mexico-City/Product-Manager_P751347-1,not checked (out of scope),0,2026-10-04,2026-09-24,15,,product,workday,Real Estate Marketplace,Washington,B,workday:zillow:/job/Mexico-City/Product-Manager_P751347-1
Zillow Group,Recruiter,Bengaluru,https://zillow.wd5.myworkdayjobs.com/Zillow_Group_External/job/Bengaluru/Recruiter_P751421-1,not checked (out of scope),0,2026-09-24,2026-09-24,15,,,workday,Real Estate Marketplace,Washington,B,workday:zillow:/job/Bengaluru/Recruiter_P751421-1
Zillow Group,Remote Mortgage Loan Officer (Arizona),Remote-AZ,https://zillow.wd5.myworkdayjobs.com/Zillow_Group_External/job/Remote-AZ/Remote-Mortgage-Loan-Officer--Arizona-_P749612,not checked (out of scope),0,,2026-10-09,0,,,workday,Real Estate Marketplace,Washington,B,workday:zillow:/job/Remote-AZ/Remote-Mortgage-Loan-Officer--Arizona-_P749612
Zillow Group,Remote Mortgage Loan Officer (Arkansas),Remote-AR,https://zillow.wd5.myworkdayjobs.com/Zillow_Group_External/job/Remote-AR/Remote-Mortgage-Loan-Officer--Arkansas-_P749645,not checked (out of scope),0,2026-10-07,2026-10-09,0,,,workday,Real Estate Marketplace,Washington,B,workday:zillow:/job/Remote-AR/Remote-Mortgage-Loan-Officer--Arkansas-_P749645
Zillow Group,"Remote Mortgage Loan Officer (Atlanta, GA)",Atlanta-GA-Howell Mill Road,https://zillow.wd5.myworkdayjobs.com/Zillow_Group_External/job/Atlanta-GA-Howell-Mill-Road/Remote-Mortgage-Loan-Officer--Atlanta--GA-_P750860-1,not checked (out of scope),0,2026-10-05,2026-09-24,15,,,workday,Real Estate Marketplace,Washington,B,workday:zillow:/job/Atlanta-GA-Howell-Mill-Road/Remote-Mortgage-Loan-Officer--Atlanta--GA-_P750860-1
Zillow Group,Remote Mortgage Loan Officer (California),Remote-CA,https://zillow.wd5.myworkdayjobs.com/Zillow_Group_External/job/Remote-CA/Remote-Mortgage-Loan-Officer--California-_P749613-1,not checked (out of scope),0,2026-10-07,2026-10-09,0,,,workday,Real Estate Marketplace,Washington,B,workday:zillow:/job/Remote-CA/Remote-Mortgage-Loan-Officer--California-_P749613-1
Zillow Group,"Remote Mortgage Loan Officer (Charlotte, NC)","Charlotte-NC-S. Tryon Street, Suite 2700",https://zillow.wd5.myworkdayjobs.com/Zillow_Group_External/job/Charlotte-NC-S-Tryon-Street-Suite-2700/Remote-Mortgage-Loan-Officer--Charlotte--NC-_P750861,not checked (out of scope),0,2026-10-02,2026-09-28,11,,,workday,Real Estate Marketplace,Washington,B,workday:zillow:/job/Charlotte-NC-S-Tryon-Street-Suite-2700/Remote-Mortgage-Loan-Officer--Charlotte--NC-_P750861
Zillow Group,"Remote Mortgage Loan Officer (Chicago, IL)",Chicago-IL-W Adams Street,https://zillow.wd5.myworkdayjobs.com/Zillow_Group_External/job/Chicago-IL-W-Adams-Street/Remote-Mortgage-Loan-Officer--Chicago--IL-_P750862-1,not checked (out of scope),0,2026-10-05,2026-09-24,15,,,workday,Real Estate Marketplace,Washington,B,workday:zillow:/job/Chicago-IL-W-Adams-Street/Remote-Mortgage-Loan-Officer--Chicago--IL-_P750862-1
Zillow Group,Remote Mortgage Loan Officer (Colorado),Remote-CO,https://zillow.wd5.myworkdayjobs.com/Zillow_Group_External/job/Remote-CO/Remote-Mortgage-Loan-Officer--Colorado-_P749646-1,not checked (out of scope),0,,2026-10-09,0,,,workday,Real Estate Marketplace,Washington,B,workday:zillow:/job/Remote-CO/Remote-Mortgage-Loan-Officer--Colorado-_P749646-1
Zillow Group,Remote Mortgage Loan Officer (Connecticut),Remote-CT,https://zillow.wd5.myworkdayjobs.com/Zillow_Group_External/job/Remote-CT/Remote-Mortgage-Loan-Officer--Connecticut-_P749575-1,not checked (out of scope),0,2026-10-07,2026-10-09,0,,,workday,Real Estate Marketplace,Washington,B,workday:zillow:/job/Remote-CT/Remote-Mortgage-Loan-Officer--Connecticut-_P749575-1
Zillow Group,Remote Mortgage Loan Officer (Florida),Remote-FL,https://zillow.wd5.myworkdayjobs.com/Zillow_Group_External/job/Remote-FL/Remote-Mortgage-Loan-Officer--Florida-_P749576-1,not checked (out of scope),0,,2026-10-09,0,,,workday,Real Estate Marketplace,Washington,B,workday:zillow:/job/Remote-FL/Remote-Mortgage-Loan-Officer--Florida-_P749576-1
Zillow Group,Remote Mortgage Loan Officer (Georgia),Remote-GA,https://zillow.wd5.myworkdayjobs.com/Zillow_Group_External/job/Remote-GA/Remote-Mortgage-Loan-Officer--Georgia-_P749647-1,not checked (out of scope),0,,2026-10-09,0,,,workday,Real Estate Marketplace,Washington,B,workday:zillow:/job/Remote-GA/Remote-Mortgage-Loan-Officer--Georgia-_P749647-1
Zillow Group,Remote Mortgage Loan Officer (Hawaii),Remote-HI,https://zillow.wd5.myworkdayjobs.com/Zillow_Group_External/job/Remote-HI/Remote-Mortgage-Loan-Officer--Hawaii-_P749614-1,not checked (out of scope),0,,2026-10-09,0,,,workday,Real Estate Marketplace,Washington,B,workday:zillow:/job/Remote-HI/Remote-Mortgage-Loan-Officer--Hawaii-_P749614-1
Zillow Group,Remote Mortgage Loan Officer (Idaho),Remote-ID,https://zillow.wd5.myworkdayjobs.com/Zillow_Group_External/job/Remote-ID/Remote-Mortgage-Loan-Officer--Idaho-_P749615-1,not checked (out of scope),0,2026-10-07,2026-10-09,0,,,workday,Real Estate Marketplace,Washington,B,workday:zillow:/job/Remote-ID/Remote-Mortgage-Loan-Officer--Idaho-_P749615-1
Zillow Group,Remote Mortgage Loan Officer (Illinois),Remote-IL,https://zillow.wd5.myworkdayjobs.com/Zillow_Group_External/job/Remote-IL/Remote-Mortgage-Loan-Officer--Illinois-_P749648-1,not checked (out of scope),0,,2026-10-09,0,,,workday,Real Estate Marketplace,Washington,B,workday:zillow:/job/Remote-IL/Remote-Mortgage-Loan-Officer--Illinois-_P749648-1
Zillow Group,Remote Mortgage Loan Officer (Indiana),Remote-IN,https://zillow.wd5.myworkdayjobs.com/Zillow_Group_External/job/Remote-IN/Remote-Mortgage-Loan-Officer--Indiana-_P749577-1,not checked (out of scope),0,,2026-10-09,0,,,workday,Real Estate Marketplace,Washington,B,workday:zillow:/job/Remote-IN/Remote-Mortgage-Loan-Officer--Indiana-_P749577-1
Zillow Group,Remote Mortgage Loan Officer (Iowa),Remote-IA,https://zillow.wd5.myworkdayjobs.com/Zillow_Group_External/job/Remote-IA/Remote-Mortgage-Loan-Officer--Illinois-_P749649-1,not checked (out of scope),0,2026-10-07,2026-10-09,0,,,workday,Real Estate Marketplace,Washington,B,workday:zillow:/job/Remote-IA/Remote-Mortgage-Loan-Officer--Illinois-_P749649-1
Zillow Group,Remote Mortgage Loan Officer (Kansas),Remote-KS,https://zillow.wd5.myworkdayjobs.com/Zillow_Group_External/job/Remote-KS/Remote-Mortgage-Loan-Officer--Kansas-_P749650-1,not checked (out of scope),0,,2026-10-09,0,,,workday,Real Estate Marketplace,Washington,B,workday:zillow:/job/Remote-KS/Remote-Mortgage-Loan-Officer--Kansas-_P749650-1
Zillow Group,Remote Mortgage Loan Officer (Kentucky),Remote-KY,https://zillow.wd5.myworkdayjobs.com/Zillow_Group_External/job/Remote-KY/Remote-Mortgage-Loan-Officer--Kentucky-_P749578-1,not checked (out of scope),0,,2026-10-09,0,,,workday,Real Estate Marketplace,Washington,B,workday:zillow:/job/Remote-KY/Remote-Mortgage-Loan-Officer--Kentucky-_P749578-1
Zillow Group,Remote Mortgage Loan Officer (Maryland),Remote-MD,https://zillow.wd5.myworkdayjobs.com/Zillow_Group_External/job/Remote-MD/Remote-Mortgage-Loan-Officer--Maryland-_P749579-1,not checked (out of scope),0,,2026-10-09,0,,,workday,Real Estate Marketplace,Washington,B,workday:zillow:/job/Remote-MD/Remote-Mortgage-Loan-Officer--Maryland-_P749579-1
Zillow Group,Remote Mortgage Loan Officer (Massachusetts),Remote-MA,https://zillow.wd5.myworkdayjobs.com/Zillow_Group_External/job/Remote-MA/Remote-Mortgage-Loan-Officer--Massachusetts-_P749580-1,not checked (out of scope),0,2026-10-07,2026-10-09,0,,,workday,Real Estate Marketplace,Washington,B,workday:zillow:/job/Remote-MA/Remote-Mortgage-Loan-Officer--Massachusetts-_P749580-1
Zillow Group,Remote Mortgage Loan Officer (Michigan),Remote-MI,https://zillow.wd5.myworkdayjobs.com/Zillow_Group_External/job/Remote-MI/Remote-Mortgage-Loan-Officer--Michigan-_P749581-1,not checked (out of scope),0,,2026-10-09,0,,,workday,Real Estate Marketplace,Washington,B,workday:zillow:/job/Remote-MI/Remote-Mortgage-Loan-Officer--Michigan-_P749581-1
Zillow Group,Remote Mortgage Loan Officer (Minnesota),Remote-MN,https://zillow.wd5.myworkdayjobs.com/Zillow_Group_External/job/Remote-MN/Remote-Mortgage-Loan-Officer--Minnesota-_P749651-1,not checked (out of scope),0,2026-10-07,2026-10-09,0,,,workday,Real Estate Marketplace,Washington,B,workday:zillow:/job/Remote-MN/Remote-Mortgage-Loan-Officer--Minnesota-_P749651-1
Zillow Group,Remote Mortgage Loan Officer (Mississippi),Remote-MS,https://zillow.wd5.myworkdayjobs.com/Zillow_Group_External/job/Remote-MS/Remote-Mortgage-Loan-Officer--Mississippi-_P749652-1,not checked (out of scope),0,2026-10-07,2026-10-09,0,,,workday,Real Estate Marketplace,Washington,B,workday:zillow:/job/Remote-MS/Remote-Mortgage-Loan-Officer--Mississippi-_P749652-1
Zillow Group,Remote Mortgage Loan Officer (Montana),Remote-MT,https://zillow.wd5.myworkdayjobs.com/Zillow_Group_External/job/Remote-MT/Remote-Mortgage-Loan-Officer--Montana-_P749653-1,not checked (out of scope),0,,2026-10-09,0,,,workday,Real Estate Marketplace,Washington,B,workday:zillow:/job/Remote-MT/Remote-Mortgage-Loan-Officer--Montana-_P749653-1
Zillow Group,Remote Mortgage Loan Officer (Nevada),Remote-NV,https://zillow.wd5.myworkdayjobs.com/Zillow_Group_External/job/Remote-NV/Remote-Mortgage-Loan-Officer--Nevada-_P749616-1,not checked (out of scope),0,,2026-10-09,0,,,workday,Real Estate Marketplace,Washington,B,workday:zillow:/job/Remote-NV/Remote-Mortgage-Loan-Officer--Nevada-_P749616-1
Zillow Group,Remote Mortgage Loan Officer (New Hampshire),Remote-NH,https://zillow.wd5.myworkdayjobs.com/Zillow_Group_External/job/Remote-NH/Remote-Mortgage-Loan-Officer--New-Hampshire-_P749584-1,not checked (out of scope),0,2026-10-07,2026-10-09,0,,,workday,Real Estate Marketplace,Washington,B,workday:zillow:/job/Remote-NH/Remote-Mortgage-Loan-Officer--New-Hampshire-_P749584-1
Zillow Group,Remote Mortgage Loan Officer (New Mexico),Remote-NM,https://zillow.wd5.myworkdayjobs.com/Zillow_Group_External/job/Remote-NM/Remote-Mortgage-Loan-Officer--New-Mexico-_P749654-1,not checked (out of scope),0,,2026-10-09,0,,,workday,Real Estate Marketplace,Washington,B,workday:zillow:/job/Remote-NM/Remote-Mortgage-Loan-Officer--New-Mexico-_P749654-1
Zillow Group,Remote Mortgage Loan Officer (North Carolina),Remote-NC,https://zillow.wd5.myworkdayjobs.com/Zillow_Group_External/job/Remote-NC/Remote-Mortgage-Loan-Officer--North-Carolina-_P749585-1,not checked (out of scope),0,,2026-10-09,0,,,workday,Real Estate Marketplace,Washington,B,workday:zillow:/job/Remote-NC/Remote-Mortgage-Loan-Officer--North-Carolina-_P749585-1
Zillow Group,Remote Mortgage Loan Officer (North Dakota),Remote-ND,https://zillow.wd5.myworkdayjobs.com/Zillow_Group_External/job/Remote-ND/Remote-Mortgage-Loan-Officer--North-Dakota-_P749655-1,not checked (out of scope),0,2026-10-07,2026-10-09,0,,,workday,Real Estate Marketplace,Washington,B,workday:zillow:/job/Remote-ND/Remote-Mortgage-Loan-Officer--North-Dakota-_P749655-1
Zillow Group,Remote Mortgage Loan Officer (Ohio),Remote-OH,https://zillow.wd5.myworkdayjobs.com/Zillow_Group_External/job/Remote-OH/Remote-Mortgage-Loan-Officer--Ohio-_P749586-1,not checked (out of scope),0,2026-10-07,2026-10-09,0,,,workday,Real Estate Marketplace,Washington,B,workday:zillow:/job/Remote-OH/Remote-Mortgage-Loan-Officer--Ohio-_P749586-1
Zillow Group,Remote Mortgage Loan Officer (Oklahoma),Remote-OK,https://zillow.wd5.myworkdayjobs.com/Zillow_Group_External/job/Remote-OK/Remote-Mortgage-Loan-Officer--Oklahoma-_P749656-1,not checked (out of scope),0,2026-10-07,2026-10-09,0,,,workday,Real Estate Marketplace,Washington,B,workday:zillow:/job/Remote-OK/Remote-Mortgage-Loan-Officer--Oklahoma-_P749656-1
Zillow Group,Remote Mortgage Loan Officer (Oregon),Remote-OR,https://zillow.wd5.myworkdayjobs.com/Zillow_Group_External/job/Remote-OR/Remote-Mortgage-Loan-Officer--Oregon-_P749617-1,not checked (out of scope),0,,2026-10-09,0,,,workday,Real Estate Marketplace,Washington,B,workday:zillow:/job/Remote-OR/Remote-Mortgage-Loan-Officer--Oregon-_P749617-1
Zillow Group,Remote Mortgage Loan Officer (Pennsylvania),Remote-PA,https://zillow.wd5.myworkdayjobs.com/Zillow_Group_External/job/Remote-PA/Remote-Mortgage-Loan-Officer--Pennsylvania-_P749587-1,not checked (out of scope),0,,2026-10-09,0,,,workday,Real Estate Marketplace,Washington,B,workday:zillow:/job/Remote-PA/Remote-Mortgage-Loan-Officer--Pennsylvania-_P749587-1
Zillow Group,"Remote Mortgage Loan Officer (Philadelphia, PA)",Philadelphia-PA-Market Street,https://zillow.wd5.myworkdayjobs.com/Zillow_Group_External/job/Philadelphia-PA-Market-Street/Remote-Mortgage-Loan-Officer--Philadelphia--PA-_P750865-1,not checked (out of scope),0,2026-10-02,2026-09-24,15,,,workday,Real Estate Marketplace,Washington,B,workday:zillow:/job/Philadelphia-PA-Market-Street/Remote-Mortgage-Loan-Officer--Philadelphia--PA-_P750865-1
Zillow Group,"Remote Mortgage Loan Officer (Scottsdale, AZ)",Scottsdale-AZ-N Scottsdale Rd,https://zillow.wd5.myworkdayjobs.com/Zillow_Group_External/job/Scottsdale-AZ-N-Scottsdale-Rd/Remote-Mortgage-Loan-Officer--Scottsdale--AZ-_P750866-1,not checked (out of scope),0,2026-10-02,2026-09-28,11,,,workday,Real Estate Marketplace,Washington,B,workday:zillow:/job/Scottsdale-AZ-N-Scottsdale-Rd/Remote-Mortgage-Loan-Officer--Scottsdale--AZ-_P750866-1
Zillow Group,Remote Mortgage Loan Officer (South Dakota),Remote-SD,https://zillow.wd5.myworkdayjobs.com/Zillow_Group_External/job/Remote-SD/Remote-Mortgage-Loan-Officer--South-Dakota-_P749657-1,not checked (out of scope),0,2026-10-07,2026-10-09,0,,,workday,Real Estate Marketplace,Washington,B,workday:zillow:/job/Remote-SD/Remote-Mortgage-Loan-Officer--South-Dakota-_P749657-1
Zillow Group,Remote Mortgage Loan Officer (Tennessee),Remote-TN,https://zillow.wd5.myworkdayjobs.com/Zillow_Group_External/job/Remote-TN/Remote-Mortgage-Loan-Officer--Tennessee-_P749658,not checked (out of scope),0,,2026-10-09,0,,,workday,Real Estate Marketplace,Washington,B,workday:zillow:/job/Remote-TN/Remote-Mortgage-Loan-Officer--Tennessee-_P749658
Zillow Group,Remote Mortgage Loan Officer (Texas),Remote-TX,https://zillow.wd5.myworkdayjobs.com/Zillow_Group_External/job/Remote-TX/Remote-Mortgage-Loan-Officer--Texas-_P749659-1,not checked (out of scope),0,,2026-10-09,0,,,workday,Real Estate Marketplace,Washington,B,workday:zillow:/job/Remote-TX/Remote-Mortgage-Loan-Officer--Texas-_P749659-1
Zillow Group,Remote Mortgage Loan Officer (Utah),Remote-UT,https://zillow.wd5.myworkdayjobs.com/Zillow_Group_External/job/Remote-UT/Remote-Mortgage-Loan-Officer--Utah-_P749660-1,not checked (out of scope),0,,2026-10-09,0,,,workday,Real Estate Marketplace,Washington,B,workday:zillow:/job/Remote-UT/Remote-Mortgage-Loan-Officer--Utah-_P749660-1
Zillow Group,Remote Mortgage Loan Officer (Vermont),Remote-VT,https://zillow.wd5.myworkdayjobs.com/Zillow_Group_External/job/Remote-VT/Remote-Mortgage-Loan-Officer--Vermont-_P749588-1,not checked (out of scope),0,,2026-10-09,0,,,workday,Real Estate Marketplace,Washington,B,workday:zillow:/job/Remote-VT/Remote-Mortgage-Loan-Officer--Vermont-_P749588-1
Zillow Group,Remote Mortgage Loan Officer (Virginia),Remote-VA,https://zillow.wd5.myworkdayjobs.com/Zillow_Group_External/job/Remote-VA/Remote-Mortgage-Loan-Officer--Virginia-_P749589-1,not checked (out of scope),0,,2026-10-09,0,,,workday,Real Estate Marketplace,Washington,B,workday:zillow:/job/Remote-VA/Remote-Mortgage-Loan-Officer--Virginia-_P749589-1
Zillow Group,Remote Mortgage Loan Officer (Washington DC),"Washington, DC-DC-Massachusetts Ave NW",https://zillow.wd5.myworkdayjobs.com/Zillow_Group_External/job/Washington-DC-DC-Massachusetts-Ave-NW/Remote-Mortgage-Loan-Officer--Washington-DC-_P749593-1,not checked (out of scope),0,2026-10-02,2026-09-24,15,,,workday,Real Estate Marketplace,Washington,B,workday:zillow:/job/Washington-DC-DC-Massachusetts-Ave-NW/Remote-Mortgage-Loan-Officer--Washington-DC-_P749593-1
Zillow Group,Remote Mortgage Loan Officer (Washington),Remote-WA,https://zillow.wd5.myworkdayjobs.com/Zillow_Group_External/job/Remote-WA/Remote-Mortgage-Loan-Officer--Washington-_P749619-1,not checked (out of scope),0,,2026-10-09,0,,,workday,Real Estate Marketplace,Washington,B,workday:zillow:/job/Remote-WA/Remote-Mortgage-Loan-Officer--Washington-_P749619-1
Zillow Group,Remote Mortgage Loan Officer (West Virginia),Remote-WV,https://zillow.wd5.myworkdayjobs.com/Zillow_Group_External/job/Remote-WV/Remote-Mortgage-Loan-Officer--West-Virginia-_P749599-1,not checked (out of scope),0,2026-10-07,2026-10-09,0,,,workday,Real Estate Marketplace,Washington,B,workday:zillow:/job/Remote-WV/Remote-Mortgage-Loan-Officer--West-Virginia-_P749599-1
Zillow Group,"Sales Executive, SMB, Rentals",Remote-USA,https://zillow.wd5.myworkdayjobs.com/Zillow_Group_External/job/Remote-USA/Sales-Executive--SMB--Rentals_P750747-2,live,200,,2026-09-24,15,sales,sales,workday,Real Estate Marketplace,Washington,B,workday:zillow:/job/Remote-USA/Sales-Executive--SMB--Rentals_P750747-2
Zillow Group,"Sales Manager, Mid-Market, Rentals",Remote-USA,https://zillow.wd5.myworkdayjobs.com/Zillow_Group_External/job/Remote-USA/Sales-Manager--Mid-Market--Rentals_P751453-1,"listed in ATS, not rechecked",0,2026-10-02,2026-09-30,9,sales,sales,workday,Real Estate Marketplace,Washington,B,workday:zillow:/job/Remote-USA/Sales-Manager--Mid-Market--Rentals_P751453-1
Zillow Group,"Senior AI-Native Product Engineer, Full Stack",Mexico City,https://zillow.wd5.myworkdayjobs.com/Zillow_Group_External/job/Mexico-City/Senior-AI-Native-Product-Engineer--Full-Stack_P750225,live,200,2026-09-09,2026-09-24,15,engineering,eng,workday,Real Estate Marketplace,Washington,B,workday:zillow:/job/Mexico-City/Senior-AI-Native-Product-Engineer--Full-Stack_P750225
Zillow Group,"Senior AI-Native Product Engineer, Mobile",Remote-USA,https://zillow.wd5.myworkdayjobs.com/Zillow_Group_External/job/Remote-USA/Senior-AI-Native-Product-Engineer--Mobile_P751267-1,"listed in ATS, not rechecked",0,2026-10-02,2026-09-24,15,engineering,eng,workday,Real Estate Marketplace,Washington,B,workday:zillow:/job/Remote-USA/Senior-AI-Native-Product-Engineer--Mobile_P751267-1
Zillow Group,"Senior Analyst, Payments",Remote-USA,https://zillow.wd5.myworkdayjobs.com/Zillow_Group_External/job/Remote-USA/Senior-Analyst--Payments_P751490-2,not checked (out of scope),0,2026-10-05,2026-10-09,0,,,workday,Real Estate Marketplace,Washington,B,workday:zillow:/job/Remote-USA/Senior-Analyst--Payments_P751490-2
Zillow Group,Senior Analytics Engineer,Bengaluru,https://zillow.wd5.myworkdayjobs.com/Zillow_Group_External/job/Bengaluru/Senior-Analytics-Engineer_P751462-2,live,200,,2026-10-09,0,engineering,eng,workday,Real Estate Marketplace,Washington,B,workday:zillow:/job/Bengaluru/Senior-Analytics-Engineer_P751462-2
Zillow Group,Senior Analytics Engineer,Remote-USA,https://zillow.wd5.myworkdayjobs.com/Zillow_Group_External/job/Remote-USA/Data-Scientist--Trust---Safety---Rentals_P750990-1,live,200,2026-10-05,2026-10-04,5,engineering,eng,workday,Real Estate Marketplace,Washington,B,workday:zillow:/job/Remote-USA/Data-Scientist--Trust---Safety---Rentals_P750990-1
Zillow Group,Senior Analytics Engineer,Mexico City,https://zillow.wd5.myworkdayjobs.com/Zillow_Group_External/job/Mexico-City/Senior-Analytics-Engineer_P751208-1,live,200,2026-09-09,2026-09-24,15,engineering,eng,workday,Real Estate Marketplace,Washington,B,workday:zillow:/job/Mexico-City/Senior-Analytics-Engineer_P751208-1
Zillow Group,"Senior Applications Developer, Incentive Planning and Finance Operations",Remote-USA,https://zillow.wd5.myworkdayjobs.com/Zillow_Group_External/job/Remote-USA/Senior-Applications-Developer--Incentive-Planning-and-Finance-Operations_P751382-1,live,200,,2026-09-24,15,engineering,ops,workday,Real Estate Marketplace,Washington,B,workday:zillow:/job/Remote-USA/Senior-Applications-Developer--Incentive-Planning-and-Finance-Operations_P751382-1
Zillow Group,Senior Applied Scientist,Remote-USA,https://zillow.wd5.myworkdayjobs.com/Zillow_Group_External/job/Remote-USA/Senior-Applied-Scientist_P751331,not checked (out of scope),0,2026-09-17,2026-09-24,15,,,workday,Real Estate Marketplace,Washington,B,workday:zillow:/job/Remote-USA/Senior-Applied-Scientist_P751331
Zillow Group,"Senior Applied Scientist, Forecasting",Bengaluru,https://zillow.wd5.myworkdayjobs.com/Zillow_Group_External/job/Bengaluru/Senior-Applied-Scientist--Forecasting_P750448-1,not checked (out of scope),0,2026-09-09,2026-09-24,15,,,workday,Real Estate Marketplace,Washington,B,workday:zillow:/job/Bengaluru/Senior-Applied-Scientist--Forecasting_P750448-1
Zillow Group,"Senior Applied Scientist, Shopping AI",Remote-USA,https://zillow.wd5.myworkdayjobs.com/Zillow_Group_External/job/Remote-USA/Senior-Applied-Scientist_P751403,not checked (out of scope),0,2026-10-02,2026-09-30,9,,,workday,Real Estate Marketplace,Washington,B,workday:zillow:/job/Remote-USA/Senior-Applied-Scientist_P751403
Zillow Group,Senior Backend Software Development Engineer - Mexico,Mexico City,https://zillow.wd5.myworkdayjobs.com/Zillow_Group_External/job/Mexico-City/Senior-Backend-Software-Development-Engineer---Mexico_P751469-1,"listed in ATS, not rechecked",0,2026-10-06,2026-10-09,0,engineering,eng,workday,Real Estate Marketplace,Washington,B,workday:zillow:/job/Mexico-City/Senior-Backend-Software-Development-Engineer---Mexico_P751469-1
Zillow Group,Senior Benefits Analyst,Bengaluru,https://zillow.wd5.myworkdayjobs.com/Zillow_Group_External/job/Bengaluru/Senior-Benefits-Analyst_P750895-1,not checked (out of scope),0,2026-09-09,2026-09-24,15,,,workday,Real Estate Marketplace,Washington,B,workday:zillow:/job/Bengaluru/Senior-Benefits-Analyst_P750895-1
Zillow Group,Senior Business Intelligence Analyst,Mexico City,https://zillow.wd5.myworkdayjobs.com/Zillow_Group_External/job/Mexico-City/Senior-Business-Intelligence-Analyst_P749745,not checked (out of scope),0,2026-09-13,2026-09-24,15,,,workday,Real Estate Marketplace,Washington,B,workday:zillow:/job/Mexico-City/Senior-Business-Intelligence-Analyst_P749745
Zillow Group,Senior Data Scientist,Bengaluru,https://zillow.wd5.myworkdayjobs.com/Zillow_Group_External/job/Bengaluru/Senior-Data-Scientist_P750307-1,not checked (out of scope),0,2026-10-09,2026-09-24,15,,eng,workday,Real Estate Marketplace,Washington,B,workday:zillow:/job/Bengaluru/Senior-Data-Scientist_P750307-1
Zillow Group,Senior Data Scientist,Remote-USA,https://zillow.wd5.myworkdayjobs.com/Zillow_Group_External/job/Remote-USA/Senior-Data-Scientist_P751133-1,not checked (out of scope),0,2026-10-01,2026-09-24,15,,eng,workday,Real Estate Marketplace,Washington,B,workday:zillow:/job/Remote-USA/Senior-Data-Scientist_P751133-1
Zillow Group,Senior Data Scientist,Remote-USA,https://zillow.wd5.myworkdayjobs.com/Zillow_Group_External/job/Remote-USA/Senior-Data-Scientist_P750993-1,not checked (out of scope),0,2026-10-01,2026-09-24,15,,eng,workday,Real Estate Marketplace,Washington,B,workday:zillow:/job/Remote-USA/Senior-Data-Scientist_P750993-1
Zillow Group,"Senior Data Scientist, Experimentation & AI Measurement",Mexico City,https://zillow.wd5.myworkdayjobs.com/Zillow_Group_External/job/Mexico-City/Senior-Data-Scientist--Experimentation---AI-Measurement_P751328-1,not checked (out of scope),0,2026-09-29,2026-09-30,9,,eng,workday,Real Estate Marketplace,Washington,B,workday:zillow:/job/Mexico-City/Senior-Data-Scientist--Experimentation---AI-Measurement_P751328-1
Zillow Group,"Senior Engineering Manager, Software Engineering",Bengaluru,https://zillow.wd5.myworkdayjobs.com/Zillow_Group_External/job/Bengaluru/Senior-Engineering-Manager--Software-Engineering_P751320-1,live,200,2026-10-06,2026-10-09,0,engineering,eng,workday,Real Estate Marketplace,Washington,B,workday:zillow:/job/Bengaluru/Senior-Engineering-Manager--Software-Engineering_P751320-1
Zillow Group,"Senior Engineering Manager, Software Engineering",Bengaluru,https://zillow.wd5.myworkdayjobs.com/Zillow_Group_External/job/Bengaluru/Senior-Engineering-Manager--Software-Engineering_P751057-1,live,200,2026-09-09,2026-09-24,15,engineering,eng,workday,Real Estate Marketplace,Washington,B,workday:zillow:/job/Bengaluru/Senior-Engineering-Manager--Software-Engineering_P751057-1
Zillow Group,Senior Full Stack Software Development Engineer - Mexico,Mexico City,https://zillow.wd5.myworkdayjobs.com/Zillow_Group_External/job/Mexico-City/Senior-Full-Stack-Software-Development-Engineer---Mexico_P751466,live,200,2026-10-06,2026-10-09,0,engineering,eng,workday,Real Estate Marketplace,Washington,B,workday:zillow:/job/Mexico-City/Senior-Full-Stack-Software-Development-Engineer---Mexico_P751466
Zillow Group,Senior Full Stack Software Development Engineer - Mexico,Mexico City,https://zillow.wd5.myworkdayjobs.com/Zillow_Group_External/job/Mexico-City/Senior-Full-Stack-Software-Development-Engineer---Mexico_P749904-1,"listed in ATS, not rechecked",0,2026-09-09,2026-09-24,15,engineering,eng,workday,Real Estate Marketplace,Washington,B,workday:zillow:/job/Mexico-City/Senior-Full-Stack-Software-Development-Engineer---Mexico_P749904-1
Zillow Group,"Senior Machine Learning Engineer, Rich Media Experiences",Remote-USA,https://zillow.wd5.myworkdayjobs.com/Zillow_Group_External/job/Remote-USA/Senior-Machine-Learning-Engineer--Rich-Media-Experiences_P750278-1,"listed in ATS, not rechecked",0,2026-10-02,2026-09-24,15,engineering,eng,workday,Real Estate Marketplace,Washington,B,workday:zillow:/job/Remote-USA/Senior-Machine-Learning-Engineer--Rich-Media-Experiences_P750278-1
Zillow Group,"Senior Manager, Ads and Marketing Data Science",Bengaluru,https://zillow.wd5.myworkdayjobs.com/Zillow_Group_External/job/Bengaluru/Senior-Manager--Ads-and-Marketing-Data-Science_P750305,"listed in ATS, not rechecked",0,2026-10-01,2026-10-02,7,gtm,,workday,Real Estate Marketplace,Washington,B,workday:zillow:/job/Bengaluru/Senior-Manager--Ads-and-Marketing-Data-Science_P750305
Zillow Group,"Senior Manager, B2B Paid Marketing",Remote-USA,https://zillow.wd5.myworkdayjobs.com/Zillow_Group_External/job/Remote-USA/Senior-Manager--B2B-Paid-Marketing_P751345-1,live,200,2026-10-01,2026-09-24,15,gtm,,workday,Real Estate Marketplace,Washington,B,workday:zillow:/job/Remote-USA/Senior-Manager--B2B-Paid-Marketing_P751345-1
Zillow Group,"Senior Manager, Incident Management",Remote-USA,https://zillow.wd5.myworkdayjobs.com/Zillow_Group_External/job/Remote-USA/Senior-Manager--Incident-Management_P751091,not checked (out of scope),0,2026-09-09,2026-09-24,15,,,workday,Real Estate Marketplace,Washington,B,workday:zillow:/job/Remote-USA/Senior-Manager--Incident-Management_P751091
Zillow Group,"Senior Manager, Software Development Engineering",Remote-USA,https://zillow.wd5.myworkdayjobs.com/Zillow_Group_External/job/Remote-USA/Senior-Manager--Software-Development-Engineering_P751380-1,live,200,2026-09-22,2026-09-24,15,engineering,eng,workday,Real Estate Marketplace,Washington,B,workday:zillow:/job/Remote-USA/Senior-Manager--Software-Development-Engineering_P751380-1
Zillow Group,Senior Marketing Technologist,Mexico City,https://zillow.wd5.myworkdayjobs.com/Zillow_Group_External/job/Mexico-City/Senior-Marketing-Technologist_P751514-2,live,200,2026-10-05,2026-10-09,0,gtm,,workday,Real Estate Marketplace,Washington,B,workday:zillow:/job/Mexico-City/Senior-Marketing-Technologist_P751514-2
Zillow Group,Senior Marketing Technologist,Bengaluru,https://zillow.wd5.myworkdayjobs.com/Zillow_Group_External/job/Bengaluru/Senior-Marketing-Technologist_P751179-1,live,200,2026-09-23,2026-09-24,15,gtm,,workday,Real Estate Marketplace,Washington,B,workday:zillow:/job/Bengaluru/Senior-Marketing-Technologist_P751179-1
Zillow Group,"Senior Marketing Technologist, Customer Data Platform",Bengaluru,https://zillow.wd5.myworkdayjobs.com/Zillow_Group_External/job/Bengaluru/Senior-Marketing-Technologist--Customer-Data-Platform_P751171-1,"listed in ATS, not rechecked",0,2026-10-06,2026-10-09,0,gtm,,workday,Real Estate Marketplace,Washington,B,workday:zillow:/job/Bengaluru/Senior-Marketing-Technologist--Customer-Data-Platform_P751171-1
Zillow Group,"Senior Marketing Technology Architect, StreetEasy",Remote-USA,https://zillow.wd5.myworkdayjobs.com/Zillow_Group_External/job/Remote-USA/Senior-Marketing-Technology-Architect--StreetEasy_P751029-1,live,200,2026-09-09,2026-09-24,15,gtm,eng,workday,Real Estate Marketplace,Washington,B,workday:zillow:/job/Remote-USA/Senior-Marketing-Technology-Architect--StreetEasy_P751029-1
Zillow Group,Senior Network Engineer,Bengaluru,https://zillow.wd5.myworkdayjobs.com/Zillow_Group_External/job/Bengaluru/Senior-Network-Engineer_P751083-1,live,200,2026-09-09,2026-09-24,15,engineering,eng,workday,Real Estate Marketplace,Washington,B,workday:zillow:/job/Bengaluru/Senior-Network-Engineer_P751083-1
Zillow Group,"Senior Product Counsel, Mortgages",Remote-USA,https://zillow.wd5.myworkdayjobs.com/Zillow_Group_External/job/Remote-USA/Senior-Product-Counsel--Mortgages_P751422,not checked (out of scope),0,2026-10-06,2026-10-09,0,,,workday,Real Estate Marketplace,Washington,B,workday:zillow:/job/Remote-USA/Senior-Product-Counsel--Mortgages_P751422
Zillow Group,"Senior Product Manager, Agent Performance",Remote-USA,https://zillow.wd5.myworkdayjobs.com/Zillow_Group_External/job/Remote-USA/Senior-Product-Manager--AI-Platform---Ecosystem_P750062,not checked (out of scope),0,2026-09-09,2026-09-24,15,,product,workday,Real Estate Marketplace,Washington,B,workday:zillow:/job/Remote-USA/Senior-Product-Manager--AI-Platform---Ecosystem_P750062
Zillow Group,"Senior Product Manager, Connections Platform",Remote-USA,https://zillow.wd5.myworkdayjobs.com/Zillow_Group_External/job/Remote-USA/Senior-Product-Manager--Connections-Platform_P751206-1,not checked (out of scope),0,2026-09-11,2026-09-24,15,,product,workday,Real Estate Marketplace,Washington,B,workday:zillow:/job/Remote-USA/Senior-Product-Manager--Connections-Platform_P751206-1
Zillow Group,"Senior Product Manager, Rich Media",Remote-USA,https://zillow.wd5.myworkdayjobs.com/Zillow_Group_External/job/Remote-USA/Senior-Product-Manager--Rich-Media_P751273-1,not checked (out of scope),0,2026-09-17,2026-09-24,15,,product,workday,Real Estate Marketplace,Washington,B,workday:zillow:/job/Remote-USA/Senior-Product-Manager--Rich-Media_P751273-1
Zillow Group,"Senior Product Manager, Search & Evaluate - StreetEasy",Remote-USA,https://zillow.wd5.myworkdayjobs.com/Zillow_Group_External/job/Remote-USA/Senior-Product-Manager--Search---Evaluate---StreetEasy_P750065-1,not checked (out of scope),0,2026-09-09,2026-09-24,15,,product,workday,Real Estate Marketplace,Washington,B,workday:zillow:/job/Remote-USA/Senior-Product-Manager--Search---Evaluate---StreetEasy_P750065-1
Zillow Group,Senior Recruiter,Bengaluru,https://zillow.wd5.myworkdayjobs.com/Zillow_Group_External/job/Bengaluru/Senior-Recruiter_P751413-1,not checked (out of scope),0,2026-09-24,2026-09-24,15,,,workday,Real Estate Marketplace,Washington,B,workday:zillow:/job/Bengaluru/Senior-Recruiter_P751413-1
Zillow Group,"Senior SEO Product Manager, StreetEasy",Remote-USA,https://zillow.wd5.myworkdayjobs.com/Zillow_Group_External/job/Remote-USA/Senior-SEO-Product-Manager--StreetEasy_P751024-1,not checked (out of scope),0,2026-09-09,2026-09-24,15,,product,workday,Real Estate Marketplace,Washington,B,workday:zillow:/job/Remote-USA/Senior-SEO-Product-Manager--StreetEasy_P751024-1
Zillow Group,Senior Sales Systems Manager,Remote-USA,https://zillow.wd5.myworkdayjobs.com/Zillow_Group_External/job/Remote-USA/Senior-Sales-Systems-Manager_P751503-2,live,200,,2026-10-02,7,sales,sales,workday,Real Estate Marketplace,Washington,B,workday:zillow:/job/Remote-USA/Senior-Sales-Systems-Manager_P751503-2
Zillow Group,Senior Software Development Engineer,Bengaluru,https://zillow.wd5.myworkdayjobs.com/Zillow_Group_External/job/Bengaluru/Senior-Software-Development-Engineer-1_P751071-1,live,200,2026-10-09,2026-09-24,15,engineering,eng,workday,Real Estate Marketplace,Washington,B,workday:zillow:/job/Bengaluru/Senior-Software-Development-Engineer-1_P751071-1
Zillow Group,Senior Software Development Engineer,Mexico City,https://zillow.wd5.myworkdayjobs.com/Zillow_Group_External/job/Mexico-City/Senior-Software-Development-Engineer_P751150,live,200,2026-10-07,2026-10-09,0,engineering,eng,workday,Real Estate Marketplace,Washington,B,workday:zillow:/job/Mexico-City/Senior-Software-Development-Engineer_P751150
Zillow Group,Senior Software Development Engineer,Mexico City,https://zillow.wd5.myworkdayjobs.com/Zillow_Group_External/job/Mexico-City/Senior-Software-Development-Engineer_P751457,live,200,2026-10-05,2026-10-09,0,engineering,eng,workday,Real Estate Marketplace,Washington,B,workday:zillow:/job/Mexico-City/Senior-Software-Development-Engineer_P751457
Zillow Group,Senior Software Development Engineer,Remote-USA,https://zillow.wd5.myworkdayjobs.com/Zillow_Group_External/job/Remote-USA/Senior-Software-Development-Engineer_P751030-1,"listed in ATS, not rechecked",0,2026-10-02,2026-09-24,15,engineering,eng,workday,Real Estate Marketplace,Washington,B,workday:zillow:/job/Remote-USA/Senior-Software-Development-Engineer_P751030-1
Zillow Group,Senior Software Infrastructure Engineer - AI Tooling,Mexico City,https://zillow.wd5.myworkdayjobs.com/Zillow_Group_External/job/Mexico-City/Senior-Software-Infrastructure-Engineer---AI-Tooling_P751193,live,200,2026-09-09,2026-09-24,15,engineering,eng,workday,Real Estate Marketplace,Washington,B,workday:zillow:/job/Mexico-City/Senior-Software-Infrastructure-Engineer---AI-Tooling_P751193
Zillow Group,Senior Systems Engineer,Mexico City,https://zillow.wd5.myworkdayjobs.com/Zillow_Group_External/job/Mexico-City/Senior-Systems-Engineer_P749827-1,live,200,2026-09-09,2026-09-24,15,engineering,eng,workday,Real Estate Marketplace,Washington,B,workday:zillow:/job/Mexico-City/Senior-Systems-Engineer_P749827-1
Zillow Group,Senior Technical Program Manager,Bengaluru,https://zillow.wd5.myworkdayjobs.com/Zillow_Group_External/job/Bengaluru/Senior-Technical-Program-Manager_P751305-1,not checked (out of scope),0,2026-10-05,2026-10-09,0,,,workday,Real Estate Marketplace,Washington,B,workday:zillow:/job/Bengaluru/Senior-Technical-Program-Manager_P751305-1
Zillow Group,Senior iOS Engineer - Mexico,Mexico City,https://zillow.wd5.myworkdayjobs.com/Zillow_Group_External/job/Mexico-City/Senior-iOS-Engineer---Mexico_P751475,"listed in ATS, not rechecked",0,2026-10-05,2026-10-09,0,engineering,eng,workday,Real Estate Marketplace,Washington,B,workday:zillow:/job/Mexico-City/Senior-iOS-Engineer---Mexico_P751475
Zillow Group,Software Development Engineer,Mexico City,https://zillow.wd5.myworkdayjobs.com/Zillow_Group_External/job/Mexico-City/Software-Development-Engineer_P751322,live,200,2026-10-04,2026-10-09,0,engineering,eng,workday,Real Estate Marketplace,Washington,B,workday:zillow:/job/Mexico-City/Software-Development-Engineer_P751322
Zillow Group,Software Development Engineer,Remote-USA,https://zillow.wd5.myworkdayjobs.com/Zillow_Group_External/job/Remote-USA/Software-Development-Engineer_P748929-1,live,200,2026-10-02,2026-09-24,15,engineering,eng,workday,Real Estate Marketplace,Washington,B,workday:zillow:/job/Remote-USA/Software-Development-Engineer_P748929-1
Zillow Group,Software Development Engineer - Fullstack,Remote-USA,https://zillow.wd5.myworkdayjobs.com/Zillow_Group_External/job/Remote-USA/Software-Development-Engineer---Fullstack_P751269-1,"listed in ATS, not rechecked",0,2026-10-01,2026-09-24,15,engineering,eng,workday,Real Estate Marketplace,Washington,B,workday:zillow:/job/Remote-USA/Software-Development-Engineer---Fullstack_P751269-1
Zillow Group,"Software Development Engineer, Backend (Go/Python)",Mexico City,https://zillow.wd5.myworkdayjobs.com/Zillow_Group_External/job/Mexico-City/Software-Development-Engineer--Backend--Go-Python-_P751308-1,live,200,2026-09-24,2026-09-28,11,engineering,eng,workday,Real Estate Marketplace,Washington,B,workday:zillow:/job/Mexico-City/Software-Development-Engineer--Backend--Go-Python-_P751308-1
Zillow Group,"Software Development Engineer, Backend (Python /Kubernetes)",Mexico City,https://zillow.wd5.myworkdayjobs.com/Zillow_Group_External/job/Mexico-City/Software-Development-Engineer--Backend--Python--Kubernetes-_P751307-1,"listed in ATS, not rechecked",0,2026-09-23,2026-09-24,15,engineering,eng,workday,Real Estate Marketplace,Washington,B,workday:zillow:/job/Mexico-City/Software-Development-Engineer--Backend--Python--Kubernetes-_P751307-1
Zillow Group,"Software Engineer, iOS - Mexico",Mexico City,https://zillow.wd5.myworkdayjobs.com/Zillow_Group_External/job/Mexico-City/Software-Engineer--iOS---Mexico_P751474,live,200,2026-10-05,2026-10-09,0,engineering,eng,workday,Real Estate Marketplace,Washington,B,workday:zillow:/job/Mexico-City/Software-Engineer--iOS---Mexico_P751474
Zillow Group,Sr ServiceNow Developer,Bengaluru,https://zillow.wd5.myworkdayjobs.com/Zillow_Group_External/job/Bengaluru/Sr-ServiceNow-Developer_P751128-1,"listed in ATS, not rechecked",0,2026-09-17,2026-09-24,15,engineering,eng,workday,Real Estate Marketplace,Washington,B,workday:zillow:/job/Bengaluru/Sr-ServiceNow-Developer_P751128-1
Zillow Group,Sr Workday Analyst,Bengaluru,https://zillow.wd5.myworkdayjobs.com/Zillow_Group_External/job/Bengaluru/Sr-Workday-Analyst_P751126-1,not checked (out of scope),0,2026-09-17,2026-09-24,15,,,workday,Real Estate Marketplace,Washington,B,workday:zillow:/job/Bengaluru/Sr-Workday-Analyst_P751126-1
Zillow Group,Sr Workday Applications Engineer,Bengaluru,https://zillow.wd5.myworkdayjobs.com/Zillow_Group_External/job/Bengaluru/Sr-Workday-Applications-Engineer_P751125-1,live,200,2026-09-17,2026-09-24,15,engineering,eng,workday,Real Estate Marketplace,Washington,B,workday:zillow:/job/Bengaluru/Sr-Workday-Applications-Engineer_P751125-1
Zillow Group,Sr. Compensation Analyst,Bengaluru,https://zillow.wd5.myworkdayjobs.com/Zillow_Group_External/job/Bengaluru/Sr-Compensation-Analyst_P750824-1,not checked (out of scope),0,2026-09-09,2026-09-24,15,,,workday,Real Estate Marketplace,Washington,B,workday:zillow:/job/Bengaluru/Sr-Compensation-Analyst_P750824-1
Zillow Group,"Sr. Director, Customer Identity and Access Management",Remote-USA,https://zillow.wd5.myworkdayjobs.com/Zillow_Group_External/job/Remote-USA/Sr-Director--Customer-Identity-and-Access-Management_P751102,not checked (out of scope),0,2026-09-10,2026-09-24,15,,leadership,workday,Real Estate Marketplace,Washington,B,workday:zillow:/job/Remote-USA/Sr-Director--Customer-Identity-and-Access-Management_P751102
Zillow Group,Sr. Technical Program Manager,Bengaluru,https://zillow.wd5.myworkdayjobs.com/Zillow_Group_External/job/Bengaluru/Sr-Technical-Program-Manager_P751127-1,not checked (out of scope),0,2026-10-05,2026-10-09,0,,,workday,Real Estate Marketplace,Washington,B,workday:zillow:/job/Bengaluru/Sr-Technical-Program-Manager_P751127-1
Zillow Group,"Strategic Account Executive, Agent Software and Advertising",Remote-USA,https://zillow.wd5.myworkdayjobs.com/Zillow_Group_External/job/Remote-USA/Strategic-Account-Executive--Agent-Software-and-Advertising_P751556-2,"listed in ATS, not rechecked",0,,2026-10-09,0,sales,sales,workday,Real Estate Marketplace,Washington,B,workday:zillow:/job/Remote-USA/Strategic-Account-Executive--Agent-Software-and-Advertising_P751556-2
Zillow Group,"Technical Customer Success Manager, API",Remote-CA,https://zillow.wd5.myworkdayjobs.com/Zillow_Group_External/job/Remote-CA/Technical-Customer-Success-Manager--API_P750643,"listed in ATS, not rechecked",0,2026-09-15,2026-09-24,15,gtm,customer,workday,Real Estate Marketplace,Washington,B,workday:zillow:/job/Remote-CA/Technical-Customer-Success-Manager--API_P750643
Zillow Group,Technical Program Manager,Bengaluru,https://zillow.wd5.myworkdayjobs.com/Zillow_Group_External/job/Bengaluru/Technical-Program-Manager_P751300-1,not checked (out of scope),0,2026-09-18,2026-09-24,15,,,workday,Real Estate Marketplace,Washington,B,workday:zillow:/job/Bengaluru/Technical-Program-Manager_P751300-1
Zillow Group,Title Order Specialist,Bengaluru,https://zillow.wd5.myworkdayjobs.com/Zillow_Group_External/job/Bengaluru/Title-Order-Specialist_P750940-1,not checked (out of scope),0,2026-09-09,2026-09-24,15,,,workday,Real Estate Marketplace,Washington,B,workday:zillow:/job/Bengaluru/Title-Order-Specialist_P750940-1
Zillow Group,Title Review Specialist,Bengaluru,https://zillow.wd5.myworkdayjobs.com/Zillow_Group_External/job/Bengaluru/Title-Review-Specialist_P750544-1,not checked (out of scope),0,2026-09-09,2026-09-24,15,,,workday,Real Estate Marketplace,Washington,B,workday:zillow:/job/Bengaluru/Title-Review-Specialist_P750544-1
Zillow Group,Trailing Document Specialist,Remote-USA,https://zillow.wd5.myworkdayjobs.com/Zillow_Group_External/job/Remote-USA/Trailing-Document-Specialist_P751517,not checked (out of scope),0,,2026-10-09,0,,,workday,Real Estate Marketplace,Washington,B,workday:zillow:/job/Remote-USA/Trailing-Document-Specialist_P751517
Zillow Group,Underwriting Enablement Manager,Bengaluru,https://zillow.wd5.myworkdayjobs.com/Zillow_Group_External/job/Bengaluru/Underwriting-Enablement-Manager_P751360-1,not checked (out of scope),0,2026-09-17,2026-09-24,15,,,workday,Real Estate Marketplace,Washington,B,workday:zillow:/job/Bengaluru/Underwriting-Enablement-Manager_P751360-1
Zillow Group,Underwriting Support Specialist,Bengaluru,https://zillow.wd5.myworkdayjobs.com/Zillow_Group_External/job/Bengaluru/Underwriting-Support-Specialist_P751546-1,not checked (out of scope),0,2026-10-07,2026-10-09,0,,customer,workday,Real Estate Marketplace,Washington,B,workday:zillow:/job/Bengaluru/Underwriting-Support-Specialist_P751546-1
Zillow Group,Video Content Producer,Remote-USA,https://zillow.wd5.myworkdayjobs.com/Zillow_Group_External/job/Remote-USA/Video-Content-Producer_P751441-1,"listed in ATS, not rechecked",0,2026-10-09,2026-10-09,0,gtm,,workday,Real Estate Marketplace,Washington,B,workday:zillow:/job/Remote-USA/Video-Content-Producer_P751441-1
Zillow Group,Workplace Coordinator,Bengaluru,https://zillow.wd5.myworkdayjobs.com/Zillow_Group_External/job/Bengaluru/Workplace-Coordinator_P750669,not checked (out of scope),0,2026-09-09,2026-09-24,15,,,workday,Real Estate Marketplace,Washington,B,workday:zillow:/job/Bengaluru/Workplace-Coordinator_P750669
