company,title,location,url,link_status,link_http,posted_at,first_seen,days_open,role_group,focus,ats,segment,state,tier,job_key
Apartment List,"Director, B2B Marketing",Remote within the US,https://jobs.gem.com/apartment-list/am9icG9zdDpYj-lKagoK_yIr5KmaMgHk,live,200,,2026-10-09,0,gtm,leadership,gem,Rental Marketplace,California,A,gem:apartment-list:/apartment-list/am9icG9zdDpYj-lKagoK_yIr5KmaMgHk
Apartment List,"Director, Lifecycle Marketing",Remote within the US,https://jobs.gem.com/apartment-list/am9icG9zdDqixepPIS8-IOVc3X-r7C0R,live,200,,2026-10-09,0,gtm,leadership,gem,Rental Marketplace,California,A,gem:apartment-list:/apartment-list/am9icG9zdDqixepPIS8-IOVc3X-r7C0R
Apartment List,Revenue Systems Architect,Remote within the US,https://jobs.gem.com/apartment-list/am9icG9zdDqT2ZWFtjKhYyZoUQLERZyL,live,200,,2026-10-09,0,sales,sales,gem,Rental Marketplace,California,A,gem:apartment-list:/apartment-list/am9icG9zdDqT2ZWFtjKhYyZoUQLERZyL
Apartment List,"Senior Analyst, Growth & Marketing Analytics",Remote within the US,https://jobs.gem.com/apartment-list/am9icG9zdDp6yQd_iCzxjZpuXWjHk1qO,live,200,,2026-10-09,0,gtm,,gem,Rental Marketplace,California,A,gem:apartment-list:/apartment-list/am9icG9zdDp6yQd_iCzxjZpuXWjHk1qO
Apartment List,Senior Data Engineer II,Remote within the US,https://jobs.gem.com/apartment-list/am9icG9zdDrD9ttQELlA_sKnXol5Aj3J,live,200,,2026-10-09,0,engineering,eng,gem,Rental Marketplace,California,A,gem:apartment-list:/apartment-list/am9icG9zdDrD9ttQELlA_sKnXol5Aj3J
Apartment List,Senior Marketing Engineer II,Remote within the US,https://jobs.gem.com/apartment-list/am9icG9zdDoFOiX8GFHuW1MGThNZ76U7,live,200,,2026-10-09,0,gtm,eng,gem,Rental Marketplace,California,A,gem:apartment-list:/apartment-list/am9icG9zdDoFOiX8GFHuW1MGThNZ76U7
Apartment List,"Senior Software Engineer II (ML Ops), Marketplace",Remote within the US,https://jobs.gem.com/apartment-list/am9icG9zdDoWMj3GYH-CbSnQ86QyPJlD,live,200,,2026-10-09,0,engineering,eng,gem,Rental Marketplace,California,A,gem:apartment-list:/apartment-list/am9icG9zdDoWMj3GYH-CbSnQ86QyPJlD
Apartment List,"Senior Software Engineer II (ML Ops), Marketplace",Remote within Canada,https://jobs.gem.com/apartment-list/am9icG9zdDpJZCsnrfK7Pbs_YLuM2iOO,live,200,,2026-10-09,0,engineering,eng,gem,Rental Marketplace,California,A,gem:apartment-list:/apartment-list/am9icG9zdDpJZCsnrfK7Pbs_YLuM2iOO
Apartment List,"Senior Software Engineer II, Lister",Remote within the US,https://jobs.gem.com/apartment-list/am9icG9zdDonywPeNUCLPIotsNXv-yav,live,200,,2026-10-09,0,engineering,eng,gem,Rental Marketplace,California,A,gem:apartment-list:/apartment-list/am9icG9zdDonywPeNUCLPIotsNXv-yav
AppFolio,Account Executive - Corporate,"Remote - California, United States",https://jobs.jobvite.com/appfolio-internal/job/ofuzAfwC,live,200,,2026-09-24,15,sales,sales,jobvite,Property Management Software,California,A,jobvite:appfolio-internal:ofuzAfwC
AppFolio,Account Executive - SMB IM,3 Locations,https://jobs.jobvite.com/appfolio-internal/job/oumCAfwM,live,200,,2026-09-24,15,sales,sales,jobvite,Property Management Software,California,A,jobvite:appfolio-internal:oumCAfwM
AppFolio,Affordable Housing Solutions Engineer,"Remote, United States",https://jobs.jobvite.com/appfolio-internal/job/o71tAfwV,live,200,,2026-10-04,5,sales,eng,jobvite,Property Management Software,California,A,jobvite:appfolio-internal:o71tAfwV
AppFolio,Business Development Representative - SMB,"Santa Barbara, California",https://jobs.jobvite.com/appfolio-internal/job/o1Rgzfwr,live,200,,2026-09-24,15,sales,sales,jobvite,Property Management Software,California,A,jobvite:appfolio-internal:o1Rgzfwr
AppFolio,Business Development Representative - SMB,"Dallas, Texas",https://jobs.jobvite.com/appfolio-internal/job/oPPgzfwd,live,200,,2026-09-30,9,sales,sales,jobvite,Property Management Software,California,A,jobvite:appfolio-internal:oPPgzfwd
AppFolio,Business Development Representative - Upmarket,"Dallas, Texas",https://jobs.jobvite.com/appfolio-internal/job/owWhzfw2,live,200,,2026-09-24,15,sales,sales,jobvite,Property Management Software,California,A,jobvite:appfolio-internal:owWhzfw2
AppFolio,Enterprise Account Executive,3 Locations,https://jobs.jobvite.com/appfolio-internal/job/o4KBAfwJ,live,200,,2026-09-24,15,sales,sales,jobvite,Property Management Software,California,A,jobvite:appfolio-internal:o4KBAfwJ
AppFolio,Growth Account Executive - Mid-Market,4 Locations,https://jobs.jobvite.com/appfolio-internal/job/oN6LAfwY,live,200,,2026-09-24,15,sales,sales,jobvite,Property Management Software,California,A,jobvite:appfolio-internal:oN6LAfwY
AppFolio,Growth Account Executive - SMB,3 Locations,https://jobs.jobvite.com/appfolio-internal/job/ojIGzfw0,live,200,,2026-09-24,15,sales,sales,jobvite,Property Management Software,California,A,jobvite:appfolio-internal:ojIGzfw0
AppFolio,Growth Account Executive - Strategic,"Remote, United States",https://jobs.jobvite.com/appfolio-internal/job/oX6LAfw8,live,200,,2026-09-24,15,sales,sales,jobvite,Property Management Software,California,A,jobvite:appfolio-internal:oX6LAfw8
AppFolio,Horizon Business Development Representative,"Dallas, Texas",https://jobs.jobvite.com/appfolio-internal/job/oS6EAfwW,live,200,,2026-09-24,15,sales,sales,jobvite,Property Management Software,California,A,jobvite:appfolio-internal:oS6EAfwW
AppFolio,Inbound Sales Representative,2 Locations,https://jobs.jobvite.com/appfolio-internal/job/ows5zfwm,live,200,,2026-09-24,15,sales,sales,jobvite,Property Management Software,California,A,jobvite:appfolio-internal:ows5zfwm
AppFolio,"Manager, Business Development","Dallas, Texas",https://jobs.jobvite.com/appfolio-internal/job/oltHAfwP,live,200,,2026-09-24,15,sales,sales,jobvite,Property Management Software,California,A,jobvite:appfolio-internal:oltHAfwP
AppFolio,"Manager, Growth Sales - Mid-Market",3 Locations,https://jobs.jobvite.com/appfolio-internal/job/om6LAfwx,live,200,,2026-09-24,15,sales,sales,jobvite,Property Management Software,California,A,jobvite:appfolio-internal:om6LAfwx
AppFolio,"Manager, Growth Sales - SMB",3 Locations,https://jobs.jobvite.com/appfolio-internal/job/oc6LAfwn,live,200,,2026-09-24,15,sales,sales,jobvite,Property Management Software,California,A,jobvite:appfolio-internal:oc6LAfwn
AppFolio,"Manager, Upmarket Business Development","Dallas, Texas",https://jobs.jobvite.com/appfolio-internal/job/oQuGAfwk,live,200,,2026-09-24,15,sales,sales,jobvite,Property Management Software,California,A,jobvite:appfolio-internal:oQuGAfwk
AppFolio,Principal Machine Learning Engineer,3 Locations,https://jobs.jobvite.com/appfolio-internal/job/oHM2zfwO,live,200,,2026-09-24,15,engineering,eng,jobvite,Property Management Software,California,A,jobvite:appfolio-internal:oHM2zfwO
AppFolio,Sales Commissions Analyst,8 Locations,https://jobs.jobvite.com/appfolio-internal/job/oM6TAfw5,live,200,,2026-10-04,5,sales,sales,jobvite,Property Management Software,California,A,jobvite:appfolio-internal:oM6TAfw5
AppFolio,Sr. Machine Learning Engineer,9 Locations,https://jobs.jobvite.com/appfolio-internal/job/o2KCAfwI,live,200,,2026-09-24,15,engineering,eng,jobvite,Property Management Software,California,A,jobvite:appfolio-internal:o2KCAfwI
AppFolio,Sr. Software Engineer - Accounting Payables,8 Locations,https://jobs.jobvite.com/appfolio-internal/job/orDPAfwd,live,200,,2026-10-04,5,engineering,eng,jobvite,Property Management Software,California,A,jobvite:appfolio-internal:orDPAfwd
AppFolio,Sr. Software Engineer - Affordable Housing,9 Locations,https://jobs.jobvite.com/appfolio-internal/job/of3MAfwo,live,200,,2026-09-24,15,engineering,eng,jobvite,Property Management Software,California,A,jobvite:appfolio-internal:of3MAfwo
AppFolio,Sr. Software Engineer - Platform Permissions,8 Locations,https://jobs.jobvite.com/appfolio-internal/job/oe3MAfwn,live,200,,2026-09-24,15,engineering,eng,jobvite,Property Management Software,California,A,jobvite:appfolio-internal:oe3MAfwn
AppFolio,Staff Machine Learning Engineer,4 Locations,https://jobs.jobvite.com/appfolio-internal/job/onsbAfwk,live,200,,2026-09-24,15,engineering,eng,jobvite,Property Management Software,California,A,jobvite:appfolio-internal:onsbAfwk
AppFolio,Staff Software Engineer - Resident Concierge,9 Locations,https://jobs.jobvite.com/appfolio-internal/job/o0ggzfwP,live,200,,2026-09-24,15,engineering,eng,jobvite,Property Management Software,California,A,jobvite:appfolio-internal:o0ggzfwP
AppFolio,Strategic Customer Success Manager,8 Locations,https://jobs.jobvite.com/appfolio-internal/job/o6dTAfww,live,200,,2026-10-09,0,gtm,customer,jobvite,Property Management Software,California,A,jobvite:appfolio-internal:o6dTAfww
AppFolio,"VP, Total Rewards",9 Locations,https://jobs.jobvite.com/appfolio-internal/job/oMcIAfw0,live,200,,2026-09-24,15,executive,,jobvite,Property Management Software,California,A,jobvite:appfolio-internal:oMcIAfw0
Atlas Real Estate,Business Development Manager,"Kansas City, KS",https://recruiting.paylocity.com/Recruiting/Jobs/Details/4392123,live,200,2026-08-04,2026-10-09,0,sales,sales,paylocity,SFR Property Management,Colorado,A,paylocity:5e5fc082-a90b-4d93-8b73-46f77d40e081:4392123
Atlas Real Estate,Business Development Manager,"Atlanta, GA",https://recruiting.paylocity.com/Recruiting/Jobs/Details/4392063,live,200,2026-08-04,2026-10-09,0,sales,sales,paylocity,SFR Property Management,Colorado,A,paylocity:5e5fc082-a90b-4d93-8b73-46f77d40e081:4392063
Atlas Real Estate,Business Development Manager,"Las Vegas, NV",https://recruiting.paylocity.com/Recruiting/Jobs/Details/4391920,live,200,2026-08-04,2026-10-09,0,sales,sales,paylocity,SFR Property Management,Colorado,A,paylocity:5e5fc082-a90b-4d93-8b73-46f77d40e081:4391920
Bilt Rewards,Account Manager - Rentals,In office,https://jobs.gem.com/bilt/am9icG9zdDo4bVkgpxRzyJw9nriXgbIJ,live,200,,2026-10-09,0,gtm,customer,gem,Rent Rewards / Resident Fintech,New York,A,gem:bilt:/bilt/am9icG9zdDo4bVkgpxRzyJw9nriXgbIJ
Bilt Rewards,Back End Engineer (All Levels),In office,https://jobs.gem.com/bilt/am9icG9zdDqaZ6Eb1hZZ8_pRooaUHvdo,live,200,,2026-10-09,0,engineering,eng,gem,Rent Rewards / Resident Fintech,New York,A,gem:bilt:/bilt/am9icG9zdDqaZ6Eb1hZZ8_pRooaUHvdo
Bilt Rewards,"Director, Creator Marketing",In office,https://jobs.gem.com/bilt/am9icG9zdDrX-3l0aFiK0Riee0cNv7S7,live,200,,2026-10-09,0,gtm,leadership,gem,Rent Rewards / Resident Fintech,New York,A,gem:bilt:/bilt/am9icG9zdDrX-3l0aFiK0Riee0cNv7S7
Bilt Rewards,Enterprise Account Executive,In office,https://jobs.gem.com/bilt/am9icG9zdDpmh8ho0gS3FybMgIDpLJwt,live,200,,2026-10-09,0,sales,sales,gem,Rent Rewards / Resident Fintech,New York,A,gem:bilt:/bilt/am9icG9zdDpmh8ho0gS3FybMgIDpLJwt
Bilt Rewards,Enterprise Account Executive - Atlanta,In office,https://jobs.gem.com/bilt/am9icG9zdDqbjqBPC2xqNGu1sRPby58-,live,200,,2026-10-09,0,sales,sales,gem,Rent Rewards / Resident Fintech,New York,A,gem:bilt:/bilt/am9icG9zdDqbjqBPC2xqNGu1sRPby58-
Bilt Rewards,Forward Deployed Engineer,In office,https://jobs.gem.com/bilt/am9icG9zdDrEG9XjI46ZbZSQpqZiCjKQ,live,200,,2026-10-09,0,engineering,eng,gem,Rent Rewards / Resident Fintech,New York,A,gem:bilt:/bilt/am9icG9zdDrEG9XjI46ZbZSQpqZiCjKQ
Bilt Rewards,Lead Solutions Engineer - Enterprise,In office,https://jobs.gem.com/bilt/am9icG9zdDqIjekDB4OYNo41umXhPItM,live,200,,2026-10-09,0,sales,eng,gem,Rent Rewards / Resident Fintech,New York,A,gem:bilt:/bilt/am9icG9zdDqIjekDB4OYNo41umXhPItM
Bilt Rewards,Senior Forward Deployed Engineer,In office,https://jobs.gem.com/bilt/am9icG9zdDpYixbnADxNwtoS947d2TJZ,live,200,,2026-10-09,0,engineering,eng,gem,Rent Rewards / Resident Fintech,New York,A,gem:bilt:/bilt/am9icG9zdDpYixbnADxNwtoS947d2TJZ
Bilt Rewards,Solutions Engineer - Dallas,In office,https://jobs.gem.com/bilt/am9icG9zdDq3kvimZQon9MHOuJQ-cXQJ,live,200,,2026-10-09,0,sales,eng,gem,Rent Rewards / Resident Fintech,New York,A,gem:bilt:/bilt/am9icG9zdDq3kvimZQon9MHOuJQ-cXQJ
Bilt Rewards,Technical Account Manager,In office,https://jobs.gem.com/bilt/am9icG9zdDqXn3fO9ejLaON4IpHszS8d,live,200,,2026-10-09,0,gtm,customer,gem,Rent Rewards / Resident Fintech,New York,A,gem:bilt:/bilt/am9icG9zdDqXn3fO9ejLaON4IpHszS8d
Boom,Commercial Lead - AE,"Austin, TX",https://www.linkedin.com/jobs/view/4466914967/,live,200,2026-09-28,2026-09-24,15,sales,,linkedin,Rent Reporting / Screening / Leasing CRM,Texas,A,linkedin:boompay:4466914967
Boom,Customer Success Manager,"Austin, TX",https://www.linkedin.com/jobs/view/4384724382/,live,200,2026-09-28,2026-09-24,15,gtm,customer,linkedin,Rent Reporting / Screening / Leasing CRM,Texas,A,linkedin:boompay:4384724382
Boom,GTM - Senior Business Development Representative,"Austin, TX",https://www.linkedin.com/jobs/view/4466627132/,live,200,2026-09-17,2026-09-24,15,sales,sales,linkedin,Rent Reporting / Screening / Leasing CRM,Texas,A,linkedin:boompay:4466627132
ButterflyMX,Firmware Engineer,Irvine Office/Warehouse,https://jobs.ashbyhq.com/butterflymx/6c7e9c7e-e244-4aeb-8d0c-c00aa1154234,live,200,2026-09-15,2026-09-24,15,engineering,eng,ashby,Smart Access / Intercom Systems,New York,A,ashby:butterflymx:6c7e9c7e-e244-4aeb-8d0c-c00aa1154234
ButterflyMX,"Manager, Software Engineering",US Remote,https://jobs.ashbyhq.com/butterflymx/fa4e4dcb-a5e7-432a-a600-858848a21165,live,200,2026-06-15,2026-09-24,15,engineering,eng,ashby,Smart Access / Intercom Systems,New York,A,ashby:butterflymx:fa4e4dcb-a5e7-432a-a600-858848a21165
ButterflyMX,Mechanical Engineer,Irvine Office/Warehouse,https://jobs.ashbyhq.com/butterflymx/427cb494-c1ee-4a21-b01d-fd35b46985b9,live,200,2026-10-05,2026-10-09,0,engineering,eng,ashby,Smart Access / Intercom Systems,New York,A,ashby:butterflymx:427cb494-c1ee-4a21-b01d-fd35b46985b9
ButterflyMX,Principal AI-Native Software Engineer,US Remote,https://jobs.ashbyhq.com/butterflymx/7810fd75-c722-4596-8b43-b2db3da4f490,live,200,2026-08-17,2026-09-24,15,engineering,eng,ashby,Smart Access / Intercom Systems,New York,A,ashby:butterflymx:7810fd75-c722-4596-8b43-b2db3da4f490
ButterflyMX,Sr. Security Engineer,NYC Headquarters,https://jobs.ashbyhq.com/butterflymx/ed40d382-a526-4a00-82b3-737ac1627961,live,200,2026-07-07,2026-09-24,15,engineering,eng,ashby,Smart Access / Intercom Systems,New York,A,ashby:butterflymx:ed40d382-a526-4a00-82b3-737ac1627961
ButterflyMX,Vice President of Data,US Remote,https://jobs.ashbyhq.com/butterflymx/f71674ae-e2e9-4116-91fd-341cccd0407d,live,200,2026-07-23,2026-09-24,15,executive,leadership,ashby,Smart Access / Intercom Systems,New York,A,ashby:butterflymx:f71674ae-e2e9-4116-91fd-341cccd0407d
Digible,Account Executive - Digital Marketing,Remote,https://job-boards.greenhouse.io/digible/jobs/6123850004,live,200,2026-07-23,2026-09-24,15,sales,sales,greenhouse,Multifamily Marketing Agency/Tech,Colorado,A,greenhouse:digible:6123850004
Digible,Senior Account Manager,Remote,https://job-boards.greenhouse.io/digible/jobs/6208273004,live,200,2026-09-24,2026-09-28,11,gtm,customer,greenhouse,Multifamily Marketing Agency/Tech,Colorado,A,greenhouse:digible:6208273004
Digible,Senior Analytics Engineer,Remote,https://job-boards.greenhouse.io/digible/jobs/6134872004,live,200,2026-08-04,2026-09-24,15,engineering,eng,greenhouse,Multifamily Marketing Agency/Tech,Colorado,A,greenhouse:digible:6134872004
DoorLoop,Account Executive (SMB),Miami (US),https://www.doorloop.com/job-post?job=3E.275,live,200,2026-10-09,2026-10-09,0,sales,sales,comeet,Property Management Software,Florida,A,comeet:0A.006:3E.275
DoorLoop,Lead Senior Talent Acquisition(GTM),Remote · Miami (US),https://www.doorloop.com/job-post?job=F5.270,live,200,2026-10-09,2026-10-09,0,gtm,,comeet,Property Management Software,Florida,A,comeet:0A.006:F5.270
DoorLoop,Senior Go-To-Market Analyst,New York City (US),https://www.doorloop.com/job-post?job=3E.277,live,200,2026-10-09,2026-10-09,0,gtm,,comeet,Property Management Software,Florida,A,comeet:0A.006:3E.277
Entrata,Account Manager,"Lehi, Utah",https://jobs.lever.co/entrata/52176cdb-5728-45af-871d-4a76b4de59b1,live,200,2026-08-17,2026-09-24,15,gtm,customer,lever,Property Management Software (AI leasing/payments),Utah,A,lever:entrata:52176cdb-5728-45af-871d-4a76b4de59b1
Entrata,Account Manager | Central Region,"Dallas, TX",https://jobs.lever.co/entrata/783606d7-d165-4c85-b7c2-9a0c887f50d9,live,200,2026-09-14,2026-09-28,11,gtm,customer,lever,Property Management Software (AI leasing/payments),Utah,A,lever:entrata:783606d7-d165-4c85-b7c2-9a0c887f50d9
Entrata,Customer Success Manager,"Lehi, Utah",https://jobs.lever.co/entrata/3c71a400-0f1a-4609-94e0-551df38f891f,live,200,2021-12-07,2026-09-28,11,gtm,customer,lever,Property Management Software (AI leasing/payments),Utah,A,lever:entrata:3c71a400-0f1a-4609-94e0-551df38f891f
Entrata,"Director of Engineering, Payments","Lehi, Utah",https://jobs.lever.co/entrata/244e6927-2772-4fa6-8a1f-e053d0ea9810,live,200,2026-08-06,2026-09-24,15,engineering,leadership,lever,Property Management Software (AI leasing/payments),Utah,A,lever:entrata:244e6927-2772-4fa6-8a1f-e053d0ea9810
Entrata,Enterprise Inside Sales Executive,"Lehi, Utah",https://jobs.lever.co/entrata/b5f583d7-97ad-4526-bf5f-640449cf1c04,live,200,2026-07-27,2026-09-24,15,sales,sales,lever,Property Management Software (AI leasing/payments),Utah,A,lever:entrata:b5f583d7-97ad-4526-bf5f-640449cf1c04
Entrata,Regional Vice President Product Sales (AI),United States,https://jobs.lever.co/entrata/f91be6ec-b3b9-4bc4-a9a2-05246f32acb7,live,200,2026-10-06,2026-10-09,0,executive,sales,lever,Property Management Software (AI leasing/payments),Utah,A,lever:entrata:f91be6ec-b3b9-4bc4-a9a2-05246f32acb7
Entrata,"Regional Vice President of Sales, Canada (IC-Enterprise)",Toronto,https://jobs.lever.co/entrata/1fe6b94d-5d86-4e8e-8272-36857a9b342f,live,200,2026-09-10,2026-09-24,15,executive,sales,lever,Property Management Software (AI leasing/payments),Utah,A,lever:entrata:1fe6b94d-5d86-4e8e-8272-36857a9b342f
Entrata,"Regional Vice President of Sales, Central Region (IC-Enterprise)",Missouri,https://jobs.lever.co/entrata/02480379-5daa-43d7-a6b8-396f2b26df39,live,200,2026-05-22,2026-09-24,15,executive,sales,lever,Property Management Software (AI leasing/payments),Utah,A,lever:entrata:02480379-5daa-43d7-a6b8-396f2b26df39
Entrata,"Regional Vice President of Sales, Central Region (IC-Enterprise)","Dallas, TX",https://jobs.lever.co/entrata/ec44b2d5-088f-4f50-9fd1-8f5e7b6796c0,live,200,2024-01-10,2026-09-24,15,executive,sales,lever,Property Management Software (AI leasing/payments),Utah,A,lever:entrata:ec44b2d5-088f-4f50-9fd1-8f5e7b6796c0
Entrata,"Regional Vice President of Sales, East Region (IC-Enterprise)",Maryland,https://jobs.lever.co/entrata/dd699465-497c-49a2-8720-000db1d1feb0,live,200,2026-04-01,2026-09-24,15,executive,sales,lever,Property Management Software (AI leasing/payments),Utah,A,lever:entrata:dd699465-497c-49a2-8720-000db1d1feb0
Entrata,"Regional Vice President of Sales, West Region (IC-Enterprise)",California,https://jobs.lever.co/entrata/8f6b75c0-5157-4db4-b600-6fa18303e16d,live,200,2026-05-18,2026-09-24,15,executive,sales,lever,Property Management Software (AI leasing/payments),Utah,A,lever:entrata:8f6b75c0-5157-4db4-b600-6fa18303e16d
Entrata,Software Engineer,"Pune, India",https://jobs.lever.co/entrata/661bbcc5-3514-4ba3-b616-8838da6c53ec,live,200,2022-05-12,2026-09-24,15,engineering,eng,lever,Property Management Software (AI leasing/payments),Utah,A,lever:entrata:661bbcc5-3514-4ba3-b616-8838da6c53ec
Evergreen Residential,"Associate, SFR Revenue Management & Underwriting","New York City, NY",https://evergreenresi.com/careers/openings/?gh_jid=4724622005,live,200,2026-08-20,2026-10-09,0,sales,sales,greenhouse,SFR Operator,Texas,A,greenhouse:evergreenresidentialemployeeservicescorp:4724622005
Evergreen Residential,VP of Field Services (Construction),"Dallas, TX",https://evergreenresi.com/careers/openings/?gh_jid=4685535005,live,200,2026-04-15,2026-10-09,0,executive,leadership,greenhouse,SFR Operator,Texas,A,greenhouse:evergreenresidentialemployeeservicescorp:4685535005
Flock Homes,Full Stack Software Engineer,San Franciso or Denver,https://job-boards.greenhouse.io/flockhomes/jobs/4719723005,live,200,2026-07-29,2026-09-24,15,engineering,eng,greenhouse,SFR 1031 Exchange Platform,California,A,greenhouse:flockhomes:4719723005
Footprint,Account Executive,New York City,https://jobs.ashbyhq.com/footprint/3a3903c7-8e96-42fa-93a5-933f6ce8c3a6,live,200,2026-08-25,2026-10-09,0,sales,sales,ashby,Identity Verification / KYC,New York,A,ashby:footprint:3a3903c7-8e96-42fa-93a5-933f6ce8c3a6
Footprint,Director of Sales,New York City,https://jobs.ashbyhq.com/footprint/aeaeb027-b907-4de8-8819-32b8fc0f001d,live,200,2026-08-26,2026-10-09,0,sales,sales,ashby,Identity Verification / KYC,New York,A,ashby:footprint:aeaeb027-b907-4de8-8819-32b8fc0f001d
Footprint,Forward Deployed Engineer,New York City,https://jobs.ashbyhq.com/footprint/484f5345-2614-4188-b522-dd36cf57170a,live,200,2026-06-16,2026-10-09,0,engineering,eng,ashby,Identity Verification / KYC,New York,A,ashby:footprint:484f5345-2614-4188-b522-dd36cf57170a
Footprint,Head of Partnerships,New York City,https://jobs.ashbyhq.com/footprint/d2ad412f-979d-48ca-b453-76900b2aa5c5,live,200,2026-07-28,2026-10-09,0,executive,leadership,ashby,Identity Verification / KYC,New York,A,ashby:footprint:d2ad412f-979d-48ca-b453-76900b2aa5c5
Footprint,Member of Technical Staff (Backend),New York City,https://jobs.ashbyhq.com/footprint/ff0a1611-7739-41b3-a817-92eaf095fcbd,live,200,2026-06-16,2026-10-09,0,engineering,,ashby,Identity Verification / KYC,New York,A,ashby:footprint:ff0a1611-7739-41b3-a817-92eaf095fcbd
Footprint,"Member of Technical Staff (Backend, Rust)",New York City,https://jobs.ashbyhq.com/footprint/77131cd8-25ad-4e70-9f21-ba480a67bfe1,live,200,2026-10-04,2026-10-09,0,engineering,,ashby,Identity Verification / KYC,New York,A,ashby:footprint:77131cd8-25ad-4e70-9f21-ba480a67bfe1
Footprint,Member of Technical Staff (Frontend),New York City,https://jobs.ashbyhq.com/footprint/9ee2ccf5-5938-48a2-b4cb-8505cf1625cd,live,200,2026-06-16,2026-10-09,0,engineering,,ashby,Identity Verification / KYC,New York,A,ashby:footprint:9ee2ccf5-5938-48a2-b4cb-8505cf1625cd
Footprint,Member of Technical Staff (Infrastructure),New York City,https://jobs.ashbyhq.com/footprint/f2b59688-c435-4a24-946e-f18d200a0db3,live,200,2026-06-16,2026-10-09,0,engineering,,ashby,Identity Verification / KYC,New York,A,ashby:footprint:f2b59688-c435-4a24-946e-f18d200a0db3
Footprint,Member of Technical Staff (Security),New York City,https://jobs.ashbyhq.com/footprint/a9c1427a-bb87-4617-84bc-c03b4d190db2,live,200,2026-08-25,2026-10-09,0,engineering,,ashby,Identity Verification / KYC,New York,A,ashby:footprint:a9c1427a-bb87-4617-84bc-c03b4d190db2
Footprint,Sales Development Representative,New York City,https://jobs.ashbyhq.com/footprint/5c23d4ee-de89-4599-a2a3-b8aa064b95f3,live,200,2026-06-16,2026-10-09,0,sales,sales,ashby,Identity Verification / KYC,New York,A,ashby:footprint:5c23d4ee-de89-4599-a2a3-b8aa064b95f3
GetCovered,Frontend Engineer (Angular/TypeScript),Remote (India),https://ats.rippling.com/get-covered-insurance/jobs/e757bacc-4da6-4758-9b59-e78d54abf2e7,live,200,,2026-10-09,0,engineering,eng,rippling,Renters Insurance / PropTech-Insurtech,Colorado,A,rippling:get-covered-insurance:e757bacc-4da6-4758-9b59-e78d54abf2e7
GetCovered,Full Stack Engineer - Pune,"Pune, India",https://ats.rippling.com/get-covered-insurance/jobs/a66b4edc-fc68-4a34-9a65-efe59f72df35,live,200,,2026-10-09,0,engineering,eng,rippling,Renters Insurance / PropTech-Insurtech,Colorado,A,rippling:get-covered-insurance:a66b4edc-fc68-4a34-9a65-efe59f72df35
GetCovered,Quality Engineer (Automation + Manual),"Remote (Pune, Maharashtra, IN)",https://ats.rippling.com/get-covered-insurance/jobs/aea74425-946d-45ba-8046-05c637f1cf36,live,200,,2026-10-09,0,engineering,eng,rippling,Renters Insurance / PropTech-Insurtech,Colorado,A,rippling:get-covered-insurance:aea74425-946d-45ba-8046-05c637f1cf36
GetCovered,Senior DevOps Engineer (AWS),"Pune, India",https://ats.rippling.com/get-covered-insurance/jobs/c7d054a6-4503-49d3-8cd2-1e886f624554,live,200,,2026-10-09,0,engineering,eng,rippling,Renters Insurance / PropTech-Insurtech,Colorado,A,rippling:get-covered-insurance:c7d054a6-4503-49d3-8cd2-1e886f624554
Greystar,"Associate, Marketing Project Management","Remote, United States",https://greystar.wd1.myworkdayjobs.com/External/job/Remote-United-States/Associate--Marketing-Project-Management_R0201211-1,live,200,,2026-09-28,11,gtm,,workday,Multifamily Property Manager,South Carolina,A,workday:greystar:/job/Remote-United-States/Associate--Marketing-Project-Management_R0201211-1
Greystar,Cloud Platform Engineer,"Remote, United States",https://greystar.wd1.myworkdayjobs.com/External/job/Remote-United-States/Cloud-Platform-Engineer_R0191955,live,200,,2026-09-24,15,engineering,eng,workday,Multifamily Property Manager,South Carolina,A,workday:greystar:/job/Remote-United-States/Cloud-Platform-Engineer_R0191955
Greystar,Data Platform Engineer,"Remote, United States",https://greystar.wd1.myworkdayjobs.com/External/job/Remote-United-States/Data-Platform-Engineer_R0196880,live,200,,2026-09-24,15,engineering,eng,workday,Multifamily Property Manager,South Carolina,A,workday:greystar:/job/Remote-United-States/Data-Platform-Engineer_R0196880
Greystar,DataOps Engineer,"Remote, United States",https://greystar.wd1.myworkdayjobs.com/External/job/Remote-United-States/DataOps-Engineer_R0190735,live,200,,2026-09-24,15,engineering,eng,workday,Multifamily Property Manager,South Carolina,A,workday:greystar:/job/Remote-United-States/DataOps-Engineer_R0190735
Greystar,"Manager, Marketing Strategy - Owned Assets","Remote Colorado, Remote Colorado, CO",https://greystar.wd1.myworkdayjobs.com/External/job/Remote-Colorado-Remote-Colorado-CO/Manager--Marketing-Strategy---Owned-Assets_R0201339,live,200,,2026-09-24,15,gtm,,workday,Multifamily Property Manager,South Carolina,A,workday:greystar:/job/Remote-Colorado-Remote-Colorado-CO/Manager--Marketing-Strategy---Owned-Assets_R0201339
Greystar,Marketing Associate - San Francisco Market,"City Office San Francisco, San Francisco, CA",https://greystar.wd1.myworkdayjobs.com/External/job/City-Office-San-Francisco-San-Francisco-CA/Remote-Marketing-Associate---San-Francisco-Market_R0200430,live,200,,2026-09-24,15,gtm,,workday,Multifamily Property Manager,South Carolina,A,workday:greystar:/job/City-Office-San-Francisco-San-Francisco-CA/Remote-Marketing-Associate---San-Francisco-Market_R0200430
Greystar,Marketing Coordinator,"City Office Newport, Newport Beach, CA",https://greystar.wd1.myworkdayjobs.com/External/job/City-Office-Newport-Newport-Beach-CA/Marketing-Coordinator_R0203399,live,200,,2026-10-09,0,gtm,,workday,Multifamily Property Manager,South Carolina,A,workday:greystar:/job/City-Office-Newport-Newport-Beach-CA/Marketing-Coordinator_R0203399
Greystar,Marketing Manager - Active Adult,"Remote Texas, Remote Texas, TX",https://greystar.wd1.myworkdayjobs.com/External/job/Remote-Texas-Remote-Texas-TX/Marketing-Manager---Active-Adult_R0203387,live,200,,2026-10-09,0,gtm,,workday,Multifamily Property Manager,South Carolina,A,workday:greystar:/job/Remote-Texas-Remote-Texas-TX/Marketing-Manager---Active-Adult_R0203387
Greystar,"Marketing Manager - Austin, TX","City Office Austin, Austin, TX",https://greystar.wd1.myworkdayjobs.com/External/job/City-Office-Austin-Austin-TX/Marketing-Manager---Austin_R0199991,live,200,,2026-09-24,15,gtm,,workday,Multifamily Property Manager,South Carolina,A,workday:greystar:/job/City-Office-Austin-Austin-TX/Marketing-Manager---Austin_R0199991
Greystar,Part-Time Social Media Content Specialist,"City Office DC, Arlington, VA",https://greystar.wd1.myworkdayjobs.com/External/job/City-Office-DC-Arlington-VA/Part-Time-Social-Media-Content-Specialist_R0203375,live,200,,2026-10-09,0,gtm,,workday,Multifamily Property Manager,South Carolina,A,workday:greystar:/job/City-Office-DC-Arlington-VA/Part-Time-Social-Media-Content-Specialist_R0203375
Greystar,Part-Time Social Media Content Specialist,"City Office Greenwood Village, Greenwood Village, CO",https://greystar.wd1.myworkdayjobs.com/External/job/City-Office-Greenwood-Village-Greenwood-Village-CO/Part-Time-Social-Media-Content-Specialist_R0203368,live,200,,2026-10-09,0,gtm,,workday,Multifamily Property Manager,South Carolina,A,workday:greystar:/job/City-Office-Greenwood-Village-Greenwood-Village-CO/Part-Time-Social-Media-Content-Specialist_R0203368
Greystar,Part-Time Social Media Content Specialist,"City Office Austin, Austin, TX",https://greystar.wd1.myworkdayjobs.com/External/job/City-Office-Austin-Austin-TX/Part-Time-Social-Media-Content-Specialist_R0203362,live,200,,2026-10-09,0,gtm,,workday,Multifamily Property Manager,South Carolina,A,workday:greystar:/job/City-Office-Austin-Austin-TX/Part-Time-Social-Media-Content-Specialist_R0203362
Greystar,Senior Cloud Security Engineer,"Remote, United States",https://greystar.wd1.myworkdayjobs.com/External/job/Remote-United-States/Senior-Cloud-Security-Engineer_R0201015-1,live,200,,2026-09-24,15,engineering,eng,workday,Multifamily Property Manager,South Carolina,A,workday:greystar:/job/Remote-United-States/Senior-Cloud-Security-Engineer_R0201015-1
Greystar,"Senior Data Engineer, AI & Data Platform","Remote, United States",https://greystar.wd1.myworkdayjobs.com/External/job/Remote-United-States/Senior-Data-Engineer--AI---Data-Platform_R0196879,live,200,,2026-09-24,15,engineering,eng,workday,Multifamily Property Manager,South Carolina,A,workday:greystar:/job/Remote-United-States/Senior-Data-Engineer--AI---Data-Platform_R0196879
Greystar,Sr Data Engineer,"Remote South Carolina, Remote South Carolina, SC",https://greystar.wd1.myworkdayjobs.com/External/job/Remote-South-Carolina-Remote-South-Carolina-SC/Sr-Data-Engineer_R0201748,live,200,,2026-09-24,15,engineering,eng,workday,Multifamily Property Manager,South Carolina,A,workday:greystar:/job/Remote-South-Carolina-Remote-South-Carolina-SC/Sr-Data-Engineer_R0201748
Greystar,"Sr Marketing Associate - Austin, TX","City Office Austin, Austin, TX",https://greystar.wd1.myworkdayjobs.com/External/job/City-Office-Austin-Austin-TX/Sr-Marketing-Associate---Austin--TX_R0202853,live,200,,2026-10-02,7,gtm,,workday,Multifamily Property Manager,South Carolina,A,workday:greystar:/job/City-Office-Austin-Austin-TX/Sr-Marketing-Associate---Austin--TX_R0202853
Haven,Founding Engineer,,https://www.ycombinator.com/companies/haven-2/jobs/MUGkU8h-founding-engineer,live,200,,2026-09-24,15,engineering,eng,generic,AI Workforce for Property Management,New York,A,generic:haven-yc:https://www.ycombinator.com/companies/haven-2/jobs/MUGkU8h-founding-engineer
Latch,Associate Account Executive (AAE),"Mission Bay, San Francisco",https://jobs.lever.co/latch/416364ad-d8c9-46b5-a5c1-a988e0f95e09,open per job board; link check failed (HTTP 404),404,2024-03-26,2026-09-24,15,sales,sales,lever,Smart Access for Multifamily,New York,A,lever:latch:416364ad-d8c9-46b5-a5c1-a988e0f95e09
MRI Software,AI Senior Developer,,https://mrisoftware.wd501.myworkdayjobs.com/External_CareerSite/job/AI-Senior-Developer_R-106910,live,200,2026-09-09,2026-10-09,0,engineering,eng,workday,Real Estate/Property Management Software,Ohio,A,workday:mrisoftware:/job/AI-Senior-Developer_R-106910
MRI Software,AI Software Engineer III,"Baroda, India Office",https://mrisoftware.wd501.myworkdayjobs.com/External_CareerSite/job/Baroda-India-Office/AI-Software-Engineer-III_R-109456,live,200,2026-10-05,2026-10-09,0,engineering,eng,workday,Real Estate/Property Management Software,Ohio,A,workday:mrisoftware:/job/Baroda-India-Office/AI-Software-Engineer-III_R-109456
MRI Software,Account Executive (Occupier),"Cleveland, Ohio Office",https://mrisoftware.wd501.myworkdayjobs.com/External_CareerSite/job/Cleveland-Ohio-Office/Account-Executive--Occupier-_R-109424,live,200,2026-09-28,2026-10-09,0,sales,sales,workday,Real Estate/Property Management Software,Ohio,A,workday:mrisoftware:/job/Cleveland-Ohio-Office/Account-Executive--Occupier-_R-109424
MRI Software,Account Executive - Occupier,"London, UK Office",https://mrisoftware.wd501.myworkdayjobs.com/External_CareerSite/job/London-UK-Office/Account-Executive---Occupier_R-109575,live,200,2026-09-29,2026-10-09,0,sales,sales,workday,Real Estate/Property Management Software,Ohio,A,workday:mrisoftware:/job/London-UK-Office/Account-Executive---Occupier_R-109575
MRI Software,Account Executive I,"Cleveland, Ohio Office",https://mrisoftware.wd501.myworkdayjobs.com/External_CareerSite/job/Cleveland-Ohio-Office/Account-Executive-I_R-109392,live,200,2026-09-09,2026-10-09,0,sales,sales,workday,Real Estate/Property Management Software,Ohio,A,workday:mrisoftware:/job/Cleveland-Ohio-Office/Account-Executive-I_R-109392
MRI Software,"Account Executive, Energy & Facility Management Software",3 Locations,https://mrisoftware.wd501.myworkdayjobs.com/External_CareerSite/job/Cleveland-Ohio-Office/Account-Executive--Energy---Facility-Management-Software_R-109310,live,200,2026-09-09,2026-10-09,0,sales,sales,workday,Real Estate/Property Management Software,Ohio,A,workday:mrisoftware:/job/Cleveland-Ohio-Office/Account-Executive--Energy---Facility-Management-Software_R-109310
MRI Software,Account Manager (Software-as-a-Service),"London, UK Office",https://mrisoftware.wd501.myworkdayjobs.com/External_CareerSite/job/London-UK-Office/Account-Manager--Software-as-a-Service-_R-109659,live,200,2026-10-09,2026-10-09,0,gtm,customer,workday,Real Estate/Property Management Software,Ohio,A,workday:mrisoftware:/job/London-UK-Office/Account-Manager--Software-as-a-Service-_R-109659
MRI Software,Account Manager - Expression of Interest,,https://mrisoftware.wd501.myworkdayjobs.com/External_CareerSite/job/Account-Manager_R-105535,live,200,2026-09-09,2026-10-09,0,gtm,customer,workday,Real Estate/Property Management Software,Ohio,A,workday:mrisoftware:/job/Account-Manager_R-105535
MRI Software,Content Writer - Client Delivery & Documentation (UK Hours),"Cape Town, South Africa Office",https://mrisoftware.wd501.myworkdayjobs.com/External_CareerSite/job/Cape-Town-South-Africa-Office/Technical-Writer_R-108570,live,200,2026-10-09,2026-10-09,0,gtm,,workday,Real Estate/Property Management Software,Ohio,A,workday:mrisoftware:/job/Cape-Town-South-Africa-Office/Technical-Writer_R-108570
MRI Software,Human Resources Business Partner - Global Sales (6 Month Contract),"Cleveland, Ohio Office",https://mrisoftware.wd501.myworkdayjobs.com/External_CareerSite/job/Cleveland-Ohio-Office/Human-Resources-Business-Partner---NA---EMEA-Sales--6-Month-Contract-_R-109461,live,200,2026-09-24,2026-10-09,0,sales,sales,workday,Real Estate/Property Management Software,Ohio,A,workday:mrisoftware:/job/Cleveland-Ohio-Office/Human-Resources-Business-Partner---NA---EMEA-Sales--6-Month-Contract-_R-109461
MRI Software,Product Marketing Manager (1/2),3 Locations,https://mrisoftware.wd501.myworkdayjobs.com/External_CareerSite/job/US-Remote/Product-Marketing-Manager_R-108834,live,200,2026-10-05,2026-10-09,0,gtm,,workday,Real Estate/Property Management Software,Ohio,A,workday:mrisoftware:/job/US-Remote/Product-Marketing-Manager_R-108834
MRI Software,Product Marketing Manager (2/2),3 Locations,https://mrisoftware.wd501.myworkdayjobs.com/External_CareerSite/job/US-Remote/Associate-Product-Marketing-Specialist_R-108835,live,200,2026-10-05,2026-10-09,0,gtm,,workday,Real Estate/Property Management Software,Ohio,A,workday:mrisoftware:/job/US-Remote/Associate-Product-Marketing-Specialist_R-108835
MRI Software,"QA Automation Engineer III ( Playwright, C#/Java)","Baroda, India Office",https://mrisoftware.wd501.myworkdayjobs.com/External_CareerSite/job/Baroda-India-Office/Software-Engineer-III--RubyOnRail-_R-108282,live,200,2026-09-09,2026-10-09,0,engineering,eng,workday,Real Estate/Property Management Software,Ohio,A,workday:mrisoftware:/job/Baroda-India-Office/Software-Engineer-III--RubyOnRail-_R-108282
MRI Software,Sales Development Representative,"Sydney, Australia Office",https://mrisoftware.wd501.myworkdayjobs.com/External_CareerSite/job/Sydney-Australia-Office/Sales-Development-Representative_R-109614,live,200,2026-10-02,2026-10-09,0,sales,sales,workday,Real Estate/Property Management Software,Ohio,A,workday:mrisoftware:/job/Sydney-Australia-Office/Sales-Development-Representative_R-109614
MRI Software,Sales Development Representative,"Cleveland, Ohio Office",https://mrisoftware.wd501.myworkdayjobs.com/External_CareerSite/job/Cleveland-Ohio-Office/Sales-Development-Representative_R-109389,live,200,2026-09-09,2026-10-09,0,sales,sales,workday,Real Estate/Property Management Software,Ohio,A,workday:mrisoftware:/job/Cleveland-Ohio-Office/Sales-Development-Representative_R-109389
MRI Software,Sales Development Representative (Outbound),"Sydney, Australia Office",https://mrisoftware.wd501.myworkdayjobs.com/External_CareerSite/job/Sydney-Australia-Office/Sales-Development-Representative--Outbound-_R-109370,live,200,2026-10-06,2026-10-09,0,sales,sales,workday,Real Estate/Property Management Software,Ohio,A,workday:mrisoftware:/job/Sydney-Australia-Office/Sales-Development-Representative--Outbound-_R-109370
MRI Software,Sales Development Representative - Expression of Interest,2 Locations,https://mrisoftware.wd501.myworkdayjobs.com/External_CareerSite/job/Sydney-Australia-Office/Sales-Development-Representative_R-105561,live,200,2026-09-09,2026-10-09,0,sales,sales,workday,Real Estate/Property Management Software,Ohio,A,workday:mrisoftware:/job/Sydney-Australia-Office/Sales-Development-Representative_R-105561
MRI Software,Sales Manager,US Remote,https://mrisoftware.wd501.myworkdayjobs.com/External_CareerSite/job/US-Remote/Sales-Manager_R-109238,live,200,2026-09-09,2026-10-09,0,sales,sales,workday,Real Estate/Property Management Software,Ohio,A,workday:mrisoftware:/job/US-Remote/Sales-Manager_R-109238
MRI Software,Sales Operations Analyst,"Manila, Philippines",https://mrisoftware.wd501.myworkdayjobs.com/External_CareerSite/job/Manila-Philippines/Sales-Operations-Analyst_R-109479,live,200,2026-09-23,2026-10-09,0,sales,sales,workday,Real Estate/Property Management Software,Ohio,A,workday:mrisoftware:/job/Manila-Philippines/Sales-Operations-Analyst_R-109479
MRI Software,Senior Product Marketing Manager,3 Locations,https://mrisoftware.wd501.myworkdayjobs.com/External_CareerSite/job/US-Remote/Senior-Product-Marketing-Manager_R-109412,live,200,2026-09-23,2026-10-09,0,gtm,,workday,Real Estate/Property Management Software,Ohio,A,workday:mrisoftware:/job/US-Remote/Senior-Product-Marketing-Manager_R-109412
MRI Software,Senior QA Automation + Manual Engineer IV,"Baroda, India Office",https://mrisoftware.wd501.myworkdayjobs.com/External_CareerSite/job/Baroda-India-Office/Senior-QA-Automation---Manual-Engineer-IV_R-109377,live,200,2026-09-29,2026-10-09,0,engineering,eng,workday,Real Estate/Property Management Software,Ohio,A,workday:mrisoftware:/job/Baroda-India-Office/Senior-QA-Automation---Manual-Engineer-IV_R-109377
MRI Software,"Software Engineer (Dotnet, Angular/React)","Baroda, India Office",https://mrisoftware.wd501.myworkdayjobs.com/External_CareerSite/job/Baroda-India-Office/Dot-Net-Developer_R-107589,live,200,2026-09-09,2026-10-09,0,engineering,eng,workday,Real Estate/Property Management Software,Ohio,A,workday:mrisoftware:/job/Baroda-India-Office/Dot-Net-Developer_R-107589
MRI Software,Software Engineer III,"Baroda, India Office",https://mrisoftware.wd501.myworkdayjobs.com/External_CareerSite/job/Baroda-India-Office/Software-Engineer-III_R-108221,live,200,2026-09-09,2026-10-09,0,engineering,eng,workday,Real Estate/Property Management Software,Ohio,A,workday:mrisoftware:/job/Baroda-India-Office/Software-Engineer-III_R-108221
MRI Software,Software Engineer III,"Bangalore, India Office",https://mrisoftware.wd501.myworkdayjobs.com/External_CareerSite/job/Bangalore-India-Office/Software-Engineer-III_R-106120-1,live,200,2026-09-09,2026-10-09,0,engineering,eng,workday,Real Estate/Property Management Software,Ohio,A,workday:mrisoftware:/job/Bangalore-India-Office/Software-Engineer-III_R-106120-1
MRI Software,Software Engineer III (Mobile Developer),"Baroda, India Office",https://mrisoftware.wd501.myworkdayjobs.com/External_CareerSite/job/Baroda-India-Office/Software-Engineer-III--Mobile-Developer-_R-109289,live,200,2026-10-07,2026-10-09,0,engineering,eng,workday,Real Estate/Property Management Software,Ohio,A,workday:mrisoftware:/job/Baroda-India-Office/Software-Engineer-III--Mobile-Developer-_R-109289
MRI Software,"VP, Senior Associate General Counsel – North America","Cleveland, Ohio Office",https://mrisoftware.wd501.myworkdayjobs.com/External_CareerSite/job/Cleveland-Ohio-Office/VP--Senior-Associate-General-Counsel---North-America_R-109212,live,200,2026-09-09,2026-10-09,0,executive,,workday,Real Estate/Property Management Software,Ohio,A,workday:mrisoftware:/job/Cleveland-Ohio-Office/VP--Senior-Associate-General-Counsel---North-America_R-109212
MRI Software,"Vice President, Tax","Cleveland, Ohio Office",https://mrisoftware.wd501.myworkdayjobs.com/External_CareerSite/job/Cleveland-Ohio-Office/Vice-President--Tax_R-109388,live,200,2026-09-09,2026-10-09,0,executive,leadership,workday,Real Estate/Property Management Software,Ohio,A,workday:mrisoftware:/job/Cleveland-Ohio-Office/Vice-President--Tax_R-109388
NetVendor,GTM Engineer,,https://netvendor.bamboohr.com/careers/92,live,200,,2026-09-24,15,gtm,eng,bamboohr,Vendor Compliance & Insurance Software,Georgia,A,bamboohr:netvendor:92
Obligo,Product Manager – Renter Growth & Conversion,Tel Aviv,https://job-boards.greenhouse.io/obligo/jobs/6192810004,live,200,2026-09-15,2026-09-24,15,gtm,product,greenhouse,Security Deposit Alternative,New York,A,greenhouse:obligo:6192810004
Obligo,VP Marketing,New York City,https://job-boards.greenhouse.io/obligo/jobs/5791025004,live,200,2026-02-04,2026-09-24,15,executive,leadership,greenhouse,Security Deposit Alternative,New York,A,greenhouse:obligo:5791025004
PointCentral,Revenue & Operations Associate,"Tysons, Virginia",https://www.pointcentral.com/careers-pointcentral/?gh_jid=8679339002,open per job board; link check failed (HTTP 404),404,2026-08-04,2026-09-24,15,sales,sales,greenhouse,Smart Home for SFR (Alarm.com subsidiary),Arizona,A,greenhouse:pointcentral:8679339002
RealPage,AI Engineer (DFW Area),US-TX-Richardson,https://careers-realpagepms.icims.com/jobs/12679/ai-engineer-%28dfw-area%29/job,live,200,,2026-10-09,0,engineering,eng,icims,Property Management Data & Software,Texas,A,icims:careers-realpagepms:12679
RealPage,Customer Success Manager II,US-MA-Remote,https://careers-realpagepms.icims.com/jobs/14640/customer-success-manager-ii/job,live,200,,2026-10-09,0,gtm,customer,icims,Property Management Data & Software,Texas,A,icims:careers-realpagepms:14640
RealPage,Demand Marketing Driver,US-TX-Richardson,https://careers-realpagepms.icims.com/jobs/14625/demand-marketing-driver/job,live,200,,2026-10-09,0,gtm,,icims,Property Management Data & Software,Texas,A,icims:careers-realpagepms:14625
RealPage,Developer Analyst II,US-TX-Richardson,https://careers-realpagepms.icims.com/jobs/14320/developer-analyst-ii/job,live,200,,2026-10-09,0,engineering,eng,icims,Property Management Data & Software,Texas,A,icims:careers-realpagepms:14320
RealPage,Director of Engineering,US-TX-Richardson,https://careers-realpagepms.icims.com/jobs/14197/director-of-engineering/job,live,200,,2026-10-09,0,engineering,leadership,icims,Property Management Data & Software,Texas,A,icims:careers-realpagepms:14197
RealPage,Enterprise Architect – Integrated Front Office,US-TX-Richardson,https://careers-realpagepms.icims.com/jobs/12807/enterprise-architect-%e2%80%93-integrated-front-office/job,live,200,,2026-10-09,0,engineering,eng,icims,Property Management Data & Software,Texas,A,icims:careers-realpagepms:12807
RealPage,Financial Solution Consultant II,US-TX-Remote,https://careers-realpagepms.icims.com/jobs/14372/financial-solution-consultant-ii/job,live,200,,2026-10-09,0,sales,,icims,Property Management Data & Software,Texas,A,icims:careers-realpagepms:14372
RealPage,Lead AI Engineer – Agentic & Generative AI (DFW Area),US-TX-Richardson,https://careers-realpagepms.icims.com/jobs/12678/lead-ai-engineer-%e2%80%93-agentic-%26-generative-ai-%28dfw-area%29/job,live,200,,2026-10-09,0,engineering,eng,icims,Property Management Data & Software,Texas,A,icims:careers-realpagepms:12678
RealPage,Platform Engineer,US-TX-Remote,https://careers-realpagepms.icims.com/jobs/13887/platform-engineer/job,live,200,,2026-10-09,0,engineering,eng,icims,Property Management Data & Software,Texas,A,icims:careers-realpagepms:13887
RealPage,"Product Marketing Director (AI Workforce, Insights & Analytics)",US-TX-Richardson,https://careers-realpagepms.icims.com/jobs/12976/product-marketing-director-%28ai-workforce%2c-insights-%26-analytics%29/job,live,200,,2026-10-09,0,gtm,leadership,icims,Property Management Data & Software,Texas,A,icims:careers-realpagepms:12976
RealPage,Product Marketing Manager - Remote,US-MA-Boston,https://careers-realpagepms.icims.com/jobs/14451/product-marketing-manager---remote/job,live,200,,2026-10-09,0,gtm,,icims,Property Management Data & Software,Texas,A,icims:careers-realpagepms:14451
RealPage,Sales Development Representative,US-TX-Richardson,https://careers-realpagepms.icims.com/jobs/12574/sales-development-representative/job,live,200,,2026-10-09,0,sales,sales,icims,Property Management Data & Software,Texas,A,icims:careers-realpagepms:12574
RealPage,"Senior Director, Solutions Architecture (Institutional Client Solutions) - Remote",US-TX-Remote,https://careers-realpagepms.icims.com/jobs/14400/senior-director%2c-solutions-architecture-%28institutional-client-solutions%29---remote/job,live,200,,2026-10-09,0,sales,leadership,icims,Property Management Data & Software,Texas,A,icims:careers-realpagepms:14400
RealPage,Solution Consultant I,US-TX-Richardson,https://careers-realpagepms.icims.com/jobs/14306/solution-consultant-i/job,live,200,,2026-10-09,0,sales,,icims,Property Management Data & Software,Texas,A,icims:careers-realpagepms:14306
RealPage,Solutions Architect I,US-TX-Richardson,https://careers-realpagepms.icims.com/jobs/12990/solutions-architect-i/job,live,200,,2026-10-09,0,sales,eng,icims,Property Management Data & Software,Texas,A,icims:careers-realpagepms:12990
RealPage,Solutions Architect I,US-TX-Richardson,https://careers-realpagepms.icims.com/jobs/12989/solutions-architect-i/job,live,200,,2026-10-09,0,sales,eng,icims,Property Management Data & Software,Texas,A,icims:careers-realpagepms:12989
Reffie,Client Success Manager Austin,,https://careers.reffie.me/client-success-manager-austin,live,200,,2026-09-24,15,gtm,,generic,AI Leasing Workflow,Texas,A,generic:reffie:https://careers.reffie.me/client-success-manager-austin
RentSpree,Growth Marketing Manager,"Seattle, WA",https://ats.rippling.com/rentspree/jobs/77c080e0-841b-465d-a176-b6c99502c8c5,live,200,,2026-10-09,0,gtm,,rippling,Tenant Screening Software,California,A,rippling:rentspree:77c080e0-841b-465d-a176-b6c99502c8c5
RentSpree,Head of Data,"Seattle, WA",https://ats.rippling.com/rentspree/jobs/92088ef0-e603-4e54-bc41-2b7a4a9451a4,live,200,,2026-10-09,0,executive,leadership,rippling,Tenant Screening Software,California,A,rippling:rentspree:92088ef0-e603-4e54-bc41-2b7a4a9451a4
RentSpree,Partner Marketing Lead,"Seattle, WA",https://ats.rippling.com/rentspree/jobs/6cc8c97d-254a-4d56-8a01-b25aa898911f,live,200,,2026-10-09,0,gtm,,rippling,Tenant Screening Software,California,A,rippling:rentspree:6cc8c97d-254a-4d56-8a01-b25aa898911f
RentSpree,Partnerships Lead,"Seattle, WA",https://ats.rippling.com/rentspree/jobs/38455680-581e-4b2e-a53f-a4a8d587907d,live,200,,2026-10-09,0,sales,,rippling,Tenant Screening Software,California,A,rippling:rentspree:38455680-581e-4b2e-a53f-a4a8d587907d
RentSpree,Senior Content Strategist,"Seattle, WA",https://ats.rippling.com/rentspree/jobs/a065ae61-d07e-4ed3-9e15-d909edef3b30,live,200,,2026-10-09,0,gtm,,rippling,Tenant Screening Software,California,A,rippling:rentspree:a065ae61-d07e-4ed3-9e15-d909edef3b30
RentSpree,"Senior Manager, Revenue Operations","Seattle, WA",https://ats.rippling.com/rentspree/jobs/fe58b797-9ab2-46dc-87c8-8ac131f3472c,live,200,,2026-10-09,0,sales,sales,rippling,Tenant Screening Software,California,A,rippling:rentspree:fe58b797-9ab2-46dc-87c8-8ac131f3472c
RentSpree,Sr. Strategic Partnerships Manager,"Seattle, WA",https://ats.rippling.com/rentspree/jobs/0e09394e-f04d-438f-afea-c9135efb42c5,live,200,,2026-10-09,0,sales,,rippling,Tenant Screening Software,California,A,rippling:rentspree:0e09394e-f04d-438f-afea-c9135efb42c5
RentSpree,Staff Software Engineer,"Seattle, WA",https://ats.rippling.com/rentspree/jobs/46aabe89-c7de-4e5f-b05e-46d2da26b2e9,live,200,,2026-10-09,0,engineering,eng,rippling,Tenant Screening Software,California,A,rippling:rentspree:46aabe89-c7de-4e5f-b05e-46d2da26b2e9
RentSpree,Technical Support Engineer (6 months Contract),"Bangkok, Thailand",https://ats.rippling.com/rentspree/jobs/87812239-4fe0-4f56-8759-5739995ff4a8,live,200,,2026-10-09,0,engineering,customer,rippling,Tenant Screening Software,California,A,rippling:rentspree:87812239-4fe0-4f56-8759-5739995ff4a8
Rentec Direct,Web Application Developer,"Grants Pass, OR",https://rentecdirect.com/jobs/,live,200,2025-08-27,2026-10-09,0,engineering,eng,jsonld,Property Management Software,Oregon,A,jsonld:rentec-direct:web-application-developer-Web Application Developer
Rentec Direct,Writer and Marketing Specialist,"Grants Pass, OR",https://rentecdirect.com/jobs/,live,200,2025-08-27,2026-10-09,0,gtm,,jsonld,Property Management Software,Oregon,A,jsonld:rentec-direct:writer-marketing-specialist-Writer and Marketing Specialist
Renters Warehouse,BUSINESS DEVELOPMENT MANAGER,"Tempe, AZ",https://workforcenow.adp.com/mascsr/default/mdf/recruitment/recruitment.html?cid=0b4acaac-5cd6-4597-9e3b-0cc4e2eba1da&jobId=73284483_1&lang=en_US,live,200,2026-10-08,2026-10-09,0,sales,sales,adp,SFR Property Management Franchise,Minnesota,A,adp:0b4acaac-5cd6-4597-9e3b-0cc4e2eba1da:73284483_1
Renters Warehouse,BUSINESS DEVELOPMENT MANAGER,"Minneapolis, MN",https://workforcenow.adp.com/mascsr/default/mdf/recruitment/recruitment.html?cid=0b4acaac-5cd6-4597-9e3b-0cc4e2eba1da&jobId=25863430_1&lang=en_US,live,200,2026-06-25,2026-10-09,0,sales,sales,adp,SFR Property Management Franchise,Minnesota,A,adp:0b4acaac-5cd6-4597-9e3b-0cc4e2eba1da:25863430_1
ResMan,Architect I,"US TX RSM 001 Plano TX Office - Plano, TX 75093",https://www.paycomonline.net/v4/ats/web.php/portal/3B7D41D91746BB95F1A4DACFC560089B/jobs/425125,live,200,,2026-10-09,0,engineering,eng,page,Property Management Software,Texas,A,page:resman:/v4/ats/web.php/portal/3B7D41D91746BB95F1A4DACFC560089B/jobs/425125
ResMan,Sales Development Representative,"US AZ STL 001 Chandler AZ Office - Chandler, AZ 85226",https://www.paycomonline.net/v4/ats/web.php/portal/3B7D41D91746BB95F1A4DACFC560089B/jobs/437784,live,200,,2026-10-09,0,sales,sales,page,Property Management Software,Texas,A,page:resman:/v4/ats/web.php/portal/3B7D41D91746BB95F1A4DACFC560089B/jobs/437784
Rhino,Data Engineer,,https://rhinolabs.bamboohr.com/careers/76,live,200,,2026-09-28,11,engineering,eng,bamboohr,Security Deposit Insurance,New York,A,bamboohr:rhinolabs:76
Second Nature,Account Executive,"Remote, USA",https://jobs.ashbyhq.com/second-nature/fa47f83c-52db-4df3-960c-7e2125bdccf6,live,200,2026-09-10,2026-09-24,15,sales,sales,ashby,Resident Benefits / Property Management SaaS,Tennessee,A,ashby:second-nature:fa47f83c-52db-4df3-960c-7e2125bdccf6
Second Nature,Sales Development Representative,"Remote, USA",https://jobs.ashbyhq.com/second-nature/8f23e4ba-54fc-43ce-8744-8629a09f93ae,live,200,2026-08-03,2026-09-24,15,sales,sales,ashby,Resident Benefits / Property Management SaaS,Tennessee,A,ashby:second-nature:8f23e4ba-54fc-43ce-8744-8629a09f93ae
Second Nature,Staff Software Engineer (Backend-focused),"Remote, USA",https://jobs.ashbyhq.com/second-nature/88fc670b-d2ff-46a9-af53-280037931613,live,200,2026-09-24,2026-09-24,15,engineering,eng,ashby,Resident Benefits / Property Management SaaS,Tennessee,A,ashby:second-nature:88fc670b-d2ff-46a9-af53-280037931613
Second Nature,"VP, Product","Remote, USA",https://jobs.ashbyhq.com/second-nature/124ce02b-b6c7-4f93-97ed-aa8787fd20e4,live,200,2026-09-17,2026-09-24,15,executive,,ashby,Resident Benefits / Property Management SaaS,Tennessee,A,ashby:second-nature:124ce02b-b6c7-4f93-97ed-aa8787fd20e4
SmartRent,Senior Account Manager,"Phoenix, Arizona",https://job-boards.greenhouse.io/smartrent/jobs/6122956004,live,200,2026-07-23,2026-09-24,15,gtm,customer,greenhouse,Smart Home / Multifamily IoT,Arizona,A,greenhouse:smartrent:6122956004
SmartRent,Senior Software Engineer,"Phoenix, Arizona",https://job-boards.greenhouse.io/smartrent/jobs/6192943004,live,200,2026-09-18,2026-09-24,15,engineering,eng,greenhouse,Smart Home / Multifamily IoT,Arizona,A,greenhouse:smartrent:6192943004
SmartRent,Solutions Architect,"Phoenix, Arizona",https://job-boards.greenhouse.io/smartrent/jobs/5835029004,live,200,2026-08-25,2026-09-24,15,sales,eng,greenhouse,Smart Home / Multifamily IoT,Arizona,A,greenhouse:smartrent:5835029004
SmartRent,"Vice President, Sales",United States,https://job-boards.greenhouse.io/smartrent/jobs/5970930004,live,200,2026-09-29,2026-09-30,9,executive,sales,greenhouse,Smart Home / Multifamily IoT,Arizona,A,greenhouse:smartrent:5970930004
Steadily,Business Development Associate,"Overland Park, KS",https://jobs.ashbyhq.com/steadily/95f22d0e-4f96-4d67-bfb6-30c3e23b55ed,live,200,2026-09-18,2026-09-24,15,sales,sales,ashby,Landlord Insurance,Texas,A,ashby:steadily:95f22d0e-4f96-4d67-bfb6-30c3e23b55ed
Steadily,Business Development Manager,"Overland Park, KS",https://jobs.ashbyhq.com/steadily/4ef70d6a-956f-4e97-b5b0-c84a68890c5c,live,200,2026-06-26,2026-09-24,15,sales,sales,ashby,Landlord Insurance,Texas,A,ashby:steadily:4ef70d6a-956f-4e97-b5b0-c84a68890c5c
Steadily,Direct Sales Manager,"Overland Park, KS",https://jobs.ashbyhq.com/steadily/3d8e3b12-ecb6-4c7c-bc48-f2b8da185218,live,200,2026-03-18,2026-09-24,15,sales,sales,ashby,Landlord Insurance,Texas,A,ashby:steadily:3d8e3b12-ecb6-4c7c-bc48-f2b8da185218
Steadily,Head of Revenue Operations,"Overland Park, KS",https://jobs.ashbyhq.com/steadily/6ae3b8c3-3035-4455-b1ce-8c0900b7abd6,live,200,2026-08-28,2026-09-24,15,executive,sales,ashby,Landlord Insurance,Texas,A,ashby:steadily:6ae3b8c3-3035-4455-b1ce-8c0900b7abd6
Steadily,New Graduate Sales Accelerator,"Overland Park, KS",https://jobs.ashbyhq.com/steadily/4b3c118a-43bc-4a3c-a700-e2bd1879249e,live,200,2026-04-07,2026-09-24,15,sales,sales,ashby,Landlord Insurance,Texas,A,ashby:steadily:4b3c118a-43bc-4a3c-a700-e2bd1879249e
Steadily,"Principal Account Manager, Enterprise and Partnership","Overland Park, KS",https://jobs.ashbyhq.com/steadily/0e485ee5-9550-495d-8b30-563607aba1f3,live,200,2026-09-24,2026-09-28,11,sales,customer,ashby,Landlord Insurance,Texas,A,ashby:steadily:0e485ee5-9550-495d-8b30-563607aba1f3
Steadily,Principal Machine Learning Engineer,"Austin, TX",https://jobs.ashbyhq.com/steadily/ecf647a7-0b84-4566-bc09-3e2babdac50b,live,200,2026-03-19,2026-09-24,15,engineering,eng,ashby,Landlord Insurance,Texas,A,ashby:steadily:ecf647a7-0b84-4566-bc09-3e2babdac50b
Steadily,Sales Representative – Insurance Training Provided,"Overland Park, KS",https://jobs.ashbyhq.com/steadily/259b6448-5a89-44c6-9ecf-783e5b4a6660,live,200,2026-06-10,2026-09-24,15,sales,sales,ashby,Landlord Insurance,Texas,A,ashby:steadily:259b6448-5a89-44c6-9ecf-783e5b4a6660
Steadily,Senior Machine Learning Engineer,"Austin, TX",https://jobs.ashbyhq.com/steadily/82f961e2-98d7-4175-ba91-4ee9aeaa79b0,live,200,2026-10-01,2026-09-30,9,engineering,eng,ashby,Landlord Insurance,Texas,A,ashby:steadily:82f961e2-98d7-4175-ba91-4ee9aeaa79b0
Steadily,Senior Software Engineer,"Austin, TX",https://jobs.ashbyhq.com/steadily/da218e31-c3a5-4ec7-805a-5541b2571258,live,200,2026-03-19,2026-09-24,15,engineering,eng,ashby,Landlord Insurance,Texas,A,ashby:steadily:da218e31-c3a5-4ec7-805a-5541b2571258
Steadily,"Senior Software Engineer, Growth","Austin, TX",https://jobs.ashbyhq.com/steadily/f2652ec3-667e-4f4b-8898-c3ce3cfeccda,live,200,2026-03-19,2026-09-24,15,gtm,eng,ashby,Landlord Insurance,Texas,A,ashby:steadily:f2652ec3-667e-4f4b-8898-c3ce3cfeccda
Steadily,Staff Software Engineer,"Austin, TX",https://jobs.ashbyhq.com/steadily/f11f027c-8904-4f68-97c3-382cd9d18bd0,live,200,2026-03-19,2026-09-24,15,engineering,eng,ashby,Landlord Insurance,Texas,A,ashby:steadily:f11f027c-8904-4f68-97c3-382cd9d18bd0
Steadily,"Stage Zero GTM Sales Leader, Enterprise and Partnerships","Overland Park, KS",https://jobs.ashbyhq.com/steadily/70378de6-ca58-4af5-afe5-2f1cb2f00f4c,live,200,2026-09-15,2026-09-24,15,sales,sales,ashby,Landlord Insurance,Texas,A,ashby:steadily:70378de6-ca58-4af5-afe5-2f1cb2f00f4c
TheGuarantors,AI Solutions Architect,"New York, NY",https://ats.rippling.com/theguarantors-open-positions/jobs/0033b91a-171d-4fed-9ca9-67aabb1a5756,live,200,,2026-09-24,15,sales,eng,rippling,Lease Insurance / Insurtech,New York,A,rippling:theguarantors-open-positions:0033b91a-171d-4fed-9ca9-67aabb1a5756
TheGuarantors,Commercial Strategy Associate - AE Strategy,"New York, NY",https://ats.rippling.com/theguarantors-open-positions/jobs/19d4de81-3c98-481e-9783-c6cf0b77c9cd,live,200,,2026-09-24,15,sales,,rippling,Lease Insurance / Insurtech,New York,A,rippling:theguarantors-open-positions:19d4de81-3c98-481e-9783-c6cf0b77c9cd
TheGuarantors,Customer Success Analyst,Remote (United States),https://ats.rippling.com/theguarantors-open-positions/jobs/2fbdc5de-9a2f-4d89-bda7-02d4c1e21e89,live,200,,2026-09-30,9,gtm,customer,rippling,Lease Insurance / Insurtech,New York,A,rippling:theguarantors-open-positions:2fbdc5de-9a2f-4d89-bda7-02d4c1e21e89
TheGuarantors,Customer Success Analyst (Mandarin Speaking),Remote (United States),https://ats.rippling.com/theguarantors-open-positions/jobs/dc16277d-218e-4be3-aced-9f79767c6a2e,live,200,,2026-09-28,11,gtm,customer,rippling,Lease Insurance / Insurtech,New York,A,rippling:theguarantors-open-positions:dc16277d-218e-4be3-aced-9f79767c6a2e
TheGuarantors,Data Engineer,"New York, NY",https://ats.rippling.com/theguarantors-open-positions/jobs/aeb1fbf7-3348-4f6d-826f-75d6f48cd1fa,live,200,,2026-09-24,15,engineering,eng,rippling,Lease Insurance / Insurtech,New York,A,rippling:theguarantors-open-positions:aeb1fbf7-3348-4f6d-826f-75d6f48cd1fa
TheGuarantors,Engineering Manager - Landlord Experience,"New York, NY",https://ats.rippling.com/theguarantors-open-positions/jobs/f6fb187d-5984-48cd-b51c-095dc0ea47d4,live,200,,2026-10-09,0,engineering,eng,rippling,Lease Insurance / Insurtech,New York,A,rippling:theguarantors-open-positions:f6fb187d-5984-48cd-b51c-095dc0ea47d4
TheGuarantors,Engineering Manager - Property Management,"New York, NY",https://ats.rippling.com/theguarantors-open-positions/jobs/fa4824e5-4961-4d68-94fd-654d896fa722,live,200,,2026-09-24,15,engineering,eng,rippling,Lease Insurance / Insurtech,New York,A,rippling:theguarantors-open-positions:fa4824e5-4961-4d68-94fd-654d896fa722
TheGuarantors,Partner Success Associate (Remote),Remote (United States),https://ats.rippling.com/theguarantors-open-positions/jobs/a5c93eac-c299-4832-bcfd-90e3daaa4b75,live,200,,2026-09-24,15,gtm,,rippling,Lease Insurance / Insurtech,New York,A,rippling:theguarantors-open-positions:a5c93eac-c299-4832-bcfd-90e3daaa4b75
TheGuarantors,Senior Account Executive (Remote),Remote (United States),https://ats.rippling.com/theguarantors-open-positions/jobs/0dc4f5a7-e5c3-4027-bf78-bca413498c9c,live,200,,2026-09-24,15,sales,sales,rippling,Lease Insurance / Insurtech,New York,A,rippling:theguarantors-open-positions:0dc4f5a7-e5c3-4027-bf78-bca413498c9c
TheGuarantors,Senior Account Manager (Remote),Remote (United States),https://ats.rippling.com/theguarantors-open-positions/jobs/245e388e-13f8-461b-9f46-bacd201c3be3,live,200,,2026-09-24,15,gtm,customer,rippling,Lease Insurance / Insurtech,New York,A,rippling:theguarantors-open-positions:245e388e-13f8-461b-9f46-bacd201c3be3
TheGuarantors,Senior Marketing Operations Manager,"New York, NY",https://ats.rippling.com/theguarantors-open-positions/jobs/76b828fa-e6ac-4861-91b6-233f57124f32,live,200,,2026-10-09,0,gtm,ops,rippling,Lease Insurance / Insurtech,New York,A,rippling:theguarantors-open-positions:76b828fa-e6ac-4861-91b6-233f57124f32
TheGuarantors,Software Engineer - Customer Integrations (API),Remote (United States),https://ats.rippling.com/theguarantors-open-positions/jobs/cdb6349f-91f9-47f9-984b-fd19a329a563,live,200,,2026-09-24,15,engineering,eng,rippling,Lease Insurance / Insurtech,New York,A,rippling:theguarantors-open-positions:cdb6349f-91f9-47f9-984b-fd19a329a563
TheGuarantors,Software Engineer - Deal Flow & Underwriting Experience,"New York, NY",https://ats.rippling.com/theguarantors-open-positions/jobs/2bc51270-c3d1-4d04-b3d0-7407407ccc96,live,200,,2026-09-24,15,engineering,eng,rippling,Lease Insurance / Insurtech,New York,A,rippling:theguarantors-open-positions:2bc51270-c3d1-4d04-b3d0-7407407ccc96
TheGuarantors,Software Engineer - Renter Experience,"New York, NY",https://ats.rippling.com/theguarantors-open-positions/jobs/337d8f93-b0d3-4765-9a32-bede74a246dc,live,200,,2026-09-24,15,engineering,eng,rippling,Lease Insurance / Insurtech,New York,A,rippling:theguarantors-open-positions:337d8f93-b0d3-4765-9a32-bede74a246dc
TheGuarantors,Software Engineer - Risk Solutions,"New York, NY",https://ats.rippling.com/theguarantors-open-positions/jobs/219799ca-8d34-4198-abe4-23c209d77a73,live,200,,2026-09-24,15,engineering,eng,rippling,Lease Insurance / Insurtech,New York,A,rippling:theguarantors-open-positions:219799ca-8d34-4198-abe4-23c209d77a73
TheGuarantors,"VP, Strategic Accounts & Services",Remote (United States),https://ats.rippling.com/theguarantors-open-positions/jobs/819b73d8-7750-47df-a3c8-929101e90606,live,200,,2026-09-24,15,executive,,rippling,Lease Insurance / Insurtech,New York,A,rippling:theguarantors-open-positions:819b73d8-7750-47df-a3c8-929101e90606
TurboTenant,Director of Local Marketing,"Denver, CO",https://job-boards.greenhouse.io/turbotenant/jobs/5210482007,live,200,2026-08-18,2026-09-28,11,gtm,leadership,greenhouse,Landlord/DIY Property Management Software,Colorado,A,greenhouse:turbotenant:5210482007
Two Dots,Account Executive,Santa Monica,https://jobs.lever.co/twodots/77be9b0c-d628-4919-a98c-c792617f7163,open per job board; link check failed (HTTP 404),404,2023-07-09,2026-09-24,15,sales,sales,lever,AI Tenant Screening / Underwriting,California,A,lever:twodots:77be9b0c-d628-4919-a98c-c792617f7163
Two Dots,Customer Success Associate,Santa Monica,https://jobs.lever.co/twodots/72be4c60-2ce7-4f83-b837-d8c840c34de9,open per job board; link check failed (HTTP 404),404,2023-07-16,2026-09-24,15,gtm,customer,lever,AI Tenant Screening / Underwriting,California,A,lever:twodots:72be4c60-2ce7-4f83-b837-d8c840c34de9
Two Dots,Customer Success Lead,Santa Monica,https://jobs.lever.co/twodots/4b12f49a-486d-42ca-9deb-503f53a15cb8,open per job board; link check failed (HTTP 404),404,2023-07-09,2026-09-24,15,gtm,customer,lever,AI Tenant Screening / Underwriting,California,A,lever:twodots:4b12f49a-486d-42ca-9deb-503f53a15cb8
Zumper,"Director, Business Development, Sales",Remote (United States),https://ats.rippling.com/zumper/jobs/5fe74982-876b-4f72-bb08-4f5cbd414e54,live,200,,2026-10-09,0,sales,sales,rippling,Rental Marketplace,California,A,rippling:zumper:5fe74982-876b-4f72-bb08-4f5cbd414e54
Zumper,Head of Legal,Remote (United States),https://ats.rippling.com/zumper/jobs/73fabfa5-bd07-491f-b467-058792922a3c,live,200,,2026-10-09,0,executive,leadership,rippling,Rental Marketplace,California,A,rippling:zumper:73fabfa5-bd07-491f-b467-058792922a3c
Alarm.com,Alarm.com Sales Talent Network,Alarm.com,https://job-boards.greenhouse.io/alarmcom/jobs/7462078002,live,200,2024-05-23,2026-10-09,0,sales,sales,greenhouse,Smart Property / Security Platform,Virginia,B,greenhouse:alarmcom:7462078002
Alarm.com,Application Security Architect,"Tysons, Virginia",https://job-boards.greenhouse.io/alarmcom/jobs/8371492002,"listed in ATS, not rechecked",0,2026-02-17,2026-10-09,0,engineering,eng,greenhouse,Smart Property / Security Platform,Virginia,B,greenhouse:alarmcom:8371492002
Alarm.com,Associate Inside Sales Representative,"Liberty Lake, Washington",https://job-boards.greenhouse.io/alarmcom/jobs/8753230002,live,200,2026-08-26,2026-10-09,0,sales,sales,greenhouse,Smart Property / Security Platform,Virginia,B,greenhouse:alarmcom:8753230002
Alarm.com,Business Development Manager,Japan,https://job-boards.greenhouse.io/alarmcom/jobs/8733921002,"listed in ATS, not rechecked",0,2026-09-04,2026-10-09,0,sales,sales,greenhouse,Smart Property / Security Platform,Virginia,B,greenhouse:alarmcom:8733921002
Alarm.com,Business Development Representative,"Florida, United States",https://job-boards.greenhouse.io/alarmcom/jobs/8853398002,"listed in ATS, not rechecked",0,2026-10-01,2026-10-09,0,sales,sales,greenhouse,Smart Property / Security Platform,Virginia,B,greenhouse:alarmcom:8853398002
Alarm.com,Cloud Systems Engineer,"Tysons, Virginia",https://job-boards.greenhouse.io/alarmcom/jobs/8696114002,live,200,2026-09-25,2026-10-09,0,engineering,eng,greenhouse,Smart Property / Security Platform,Virginia,B,greenhouse:alarmcom:8696114002
Alarm.com,"Commercial Sales Manager, Commercial Partnerships","Texas, United States",https://job-boards.greenhouse.io/alarmcom/jobs/8696117002,live,200,2026-08-19,2026-10-09,0,sales,sales,greenhouse,Smart Property / Security Platform,Virginia,B,greenhouse:alarmcom:8696117002
Alarm.com,Database Engineer,"Taoyuan, Taiwan",https://job-boards.greenhouse.io/alarmcom/jobs/8801196002,live,200,2026-09-11,2026-10-09,0,engineering,eng,greenhouse,Smart Property / Security Platform,Virginia,B,greenhouse:alarmcom:8801196002
Alarm.com,DevOps Engineer,"Centennial, Colorado",https://job-boards.greenhouse.io/alarmcom/jobs/8522951002,live,200,2026-04-24,2026-10-09,0,engineering,eng,greenhouse,Smart Property / Security Platform,Virginia,B,greenhouse:alarmcom:8522951002
Alarm.com,DevOps Engineer,"Lawrence, Kansas",https://job-boards.greenhouse.io/alarmcom/jobs/8594797002,live,200,2026-07-09,2026-10-09,0,engineering,eng,greenhouse,Smart Property / Security Platform,Virginia,B,greenhouse:alarmcom:8594797002
Alarm.com,Device Engineer I,"San Diego, California",https://job-boards.greenhouse.io/alarmcom/jobs/8485073002,live,200,2026-04-23,2026-10-09,0,engineering,eng,greenhouse,Smart Property / Security Platform,Virginia,B,greenhouse:alarmcom:8485073002
Alarm.com,Device Engineer II,"Tysons, Virginia",https://job-boards.greenhouse.io/alarmcom/jobs/8752266002,live,200,2026-10-02,2026-10-09,0,engineering,eng,greenhouse,Smart Property / Security Platform,Virginia,B,greenhouse:alarmcom:8752266002
Alarm.com,Device Engineer II (RF/EMC),"Tysons, Virginia",https://job-boards.greenhouse.io/alarmcom/jobs/8640391002,live,200,2026-08-07,2026-10-09,0,engineering,eng,greenhouse,Smart Property / Security Platform,Virginia,B,greenhouse:alarmcom:8640391002
Alarm.com,Embedded Software Engineer I,"Tysons, Virginia",https://job-boards.greenhouse.io/alarmcom/jobs/8622530002,live,200,2026-08-25,2026-10-09,0,engineering,eng,greenhouse,Smart Property / Security Platform,Virginia,B,greenhouse:alarmcom:8622530002
Alarm.com,Engineering Manager - Embedded Firmware,"Boston, Massachusetts",https://job-boards.greenhouse.io/alarmcom/jobs/8392931002,live,200,2026-02-17,2026-10-09,0,engineering,eng,greenhouse,Smart Property / Security Platform,Virginia,B,greenhouse:alarmcom:8392931002
Alarm.com,Firmware Engineer/ C/C++ Developer (Embedded),"Warszawa, Masovian Voivodeship, Poland",https://job-boards.greenhouse.io/alarmcom/jobs/8722007002,live,200,2026-08-21,2026-10-09,0,engineering,eng,greenhouse,Smart Property / Security Platform,Virginia,B,greenhouse:alarmcom:8722007002
Alarm.com,International Business Development Manager,Netherlands; REMOTE,https://job-boards.greenhouse.io/alarmcom/jobs/8599043002,live,200,2026-06-18,2026-10-09,0,sales,sales,greenhouse,Smart Property / Security Platform,Virginia,B,greenhouse:alarmcom:8599043002
Alarm.com,International Business Development Manager - UK,United Kingdom,https://job-boards.greenhouse.io/alarmcom/jobs/8606829002,live,200,2026-06-24,2026-10-09,0,sales,sales,greenhouse,Smart Property / Security Platform,Virginia,B,greenhouse:alarmcom:8606829002
Alarm.com,Manufacturing Quality Engineer,"Taoyuan, Taiwan",https://job-boards.greenhouse.io/alarmcom/jobs/8610060002,"listed in ATS, not rechecked",0,2026-07-10,2026-10-09,0,engineering,eng,greenhouse,Smart Property / Security Platform,Virginia,B,greenhouse:alarmcom:8610060002
Alarm.com,Marketing Program Manager,"Liberty Lake, Washington",https://job-boards.greenhouse.io/alarmcom/jobs/8715964002,"listed in ATS, not rechecked",0,2026-08-14,2026-10-09,0,gtm,,greenhouse,Smart Property / Security Platform,Virginia,B,greenhouse:alarmcom:8715964002
Alarm.com,Partner Success Executive,"Tysons, Virginia",https://job-boards.greenhouse.io/alarmcom/jobs/8796547002,live,200,2026-09-23,2026-10-09,0,gtm,,greenhouse,Smart Property / Security Platform,Virginia,B,greenhouse:alarmcom:8796547002
Alarm.com,Principal Network Security Engineer,"Tysons, Virginia",https://job-boards.greenhouse.io/alarmcom/jobs/8030878002,live,200,2025-07-14,2026-10-09,0,engineering,eng,greenhouse,Smart Property / Security Platform,Virginia,B,greenhouse:alarmcom:8030878002
Alarm.com,Principal Software Engineer,"Tysons, Virginia",https://job-boards.greenhouse.io/alarmcom/jobs/8868356002,live,200,2026-10-05,2026-10-09,0,engineering,eng,greenhouse,Smart Property / Security Platform,Virginia,B,greenhouse:alarmcom:8868356002
Alarm.com,Product Marketing Manager,"Tysons, Virginia",https://job-boards.greenhouse.io/alarmcom/jobs/8399305002,live,200,2026-02-09,2026-10-09,0,gtm,,greenhouse,Smart Property / Security Platform,Virginia,B,greenhouse:alarmcom:8399305002
Alarm.com,Quality Engineer I,"Tysons, Virginia",https://job-boards.greenhouse.io/alarmcom/jobs/8394361002,"listed in ATS, not rechecked",0,2026-02-11,2026-10-09,0,engineering,eng,greenhouse,Smart Property / Security Platform,Virginia,B,greenhouse:alarmcom:8394361002
Alarm.com,Regional Sales Manager,REMOTE,https://job-boards.greenhouse.io/alarmcom/jobs/8713807002,live,200,2026-08-14,2026-10-09,0,sales,sales,greenhouse,Smart Property / Security Platform,Virginia,B,greenhouse:alarmcom:8713807002
Alarm.com,Revenue & Operations Associate,"Tysons, Virginia",https://job-boards.greenhouse.io/alarmcom/jobs/8606158002,"listed in ATS, not rechecked",0,2026-08-04,2026-10-09,0,sales,sales,greenhouse,Smart Property / Security Platform,Virginia,B,greenhouse:alarmcom:8606158002
Alarm.com,Revenue Operations Manager,"Tysons, Virginia",https://job-boards.greenhouse.io/alarmcom/jobs/8573813002,live,200,2026-06-08,2026-10-09,0,sales,sales,greenhouse,Smart Property / Security Platform,Virginia,B,greenhouse:alarmcom:8573813002
Alarm.com,Sales Engineer - Northeast,"Massachusetts, United States",https://job-boards.greenhouse.io/alarmcom/jobs/8646370002,live,200,2026-07-22,2026-10-09,0,sales,sales,greenhouse,Smart Property / Security Platform,Virginia,B,greenhouse:alarmcom:8646370002
Alarm.com,Senior Account Manager,REMOTE,https://job-boards.greenhouse.io/alarmcom/jobs/8842947002,live,200,2026-09-24,2026-10-09,0,gtm,customer,greenhouse,Smart Property / Security Platform,Virginia,B,greenhouse:alarmcom:8842947002
Alarm.com,Senior Device Engineer,"San Diego, California",https://job-boards.greenhouse.io/alarmcom/jobs/8783306002,"listed in ATS, not rechecked",0,2026-09-03,2026-10-09,0,engineering,eng,greenhouse,Smart Property / Security Platform,Virginia,B,greenhouse:alarmcom:8783306002
Alarm.com,Senior Device Engineer (Gateway),"Taoyuan, Taiwan",https://job-boards.greenhouse.io/alarmcom/jobs/8341986002,"listed in ATS, not rechecked",0,2025-12-16,2026-10-09,0,engineering,eng,greenhouse,Smart Property / Security Platform,Virginia,B,greenhouse:alarmcom:8341986002
Alarm.com,Senior Device Engineer - Mechanical,"San Diego, California",https://job-boards.greenhouse.io/alarmcom/jobs/8610061002,"listed in ATS, not rechecked",0,2026-07-01,2026-10-09,0,engineering,eng,greenhouse,Smart Property / Security Platform,Virginia,B,greenhouse:alarmcom:8610061002
Alarm.com,Senior Electrical Engineer,"Taoyuan, Taiwan",https://job-boards.greenhouse.io/alarmcom/jobs/8659598002,live,200,2026-10-07,2026-10-09,0,engineering,eng,greenhouse,Smart Property / Security Platform,Virginia,B,greenhouse:alarmcom:8659598002
Alarm.com,Senior Mechanical Engineer,"Taoyuan, Taiwan",https://job-boards.greenhouse.io/alarmcom/jobs/8722273002,"listed in ATS, not rechecked",0,2026-08-19,2026-10-09,0,engineering,eng,greenhouse,Smart Property / Security Platform,Virginia,B,greenhouse:alarmcom:8722273002
Alarm.com,Senior Multimedia Firmware Engineer,"Taoyuan, Taiwan",https://job-boards.greenhouse.io/alarmcom/jobs/8516481002,live,200,2026-05-04,2026-10-09,0,engineering,eng,greenhouse,Smart Property / Security Platform,Virginia,B,greenhouse:alarmcom:8516481002
Alarm.com,Senior Partner Growth Manager,REMOTE,https://job-boards.greenhouse.io/alarmcom/jobs/8660676002,"listed in ATS, not rechecked",0,2026-08-06,2026-10-09,0,gtm,,greenhouse,Smart Property / Security Platform,Virginia,B,greenhouse:alarmcom:8660676002
Alarm.com,Senior Regulatory Engineer,"Tysons, Virginia",https://job-boards.greenhouse.io/alarmcom/jobs/8807341002,live,200,2026-09-23,2026-10-09,0,engineering,eng,greenhouse,Smart Property / Security Platform,Virginia,B,greenhouse:alarmcom:8807341002
Alarm.com,Senior Software Engineer,"Kraków, Lesser Poland Voivodeship, Poland",https://job-boards.greenhouse.io/alarmcom/jobs/8659906002,live,200,2026-07-31,2026-10-09,0,engineering,eng,greenhouse,Smart Property / Security Platform,Virginia,B,greenhouse:alarmcom:8659906002
Alarm.com,Senior Software Engineer,"Needham, Massachusetts",https://job-boards.greenhouse.io/alarmcom/jobs/8815202002,live,200,2026-09-16,2026-10-09,0,engineering,eng,greenhouse,Smart Property / Security Platform,Virginia,B,greenhouse:alarmcom:8815202002
Alarm.com,Senior Software Engineer,"Tysons, Virginia",https://job-boards.greenhouse.io/alarmcom/jobs/8771191002,live,200,2026-09-01,2026-10-09,0,engineering,eng,greenhouse,Smart Property / Security Platform,Virginia,B,greenhouse:alarmcom:8771191002
Alarm.com,Senior Software Engineer (.NET),"Kraków, Lesser Poland Voivodeship, Poland",https://job-boards.greenhouse.io/alarmcom/jobs/8649101002,"listed in ATS, not rechecked",0,2026-07-29,2026-10-09,0,engineering,eng,greenhouse,Smart Property / Security Platform,Virginia,B,greenhouse:alarmcom:8649101002
Alarm.com,Senior Software Engineer (Full-stack Web),"Kraków, Lesser Poland Voivodeship, Poland",https://job-boards.greenhouse.io/alarmcom/jobs/8635117002,"listed in ATS, not rechecked",0,2026-07-21,2026-10-09,0,engineering,eng,greenhouse,Smart Property / Security Platform,Virginia,B,greenhouse:alarmcom:8635117002
Alarm.com,Senior Staff Software Engineer,"Tysons, Virginia",https://job-boards.greenhouse.io/alarmcom/jobs/8801891002,"listed in ATS, not rechecked",0,2026-09-11,2026-10-09,0,engineering,eng,greenhouse,Smart Property / Security Platform,Virginia,B,greenhouse:alarmcom:8801891002
Alarm.com,Senior Systems Engineer - Finance,"Tysons, Virginia",https://job-boards.greenhouse.io/alarmcom/jobs/8675596002,live,200,2026-08-10,2026-10-09,0,engineering,eng,greenhouse,Smart Property / Security Platform,Virginia,B,greenhouse:alarmcom:8675596002
Alarm.com,Software Engineer I - (streaming technologies),"Kraków, Lesser Poland Voivodeship, Poland",https://job-boards.greenhouse.io/alarmcom/jobs/8822832002,live,200,2026-10-03,2026-10-09,0,engineering,eng,greenhouse,Smart Property / Security Platform,Virginia,B,greenhouse:alarmcom:8822832002
Alarm.com,Software Engineer II,"Kraków, Lesser Poland Voivodeship, Poland",https://job-boards.greenhouse.io/alarmcom/jobs/8822833002,"listed in ATS, not rechecked",0,2026-10-06,2026-10-09,0,engineering,eng,greenhouse,Smart Property / Security Platform,Virginia,B,greenhouse:alarmcom:8822833002
Alarm.com,Software Engineer II,"Kraków, Lesser Poland Voivodeship, Poland",https://job-boards.greenhouse.io/alarmcom/jobs/8659801002,"listed in ATS, not rechecked",0,2026-07-31,2026-10-09,0,engineering,eng,greenhouse,Smart Property / Security Platform,Virginia,B,greenhouse:alarmcom:8659801002
Alarm.com,Software Engineer II,"Tysons, Virginia",https://job-boards.greenhouse.io/alarmcom/jobs/8610334002,live,200,2026-07-06,2026-10-09,0,engineering,eng,greenhouse,Smart Property / Security Platform,Virginia,B,greenhouse:alarmcom:8610334002
Alarm.com,Software Engineer II (.NET),"Kraków, Lesser Poland Voivodeship, Poland",https://job-boards.greenhouse.io/alarmcom/jobs/8649149002,"listed in ATS, not rechecked",0,2026-07-29,2026-10-09,0,engineering,eng,greenhouse,Smart Property / Security Platform,Virginia,B,greenhouse:alarmcom:8649149002
Alarm.com,Software Engineer II (Full-stack Web),"Kraków, Lesser Poland Voivodeship, Poland",https://job-boards.greenhouse.io/alarmcom/jobs/8635118002,live,200,2026-07-21,2026-10-09,0,engineering,eng,greenhouse,Smart Property / Security Platform,Virginia,B,greenhouse:alarmcom:8635118002
Alarm.com,Software Engineer II - C#,"Kraków, Lesser Poland Voivodeship, Poland",https://job-boards.greenhouse.io/alarmcom/jobs/8638328002,live,200,2026-07-28,2026-10-09,0,engineering,eng,greenhouse,Smart Property / Security Platform,Virginia,B,greenhouse:alarmcom:8638328002
Alarm.com,Software Engineer II - IOS,"Kraków, Lesser Poland Voivodeship, Poland",https://job-boards.greenhouse.io/alarmcom/jobs/8646277002,"listed in ATS, not rechecked",0,2026-07-28,2026-10-09,0,engineering,eng,greenhouse,Smart Property / Security Platform,Virginia,B,greenhouse:alarmcom:8646277002
Alarm.com,Software Engineering Manager,"Greenville, South Carolina",https://job-boards.greenhouse.io/alarmcom/jobs/8413577002,live,200,2026-03-09,2026-10-09,0,engineering,eng,greenhouse,Smart Property / Security Platform,Virginia,B,greenhouse:alarmcom:8413577002
Alarm.com,Software Engineering Manager,"Kraków, Lesser Poland Voivodeship, Poland",https://job-boards.greenhouse.io/alarmcom/jobs/8659905002,"listed in ATS, not rechecked",0,2026-07-31,2026-10-09,0,engineering,eng,greenhouse,Smart Property / Security Platform,Virginia,B,greenhouse:alarmcom:8659905002
Alarm.com,Staff Security Engineer,"Tysons, Virginia",https://job-boards.greenhouse.io/alarmcom/jobs/8564941002,"listed in ATS, not rechecked",0,2026-08-19,2026-10-09,0,engineering,eng,greenhouse,Smart Property / Security Platform,Virginia,B,greenhouse:alarmcom:8564941002
Alarm.com,Staff Software Engineer,"Needham, Massachusetts",https://job-boards.greenhouse.io/alarmcom/jobs/8843222002,live,200,2026-09-24,2026-10-09,0,engineering,eng,greenhouse,Smart Property / Security Platform,Virginia,B,greenhouse:alarmcom:8843222002
Alarm.com,Staff Software Engineer,"Tysons, Virginia",https://job-boards.greenhouse.io/alarmcom/jobs/8801870002,"listed in ATS, not rechecked",0,2026-09-11,2026-10-09,0,engineering,eng,greenhouse,Smart Property / Security Platform,Virginia,B,greenhouse:alarmcom:8801870002
Alarm.com,Staff Software Engineer,"Tysons, Virginia",https://job-boards.greenhouse.io/alarmcom/jobs/8758164002,live,200,2026-08-27,2026-10-09,0,engineering,eng,greenhouse,Smart Property / Security Platform,Virginia,B,greenhouse:alarmcom:8758164002
Alarm.com,Staff Software Engineer,"Boston, Massachusetts",https://job-boards.greenhouse.io/alarmcom/jobs/8858254002,"listed in ATS, not rechecked",0,2026-09-30,2026-10-09,0,engineering,eng,greenhouse,Smart Property / Security Platform,Virginia,B,greenhouse:alarmcom:8858254002
Alarm.com,Staff Software Engineer - Embedded,"Ottawa, Ontario, Canada",https://job-boards.greenhouse.io/alarmcom/jobs/8453763002,"listed in ATS, not rechecked",0,2026-08-27,2026-10-09,0,engineering,eng,greenhouse,Smart Property / Security Platform,Virginia,B,greenhouse:alarmcom:8453763002
Alarm.com,Staff Software Engineer - Embedded,"Tysons, Virginia",https://job-boards.greenhouse.io/alarmcom/jobs/8234065002,live,200,2025-12-12,2026-10-09,0,engineering,eng,greenhouse,Smart Property / Security Platform,Virginia,B,greenhouse:alarmcom:8234065002
Alarm.com,Staff Software Engineer - SRE,"Kraków, Lesser Poland Voivodeship, Poland",https://job-boards.greenhouse.io/alarmcom/jobs/8638329002,live,200,2026-07-23,2026-10-09,0,engineering,eng,greenhouse,Smart Property / Security Platform,Virginia,B,greenhouse:alarmcom:8638329002
Alarm.com,Western Regional Sales Director,REMOTE,https://job-boards.greenhouse.io/alarmcom/jobs/8706293002,live,200,2026-08-14,2026-10-09,0,sales,sales,greenhouse,Smart Property / Security Platform,Virginia,B,greenhouse:alarmcom:8706293002
Auction.com,AI Application Engineer,"Irvine, CA, USA",https://jobs.dayforcehcm.com/en-US/auction/CANDIDATEPORTAL/jobs/9050,live,200,2026-09-13,2026-10-09,0,engineering,eng,dayforce,Real Estate Auction Platform,California,B,dayforce:auction:9050
Auction.com,"Director, Lifecycle Marketing","Irvine, CA, USA",https://jobs.dayforcehcm.com/en-US/auction/CANDIDATEPORTAL/jobs/8685,live,200,2026-07-28,2026-10-09,0,gtm,leadership,dayforce,Real Estate Auction Platform,California,B,dayforce:auction:8685
Auction.com,Software Engineer,"Irvine, CA, USA",https://jobs.dayforcehcm.com/en-US/auction/CANDIDATEPORTAL/jobs/9096,live,200,2026-09-18,2026-10-09,0,engineering,eng,dayforce,Real Estate Auction Platform,California,B,dayforce:auction:9096
Auction.com,Sr. Software Engineer,"Irvine, CA, USA",https://jobs.dayforcehcm.com/en-US/auction/CANDIDATEPORTAL/jobs/9092,live,200,2026-09-18,2026-10-09,0,engineering,eng,dayforce,Real Estate Auction Platform,California,B,dayforce:auction:9092
Auction.com,"VP, Data Intake Operations","Irvine, CA, USA",https://jobs.dayforcehcm.com/en-US/auction/CANDIDATEPORTAL/jobs/8842,live,200,2026-08-14,2026-10-09,0,executive,ops,dayforce,Real Estate Auction Platform,California,B,dayforce:auction:8842
Auction.com,"VP, Strategic Partnerships & Business Development","Plano, TX, USA",https://jobs.dayforcehcm.com/en-US/auction/CANDIDATEPORTAL/jobs/8444,live,200,2026-06-03,2026-10-09,0,executive,sales,dayforce,Real Estate Auction Platform,California,B,dayforce:auction:8444
Blend Labs,Client Sales Executive - Named Accounts,United States,https://job-boards.greenhouse.io/blend/jobs/6177609004,live,200,2026-09-08,2026-09-24,15,sales,sales,greenhouse,Mortgage/Lending Software,California,B,greenhouse:blend:6177609004
Blend Labs,Head of Product - Autopilot,United States,https://job-boards.greenhouse.io/blend/jobs/6186352004,live,200,2026-09-15,2026-09-24,15,executive,product,greenhouse,Mortgage/Lending Software,California,B,greenhouse:blend:6186352004
Blend Labs,Product Architect,United States,https://job-boards.greenhouse.io/blend/jobs/6208751004,live,200,2026-09-29,2026-09-30,9,engineering,eng,greenhouse,Mortgage/Lending Software,California,B,greenhouse:blend:6208751004
Blend Labs,Sales Executive - New Logo (Named Accounts),United States,https://job-boards.greenhouse.io/blend/jobs/6141507004,live,200,2026-08-17,2026-09-24,15,sales,sales,greenhouse,Mortgage/Lending Software,California,B,greenhouse:blend:6141507004
Blend Labs,Security Engineering Manager,United States,https://job-boards.greenhouse.io/blend/jobs/6132178004,live,200,2026-07-31,2026-09-24,15,engineering,eng,greenhouse,Mortgage/Lending Software,California,B,greenhouse:blend:6132178004
Blend Labs,Software Engineer,United States,https://job-boards.greenhouse.io/blend/jobs/6203084004,live,200,2026-09-21,2026-09-24,15,engineering,eng,greenhouse,Mortgage/Lending Software,California,B,greenhouse:blend:6203084004
Blend Labs,Software Engineer - AI Native (Full Stack),"Raleigh, NC",https://job-boards.greenhouse.io/blend/jobs/6141420004,live,200,2026-08-11,2026-09-24,15,engineering,eng,greenhouse,Mortgage/Lending Software,California,B,greenhouse:blend:6141420004
Blend Labs,Software Engineer - Infrastructure,United States,https://job-boards.greenhouse.io/blend/jobs/6123761004,live,200,2026-07-23,2026-09-24,15,engineering,eng,greenhouse,Mortgage/Lending Software,California,B,greenhouse:blend:6123761004
Blend Labs,Software Engineer - Platform Foundation,United States,https://job-boards.greenhouse.io/blend/jobs/6190338004,live,200,2026-09-11,2026-09-24,15,engineering,eng,greenhouse,Mortgage/Lending Software,California,B,greenhouse:blend:6190338004
Blend Labs,Strategic Customer Success Manager,United States,https://job-boards.greenhouse.io/blend/jobs/6207994004,live,200,2026-09-25,2026-09-28,11,gtm,customer,greenhouse,Mortgage/Lending Software,California,B,greenhouse:blend:6207994004
Bright MLS,Predictive & Agentic AI Engineer,US,https://workforcenow.adp.com/mascsr/default/mdf/recruitment/recruitment.html?cid=c8cd8c14-72bd-4bb3-8c99-f7fb2a14a693&ccId=19000101_000001&jobId=9205215055509_1&lang=en_US,live,200,2026-09-24,2026-10-09,0,engineering,eng,adp,Real Estate MLS / Listings Data,Maryland,B,adp:c8cd8c14-72bd-4bb3-8c99-f7fb2a14a693:9205215055509_1
Bright MLS,Sr. Mobile Developer,US,https://workforcenow.adp.com/mascsr/default/mdf/recruitment/recruitment.html?cid=c8cd8c14-72bd-4bb3-8c99-f7fb2a14a693&ccId=19000101_000001&jobId=9205215040711_1&lang=en_US,live,200,2026-09-24,2026-10-09,0,engineering,eng,adp,Real Estate MLS / Listings Data,Maryland,B,adp:c8cd8c14-72bd-4bb3-8c99-f7fb2a14a693:9205215040711_1
CertifID,"Senior Data Engineer, Tech Lead","Austin, TX",https://jobs.ashbyhq.com/certifid/a375be83-7a61-4f75-b146-9a84f6bf8e06,live,200,2026-08-03,2026-10-09,0,engineering,eng,ashby,Wire Fraud Prevention / Identity Verification,Texas,B,ashby:certifid:a375be83-7a61-4f75-b146-9a84f6bf8e06
Chamberlain Group,AI Engineering Manager,"Oak Brook, IL",https://chamberlain.wd1.myworkdayjobs.com/Chamberlain_Group/job/Oak-Brook-IL/AI-Engineering-Manager_JR30977,live,200,,2026-09-24,15,engineering,eng,workday,Smart Access (myQ/LiftMaster),Illinois,B,workday:chamberlain:/job/Oak-Brook-IL/AI-Engineering-Manager_JR30977
Chamberlain Group,"Analyst I, Associate Program Manager - Sales Support","Oak Brook, IL",https://chamberlain.wd1.myworkdayjobs.com/Chamberlain_Group/job/Oak-Brook-IL/Analyst-I--Associate-Program-Manager---Sales-Support_JR30758,live,200,,2026-09-24,15,sales,sales,workday,Smart Access (myQ/LiftMaster),Illinois,B,workday:chamberlain:/job/Oak-Brook-IL/Analyst-I--Associate-Program-Manager---Sales-Support_JR30758
Chamberlain Group,District Sales Manager,"Germantown, WI",https://chamberlain.wd1.myworkdayjobs.com/Chamberlain_Group/job/Germantown-WI/District-Sales-Manager_JR31694,live,200,,2026-10-09,0,sales,sales,workday,Smart Access (myQ/LiftMaster),Illinois,B,workday:chamberlain:/job/Germantown-WI/District-Sales-Manager_JR31694
Chamberlain Group,Lead Analytics Engineer,"Oak Brook, IL",https://chamberlain.wd1.myworkdayjobs.com/Chamberlain_Group/job/Oak-Brook-IL/Lead-Analytics-Engineer_JR31606,live,200,,2026-10-09,0,engineering,eng,workday,Smart Access (myQ/LiftMaster),Illinois,B,workday:chamberlain:/job/Oak-Brook-IL/Lead-Analytics-Engineer_JR31606
Chamberlain Group,Lead Analytics Engineer,"Oak Brook, IL",https://chamberlain.wd1.myworkdayjobs.com/Chamberlain_Group/job/Oak-Brook-IL/Lead-Analytics-Engineer_JR31608,live,200,,2026-10-09,0,engineering,eng,workday,Smart Access (myQ/LiftMaster),Illinois,B,workday:chamberlain:/job/Oak-Brook-IL/Lead-Analytics-Engineer_JR31608
Chamberlain Group,Lead Analytics Engineer,"Oak Brook, IL",https://chamberlain.wd1.myworkdayjobs.com/Chamberlain_Group/job/Oak-Brook-IL/Lead-Analytics-Engineer_JR31607,live,200,,2026-10-09,0,engineering,eng,workday,Smart Access (myQ/LiftMaster),Illinois,B,workday:chamberlain:/job/Oak-Brook-IL/Lead-Analytics-Engineer_JR31607
Chamberlain Group,Lead Staff Front End Engineer (Remote),Remote - California,https://chamberlain.wd1.myworkdayjobs.com/Chamberlain_Group/job/Remote---California/Staff-Engineer--Remote-_JR31626,live,200,,2026-09-24,15,engineering,eng,workday,Smart Access (myQ/LiftMaster),Illinois,B,workday:chamberlain:/job/Remote---California/Staff-Engineer--Remote-_JR31626
Chamberlain Group,"Lead, Go-To-Market Strategy - Multifamily Channel","Oak Brook, IL",https://chamberlain.wd1.myworkdayjobs.com/Chamberlain_Group/job/Oak-Brook-IL/Lead--Go-To-Market-Strategy---Multifamily-Channel_JR31317,live,200,,2026-09-24,15,gtm,,workday,Smart Access (myQ/LiftMaster),Illinois,B,workday:chamberlain:/job/Oak-Brook-IL/Lead--Go-To-Market-Strategy---Multifamily-Channel_JR31317
Chamberlain Group,"Manager, Cloud Engineering",2 Locations,https://chamberlain.wd1.myworkdayjobs.com/Chamberlain_Group/job/Oak-Brook-IL/Manager--Cloud-Engineering_JR30944,live,200,,2026-09-24,15,engineering,eng,workday,Smart Access (myQ/LiftMaster),Illinois,B,workday:chamberlain:/job/Oak-Brook-IL/Manager--Cloud-Engineering_JR30944
Chamberlain Group,"Manager, Sales Incentives & Coverage","Oak Brook, IL",https://chamberlain.wd1.myworkdayjobs.com/Chamberlain_Group/job/Oak-Brook-IL/Manager--Sales-Incentives---Coverage_JR31166,live,200,,2026-09-24,15,sales,sales,workday,Smart Access (myQ/LiftMaster),Illinois,B,workday:chamberlain:/job/Oak-Brook-IL/Manager--Sales-Incentives---Coverage_JR31166
Chamberlain Group,"Manager, Social Media & Influencer Marketing","Oak Brook, IL",https://chamberlain.wd1.myworkdayjobs.com/Chamberlain_Group/job/Oak-Brook-IL/Manager--Social-Media---Influencer-Marketing_JR31289,live,200,,2026-09-24,15,gtm,,workday,Smart Access (myQ/LiftMaster),Illinois,B,workday:chamberlain:/job/Oak-Brook-IL/Manager--Social-Media---Influencer-Marketing_JR31289
Chamberlain Group,Marketing Manager - B2B,"Oak Brook, IL",https://chamberlain.wd1.myworkdayjobs.com/Chamberlain_Group/job/Oak-Brook-IL/Marketing-Manager---B2B_JR31437-1,live,200,,2026-09-24,15,gtm,,workday,Smart Access (myQ/LiftMaster),Illinois,B,workday:chamberlain:/job/Oak-Brook-IL/Marketing-Manager---B2B_JR31437-1
Chamberlain Group,"Principal Software Architect, Platform Engineering",Remote - California,https://chamberlain.wd1.myworkdayjobs.com/Chamberlain_Group/job/Remote---California/Principal-Software-Architect--Platform-Engineering_JR30578-1,live,200,,2026-09-24,15,engineering,eng,workday,Smart Access (myQ/LiftMaster),Illinois,B,workday:chamberlain:/job/Remote---California/Principal-Software-Architect--Platform-Engineering_JR30578-1
Chamberlain Group,"Principal Software Engineer (Hybrid - Oak Brook, IL)","Oak Brook, IL",https://chamberlain.wd1.myworkdayjobs.com/Chamberlain_Group/job/Oak-Brook-IL/Principal-Software-Engineer--Hybrid---Oak-Brook--IL-_JR31620,live,200,,2026-09-24,15,engineering,eng,workday,Smart Access (myQ/LiftMaster),Illinois,B,workday:chamberlain:/job/Oak-Brook-IL/Principal-Software-Engineer--Hybrid---Oak-Brook--IL-_JR31620
Chamberlain Group,"Principal, Brand Strategy & Activation","Oak Brook, IL",https://chamberlain.wd1.myworkdayjobs.com/Chamberlain_Group/job/Oak-Brook-IL/Principal--Brand-Strategy---Activation_JR30328,live,200,,2026-09-24,15,gtm,,workday,Smart Access (myQ/LiftMaster),Illinois,B,workday:chamberlain:/job/Oak-Brook-IL/Principal--Brand-Strategy---Activation_JR30328
Chamberlain Group,"Principal, Cloud Infrastructure Architect","Oak Brook, IL",https://chamberlain.wd1.myworkdayjobs.com/Chamberlain_Group/job/Oak-Brook-IL/Principal--Cloud-Infrastructure-Architect_JR31406,live,200,,2026-09-24,15,engineering,eng,workday,Smart Access (myQ/LiftMaster),Illinois,B,workday:chamberlain:/job/Oak-Brook-IL/Principal--Cloud-Infrastructure-Architect_JR31406
Chamberlain Group,"Retail Senior Analyst, Sales Analytics","Oak Brook, IL",https://chamberlain.wd1.myworkdayjobs.com/Chamberlain_Group/job/Oak-Brook-IL/Retail-Senior-Analyst--Sales-Analytics_JR31497-1,live,200,,2026-10-02,7,sales,sales,workday,Smart Access (myQ/LiftMaster),Illinois,B,workday:chamberlain:/job/Oak-Brook-IL/Retail-Senior-Analyst--Sales-Analytics_JR31497-1
Chamberlain Group,Revenue Growth Management Lead,"Oak Brook, IL",https://chamberlain.wd1.myworkdayjobs.com/Chamberlain_Group/job/Oak-Brook-IL/Revenue-Growth-Management-Lead_JR30887,live,200,,2026-09-24,15,sales,sales,workday,Smart Access (myQ/LiftMaster),Illinois,B,workday:chamberlain:/job/Oak-Brook-IL/Revenue-Growth-Management-Lead_JR30887
Chamberlain Group,Revenue Operation Analyst,"Oak Brook, IL",https://chamberlain.wd1.myworkdayjobs.com/Chamberlain_Group/job/Oak-Brook-IL/Analyst-I--Associate-Program-Manager---Sales-Support_JR30730,live,200,,2026-09-24,15,sales,sales,workday,Smart Access (myQ/LiftMaster),Illinois,B,workday:chamberlain:/job/Oak-Brook-IL/Analyst-I--Associate-Program-Manager---Sales-Support_JR30730
Chamberlain Group,Senior Enterprise Account Executive,Remote - Illinois,https://chamberlain.wd1.myworkdayjobs.com/Chamberlain_Group/job/Remote---Illinois/Principal--Enterprise-Solutions_JR31008,live,200,,2026-09-24,15,sales,sales,workday,Smart Access (myQ/LiftMaster),Illinois,B,workday:chamberlain:/job/Remote---Illinois/Principal--Enterprise-Solutions_JR31008
Chamberlain Group,"Senior Software Engineer, .NET","Oak Brook, IL",https://chamberlain.wd1.myworkdayjobs.com/Chamberlain_Group/job/Oak-Brook-IL/Senior-Software-Engineer--NET_JR30628-1,live,200,,2026-09-24,15,engineering,eng,workday,Smart Access (myQ/LiftMaster),Illinois,B,workday:chamberlain:/job/Oak-Brook-IL/Senior-Software-Engineer--NET_JR30628-1
Chamberlain Group,"Senior Software Engineer, Middleware","Oak Brook, IL",https://chamberlain.wd1.myworkdayjobs.com/Chamberlain_Group/job/Oak-Brook-IL/Senior-Software-Engineer--Middleware_JR31355,live,200,,2026-09-24,15,engineering,eng,workday,Smart Access (myQ/LiftMaster),Illinois,B,workday:chamberlain:/job/Oak-Brook-IL/Senior-Software-Engineer--Middleware_JR31355
Chamberlain Group,"Sr Manager, Go-To-Market Strategy - Multifamily Channel","Oak Brook, IL",https://chamberlain.wd1.myworkdayjobs.com/Chamberlain_Group/job/Oak-Brook-IL/Sr-Manager--Go-To-Market-Strategy---Multifamily-Channel_JR31316,live,200,,2026-09-24,15,gtm,,workday,Smart Access (myQ/LiftMaster),Illinois,B,workday:chamberlain:/job/Oak-Brook-IL/Sr-Manager--Go-To-Market-Strategy---Multifamily-Channel_JR31316
Chamberlain Group,"Sr. Engineer, Software - GenAI (Hybrid)","Oak Brook, IL",https://chamberlain.wd1.myworkdayjobs.com/Chamberlain_Group/job/Oak-Brook-IL/Sr-Engineer--Software---GenAI--Hybrid-_JR30976,live,200,,2026-09-24,15,engineering,eng,workday,Smart Access (myQ/LiftMaster),Illinois,B,workday:chamberlain:/job/Oak-Brook-IL/Sr-Engineer--Software---GenAI--Hybrid-_JR30976
Chamberlain Group,Sr. Field Sales Representative,Remote - New York,https://chamberlain.wd1.myworkdayjobs.com/Chamberlain_Group/job/Remote---New-York/Sr-Field-Sales-Representative_JR31599,live,200,,2026-09-24,15,sales,sales,workday,Smart Access (myQ/LiftMaster),Illinois,B,workday:chamberlain:/job/Remote---New-York/Sr-Field-Sales-Representative_JR31599
Chamberlain Group,Sr. Field Sales Representative,Remote - Ohio,https://chamberlain.wd1.myworkdayjobs.com/Chamberlain_Group/job/Remote---Ohio/Sr-Field-Sales-Representative_JR31490-1,live,200,,2026-09-24,15,sales,sales,workday,Smart Access (myQ/LiftMaster),Illinois,B,workday:chamberlain:/job/Remote---Ohio/Sr-Field-Sales-Representative_JR31490-1
Chamberlain Group,"Sr. Manager Software Engineering (Hybrid in Oak Brook, IL)","Oak Brook, IL",https://chamberlain.wd1.myworkdayjobs.com/Chamberlain_Group/job/Oak-Brook-IL/Sr-Manager-Software-Engineering--Hybrid-in-Oak-Brook--IL-_JR31619,live,200,,2026-09-24,15,engineering,eng,workday,Smart Access (myQ/LiftMaster),Illinois,B,workday:chamberlain:/job/Oak-Brook-IL/Sr-Manager-Software-Engineering--Hybrid-in-Oak-Brook--IL-_JR31619
Chamberlain Group,"Sr. Manager, Data Science (Marketing)","Oak Brook, IL",https://chamberlain.wd1.myworkdayjobs.com/Chamberlain_Group/job/Oak-Brook-IL/Sr-Manager--Data-Science--Marketing-_JR30949,live,200,,2026-09-24,15,gtm,,workday,Smart Access (myQ/LiftMaster),Illinois,B,workday:chamberlain:/job/Oak-Brook-IL/Sr-Manager--Data-Science--Marketing-_JR30949
Chamberlain Group,"Sr. Manager, Data Science (Product & Engineering)","Oak Brook, IL",https://chamberlain.wd1.myworkdayjobs.com/Chamberlain_Group/job/Oak-Brook-IL/Sr-Manager--Data-Science--Product---Engineering-_JR31711-1,live,200,,2026-09-30,9,engineering,eng,workday,Smart Access (myQ/LiftMaster),Illinois,B,workday:chamberlain:/job/Oak-Brook-IL/Sr-Manager--Data-Science--Product---Engineering-_JR31711-1
Chamberlain Group,"Sr. Manager, Lifecycle Marketing","Oak Brook, IL",https://chamberlain.wd1.myworkdayjobs.com/Chamberlain_Group/job/Oak-Brook-IL/Sr-Manager--Lifecycle-Marketing_JR31466,live,200,,2026-09-24,15,gtm,,workday,Smart Access (myQ/LiftMaster),Illinois,B,workday:chamberlain:/job/Oak-Brook-IL/Sr-Manager--Lifecycle-Marketing_JR31466
Chamberlain Group,Sr. Product Marketing Manager - Subscription Growth,"Oak Brook, IL",https://chamberlain.wd1.myworkdayjobs.com/Chamberlain_Group/job/Oak-Brook-IL/Sr-Product-Marketing-Manager---Subscription-Growth_JR31229,live,200,,2026-10-09,0,gtm,,workday,Smart Access (myQ/LiftMaster),Illinois,B,workday:chamberlain:/job/Oak-Brook-IL/Sr-Product-Marketing-Manager---Subscription-Growth_JR31229
Chamberlain Group,Sr. Site Reliability Engineer,"Oak Brook, IL",https://chamberlain.wd1.myworkdayjobs.com/Chamberlain_Group/job/Oak-Brook-IL/Sr-Site-Reliability-Engineer_JR31761,live,200,,2026-10-09,0,engineering,eng,workday,Smart Access (myQ/LiftMaster),Illinois,B,workday:chamberlain:/job/Oak-Brook-IL/Sr-Site-Reliability-Engineer_JR31761
Chamberlain Group,"Sr. Software Engineer - Middleware (Hybrid - Oak Brook, IL)","Oak Brook, IL",https://chamberlain.wd1.myworkdayjobs.com/Chamberlain_Group/job/Oak-Brook-IL/Sr-Software-Engineer---Middleware--Hybrid---Oak-Brook--IL-_JR30749,live,200,,2026-09-24,15,engineering,eng,workday,Smart Access (myQ/LiftMaster),Illinois,B,workday:chamberlain:/job/Oak-Brook-IL/Sr-Software-Engineer---Middleware--Hybrid---Oak-Brook--IL-_JR30749
CompStak,Account Executive,"New York, NY",https://jobs.lever.co/compstak/9e292fe1-f59c-4466-b8ec-cd6e1b38ec2d,live,200,2026-08-24,2026-09-24,15,sales,sales,lever,CRE Comparable Data Platform,New York,B,lever:compstak:9e292fe1-f59c-4466-b8ec-cd6e1b38ec2d
CompStak,Sales Development Associate,Belgrade,https://jobs.lever.co/compstak/a91f0da0-d720-4adc-b036-f58c986a1894,live,200,2026-03-05,2026-09-24,15,sales,sales,lever,CRE Comparable Data Platform,New York,B,lever:compstak:a91f0da0-d720-4adc-b036-f58c986a1894
CompStak,Senior Account Executive,"New York, NY",https://jobs.lever.co/compstak/ded2dbb5-692f-4809-8eea-4d40409a9813,live,200,2026-07-07,2026-09-24,15,sales,sales,lever,CRE Comparable Data Platform,New York,B,lever:compstak:ded2dbb5-692f-4809-8eea-4d40409a9813
Compass,Account Executive,WA - Seattle - Tacoma - 4701 S 19th Street,https://www.compass.com/careers?gh_jid=8132305,"listed in ATS, not rechecked",0,2026-08-17,2026-10-09,0,sales,sales,greenhouse,Real Estate Brokerage Tech,New York,B,greenhouse:urbancompass:8132305
Compass,Account Executive,Denver,https://www.compass.com/careers?gh_jid=8189737,"listed in ATS, not rechecked",0,2026-09-09,2026-10-09,0,sales,sales,greenhouse,Real Estate Brokerage Tech,New York,B,greenhouse:urbancompass:8189737
Compass,Account Executive,Sacramento,https://www.compass.com/careers?gh_jid=8189747,"listed in ATS, not rechecked",0,2026-09-09,2026-10-09,0,sales,sales,greenhouse,Real Estate Brokerage Tech,New York,B,greenhouse:urbancompass:8189747
Compass,Account Executive,Atlanta,https://www.compass.com/careers?gh_jid=8226991,"listed in ATS, not rechecked",0,2026-09-23,2026-10-09,0,sales,sales,greenhouse,Real Estate Brokerage Tech,New York,B,greenhouse:urbancompass:8226991
Compass,Account Executive,"San Jose, California, United States",https://www.compass.com/careers?gh_jid=8185937,live,200,2026-09-08,2026-10-09,0,sales,sales,greenhouse,Real Estate Brokerage Tech,New York,B,greenhouse:urbancompass:8185937
Compass,Account Executive,GA - Marietta - 145 Church St Suite 100,https://www.compass.com/careers?gh_jid=8097698,"listed in ATS, not rechecked",0,2026-07-30,2026-10-09,0,sales,sales,greenhouse,Real Estate Brokerage Tech,New York,B,greenhouse:urbancompass:8097698
Compass,Account Executive,"Saint Petersburg, Florida, United States",https://www.compass.com/careers?gh_jid=8191125,"listed in ATS, not rechecked",0,2026-09-10,2026-10-09,0,sales,sales,greenhouse,Real Estate Brokerage Tech,New York,B,greenhouse:urbancompass:8191125
Compass,Account Executive,FL - Tampa - 3615 Bromley Grand Ave,https://www.compass.com/careers?gh_jid=8191130,"listed in ATS, not rechecked",0,2026-09-10,2026-10-09,0,sales,sales,greenhouse,Real Estate Brokerage Tech,New York,B,greenhouse:urbancompass:8191130
Compass,Account Executive,"Salt Lake City, Utah, United States",https://www.compass.com/careers?gh_jid=8138972,"listed in ATS, not rechecked",0,2026-08-18,2026-10-09,0,sales,sales,greenhouse,Real Estate Brokerage Tech,New York,B,greenhouse:urbancompass:8138972
Compass,Account Executive,"Cincinnati, Ohio, United States",https://www.compass.com/careers?gh_jid=8125949,"listed in ATS, not rechecked",0,2026-08-12,2026-10-09,0,sales,sales,greenhouse,Real Estate Brokerage Tech,New York,B,greenhouse:urbancompass:8125949
Compass,Account Executive,"Charleston, South Carolina, United States",https://www.compass.com/careers?gh_jid=7985785,"listed in ATS, not rechecked",0,2026-06-05,2026-10-09,0,sales,sales,greenhouse,Real Estate Brokerage Tech,New York,B,greenhouse:urbancompass:7985785
Compass,Account Executive,"Columbus, Ohio, United States",https://www.compass.com/careers?gh_jid=8125948,"listed in ATS, not rechecked",0,2026-08-12,2026-10-09,0,sales,sales,greenhouse,Real Estate Brokerage Tech,New York,B,greenhouse:urbancompass:8125948
Compass,Account Executive,"Austin, Texas, United States",https://www.compass.com/careers?gh_jid=8142297,"listed in ATS, not rechecked",0,2026-08-19,2026-10-09,0,sales,sales,greenhouse,Real Estate Brokerage Tech,New York,B,greenhouse:urbancompass:8142297
Compass,Account Executive,Madison - Wisconsin,https://www.compass.com/careers?gh_jid=8130495,"listed in ATS, not rechecked",0,2026-08-14,2026-10-09,0,sales,sales,greenhouse,Real Estate Brokerage Tech,New York,B,greenhouse:urbancompass:8130495
Compass,Account Executive,Milwaukee,https://www.compass.com/careers?gh_jid=8099458,live,200,2026-07-31,2026-10-09,0,sales,sales,greenhouse,Real Estate Brokerage Tech,New York,B,greenhouse:urbancompass:8099458
Compass,Account Executive (Marietta office),Atlanta,https://www.compass.com/careers?gh_jid=8174941,"listed in ATS, not rechecked",0,2026-09-02,2026-10-09,0,sales,sales,greenhouse,Real Estate Brokerage Tech,New York,B,greenhouse:urbancompass:8174941
Compass,"Associate Counsel, Business & Growth",New York City,https://www.compass.com/careers?gh_jid=8207967,"listed in ATS, not rechecked",0,2026-09-16,2026-10-09,0,gtm,,greenhouse,Real Estate Brokerage Tech,New York,B,greenhouse:urbancompass:8207967
Compass,"Associate Counsel, Marketing & Brands Commercial Transactions",Beverly Hills; New York City; San Francisco,https://www.compass.com/careers?gh_jid=8264941,"listed in ATS, not rechecked",0,2026-10-08,2026-10-09,0,gtm,,greenhouse,Real Estate Brokerage Tech,New York,B,greenhouse:urbancompass:8264941
Compass,Associate Sales Development Representative,"Houston, Texas, United States",https://www.compass.com/careers?gh_jid=8191346,"listed in ATS, not rechecked",0,2026-09-10,2026-10-09,0,sales,sales,greenhouse,Real Estate Brokerage Tech,New York,B,greenhouse:urbancompass:8191346
Compass,Associate Sales Development Representative,Los Angeles,https://www.compass.com/careers?gh_jid=8191293,live,200,2026-09-10,2026-10-09,0,sales,sales,greenhouse,Real Estate Brokerage Tech,New York,B,greenhouse:urbancompass:8191293
Compass,Associate Sales Development Representative,"Boston, Massachusetts, United States",https://www.compass.com/careers?gh_jid=8191338,"listed in ATS, not rechecked",0,2026-09-10,2026-10-09,0,sales,sales,greenhouse,Real Estate Brokerage Tech,New York,B,greenhouse:urbancompass:8191338
Compass,Associate Sales Manager,Napa Valley,https://www.compass.com/careers?gh_jid=8095490,live,200,2026-07-29,2026-10-09,0,sales,sales,greenhouse,Real Estate Brokerage Tech,New York,B,greenhouse:urbancompass:8095490
Compass,Business Development Representative,"Atlanta, Georgia, United States",https://www.compass.com/careers?gh_jid=8231397,"listed in ATS, not rechecked",0,2026-09-24,2026-10-09,0,sales,sales,greenhouse,Real Estate Brokerage Tech,New York,B,greenhouse:urbancompass:8231397
Compass,Business Development Representative,"Chevy Chase, Maryland, United States",https://www.compass.com/careers?gh_jid=8231438,live,200,2026-09-24,2026-10-09,0,sales,sales,greenhouse,Real Estate Brokerage Tech,New York,B,greenhouse:urbancompass:8231438
Compass,Customer Success & Office Coordinator,Miami Beach,https://www.compass.com/careers?gh_jid=8260175,"listed in ATS, not rechecked",0,2026-10-06,2026-10-09,0,gtm,customer,greenhouse,Real Estate Brokerage Tech,New York,B,greenhouse:urbancompass:8260175
Compass,Customer Success Coordinator,Santa Barbara,https://www.compass.com/careers?gh_jid=8165059,live,200,2026-08-28,2026-10-09,0,gtm,customer,greenhouse,Real Estate Brokerage Tech,New York,B,greenhouse:urbancompass:8165059
Compass,Customer Success Manager,Seattle,https://www.compass.com/careers?gh_jid=8240859,live,200,2026-09-29,2026-10-09,0,gtm,customer,greenhouse,Real Estate Brokerage Tech,New York,B,greenhouse:urbancompass:8240859
Compass,Customer Success Manager,"Miami Beach; Miami Beach, Florida, United States",https://www.compass.com/careers?gh_jid=8212139,"listed in ATS, not rechecked",0,2026-09-17,2026-10-09,0,gtm,customer,greenhouse,Real Estate Brokerage Tech,New York,B,greenhouse:urbancompass:8212139
Compass,Customer Success Manager,"NJ - Avalon - 2021 Dune Drive; Ocean City, New Jersey, United States",https://www.compass.com/careers?gh_jid=8187393,"listed in ATS, not rechecked",0,2026-09-08,2026-10-09,0,gtm,customer,greenhouse,Real Estate Brokerage Tech,New York,B,greenhouse:urbancompass:8187393
Compass,Customer Success Manager,Chevy Chase,https://www.compass.com/careers?gh_jid=8205338,live,200,2026-09-15,2026-10-09,0,gtm,customer,greenhouse,Real Estate Brokerage Tech,New York,B,greenhouse:urbancompass:8205338
Compass,Customer Success Manager,Ellicott City,https://www.compass.com/careers?gh_jid=8205401,"listed in ATS, not rechecked",0,2026-09-15,2026-10-09,0,gtm,customer,greenhouse,Real Estate Brokerage Tech,New York,B,greenhouse:urbancompass:8205401
Compass,Customer Success Manager,Los Angeles,https://www.compass.com/careers?gh_jid=8095597,"listed in ATS, not rechecked",0,2026-07-29,2026-10-09,0,gtm,customer,greenhouse,Real Estate Brokerage Tech,New York,B,greenhouse:urbancompass:8095597
Compass,Customer Success Manager,Coconut Grove,https://www.compass.com/careers?gh_jid=8189992,"listed in ATS, not rechecked",0,2026-09-09,2026-10-09,0,gtm,customer,greenhouse,Real Estate Brokerage Tech,New York,B,greenhouse:urbancompass:8189992
Compass,Customer Success Manager,Austin,https://www.compass.com/careers?gh_jid=8189963,live,200,2026-09-09,2026-10-09,0,gtm,customer,greenhouse,Real Estate Brokerage Tech,New York,B,greenhouse:urbancompass:8189963
Compass,"Director, Enterprise Communications",New York City,https://www.compass.com/careers?gh_jid=8064812,"listed in ATS, not rechecked",0,2026-07-29,2026-10-09,0,gtm,leadership,greenhouse,Real Estate Brokerage Tech,New York,B,greenhouse:urbancompass:8064812
Compass,Engineering Manager,"Seattle, Washington, United States",https://www.compass.com/careers?gh_jid=8063897,live,200,2026-07-14,2026-10-09,0,engineering,eng,greenhouse,Real Estate Brokerage Tech,New York,B,greenhouse:urbancompass:8063897
Compass,Engineering Manager,Boca Raton,https://www.compass.com/careers?gh_jid=8068777,"listed in ATS, not rechecked",0,2026-07-16,2026-10-09,0,engineering,eng,greenhouse,Real Estate Brokerage Tech,New York,B,greenhouse:urbancompass:8068777
Compass,Engineering Manager,"Manhattan, New York, United States",https://www.compass.com/careers?gh_jid=8042463,"listed in ATS, not rechecked",0,2026-07-14,2026-10-09,0,engineering,eng,greenhouse,Real Estate Brokerage Tech,New York,B,greenhouse:urbancompass:8042463
Compass,Engineering Manager,"Boston, Massachusetts, United States",https://www.compass.com/careers?gh_jid=8042462,"listed in ATS, not rechecked",0,2026-07-14,2026-10-09,0,engineering,eng,greenhouse,Real Estate Brokerage Tech,New York,B,greenhouse:urbancompass:8042462
Compass,Enterprise Account Executive,"Charleston, South Carolina, United States",https://www.compass.com/careers?gh_jid=7994509,"listed in ATS, not rechecked",0,2026-06-09,2026-10-09,0,sales,sales,greenhouse,Real Estate Brokerage Tech,New York,B,greenhouse:urbancompass:7994509
Compass,Enterprise Account Executive,WA - Seattle - Tacoma - 4701 S 19th Street,https://www.compass.com/careers?gh_jid=8100033,"listed in ATS, not rechecked",0,2026-07-31,2026-10-09,0,sales,sales,greenhouse,Real Estate Brokerage Tech,New York,B,greenhouse:urbancompass:8100033
Compass,Internal Communications Lead,"Madison, New Jersey, United States",https://www.compass.com/careers?gh_jid=8234071,"listed in ATS, not rechecked",0,2026-09-25,2026-10-09,0,gtm,,greenhouse,Real Estate Brokerage Tech,New York,B,greenhouse:urbancompass:8234071
Compass,Internal Communications Lead,New York City,https://www.compass.com/careers?gh_jid=8075967,"listed in ATS, not rechecked",0,2026-07-20,2026-10-09,0,gtm,,greenhouse,Real Estate Brokerage Tech,New York,B,greenhouse:urbancompass:8075967
Compass,Internal Communications Manager,"Madison, New Jersey, United States",https://www.compass.com/careers?gh_jid=8234104,live,200,2026-09-25,2026-10-09,0,gtm,,greenhouse,Real Estate Brokerage Tech,New York,B,greenhouse:urbancompass:8234104
Compass,Internal Communications Manager,New York City,https://www.compass.com/careers?gh_jid=7980071,live,200,2026-06-03,2026-10-09,0,gtm,,greenhouse,Real Estate Brokerage Tech,New York,B,greenhouse:urbancompass:7980071
Compass,Marketing Advisor,Newport Beach,https://www.compass.com/careers?gh_jid=8205190,live,200,2026-09-15,2026-10-09,0,gtm,,greenhouse,Real Estate Brokerage Tech,New York,B,greenhouse:urbancompass:8205190
Compass,Marketing Advisor,"Napa, California, United States; Sonoma, California, United States",https://www.compass.com/careers?gh_jid=8257314,live,200,2026-10-05,2026-10-09,0,gtm,,greenhouse,Real Estate Brokerage Tech,New York,B,greenhouse:urbancompass:8257314
Compass,Marketing Coordinator,"Denver, Colorado, United States",https://www.compass.com/careers?gh_jid=8202638,live,200,2026-09-14,2026-10-09,0,gtm,,greenhouse,Real Estate Brokerage Tech,New York,B,greenhouse:urbancompass:8202638
Compass,Marketing Coordinator,VA - Arlington - 4100 N Fairfax Drive,https://www.compass.com/careers?gh_jid=8171836,"listed in ATS, not rechecked",0,2026-09-03,2026-10-09,0,gtm,,greenhouse,Real Estate Brokerage Tech,New York,B,greenhouse:urbancompass:8171836
Compass,Marketing Coordinator (San Gabriel Valley),Pasadena,https://www.compass.com/careers?gh_jid=8171237,live,200,2026-09-03,2026-10-09,0,gtm,,greenhouse,Real Estate Brokerage Tech,New York,B,greenhouse:urbancompass:8171237
Compass,Marketing Program Manager (@properties),"Chicago, Illinois, United States",https://www.compass.com/careers?gh_jid=8171027,"listed in ATS, not rechecked",0,2026-09-01,2026-10-09,0,gtm,,greenhouse,Real Estate Brokerage Tech,New York,B,greenhouse:urbancompass:8171027
Compass,Sales Development Representative,San Diego,https://www.compass.com/careers?gh_jid=8196298,live,200,2026-09-11,2026-10-09,0,sales,sales,greenhouse,Real Estate Brokerage Tech,New York,B,greenhouse:urbancompass:8196298
Compass,Sales Development Representative,Houston,https://www.compass.com/careers?gh_jid=8224380,live,200,2026-09-22,2026-10-09,0,sales,sales,greenhouse,Real Estate Brokerage Tech,New York,B,greenhouse:urbancompass:8224380
Compass,Sales Development Representative,Seattle,https://www.compass.com/careers?gh_jid=8207924,live,200,2026-09-16,2026-10-09,0,sales,sales,greenhouse,Real Estate Brokerage Tech,New York,B,greenhouse:urbancompass:8207924
Compass,Sales Manager,New Jersey,https://www.compass.com/careers?gh_jid=8184559,"listed in ATS, not rechecked",0,2026-09-07,2026-10-09,0,sales,sales,greenhouse,Real Estate Brokerage Tech,New York,B,greenhouse:urbancompass:8184559
Compass,Sales Manager,Darien; New Canaan,https://www.compass.com/careers?gh_jid=8227435,"listed in ATS, not rechecked",0,2026-09-23,2026-10-09,0,sales,sales,greenhouse,Real Estate Brokerage Tech,New York,B,greenhouse:urbancompass:8227435
Compass,Senior Account Executive,"Charleston, South Carolina, United States",https://www.compass.com/careers?gh_jid=7994512,"listed in ATS, not rechecked",0,2026-06-10,2026-10-09,0,sales,sales,greenhouse,Real Estate Brokerage Tech,New York,B,greenhouse:urbancompass:7994512
Compass,"Senior Associate, Communications","Madison, New Jersey, United States",https://www.compass.com/careers?gh_jid=8234077,live,200,2026-09-25,2026-10-09,0,gtm,,greenhouse,Real Estate Brokerage Tech,New York,B,greenhouse:urbancompass:8234077
Compass,"Senior Associate, Communications",New York City,https://www.compass.com/careers?gh_jid=8234076,live,200,2026-09-25,2026-10-09,0,gtm,,greenhouse,Real Estate Brokerage Tech,New York,B,greenhouse:urbancompass:8234076
Compass,Senior Security Engineer - Cloud,"Boston, Massachusetts, United States",https://www.compass.com/careers?gh_jid=8068783,"listed in ATS, not rechecked",0,2026-07-16,2026-10-09,0,engineering,eng,greenhouse,Real Estate Brokerage Tech,New York,B,greenhouse:urbancompass:8068783
Compass,Senior Security Engineer - Cloud,"Seattle, Washington, United States",https://www.compass.com/careers?gh_jid=8068785,"listed in ATS, not rechecked",0,2026-07-16,2026-10-09,0,engineering,eng,greenhouse,Real Estate Brokerage Tech,New York,B,greenhouse:urbancompass:8068785
Compass,Senior Security Engineer - Cloud,Boca Raton,https://www.compass.com/careers?gh_jid=8068788,"listed in ATS, not rechecked",0,2026-07-16,2026-10-09,0,engineering,eng,greenhouse,Real Estate Brokerage Tech,New York,B,greenhouse:urbancompass:8068788
Compass,Senior Security Engineer - Cloud,New York City,https://www.compass.com/careers?gh_jid=8055183,"listed in ATS, not rechecked",0,2026-07-15,2026-10-09,0,engineering,eng,greenhouse,Real Estate Brokerage Tech,New York,B,greenhouse:urbancompass:8055183
Compass,Senior Security Engineer - Enterprise,New York City,https://www.compass.com/careers?gh_jid=8226339,"listed in ATS, not rechecked",0,2026-09-28,2026-10-09,0,engineering,eng,greenhouse,Real Estate Brokerage Tech,New York,B,greenhouse:urbancompass:8226339
Compass,Senior Security Engineer - Enterprise,Boston,https://www.compass.com/careers?gh_jid=8237230,"listed in ATS, not rechecked",0,2026-09-28,2026-10-09,0,engineering,eng,greenhouse,Real Estate Brokerage Tech,New York,B,greenhouse:urbancompass:8237230
Compass,Senior Security Engineer - Enterprise,Seattle,https://www.compass.com/careers?gh_jid=8237231,"listed in ATS, not rechecked",0,2026-09-28,2026-10-09,0,engineering,eng,greenhouse,Real Estate Brokerage Tech,New York,B,greenhouse:urbancompass:8237231
Compass,Senior Security Engineer - Enterprise,Boca Raton,https://www.compass.com/careers?gh_jid=8237232,"listed in ATS, not rechecked",0,2026-09-28,2026-10-09,0,engineering,eng,greenhouse,Real Estate Brokerage Tech,New York,B,greenhouse:urbancompass:8237232
Compass,"Senior Software Engineer - Mobile, iOS",Boca Raton,https://www.compass.com/careers?gh_jid=8256187,live,200,2026-10-05,2026-10-09,0,engineering,eng,greenhouse,Real Estate Brokerage Tech,New York,B,greenhouse:urbancompass:8256187
Compass,"Senior Software Engineer - Mobile, iOS",Seattle,https://www.compass.com/careers?gh_jid=8256186,"listed in ATS, not rechecked",0,2026-10-05,2026-10-09,0,engineering,eng,greenhouse,Real Estate Brokerage Tech,New York,B,greenhouse:urbancompass:8256186
Compass,"Senior Software Engineer - Mobile, iOS",Boston,https://www.compass.com/careers?gh_jid=8256185,"listed in ATS, not rechecked",0,2026-10-05,2026-10-09,0,engineering,eng,greenhouse,Real Estate Brokerage Tech,New York,B,greenhouse:urbancompass:8256185
Compass,"Senior Software Engineer - Mobile, iOS",New York,https://www.compass.com/careers?gh_jid=8226312,"listed in ATS, not rechecked",0,2026-10-05,2026-10-09,0,engineering,eng,greenhouse,Real Estate Brokerage Tech,New York,B,greenhouse:urbancompass:8226312
Compass,Senior Software Engineer I,Boca Raton; Boston; New York City; Seattle,https://www.compass.com/careers?gh_jid=8079249,"listed in ATS, not rechecked",0,2026-07-22,2026-10-09,0,engineering,eng,greenhouse,Real Estate Brokerage Tech,New York,B,greenhouse:urbancompass:8079249
Compass,Senior Software Engineer I - Front End,Boca Raton; Boston; New York City; Seattle,https://www.compass.com/careers?gh_jid=8249576,"listed in ATS, not rechecked",0,2026-10-02,2026-10-09,0,engineering,eng,greenhouse,Real Estate Brokerage Tech,New York,B,greenhouse:urbancompass:8249576
Compass,Senior Software Engineer II,Boca Raton; Boston; New York City; Seattle,https://www.compass.com/careers?gh_jid=5930626,"listed in ATS, not rechecked",0,2024-04-30,2026-10-09,0,engineering,eng,greenhouse,Real Estate Brokerage Tech,New York,B,greenhouse:urbancompass:5930626
Compass,Senior Software Engineer II - Front End,Boca Raton; Boston; New York City; Seattle,https://www.compass.com/careers?gh_jid=8106238,"listed in ATS, not rechecked",0,2026-10-02,2026-10-09,0,engineering,eng,greenhouse,Real Estate Brokerage Tech,New York,B,greenhouse:urbancompass:8106238
Compass,Senior Software Engineer II - Streaming and Durability,"Manhattan, New York, United States",https://www.compass.com/careers?gh_jid=8079586,"listed in ATS, not rechecked",0,2026-07-22,2026-10-09,0,engineering,eng,greenhouse,Real Estate Brokerage Tech,New York,B,greenhouse:urbancompass:8079586
Compass,Senior Software Engineer II - Streaming and Durability,"Boston, Massachusetts, United States",https://www.compass.com/careers?gh_jid=8079585,"listed in ATS, not rechecked",0,2026-07-22,2026-10-09,0,engineering,eng,greenhouse,Real Estate Brokerage Tech,New York,B,greenhouse:urbancompass:8079585
Compass,Senior Software Engineer II- Streaming and Durability,"Seattle, Washington, United States",https://www.compass.com/careers?gh_jid=8080133,"listed in ATS, not rechecked",0,2026-07-22,2026-10-09,0,engineering,eng,greenhouse,Real Estate Brokerage Tech,New York,B,greenhouse:urbancompass:8080133
Compass,"Software Engineer - Mobile, iOS",Boca Raton,https://www.compass.com/careers?gh_jid=8081848,live,200,2026-07-23,2026-10-09,0,engineering,eng,greenhouse,Real Estate Brokerage Tech,New York,B,greenhouse:urbancompass:8081848
Compass,"Software Engineer - Mobile, iOS",Boston,https://www.compass.com/careers?gh_jid=8042532,"listed in ATS, not rechecked",0,2026-07-07,2026-10-09,0,engineering,eng,greenhouse,Real Estate Brokerage Tech,New York,B,greenhouse:urbancompass:8042532
Compass,"Software Engineer - Mobile, iOS",Seattle,https://www.compass.com/careers?gh_jid=8048038,live,200,2026-07-07,2026-10-09,0,engineering,eng,greenhouse,Real Estate Brokerage Tech,New York,B,greenhouse:urbancompass:8048038
Compass,Software Engineer II,"Manhattan, New York, United States",https://www.compass.com/careers?gh_jid=8042469,"listed in ATS, not rechecked",0,2026-07-16,2026-10-09,0,engineering,eng,greenhouse,Real Estate Brokerage Tech,New York,B,greenhouse:urbancompass:8042469
Compass,Software Engineer II - Front End,Boston,https://www.compass.com/careers?gh_jid=8171614,live,200,2026-09-01,2026-10-09,0,engineering,eng,greenhouse,Real Estate Brokerage Tech,New York,B,greenhouse:urbancompass:8171614
Compass,Software Engineer II - Front End,New York City,https://www.compass.com/careers?gh_jid=8042541,live,200,2026-09-01,2026-10-09,0,engineering,eng,greenhouse,Real Estate Brokerage Tech,New York,B,greenhouse:urbancompass:8042541
Compass,Software Engineer II - Front End,Boca Raton,https://www.compass.com/careers?gh_jid=8171610,live,200,2026-09-01,2026-10-09,0,engineering,eng,greenhouse,Real Estate Brokerage Tech,New York,B,greenhouse:urbancompass:8171610
Compass,Software Engineer II- Front End,Seattle,https://www.compass.com/careers?gh_jid=8042542,"listed in ATS, not rechecked",0,2026-09-01,2026-10-09,0,engineering,eng,greenhouse,Real Estate Brokerage Tech,New York,B,greenhouse:urbancompass:8042542
Compass,"Software Engineer- Mobile, iOS",New York City,https://www.compass.com/careers?gh_jid=8042533,live,200,2026-07-07,2026-10-09,0,engineering,eng,greenhouse,Real Estate Brokerage Tech,New York,B,greenhouse:urbancompass:8042533
Compass,Sr Software Engineer - AI DevEx,"Boston, Massachusetts, United States",https://www.compass.com/careers?gh_jid=8042835,"listed in ATS, not rechecked",0,2026-07-01,2026-10-09,0,engineering,eng,greenhouse,Real Estate Brokerage Tech,New York,B,greenhouse:urbancompass:8042835
Compass,Sr Software Engineer - AI DevEx,Boca Raton,https://www.compass.com/careers?gh_jid=8042460,live,200,2026-07-01,2026-10-09,0,engineering,eng,greenhouse,Real Estate Brokerage Tech,New York,B,greenhouse:urbancompass:8042460
Compass,Sr Software Engineer - AI DevEx,"Seattle, Washington, United States",https://www.compass.com/careers?gh_jid=8042836,live,200,2026-07-01,2026-10-09,0,engineering,eng,greenhouse,Real Estate Brokerage Tech,New York,B,greenhouse:urbancompass:8042836
Compass,Sr Software Engineer - AI DevEx,New York City,https://www.compass.com/careers?gh_jid=8042461,live,200,2026-07-01,2026-10-09,0,engineering,eng,greenhouse,Real Estate Brokerage Tech,New York,B,greenhouse:urbancompass:8042461
Compass,Staff Security Engineer - AI,Boston,https://www.compass.com/careers?gh_jid=8243025,"listed in ATS, not rechecked",0,2026-09-30,2026-10-09,0,engineering,eng,greenhouse,Real Estate Brokerage Tech,New York,B,greenhouse:urbancompass:8243025
Compass,Staff Security Engineer - AI,Seattle,https://www.compass.com/careers?gh_jid=8243028,"listed in ATS, not rechecked",0,2026-09-30,2026-10-09,0,engineering,eng,greenhouse,Real Estate Brokerage Tech,New York,B,greenhouse:urbancompass:8243028
Compass,Staff Security Engineer - AI,New York City,https://www.compass.com/careers?gh_jid=8226338,"listed in ATS, not rechecked",0,2026-09-30,2026-10-09,0,engineering,eng,greenhouse,Real Estate Brokerage Tech,New York,B,greenhouse:urbancompass:8226338
Compass,Staff Security Engineer - AI,Boca Raton,https://www.compass.com/careers?gh_jid=8243031,"listed in ATS, not rechecked",0,2026-09-30,2026-10-09,0,engineering,eng,greenhouse,Real Estate Brokerage Tech,New York,B,greenhouse:urbancompass:8243031
Compass,"Staff Security Engineer, Product Security And Architecture",Boston,https://www.compass.com/careers?gh_jid=8079843,live,200,2026-07-22,2026-10-09,0,engineering,eng,greenhouse,Real Estate Brokerage Tech,New York,B,greenhouse:urbancompass:8079843
Compass,"Staff Security Engineer, Product Security and Architecture",New York City,https://www.compass.com/careers?gh_jid=8075436,"listed in ATS, not rechecked",0,2026-07-21,2026-10-09,0,engineering,eng,greenhouse,Real Estate Brokerage Tech,New York,B,greenhouse:urbancompass:8075436
Compass,"Staff Security Engineer, Product Security and Architecture",Boca Raton,https://www.compass.com/careers?gh_jid=8080100,"listed in ATS, not rechecked",0,2026-07-22,2026-10-09,0,engineering,eng,greenhouse,Real Estate Brokerage Tech,New York,B,greenhouse:urbancompass:8080100
Compass,"Staff Security Engineer, Product Security and Architecture","Seattle, Washington, United States",https://www.compass.com/careers?gh_jid=8080092,"listed in ATS, not rechecked",0,2026-07-22,2026-10-09,0,engineering,eng,greenhouse,Real Estate Brokerage Tech,New York,B,greenhouse:urbancompass:8080092
Compass,Staff Software Engineer - Front End,"Boston, Massachusetts, United States",https://www.compass.com/careers?gh_jid=8168073,"listed in ATS, not rechecked",0,2026-08-31,2026-10-09,0,engineering,eng,greenhouse,Real Estate Brokerage Tech,New York,B,greenhouse:urbancompass:8168073
Compass,Staff Software Engineer - Front End,"Manhattan, New York, United States; New York City",https://www.compass.com/careers?gh_jid=8189557,"listed in ATS, not rechecked",0,2026-09-09,2026-10-09,0,engineering,eng,greenhouse,Real Estate Brokerage Tech,New York,B,greenhouse:urbancompass:8189557
Compass,Staff Software Engineer - Front End,Bellevue; Seattle,https://www.compass.com/careers?gh_jid=7843672,live,200,2026-04-22,2026-10-09,0,engineering,eng,greenhouse,Real Estate Brokerage Tech,New York,B,greenhouse:urbancompass:7843672
Compass,Strategic Growth Associate,"Houston, Texas, United States",https://www.compass.com/careers?gh_jid=8092329,"listed in ATS, not rechecked",0,2026-07-29,2026-10-09,0,gtm,,greenhouse,Real Estate Brokerage Tech,New York,B,greenhouse:urbancompass:8092329
Compass,Strategic Growth Associate,"Los Angeles, California, United States",https://www.compass.com/careers?gh_jid=8074495,"listed in ATS, not rechecked",0,2026-07-29,2026-10-09,0,gtm,,greenhouse,Real Estate Brokerage Tech,New York,B,greenhouse:urbancompass:8074495
Compass,Strategic Growth Associate,"Boston, Massachusetts, United States",https://www.compass.com/careers?gh_jid=8074499,live,200,2026-07-29,2026-10-09,0,gtm,,greenhouse,Real Estate Brokerage Tech,New York,B,greenhouse:urbancompass:8074499
Compass,Strategic Growth Manager,Atlanta,https://www.compass.com/careers?gh_jid=8226996,"listed in ATS, not rechecked",0,2026-09-23,2026-10-09,0,gtm,,greenhouse,Real Estate Brokerage Tech,New York,B,greenhouse:urbancompass:8226996
Compass,Strategic Growth Manager,"Saint Petersburg, Florida, United States",https://www.compass.com/careers?gh_jid=8092049,"listed in ATS, not rechecked",0,2026-07-28,2026-10-09,0,gtm,,greenhouse,Real Estate Brokerage Tech,New York,B,greenhouse:urbancompass:8092049
Compass,Strategic Growth Manager,FL - Tampa - 3615 Bromley Grand Ave,https://www.compass.com/careers?gh_jid=8092055,"listed in ATS, not rechecked",0,2026-07-28,2026-10-09,0,gtm,,greenhouse,Real Estate Brokerage Tech,New York,B,greenhouse:urbancompass:8092055
Compass,Strategic Growth Manager,"Salt Lake City, Utah, United States",https://www.compass.com/careers?gh_jid=7990578,"listed in ATS, not rechecked",0,2026-07-31,2026-10-09,0,gtm,,greenhouse,Real Estate Brokerage Tech,New York,B,greenhouse:urbancompass:7990578
Compass,Strategic Growth Manager,"Charleston, South Carolina, United States",https://www.compass.com/careers?gh_jid=7961398,live,200,2026-06-05,2026-10-09,0,gtm,,greenhouse,Real Estate Brokerage Tech,New York,B,greenhouse:urbancompass:7961398
Compass,Strategic Growth Manager,Milwaukee,https://www.compass.com/careers?gh_jid=7961414,"listed in ATS, not rechecked",0,2026-07-31,2026-10-09,0,gtm,,greenhouse,Real Estate Brokerage Tech,New York,B,greenhouse:urbancompass:7961414
Compass,Strategic Growth Manager,"Sacramento, California, United States",https://www.compass.com/careers?gh_jid=7961404,"listed in ATS, not rechecked",0,2026-06-08,2026-10-09,0,gtm,,greenhouse,Real Estate Brokerage Tech,New York,B,greenhouse:urbancompass:7961404
Compass,Strategic Growth Manager,Denver,https://www.compass.com/careers?gh_jid=8189736,"listed in ATS, not rechecked",0,2026-09-09,2026-10-09,0,gtm,,greenhouse,Real Estate Brokerage Tech,New York,B,greenhouse:urbancompass:8189736
Compass,Strategic Growth Manager,"Austin, Texas, United States",https://www.compass.com/careers?gh_jid=8089046,live,200,2026-07-27,2026-10-09,0,gtm,,greenhouse,Real Estate Brokerage Tech,New York,B,greenhouse:urbancompass:8089046
Compass,Strategic Growth Manager,"Cincinnati, Ohio, United States; Columbus, Ohio, United States",https://www.compass.com/careers?gh_jid=7964763,live,200,2026-07-31,2026-10-09,0,gtm,,greenhouse,Real Estate Brokerage Tech,New York,B,greenhouse:urbancompass:7964763
Compass,Strategic Growth Manager,WA - Seattle - Tacoma - 4701 S 19th Street,https://www.compass.com/careers?gh_jid=7964761,"listed in ATS, not rechecked",0,2026-07-31,2026-10-09,0,gtm,,greenhouse,Real Estate Brokerage Tech,New York,B,greenhouse:urbancompass:7964761
Compass,Strategic Growth Manager,GA - Marietta - 145 Church St Suite 100,https://www.compass.com/careers?gh_jid=7961420,"listed in ATS, not rechecked",0,2026-07-30,2026-10-09,0,gtm,,greenhouse,Real Estate Brokerage Tech,New York,B,greenhouse:urbancompass:7961420
Compass,Strategic Growth Manager,"San Jose, California, United States",https://www.compass.com/careers?gh_jid=7961402,"listed in ATS, not rechecked",0,2026-06-08,2026-10-09,0,gtm,,greenhouse,Real Estate Brokerage Tech,New York,B,greenhouse:urbancompass:7961402
Compass,Strategic Growth Partner,"Bellevue, Washington, United States; Seattle, Washington, United States",https://www.compass.com/careers?gh_jid=8092364,"listed in ATS, not rechecked",0,2026-07-29,2026-10-09,0,gtm,,greenhouse,Real Estate Brokerage Tech,New York,B,greenhouse:urbancompass:8092364
Compass,Strategic Growth Partner,"Atlanta, Georgia, United States",https://www.compass.com/careers?gh_jid=8231678,live,200,2026-09-24,2026-10-09,0,gtm,,greenhouse,Real Estate Brokerage Tech,New York,B,greenhouse:urbancompass:8231678
Compass,Strategic Growth Partner,Houston,https://www.compass.com/careers?gh_jid=8223870,"listed in ATS, not rechecked",0,2026-09-22,2026-10-09,0,gtm,,greenhouse,Real Estate Brokerage Tech,New York,B,greenhouse:urbancompass:8223870
Compass,Strategic Growth Partner,"San Diego, California, United States",https://www.compass.com/careers?gh_jid=8192551,"listed in ATS, not rechecked",0,2026-09-11,2026-10-09,0,gtm,,greenhouse,Real Estate Brokerage Tech,New York,B,greenhouse:urbancompass:8192551
Compass,Strategic Growth Partner,"Chevy Chase, Maryland, United States",https://www.compass.com/careers?gh_jid=8231401,"listed in ATS, not rechecked",0,2026-09-24,2026-10-09,0,gtm,,greenhouse,Real Estate Brokerage Tech,New York,B,greenhouse:urbancompass:8231401
Compass,"VP Brokerage Services, @properties Christie's International Real Estate",Chicago,https://www.compass.com/careers?gh_jid=8092760,live,200,2026-07-28,2026-10-09,0,executive,leadership,greenhouse,Real Estate Brokerage Tech,New York,B,greenhouse:urbancompass:8092760
Compass,"VP, Data Products & Solutions","Dallas, Texas, United States",https://www.compass.com/careers?gh_jid=8140452,"listed in ATS, not rechecked",0,2026-08-20,2026-10-09,0,executive,,greenhouse,Real Estate Brokerage Tech,New York,B,greenhouse:urbancompass:8140452
Compass,"VP, Data Products & Solutions",New York City,https://www.compass.com/careers?gh_jid=8140301,"listed in ATS, not rechecked",0,2026-08-19,2026-10-09,0,executive,,greenhouse,Real Estate Brokerage Tech,New York,B,greenhouse:urbancompass:8140301
Compass,"VP, Data Products & Solutions","Seattle, Washington, United States",https://www.compass.com/careers?gh_jid=8156276,live,200,2026-08-25,2026-10-09,0,executive,,greenhouse,Real Estate Brokerage Tech,New York,B,greenhouse:urbancompass:8156276
Compass,"VP, Data Products & Solutions","Boston, Massachusetts, United States",https://www.compass.com/careers?gh_jid=8156277,"listed in ATS, not rechecked",0,2026-08-25,2026-10-09,0,executive,,greenhouse,Real Estate Brokerage Tech,New York,B,greenhouse:urbancompass:8156277
Convene,Account Manager,"London, UK",https://job-boards.greenhouse.io/convene/jobs/8158887,live,200,2026-08-26,2026-09-24,15,gtm,customer,greenhouse,Flexible Workspace / Meeting Venues,New York,B,greenhouse:convene:8158887
Convene,Business Development Manager,"London, UK",https://job-boards.greenhouse.io/convene/jobs/8237057,live,200,2026-09-28,2026-09-28,11,sales,sales,greenhouse,Flexible Workspace / Meeting Venues,New York,B,greenhouse:convene:8237057
Convene,"Director, Global Agency Partnerships (Meetings & Events)","New York, NY",https://job-boards.greenhouse.io/convene/jobs/8260232,live,200,2026-10-06,2026-10-09,0,sales,leadership,greenhouse,Flexible Workspace / Meeting Venues,New York,B,greenhouse:convene:8260232
Convene,"General Manager, Live Events","New York, NY",https://job-boards.greenhouse.io/convene/jobs/8160867,live,200,2026-08-26,2026-09-24,15,executive,leadership,greenhouse,Flexible Workspace / Meeting Venues,New York,B,greenhouse:convene:8160867
Convene,Sales Executive- Live Meetings & Events,"London, UK",https://job-boards.greenhouse.io/convene/jobs/8236681,live,200,2026-09-28,2026-09-28,11,sales,sales,greenhouse,Flexible Workspace / Meeting Venues,New York,B,greenhouse:convene:8236681
Convene,Senior Account Manager,"London, UK",https://job-boards.greenhouse.io/convene/jobs/7967028,live,200,2026-05-29,2026-09-24,15,gtm,customer,greenhouse,Flexible Workspace / Meeting Venues,New York,B,greenhouse:convene:7967028
Convene,Senior Network Engineer,"New York, NY",https://job-boards.greenhouse.io/convene/jobs/8092500,live,200,2026-07-28,2026-09-24,15,engineering,eng,greenhouse,Flexible Workspace / Meeting Venues,New York,B,greenhouse:convene:8092500
Convene,"Senior Sales Executive, Corporate & Social Events","New York, NY",https://job-boards.greenhouse.io/convene/jobs/8211900,live,200,2026-09-17,2026-09-24,15,sales,sales,greenhouse,Flexible Workspace / Meeting Venues,New York,B,greenhouse:convene:8211900
Convene,"Senior Sales Executive, Corporate Meetings & Events","San Francisco, CA",https://job-boards.greenhouse.io/convene/jobs/8260250,live,200,2026-10-06,2026-10-09,0,sales,sales,greenhouse,Flexible Workspace / Meeting Venues,New York,B,greenhouse:convene:8260250
Convene,Senior | Staff Product Engineer,Remote (US East Coast / Eastern Time Zone Preferred),https://job-boards.greenhouse.io/convene/jobs/8260223,live,200,2026-10-09,2026-10-09,0,engineering,eng,greenhouse,Flexible Workspace / Meeting Venues,New York,B,greenhouse:convene:8260223
Crexi,"Account Executive, Intelligence (Los Angeles)","Playa Vista, Ca",https://job-boards.greenhouse.io/crexi/jobs/4649730005,live,200,2026-01-14,2026-09-24,15,sales,sales,greenhouse,CRE Marketplace & Data,California,B,greenhouse:crexi:4649730005
Crexi,"Account Executive, Intelligence (Miami)","Miami, FL",https://job-boards.greenhouse.io/crexi/jobs/4649743005,live,200,2026-01-14,2026-09-24,15,sales,sales,greenhouse,CRE Marketplace & Data,California,B,greenhouse:crexi:4649743005
Crexi,"Account Executive, Pro (Los Angeles)","Playa Vista, Ca",https://job-boards.greenhouse.io/crexi/jobs/4648939005,live,200,2026-01-14,2026-09-24,15,sales,sales,greenhouse,CRE Marketplace & Data,California,B,greenhouse:crexi:4648939005
Crexi,"Account Executive, Pro (Miami)","Miami, FL",https://job-boards.greenhouse.io/crexi/jobs/4648940005,live,200,2026-01-14,2026-09-24,15,sales,sales,greenhouse,CRE Marketplace & Data,California,B,greenhouse:crexi:4648940005
Crexi,"Manager, Software Engineering",Los Angeles,https://job-boards.greenhouse.io/crexi/jobs/4723629005,live,200,2026-08-12,2026-09-24,15,engineering,eng,greenhouse,CRE Marketplace & Data,California,B,greenhouse:crexi:4723629005
Crexi,"Sales Development Representative, Intelligence (Los Angeles)","Playa Vista, Ca",https://job-boards.greenhouse.io/crexi/jobs/4649714005,live,200,2026-01-21,2026-09-24,15,sales,sales,greenhouse,CRE Marketplace & Data,California,B,greenhouse:crexi:4649714005
Crexi,"Sales Development Representative, Intelligence (Miami)","Miami, FL",https://job-boards.greenhouse.io/crexi/jobs/4649735005,live,200,2026-01-21,2026-09-24,15,sales,sales,greenhouse,CRE Marketplace & Data,California,B,greenhouse:crexi:4649735005
Crexi,"Sales Development Representative, Pro (Los Angeles)","Playa Vista, Ca",https://job-boards.greenhouse.io/crexi/jobs/4649741005,live,200,2026-01-21,2026-09-24,15,sales,sales,greenhouse,CRE Marketplace & Data,California,B,greenhouse:crexi:4649741005
Crexi,"Sales Development Representative, Pro (Miami)","Miami, FL",https://job-boards.greenhouse.io/crexi/jobs/4649747005,live,200,2026-01-21,2026-09-24,15,sales,sales,greenhouse,CRE Marketplace & Data,California,B,greenhouse:crexi:4649747005
Crexi,Senior AI Engineer,United States,https://job-boards.greenhouse.io/crexi/jobs/4723615005,live,200,2026-08-12,2026-09-24,15,engineering,eng,greenhouse,CRE Marketplace & Data,California,B,greenhouse:crexi:4723615005
Crexi,Senior Data Engineer,Los Angeles,https://job-boards.greenhouse.io/crexi/jobs/4724138005,live,200,2026-08-13,2026-09-24,15,engineering,eng,greenhouse,CRE Marketplace & Data,California,B,greenhouse:crexi:4724138005
Crexi,Senior Product Marketing Manager,"Playa Vista, CA",https://job-boards.greenhouse.io/crexi/jobs/4728816005,live,200,2026-08-28,2026-09-24,15,gtm,,greenhouse,CRE Marketplace & Data,California,B,greenhouse:crexi:4728816005
Crexi,Senior Security Engineer,United States,https://job-boards.greenhouse.io/crexi/jobs/4723659005,live,200,2026-08-12,2026-09-24,15,engineering,eng,greenhouse,CRE Marketplace & Data,California,B,greenhouse:crexi:4723659005
Crexi,Senior Software Engineer- Full Stack,United States,https://job-boards.greenhouse.io/crexi/jobs/4679227005,live,200,2026-03-30,2026-09-24,15,engineering,eng,greenhouse,CRE Marketplace & Data,California,B,greenhouse:crexi:4679227005
Doma,"Director, Platform Engineering",Remote USA,https://job-boards.greenhouse.io/doma/jobs/8167584,live,200,2026-08-31,2026-09-24,15,engineering,leadership,greenhouse,Title Insurance / Mortgage Tech,California,B,greenhouse:doma:8167584
Envoy,Demand Generation Manager,"San Francisco, CA",https://jobs.ashbyhq.com/envoy/0a8ce051-c533-4c9e-a4d8-577ccf33b7bb,live,200,2026-09-11,2026-09-24,15,gtm,,ashby,Workplace Experience Platform,California,B,ashby:envoy:0a8ce051-c533-4c9e-a4d8-577ccf33b7bb
Envoy,EMEA Outbound BDR,"London, United Kingdom",https://jobs.ashbyhq.com/envoy/50fb0d1e-fa3a-4f05-b40f-df0149882eec,live,200,2026-09-12,2026-09-24,15,sales,sales,ashby,Workplace Experience Platform,California,B,ashby:envoy:50fb0d1e-fa3a-4f05-b40f-df0149882eec
Envoy,EMEA SMB Account Executive,"London, United Kingdom",https://jobs.ashbyhq.com/envoy/994f31d8-2e8d-4e60-bdb4-6f1315b22967,live,200,2026-08-13,2026-09-24,15,sales,sales,ashby,Workplace Experience Platform,California,B,ashby:envoy:994f31d8-2e8d-4e60-bdb4-6f1315b22967
Envoy,"Member of Technical Staff Engineer, Full-Stack (Staff)","San Francisco, CA",https://jobs.ashbyhq.com/envoy/fb56e24e-41dc-45d8-9bdb-b059635fb7a6,live,200,2026-07-28,2026-09-24,15,engineering,eng,ashby,Workplace Experience Platform,California,B,ashby:envoy:fb56e24e-41dc-45d8-9bdb-b059635fb7a6
Envoy,"Member of Technical Staff, Admin Experiences","San Francisco, CA",https://jobs.ashbyhq.com/envoy/f8fa0c7b-df47-4bca-a094-ba4f4a9bb290,live,200,2026-09-16,2026-09-24,15,engineering,,ashby,Workplace Experience Platform,California,B,ashby:envoy:f8fa0c7b-df47-4bca-a094-ba4f4a9bb290
Envoy,"Member of Technical Staff, Fullstack","San Francisco, CA",https://jobs.ashbyhq.com/envoy/724fe1ce-e41f-4fce-a386-f1c8fca63a2f,live,200,2026-07-08,2026-09-24,15,engineering,,ashby,Workplace Experience Platform,California,B,ashby:envoy:724fe1ce-e41f-4fce-a386-f1c8fca63a2f
Envoy,"Member of Technical Staff, Labs","San Francisco, CA",https://jobs.ashbyhq.com/envoy/5499e5fa-3e9f-4722-a407-0325d14cef23,live,200,2026-05-19,2026-09-24,15,engineering,,ashby,Workplace Experience Platform,California,B,ashby:envoy:5499e5fa-3e9f-4722-a407-0325d14cef23
Envoy,"Member of Technical Staff, SecOps & Threat Detection Engineer","San Francisco, CA",https://jobs.ashbyhq.com/envoy/d985cc9c-5e69-4423-b394-2619c25d7f79,live,200,2026-07-08,2026-09-24,15,engineering,eng,ashby,Workplace Experience Platform,California,B,ashby:envoy:d985cc9c-5e69-4423-b394-2619c25d7f79
Envoy,Mid Market Account Executive,"Denver, CO",https://jobs.ashbyhq.com/envoy/e85a668d-a1d3-4dd0-a511-f75c2005ef61,live,200,2026-09-12,2026-09-24,15,sales,sales,ashby,Workplace Experience Platform,California,B,ashby:envoy:e85a668d-a1d3-4dd0-a511-f75c2005ef61
Envoy,Mid Market Account Executive,"San Francisco, CA",https://jobs.ashbyhq.com/envoy/d8a76039-7a58-4e28-988c-b013be7a3aa8,live,200,2026-09-12,2026-09-24,15,sales,sales,ashby,Workplace Experience Platform,California,B,ashby:envoy:d8a76039-7a58-4e28-988c-b013be7a3aa8
Envoy,Pre Sales Solutions Engineer,"New York City, NY",https://jobs.ashbyhq.com/envoy/c59852fc-8912-4d6b-ad59-694eac7f942d,live,200,2026-08-18,2026-09-24,15,sales,sales,ashby,Workplace Experience Platform,California,B,ashby:envoy:c59852fc-8912-4d6b-ad59-694eac7f942d
Envoy,SMB Account Executive,"San Francisco, CA",https://jobs.ashbyhq.com/envoy/e0660f3d-0672-4399-8d0c-d7b83fc78784,live,200,2026-10-07,2026-10-09,0,sales,sales,ashby,Workplace Experience Platform,California,B,ashby:envoy:e0660f3d-0672-4399-8d0c-d7b83fc78784
Envoy,SMB Sales Manager,"London, United Kingdom",https://jobs.ashbyhq.com/envoy/8d424f7f-c043-497f-b897-afaa5e2c5552,live,200,2026-10-02,2026-10-04,5,sales,sales,ashby,Workplace Experience Platform,California,B,ashby:envoy:8d424f7f-c043-497f-b897-afaa5e2c5552
Envoy,SMB Sales Manager,"New York City, NY",https://jobs.ashbyhq.com/envoy/4d45f11b-7170-4b46-96a9-073a59acaf05,live,200,2026-10-02,2026-10-04,5,sales,sales,ashby,Workplace Experience Platform,California,B,ashby:envoy:4d45f11b-7170-4b46-96a9-073a59acaf05
Envoy,SMB Sales Manager,"Denver, CO",https://jobs.ashbyhq.com/envoy/7155132f-3c16-425a-9251-a4fe7e259efd,live,200,2026-10-02,2026-10-04,5,sales,sales,ashby,Workplace Experience Platform,California,B,ashby:envoy:7155132f-3c16-425a-9251-a4fe7e259efd
Envoy,Senior Demand Generation Manager,"San Francisco, CA",https://jobs.ashbyhq.com/envoy/c907d2c3-6a3e-4ae7-85be-184c0a966677,live,200,2026-07-11,2026-09-24,15,gtm,,ashby,Workplace Experience Platform,California,B,ashby:envoy:c907d2c3-6a3e-4ae7-85be-184c0a966677
HomeLight,Account Executive - Title Insurance,"Irvine, CA",https://job-boards.greenhouse.io/homelight/jobs/7904083,live,200,2026-05-07,2026-09-24,15,sales,sales,greenhouse,Agent Matching / Real Estate Marketplace,California,B,greenhouse:homelight:7904083
HomeLight,Account Executive - Title Insurance,"San Bernardino, CA",https://job-boards.greenhouse.io/homelight/jobs/7871429,live,200,2026-04-30,2026-09-24,15,sales,sales,greenhouse,Agent Matching / Real Estate Marketplace,California,B,greenhouse:homelight:7871429
HomeLight,Account Executive - Title Insurance,"Los Angeles, CA",https://job-boards.greenhouse.io/homelight/jobs/7904090,live,200,2026-05-07,2026-09-24,15,sales,sales,greenhouse,Agent Matching / Real Estate Marketplace,California,B,greenhouse:homelight:7904090
HomeLight,Account Executive - Title Insurance,"Riverside, CA",https://job-boards.greenhouse.io/homelight/jobs/7877826,live,200,2026-05-02,2026-09-24,15,sales,sales,greenhouse,Agent Matching / Real Estate Marketplace,California,B,greenhouse:homelight:7877826
HomeLight,Director of Growth Acquisition,"San Francisco, CA",https://job-boards.greenhouse.io/homelight/jobs/7843865,live,200,2026-04-22,2026-09-24,15,gtm,leadership,greenhouse,Agent Matching / Real Estate Marketplace,California,B,greenhouse:homelight:7843865
HomeLight,"Full Stack Engineer (D2C), San Francisco, CA","San Francisco, CA",https://job-boards.greenhouse.io/homelight/jobs/8211717,live,200,2026-09-17,2026-09-24,15,engineering,eng,greenhouse,Agent Matching / Real Estate Marketplace,California,B,greenhouse:homelight:8211717
HomeLight,"Senior Growth Manager, Acquisition","San Francisco, CA",https://job-boards.greenhouse.io/homelight/jobs/7843746,live,200,2026-04-22,2026-09-24,15,gtm,,greenhouse,Agent Matching / Real Estate Marketplace,California,B,greenhouse:homelight:7843746
HomeLight,Title Sales Representative,"Los Angeles, CA",https://job-boards.greenhouse.io/homelight/jobs/7904086,live,200,2026-05-07,2026-09-24,15,sales,sales,greenhouse,Agent Matching / Real Estate Marketplace,California,B,greenhouse:homelight:7904086
HomeLight,Title Sales Representative,"Irvine, CA",https://job-boards.greenhouse.io/homelight/jobs/7904058,live,200,2026-05-07,2026-09-24,15,sales,sales,greenhouse,Agent Matching / Real Estate Marketplace,California,B,greenhouse:homelight:7904058
HomeLight,Title Sales Representative,"Riverside, CA",https://job-boards.greenhouse.io/homelight/jobs/7877827,live,200,2026-05-02,2026-09-24,15,sales,sales,greenhouse,Agent Matching / Real Estate Marketplace,California,B,greenhouse:homelight:7877827
HomeLight,Title Sales Representative,"San Bernardino, CA",https://job-boards.greenhouse.io/homelight/jobs/7871753,live,200,2026-04-30,2026-09-24,15,sales,sales,greenhouse,Agent Matching / Real Estate Marketplace,California,B,greenhouse:homelight:7871753
Homeward,Analytics Engineer (LatAm),Remote - Latin America,https://job-boards.greenhouse.io/homeward/jobs/8701047002,live,200,2026-08-12,2026-09-24,15,engineering,eng,greenhouse,Cash-Offer / Mortgage Fintech,Texas,B,greenhouse:homeward:8701047002
Homeward,"Senior Software Engineer, Back-end (LatAm)",Latin America,https://job-boards.greenhouse.io/homeward/jobs/8191859002,live,200,2025-10-02,2026-09-24,15,engineering,eng,greenhouse,Cash-Offer / Mortgage Fintech,Texas,B,greenhouse:homeward:8191859002
Luxury Presence,"Account Executive (Austin, TX)","Austin, TX",https://jobs.lever.co/luxurypresence/00069055-e828-4369-8916-ac5673e58e3f,live,200,2019-07-26,2026-09-24,15,sales,sales,lever,Real Estate Agent Marketing Platform,Texas,B,lever:luxurypresence:00069055-e828-4369-8916-ac5673e58e3f
Luxury Presence,Client Success Manager II,"Phoenix, AZ",https://jobs.lever.co/luxurypresence/ce3869ba-fc2b-4979-aacd-221b92b9bdbb,live,200,2023-02-08,2026-09-24,15,gtm,,lever,Real Estate Agent Marketing Platform,Texas,B,lever:luxurypresence:ce3869ba-fc2b-4979-aacd-221b92b9bdbb
Luxury Presence,"Director, Client Success - Austin, TX (Hybrid)","Austin, TX",https://jobs.lever.co/luxurypresence/3e87e45b-a406-46d1-896c-cfc59cb5ba24,live,200,2026-08-31,2026-09-24,15,gtm,leadership,lever,Real Estate Agent Marketing Platform,Texas,B,lever:luxurypresence:3e87e45b-a406-46d1-896c-cfc59cb5ba24
Luxury Presence,"Engineering Manager, Maps & Search - CANADA (Remote)",Canada,https://jobs.lever.co/luxurypresence/87374c99-7cb5-46eb-bd0f-c2f3f9bf1a7c,live,200,2026-07-17,2026-09-24,15,engineering,eng,lever,Real Estate Agent Marketing Platform,Texas,B,lever:luxurypresence:87374c99-7cb5-46eb-bd0f-c2f3f9bf1a7c
Luxury Presence,"Engineering Manager, Maps & Search - US (Remote)",United States,https://jobs.lever.co/luxurypresence/a67ee678-19d6-4256-99be-6547235db23c,live,200,2026-07-17,2026-09-24,15,engineering,eng,lever,Real Estate Agent Marketing Platform,Texas,B,lever:luxurypresence:a67ee678-19d6-4256-99be-6547235db23c
Luxury Presence,GTM Recruiter,"Austin, TX",https://jobs.lever.co/luxurypresence/1cebb130-7a12-4b74-a99a-a01ef6b5f084,live,200,2026-09-04,2026-09-24,15,gtm,,lever,Real Estate Agent Marketing Platform,Texas,B,lever:luxurypresence:1cebb130-7a12-4b74-a99a-a01ef6b5f084
Luxury Presence,"Generative Media Engineer, AI Social - CANADA (Remote)",Canada,https://jobs.lever.co/luxurypresence/0d8abf66-c086-4d37-9c44-ef1d503055e7,live,200,2026-07-22,2026-09-24,15,engineering,eng,lever,Real Estate Agent Marketing Platform,Texas,B,lever:luxurypresence:0d8abf66-c086-4d37-9c44-ef1d503055e7
Luxury Presence,"Generative Media Engineer, AI Social - US (Remote)",United States,https://jobs.lever.co/luxurypresence/1bb9c63b-7f1c-4846-9b4c-9a752cac99d2,live,200,2026-07-13,2026-09-24,15,engineering,eng,lever,Real Estate Agent Marketing Platform,Texas,B,lever:luxurypresence:1bb9c63b-7f1c-4846-9b4c-9a752cac99d2
Luxury Presence,"Product Engineer, Internal Tools - LATAM (Remote)",Latin America,https://jobs.lever.co/luxurypresence/32fe02d5-b291-42bf-87e3-2ebe3bb2521d,live,200,2026-08-29,2026-09-24,15,engineering,eng,lever,Real Estate Agent Marketing Platform,Texas,B,lever:luxurypresence:32fe02d5-b291-42bf-87e3-2ebe3bb2521d
Luxury Presence,RevTech Senior Salesforce Developer - India (Remote),India,https://jobs.lever.co/luxurypresence/e132529e-f6a8-4772-9b08-551302a32a0f,live,200,2026-09-22,2026-09-24,15,engineering,sales,lever,Real Estate Agent Marketing Platform,Texas,B,lever:luxurypresence:e132529e-f6a8-4772-9b08-551302a32a0f
Luxury Presence,RevTech Senior Salesforce Developer - LATAM (Remote),Latin America,https://jobs.lever.co/luxurypresence/087d7b01-d4e7-47f4-8c2e-aad9a903cc8d,live,200,2026-08-24,2026-09-24,15,engineering,sales,lever,Real Estate Agent Marketing Platform,Texas,B,lever:luxurypresence:087d7b01-d4e7-47f4-8c2e-aad9a903cc8d
Luxury Presence,Sales Development Representative (SDR),"Austin, TX",https://jobs.lever.co/luxurypresence/29b2f9e2-772b-4738-8e16-e8ee7078d070,live,200,2019-01-18,2026-09-24,15,sales,sales,lever,Real Estate Agent Marketing Platform,Texas,B,lever:luxurypresence:29b2f9e2-772b-4738-8e16-e8ee7078d070
Luxury Presence,Sales Development Representative - New Grad,"Austin, TX",https://jobs.lever.co/luxurypresence/2462abfb-a255-4c9c-9e55-1ebc6293477b,live,200,2026-04-14,2026-09-24,15,sales,sales,lever,Real Estate Agent Marketing Platform,Texas,B,lever:luxurypresence:2462abfb-a255-4c9c-9e55-1ebc6293477b
Luxury Presence,Senior Analytics Engineer - CANADA (Remote),Canada,https://jobs.lever.co/luxurypresence/dfd25ab3-1033-432b-8adf-edf867619f7a,live,200,2026-08-10,2026-09-24,15,engineering,eng,lever,Real Estate Agent Marketing Platform,Texas,B,lever:luxurypresence:dfd25ab3-1033-432b-8adf-edf867619f7a
Luxury Presence,Senior Analytics Engineer - US (Remote),United States,https://jobs.lever.co/luxurypresence/d8705197-2421-4c2b-9179-242654c8b2fc,live,200,2026-08-10,2026-09-24,15,engineering,eng,lever,Real Estate Agent Marketing Platform,Texas,B,lever:luxurypresence:d8705197-2421-4c2b-9179-242654c8b2fc
Luxury Presence,"Senior Data Analyst, GTM Analytics - CANADA (Remote)",Canada,https://jobs.lever.co/luxurypresence/219e0592-a9f1-4e34-b7da-16da8949b6dd,live,200,2026-08-19,2026-09-24,15,gtm,,lever,Real Estate Agent Marketing Platform,Texas,B,lever:luxurypresence:219e0592-a9f1-4e34-b7da-16da8949b6dd
Luxury Presence,"Senior Data Analyst, GTM Analytics - US (Remote)",United States,https://jobs.lever.co/luxurypresence/0a6fd9f4-a606-460e-b65e-5b31de56331a,live,200,2026-08-19,2026-09-24,15,gtm,,lever,Real Estate Agent Marketing Platform,Texas,B,lever:luxurypresence:0a6fd9f4-a606-460e-b65e-5b31de56331a
Luxury Presence,"Senior Financial Analyst, GTM",United States,https://jobs.lever.co/luxurypresence/dc5e4d17-8c30-4f31-9fb5-3cde9004c835,live,200,2026-08-11,2026-09-24,15,gtm,,lever,Real Estate Agent Marketing Platform,Texas,B,lever:luxurypresence:dc5e4d17-8c30-4f31-9fb5-3cde9004c835
Luxury Presence,VP of Sales,"Austin, TX",https://jobs.lever.co/luxurypresence/676f76c6-a440-4f71-b03c-81f9b683759a,live,200,2026-07-21,2026-09-24,15,executive,sales,lever,Real Estate Agent Marketing Platform,Texas,B,lever:luxurypresence:676f76c6-a440-4f71-b03c-81f9b683759a
Notarize (Proof),Strategic Enterprise Account Executive,Remote,https://jobs.lever.co/proof/cf16d2a5-898e-4a63-9800-ed1478d2141e,live,200,2026-07-10,2026-09-24,15,sales,sales,lever,Remote Online Notarization,Virginia,B,lever:proof:cf16d2a5-898e-4a63-9800-ed1478d2141e
Ojo Labs,Senior Data Engineer,"Columbus, OH 43215",https://jobs.gem.com/lower-llc/am9icG9zdDqIufApzZI4C5MReyej3WSd,live,200,,2026-10-09,0,engineering,eng,gem,AI Real Estate Assistant,Texas,B,gem:lower-llc:/lower-llc/am9icG9zdDqIufApzZI4C5MReyej3WSd
Ojo Labs,Senior Data Engineer,"Austin, TX 78702",https://jobs.gem.com/lower-llc/am9icG9zdDoUzlEitpl0Ev-LfWV8HYql,live,200,,2026-10-09,0,engineering,eng,gem,AI Real Estate Assistant,Texas,B,gem:lower-llc:/lower-llc/am9icG9zdDoUzlEitpl0Ev-LfWV8HYql
Ojo Labs,Senior Software Engineer,"Columbus, OH 43215",https://jobs.gem.com/lower-llc/am9icG9zdDpJhJDUe7uO7yVvZ1uA1kuK,live,200,,2026-10-09,0,engineering,eng,gem,AI Real Estate Assistant,Texas,B,gem:lower-llc:/lower-llc/am9icG9zdDpJhJDUe7uO7yVvZ1uA1kuK
Ojo Labs,Senior Software Engineer,"Austin, TX 78702",https://jobs.gem.com/lower-llc/am9icG9zdDpXhzoePCa6l4DVYyJx8TWB,live,200,,2026-10-09,0,engineering,eng,gem,AI Real Estate Assistant,Texas,B,gem:lower-llc:/lower-llc/am9icG9zdDpXhzoePCa6l4DVYyJx8TWB
Ojo Labs,Staff Front End Engineer,"Columbus, OH 43215",https://jobs.gem.com/lower-llc/am9icG9zdDpR_7wZ5h63yK6Q3XSejwY-,live,200,,2026-10-09,0,engineering,eng,gem,AI Real Estate Assistant,Texas,B,gem:lower-llc:/lower-llc/am9icG9zdDpR_7wZ5h63yK6Q3XSejwY-
Ojo Labs,Staff Front End Engineer,"Austin, TX 78702",https://jobs.gem.com/lower-llc/am9icG9zdDrtA9DjFhWujSk--uG7LzvO,live,200,,2026-10-09,0,engineering,eng,gem,AI Real Estate Assistant,Texas,B,gem:lower-llc:/lower-llc/am9icG9zdDrtA9DjFhWujSk--uG7LzvO
Opendoor,Account Executive - Home Sales Advisor,"Miami, FL",https://www.opendoor.com/careers/open-positions/jobs/account-executive-home-sales-advisor-37773206-51d2-43f1-b78c-5ac5eac8abbd,live,200,,2026-10-09,0,sales,sales,page,iBuying / Real Estate Transactions,Arizona,B,page:opendoor:/careers/open-positions/jobs/account-executive-home-sales-advisor-37773206-51d2-43f1-b78c-5ac5eac8abbd
Opendoor,Agentic Analytics Engineer,"Miami, FL",https://www.opendoor.com/careers/open-positions/jobs/agentic-analytics-engineer-61e10868-0439-4bff-adc3-ef4e8afdf644,live,200,,2026-10-09,0,engineering,eng,page,iBuying / Real Estate Transactions,Arizona,B,page:opendoor:/careers/open-positions/jobs/agentic-analytics-engineer-61e10868-0439-4bff-adc3-ef4e8afdf644
Opendoor,Agentic Analytics Engineer,"Toronto, Canada",https://www.opendoor.com/careers/open-positions/jobs/agentic-analytics-engineer-c3dd5f2e-0528-41a9-a7ad-b0c0a4930764,live,200,,2026-10-09,0,engineering,eng,page,iBuying / Real Estate Transactions,Arizona,B,page:opendoor:/careers/open-positions/jobs/agentic-analytics-engineer-c3dd5f2e-0528-41a9-a7ad-b0c0a4930764
Opendoor,Application Security Engineer,"Toronto, Canada",https://www.opendoor.com/careers/open-positions/jobs/application-security-engineer-9d51e170-8f6d-4569-8aa0-350b2aec8c46,live,200,,2026-10-09,0,engineering,eng,page,iBuying / Real Estate Transactions,Arizona,B,page:opendoor:/careers/open-positions/jobs/application-security-engineer-9d51e170-8f6d-4569-8aa0-350b2aec8c46
Opendoor,Application Security Engineer,"Miami, FL",https://www.opendoor.com/careers/open-positions/jobs/application-security-engineer-4ae52502-e460-4c22-9226-8cf4c0946d57,live,200,,2026-10-09,0,engineering,eng,page,iBuying / Real Estate Transactions,Arizona,B,page:opendoor:/careers/open-positions/jobs/application-security-engineer-4ae52502-e460-4c22-9226-8cf4c0946d57
Opendoor,Applied Science- Growth,"Miami, FL · Seattle, WA",https://www.opendoor.com/careers/open-positions/jobs/applied-science-growth-d9e0a5b4-9768-4938-89d0-e9472547b23a,live,200,,2026-10-09,0,gtm,,page,iBuying / Real Estate Transactions,Arizona,B,page:opendoor:/careers/open-positions/jobs/applied-science-growth-d9e0a5b4-9768-4938-89d0-e9472547b23a
Opendoor,Applied Science- Growth,"Toronto, Canada",https://www.opendoor.com/careers/open-positions/jobs/applied-science-growth-3a749e18-77ea-4333-9269-49d8dd4ff642,live,200,,2026-10-09,0,gtm,,page,iBuying / Real Estate Transactions,Arizona,B,page:opendoor:/careers/open-positions/jobs/applied-science-growth-3a749e18-77ea-4333-9269-49d8dd4ff642
Opendoor,Applied Scientist AI/ML,"Toronto, Canada",https://www.opendoor.com/careers/open-positions/jobs/applied-scientist-ai-ml-f3e08ade-d6ac-41c7-b6e3-8b9d1e1b8aca,live,200,,2026-10-09,0,engineering,,page,iBuying / Real Estate Transactions,Arizona,B,page:opendoor:/careers/open-positions/jobs/applied-scientist-ai-ml-f3e08ade-d6ac-41c7-b6e3-8b9d1e1b8aca
Opendoor,Applied Scientist AI/ML,"Miami, FL",https://www.opendoor.com/careers/open-positions/jobs/applied-scientist-ai-ml-02769a4e-625d-4c41-aba8-ae22855c63c2,live,200,,2026-10-09,0,engineering,,page,iBuying / Real Estate Transactions,Arizona,B,page:opendoor:/careers/open-positions/jobs/applied-scientist-ai-ml-02769a4e-625d-4c41-aba8-ae22855c63c2
Opendoor,Applied Scientist AI/ML,"Seattle, WA",https://www.opendoor.com/careers/open-positions/jobs/applied-scientist-ai-ml-4bb0fc2c-5cc4-4182-b437-7a8f5e76297c,live,200,,2026-10-09,0,engineering,,page,iBuying / Real Estate Transactions,Arizona,B,page:opendoor:/careers/open-positions/jobs/applied-scientist-ai-ml-4bb0fc2c-5cc4-4182-b437-7a8f5e76297c
Opendoor,Enterprise Security Engineer,"Miami, FL",https://www.opendoor.com/careers/open-positions/jobs/enterprise-security-engineer-b2f70c26-195c-4560-a54a-6e6903e4a529,live,200,,2026-10-09,0,engineering,eng,page,iBuying / Real Estate Transactions,Arizona,B,page:opendoor:/careers/open-positions/jobs/enterprise-security-engineer-b2f70c26-195c-4560-a54a-6e6903e4a529
Opendoor,Enterprise Security Engineer,"Toronto, Canada",https://www.opendoor.com/careers/open-positions/jobs/enterprise-security-engineer-d4f5c334-a069-4bbc-8f86-163f8d02f03a,live,200,,2026-10-09,0,engineering,eng,page,iBuying / Real Estate Transactions,Arizona,B,page:opendoor:/careers/open-positions/jobs/enterprise-security-engineer-d4f5c334-a069-4bbc-8f86-163f8d02f03a
Opendoor,Information Systems Engineer,"Toronto, Canada",https://www.opendoor.com/careers/open-positions/jobs/information-systems-engineer-44d49b85-90e0-4bff-9b45-f257548a4b66,live,200,,2026-10-09,0,engineering,eng,page,iBuying / Real Estate Transactions,Arizona,B,page:opendoor:/careers/open-positions/jobs/information-systems-engineer-44d49b85-90e0-4bff-9b45-f257548a4b66
Opendoor,Infrastructure Security Engineer,"Toronto, Canada",https://www.opendoor.com/careers/open-positions/jobs/infrastructure-security-engineer-87e99c45-272f-46e2-ab64-9d2bb6e49415,live,200,,2026-10-09,0,engineering,eng,page,iBuying / Real Estate Transactions,Arizona,B,page:opendoor:/careers/open-positions/jobs/infrastructure-security-engineer-87e99c45-272f-46e2-ab64-9d2bb6e49415
Opendoor,Infrastructure Security Engineer,"Miami, FL",https://www.opendoor.com/careers/open-positions/jobs/infrastructure-security-engineer-07d023a3-6c5d-4964-abe3-f6e75a57c1b5,live,200,,2026-10-09,0,engineering,eng,page,iBuying / Real Estate Transactions,Arizona,B,page:opendoor:/careers/open-positions/jobs/infrastructure-security-engineer-07d023a3-6c5d-4964-abe3-f6e75a57c1b5
Opendoor,Machine Learning Engineer,"Miami, FL · Seattle, WA · Toronto, Canada",https://www.opendoor.com/careers/open-positions/jobs/machine-learning-engineer-39324638-e89a-4747-821c-935aa2baba26,live,200,,2026-10-09,0,engineering,eng,page,iBuying / Real Estate Transactions,Arizona,B,page:opendoor:/careers/open-positions/jobs/machine-learning-engineer-39324638-e89a-4747-821c-935aa2baba26
Opendoor,"Marketing Manager, Lifecycle","Miami, FL · Phoenix, AZ · Toronto, Canada",https://www.opendoor.com/careers/open-positions/jobs/marketing-manager-lifecycle-686ea38b-f3e8-4479-be4b-2d8c66a1ea4d,live,200,,2026-10-09,0,gtm,,page,iBuying / Real Estate Transactions,Arizona,B,page:opendoor:/careers/open-positions/jobs/marketing-manager-lifecycle-686ea38b-f3e8-4479-be4b-2d8c66a1ea4d
Opendoor,Software Engineer,"Toronto, Canada",https://www.opendoor.com/careers/open-positions/jobs/software-engineer-9bc276c6-f2c0-4775-98f5-e01d22dfcb47,live,200,,2026-10-09,0,engineering,eng,page,iBuying / Real Estate Transactions,Arizona,B,page:opendoor:/careers/open-positions/jobs/software-engineer-9bc276c6-f2c0-4775-98f5-e01d22dfcb47
Opendoor,Software Engineer,"Miami, FL",https://www.opendoor.com/careers/open-positions/jobs/software-engineer-84685958-6420-4a9e-a231-dc7943a3e6ad,live,200,,2026-10-09,0,engineering,eng,page,iBuying / Real Estate Transactions,Arizona,B,page:opendoor:/careers/open-positions/jobs/software-engineer-84685958-6420-4a9e-a231-dc7943a3e6ad
Orchard,Business Development Manager,"Burleson, Texas, United States",https://job-boards.greenhouse.io/orchard/jobs/8697558002,live,200,2026-08-11,2026-09-24,15,sales,sales,greenhouse,Home Trade-In / Mortgage Fintech,New York,B,greenhouse:orchard:8697558002
Orchard,Software Engineer,"New York, New York, United States",https://job-boards.greenhouse.io/orchard/jobs/8817823002,live,200,2026-09-17,2026-09-24,15,engineering,eng,greenhouse,Home Trade-In / Mortgage Fintech,New York,B,greenhouse:orchard:8817823002
Ownwell,Business Development Manager - Partnerships,"Austin, TX",https://job-boards.greenhouse.io/ownwell/jobs/4647432006,live,200,2026-01-22,2026-09-24,15,sales,sales,greenhouse,Property Tax Appeal Platform,Texas,B,greenhouse:ownwell:4647432006
Ownwell,Client Success Manager,"Austin, TX",https://job-boards.greenhouse.io/ownwell/jobs/4394616006,live,200,2024-08-15,2026-09-24,15,gtm,,greenhouse,Property Tax Appeal Platform,Texas,B,greenhouse:ownwell:4394616006
Ownwell,"Growth Lead, Market Expansion","New York City, Long Island, New York",https://job-boards.greenhouse.io/ownwell/jobs/4701392006,live,200,2026-07-30,2026-09-24,15,gtm,,greenhouse,Property Tax Appeal Platform,Texas,B,greenhouse:ownwell:4701392006
Ownwell,Revenue Recovery Lead,"Austin, TX",https://job-boards.greenhouse.io/ownwell/jobs/4686070006,live,200,2026-06-02,2026-09-24,15,sales,sales,greenhouse,Property Tax Appeal Platform,Texas,B,greenhouse:ownwell:4686070006
Ownwell,Senior Account Executive,"Austin, TX",https://job-boards.greenhouse.io/ownwell/jobs/4602222006,live,200,2025-09-16,2026-09-24,15,sales,sales,greenhouse,Property Tax Appeal Platform,Texas,B,greenhouse:ownwell:4602222006
Ownwell,Software Engineer,"Gurugram, India",https://job-boards.greenhouse.io/ownwell/jobs/4441476006,live,200,2025-02-06,2026-09-24,15,engineering,eng,greenhouse,Property Tax Appeal Platform,Texas,B,greenhouse:ownwell:4441476006
Pacaso,Director of Lifecycle Marketing,"United States, Remote",https://job-boards.greenhouse.io/pacaso/jobs/6187338004,live,200,2026-09-09,2026-09-24,15,gtm,leadership,greenhouse,Co-Ownership / Second Homes,California,B,greenhouse:pacaso:6187338004
Pacaso,"Ownership Advisor, Sales","United States, Remote",https://job-boards.greenhouse.io/pacaso/jobs/5679921004,live,200,2025-10-22,2026-09-24,15,sales,sales,greenhouse,Co-Ownership / Second Homes,California,B,greenhouse:pacaso:5679921004
Placer.ai,Account Executive,"United States, Remote",https://placer.ai/company/we-are-hiring/?gh_jid=7612606003,live,200,2026-01-30,2026-10-09,0,sales,sales,greenhouse,Foot Traffic / Location Analytics,California,B,greenhouse:placerlabs:7612606003
Placer.ai,Account Manager,"United States, Remote",https://placer.ai/company/we-are-hiring/?gh_jid=7768278003,live,200,2026-08-06,2026-10-09,0,gtm,customer,greenhouse,Foot Traffic / Location Analytics,California,B,greenhouse:placerlabs:7768278003
Placer.ai,Backend Engineer - Mobile Platform,"Ramat Gan, Israel",https://placer.ai/company/we-are-hiring/?gh_jid=7853136003,live,200,2026-08-11,2026-10-09,0,engineering,eng,greenhouse,Foot Traffic / Location Analytics,California,B,greenhouse:placerlabs:7853136003
Placer.ai,Big Data Engineer,"Ramat Gan, Israel",https://placer.ai/company/we-are-hiring/?gh_jid=7958129003,live,200,2026-08-24,2026-10-09,0,engineering,eng,greenhouse,Foot Traffic / Location Analytics,California,B,greenhouse:placerlabs:7958129003
Placer.ai,"Director, Marketing Operations","United States, Remote",https://placer.ai/company/we-are-hiring/?gh_jid=7999244003,live,200,2026-09-18,2026-10-09,0,gtm,leadership,greenhouse,Foot Traffic / Location Analytics,California,B,greenhouse:placerlabs:7999244003
Placer.ai,"Founding Engineer, Consumer Apps","Austin, Texas",https://placer.ai/company/we-are-hiring/?gh_jid=8009817003,live,200,2026-09-30,2026-10-09,0,engineering,eng,greenhouse,Foot Traffic / Location Analytics,California,B,greenhouse:placerlabs:8009817003
Placer.ai,Sales Development Representative,"Austin, Texas",https://placer.ai/company/we-are-hiring/?gh_jid=6501448003,live,200,2025-03-06,2026-10-09,0,sales,sales,greenhouse,Foot Traffic / Location Analytics,California,B,greenhouse:placerlabs:6501448003
Placer.ai,Senior AI Software Engineer,"United States, Remote",https://placer.ai/company/we-are-hiring/?gh_jid=7994141003,live,200,2026-09-22,2026-10-09,0,engineering,eng,greenhouse,Foot Traffic / Location Analytics,California,B,greenhouse:placerlabs:7994141003
Placer.ai,Senior Analytics Engineer- Custom Feeds,Ramat Gan,https://placer.ai/company/we-are-hiring/?gh_jid=7993942003,live,200,2026-09-14,2026-10-09,0,engineering,eng,greenhouse,Foot Traffic / Location Analytics,California,B,greenhouse:placerlabs:7993942003
Placer.ai,Senior Backend Engineer- Data Platform,"Ramat Gan, Israel",https://placer.ai/company/we-are-hiring/?gh_jid=7893702003,live,200,2026-08-20,2026-10-09,0,engineering,eng,greenhouse,Foot Traffic / Location Analytics,California,B,greenhouse:placerlabs:7893702003
Placer.ai,Senior Devops Engineer,"Austin, TX",https://placer.ai/company/we-are-hiring/?gh_jid=7660276003,live,200,2026-03-12,2026-10-09,0,engineering,eng,greenhouse,Foot Traffic / Location Analytics,California,B,greenhouse:placerlabs:7660276003
Placer.ai,"Senior Software Engineer, Placer Intelligence","United States, Remote",https://placer.ai/company/we-are-hiring/?gh_jid=8009196003,live,200,2026-09-30,2026-10-09,0,engineering,eng,greenhouse,Foot Traffic / Location Analytics,California,B,greenhouse:placerlabs:8009196003
Placer.ai,Solutions Engineer,"United States, Remote",https://placer.ai/company/we-are-hiring/?gh_jid=7597819003,live,200,2026-01-20,2026-10-09,0,sales,eng,greenhouse,Foot Traffic / Location Analytics,California,B,greenhouse:placerlabs:7597819003
Placer.ai,Solutions Engineering Analyst,"Colombia, Remote",https://placer.ai/company/we-are-hiring/?gh_jid=7330970003,live,200,2025-09-15,2026-10-09,0,sales,eng,greenhouse,Foot Traffic / Location Analytics,California,B,greenhouse:placerlabs:7330970003
Placer.ai,Solutions Engineering Analyst,"Mexico, Remote",https://placer.ai/company/we-are-hiring/?gh_jid=7330632003,live,200,2025-09-15,2026-10-09,0,sales,eng,greenhouse,Foot Traffic / Location Analytics,California,B,greenhouse:placerlabs:7330632003
Placer.ai,"VP, Revenue Marketing","United States, Remote",https://placer.ai/company/we-are-hiring/?gh_jid=8004413003,live,200,2026-09-24,2026-10-09,0,executive,sales,greenhouse,Foot Traffic / Location Analytics,California,B,greenhouse:placerlabs:8004413003
Point,Account Manager,United States,https://point.com/hiring?gh_jid=8728320002,live,200,2026-08-18,2026-10-09,0,gtm,customer,greenhouse,Home Equity Fintech,California,B,greenhouse:pointdigitalfinance:8728320002
Point,Associate Software Engineer,"San Francisco, California, United States",https://point.com/hiring?gh_jid=8829278002,live,200,2026-09-22,2026-10-09,0,engineering,eng,greenhouse,Home Equity Fintech,California,B,greenhouse:pointdigitalfinance:8829278002
Point,Engineering Manager,"San Francisco, California, United States",https://point.com/hiring?gh_jid=8879796002,live,200,2026-10-08,2026-10-09,0,engineering,eng,greenhouse,Home Equity Fintech,California,B,greenhouse:pointdigitalfinance:8879796002
Point,Engineering Manager,United States,https://point.com/hiring?gh_jid=8879794002,live,200,2026-10-08,2026-10-09,0,engineering,eng,greenhouse,Home Equity Fintech,California,B,greenhouse:pointdigitalfinance:8879794002
Point,Sales Manager,United States,https://point.com/hiring?gh_jid=8784149002,live,200,2026-09-08,2026-10-09,0,sales,sales,greenhouse,Home Equity Fintech,California,B,greenhouse:pointdigitalfinance:8784149002
Point,"Senior Analyst, Marketing Analytics",United States,https://point.com/hiring?gh_jid=8761725002,live,200,2026-08-28,2026-10-09,0,gtm,,greenhouse,Home Equity Fintech,California,B,greenhouse:pointdigitalfinance:8761725002
Point,"Sr. Manager, DevOps and AI Enablement","San Francisco, California, United States",https://point.com/hiring?gh_jid=8800482002,live,200,2026-09-11,2026-10-09,0,engineering,eng,greenhouse,Home Equity Fintech,California,B,greenhouse:pointdigitalfinance:8800482002
Side,"Manager, Partner Success","San Francisco, California",https://jobs.lever.co/sideinc/8c8f607b-7021-42b2-af1d-86fd7b61cec2,live,200,2026-05-19,2026-09-24,15,gtm,,lever,Real Estate Brokerage Platform,California,B,lever:sideinc:8c8f607b-7021-42b2-af1d-86fd7b61cec2
Side,"Partner Success Manager - In Market, Southern CA","Los Angeles, California",https://jobs.lever.co/sideinc/c2d05667-74bc-40df-b94e-4718c6951522,live,200,2026-06-23,2026-09-24,15,gtm,,lever,Real Estate Brokerage Platform,California,B,lever:sideinc:c2d05667-74bc-40df-b94e-4718c6951522
Side,"Sales Development Representative - Bay Area , CA","San Francisco, California",https://jobs.lever.co/sideinc/a5df4845-8a35-4690-a49b-05c1d5f7d9a6,live,200,2026-07-17,2026-09-24,15,sales,sales,lever,Real Estate Brokerage Platform,California,B,lever:sideinc:a5df4845-8a35-4690-a49b-05c1d5f7d9a6
Snapdocs,Enterprise Account Executive,United States,https://jobs.ashbyhq.com/snapdocs/d725e93c-e215-461f-9468-4bc7caf1a506,live,200,2026-06-10,2026-09-24,15,sales,sales,ashby,Digital Mortgage Closing Platform,California,B,ashby:snapdocs:d725e93c-e215-461f-9468-4bc7caf1a506
Snapdocs,Field Marketing Manager,United States,https://jobs.ashbyhq.com/snapdocs/2e2031d0-6045-43ed-a9d1-d53046b124c5,live,200,2026-09-08,2026-09-24,15,gtm,,ashby,Digital Mortgage Closing Platform,California,B,ashby:snapdocs:2e2031d0-6045-43ed-a9d1-d53046b124c5
VTS,Account Executive,"New York, New York, United States",https://job-boards.greenhouse.io/vts/jobs/4654703005,live,200,2026-01-29,2026-09-24,15,sales,sales,greenhouse,Commercial Real Estate Leasing Platform,New York,B,greenhouse:vts:4654703005
VTS,Account Manager,"New York, New York, United States",https://job-boards.greenhouse.io/vts/jobs/4696138005,live,200,2026-05-18,2026-09-24,15,gtm,customer,greenhouse,Commercial Real Estate Leasing Platform,New York,B,greenhouse:vts:4696138005
VTS,Director of Growth Marketing,"New York, New York, United States",https://job-boards.greenhouse.io/vts/jobs/4716261005,live,200,2026-07-17,2026-09-24,15,gtm,leadership,greenhouse,Commercial Real Estate Leasing Platform,New York,B,greenhouse:vts:4716261005
VTS,Engineering Manager,"New York, New York, United States",https://job-boards.greenhouse.io/vts/jobs/4694646005,live,200,2026-05-12,2026-09-24,15,engineering,eng,greenhouse,Commercial Real Estate Leasing Platform,New York,B,greenhouse:vts:4694646005
VTS,Product Marketing Manager,"New York, New York, United States",https://job-boards.greenhouse.io/vts/jobs/4739716005,live,200,2026-10-01,2026-10-02,7,gtm,,greenhouse,Commercial Real Estate Leasing Platform,New York,B,greenhouse:vts:4739716005
VTS,Sales Development Representative,"New York, New York, United States",https://job-boards.greenhouse.io/vts/jobs/4679033005,live,200,2026-04-06,2026-09-24,15,sales,sales,greenhouse,Commercial Real Estate Leasing Platform,New York,B,greenhouse:vts:4679033005
VTS,Senior Content Marketing Manager,"New York, New York, United States",https://job-boards.greenhouse.io/vts/jobs/4739722005,live,200,2026-10-01,2026-10-02,7,gtm,,greenhouse,Commercial Real Estate Leasing Platform,New York,B,greenhouse:vts:4739722005
VTS,"Senior Manager, Solutions Consultant - Activate","New York, New York, United States",https://job-boards.greenhouse.io/vts/jobs/4713181005,live,200,2026-07-08,2026-09-24,15,sales,,greenhouse,Commercial Real Estate Leasing Platform,New York,B,greenhouse:vts:4713181005
VTS,Senior Salesforce & Integration Engineer,"New York, New York, United States",https://job-boards.greenhouse.io/vts/jobs/4725638005,live,200,2026-08-21,2026-09-24,15,engineering,sales,greenhouse,Commercial Real Estate Leasing Platform,New York,B,greenhouse:vts:4725638005
VTS,Senior Technical Solutions Consultant,"New York, New York, United States",https://job-boards.greenhouse.io/vts/jobs/4704260005,live,200,2026-06-09,2026-09-24,15,sales,,greenhouse,Commercial Real Estate Leasing Platform,New York,B,greenhouse:vts:4704260005
Zillow Group,AV Engineer,Seattle-WA-2nd Ave,https://zillow.wd5.myworkdayjobs.com/Zillow_Group_External/job/Seattle-WA-2nd-Ave/AV-Engineer_P751376-1,"listed in ATS, not rechecked",0,2026-10-01,2026-09-28,11,engineering,eng,workday,Real Estate Marketplace,Washington,B,workday:zillow:/job/Seattle-WA-2nd-Ave/AV-Engineer_P751376-1
Zillow Group,Analytics Engineer,Bengaluru,https://zillow.wd5.myworkdayjobs.com/Zillow_Group_External/job/Bengaluru/Analytics-Engineer_P751461,"listed in ATS, not rechecked",0,,2026-10-09,0,engineering,eng,workday,Real Estate Marketplace,Washington,B,workday:zillow:/job/Bengaluru/Analytics-Engineer_P751461
Zillow Group,Backend Software Development Engineer - Mexico,Mexico City,https://zillow.wd5.myworkdayjobs.com/Zillow_Group_External/job/Mexico-City/Backend-Software-Development-Engineer---Mexico_P751468-1,"listed in ATS, not rechecked",0,2026-10-06,2026-10-09,0,engineering,eng,workday,Real Estate Marketplace,Washington,B,workday:zillow:/job/Mexico-City/Backend-Software-Development-Engineer---Mexico_P751468-1
Zillow Group,"Business Development Representative, Aryeo",Remote-USA,https://zillow.wd5.myworkdayjobs.com/Zillow_Group_External/job/Remote-USA/Business-Development-Representative--Aryeo_P751048-1,live,200,2026-10-01,2026-09-24,15,sales,sales,workday,Real Estate Marketplace,Washington,B,workday:zillow:/job/Remote-USA/Business-Development-Representative--Aryeo_P751048-1
Zillow Group,Content Creator & Cultural Specialist,Remote-USA,https://zillow.wd5.myworkdayjobs.com/Zillow_Group_External/job/Remote-USA/Content-Creator_P751372-1,"listed in ATS, not rechecked",0,,2026-10-09,0,gtm,,workday,Real Estate Marketplace,Washington,B,workday:zillow:/job/Remote-USA/Content-Creator_P751372-1
Zillow Group,"Content Producer, Videographer, and Editor",Remote-USA,https://zillow.wd5.myworkdayjobs.com/Zillow_Group_External/job/Remote-USA/Content-Producer--Videographer--and-Editor_P751442-2,"listed in ATS, not rechecked",0,2026-10-09,2026-10-09,0,gtm,,workday,Real Estate Marketplace,Washington,B,workday:zillow:/job/Remote-USA/Content-Producer--Videographer--and-Editor_P751442-2
Zillow Group,"Director, Engineering",Bengaluru,https://zillow.wd5.myworkdayjobs.com/Zillow_Group_External/job/Bengaluru/Director--Engineering_P751170-1,"listed in ATS, not rechecked",0,2026-10-06,2026-10-09,0,engineering,leadership,workday,Real Estate Marketplace,Washington,B,workday:zillow:/job/Bengaluru/Director--Engineering_P751170-1
Zillow Group,Full Stack Software Development Engineer - Mexico,Mexico City,https://zillow.wd5.myworkdayjobs.com/Zillow_Group_External/job/Mexico-City/Full-Stack-Software-Development-Engineer---Mexico_P751464,"listed in ATS, not rechecked",0,2026-10-06,2026-10-09,0,engineering,eng,workday,Real Estate Marketplace,Washington,B,workday:zillow:/job/Mexico-City/Full-Stack-Software-Development-Engineer---Mexico_P751464
Zillow Group,"Lifecycle Marketing Operations Specialist, Audience",Bengaluru,https://zillow.wd5.myworkdayjobs.com/Zillow_Group_External/job/Bengaluru/Lifecycle-Marketing-Operations-Specialist--Audience_P750923-1,live,200,2026-09-24,2026-09-28,11,gtm,ops,workday,Real Estate Marketplace,Washington,B,workday:zillow:/job/Bengaluru/Lifecycle-Marketing-Operations-Specialist--Audience_P750923-1
Zillow Group,"Lifecycle Marketing Operations Specialist, Audience",Bengaluru,https://zillow.wd5.myworkdayjobs.com/Zillow_Group_External/job/Bengaluru/Lifecycle-Marketing-Operations-Specialist--Audience_P750925-1,"listed in ATS, not rechecked",0,2026-09-09,2026-09-24,15,gtm,ops,workday,Real Estate Marketplace,Washington,B,workday:zillow:/job/Bengaluru/Lifecycle-Marketing-Operations-Specialist--Audience_P750925-1
Zillow Group,"Lifecycle Marketing Operations Specialist, Audience",Bengaluru,https://zillow.wd5.myworkdayjobs.com/Zillow_Group_External/job/Bengaluru/Lifecycle-Marketing-Operations-Specialist--Audience_P751059-1,live,200,2026-09-09,2026-09-24,15,gtm,ops,workday,Real Estate Marketplace,Washington,B,workday:zillow:/job/Bengaluru/Lifecycle-Marketing-Operations-Specialist--Audience_P751059-1
Zillow Group,"Lifecycle Marketing Operations Specialist, Templates",Bengaluru,https://zillow.wd5.myworkdayjobs.com/Zillow_Group_External/job/Bengaluru/Lifecycle-Marketing-Operations-Specialist--Templates_P750921-1,"listed in ATS, not rechecked",0,2026-10-09,2026-09-28,11,gtm,ops,workday,Real Estate Marketplace,Washington,B,workday:zillow:/job/Bengaluru/Lifecycle-Marketing-Operations-Specialist--Templates_P750921-1
Zillow Group,"Lifecycle Marketing Operations Specialist, Templates",Bengaluru,https://zillow.wd5.myworkdayjobs.com/Zillow_Group_External/job/Bengaluru/Lifecycle-Marketing-Operations-Specialist--Templates_P751060-1,"listed in ATS, not rechecked",0,2026-09-09,2026-09-24,15,gtm,ops,workday,Real Estate Marketplace,Washington,B,workday:zillow:/job/Bengaluru/Lifecycle-Marketing-Operations-Specialist--Templates_P751060-1
Zillow Group,Machine Learning Engineer,Remote-Germany,https://zillow.wd5.myworkdayjobs.com/Zillow_Group_External/job/Remote-Germany/Machine-Learning-Engineer_P750556-1,live,200,2026-09-09,2026-09-24,15,engineering,eng,workday,Real Estate Marketplace,Washington,B,workday:zillow:/job/Remote-Germany/Machine-Learning-Engineer_P750556-1
Zillow Group,"Manager, Customer Success, Strategic",Remote-USA,https://zillow.wd5.myworkdayjobs.com/Zillow_Group_External/job/Remote-USA/Manager--Customer-Success--Strategic_P750846-1,"listed in ATS, not rechecked",0,2026-09-18,2026-09-24,15,gtm,customer,workday,Real Estate Marketplace,Washington,B,workday:zillow:/job/Remote-USA/Manager--Customer-Success--Strategic_P750846-1
Zillow Group,"Marketing Specialist, Media Reporting and Automation",Bengaluru,https://zillow.wd5.myworkdayjobs.com/Zillow_Group_External/job/Bengaluru/Marketing-Specialist--Media-Reporting-and-Automation_P751329-2,live,200,2026-10-09,2026-09-24,15,gtm,,workday,Real Estate Marketplace,Washington,B,workday:zillow:/job/Bengaluru/Marketing-Specialist--Media-Reporting-and-Automation_P751329-2
Zillow Group,"Marketing Specialist, Paid Social",Bengaluru,https://zillow.wd5.myworkdayjobs.com/Zillow_Group_External/job/Bengaluru/Marketing-Specialist--Paid-Social_P751417-1,live,200,2026-09-25,2026-09-28,11,gtm,,workday,Real Estate Marketplace,Washington,B,workday:zillow:/job/Bengaluru/Marketing-Specialist--Paid-Social_P751417-1
Zillow Group,"Marketing Specialist, SEM",Bengaluru,https://zillow.wd5.myworkdayjobs.com/Zillow_Group_External/job/Bengaluru/Marketing-Specialist--SEM_P751416-1,live,200,2026-09-25,2026-09-28,11,gtm,,workday,Real Estate Marketplace,Washington,B,workday:zillow:/job/Bengaluru/Marketing-Specialist--SEM_P751416-1
Zillow Group,"Marketing Technologist, Customer Data Platform",Bengaluru,https://zillow.wd5.myworkdayjobs.com/Zillow_Group_External/job/Bengaluru/Marketing-Technologist--Customer-Data-Platform_P750926,live,200,2026-09-09,2026-09-24,15,gtm,,workday,Real Estate Marketplace,Washington,B,workday:zillow:/job/Bengaluru/Marketing-Technologist--Customer-Data-Platform_P750926
Zillow Group,"Mobile Engineer, iOS",Mexico City,https://zillow.wd5.myworkdayjobs.com/Zillow_Group_External/job/Mexico-City/Mobile-Engineer--iOS_P751306-2,live,200,2026-09-23,2026-09-24,15,engineering,eng,workday,Real Estate Marketplace,Washington,B,workday:zillow:/job/Mexico-City/Mobile-Engineer--iOS_P751306-2
Zillow Group,Mobile Product Engineer,Mexico City,https://zillow.wd5.myworkdayjobs.com/Zillow_Group_External/job/Mexico-City/Mobile-AI-Native-Product-Engineer_P750187,live,200,2026-10-02,2026-10-02,7,engineering,eng,workday,Real Estate Marketplace,Washington,B,workday:zillow:/job/Mexico-City/Mobile-AI-Native-Product-Engineer_P750187
Zillow Group,Principal Full Stack Software Development Engineer,Remote-USA,https://zillow.wd5.myworkdayjobs.com/Zillow_Group_External/job/Remote-USA/Principal-Full-Stack-Software-Development-Engineer_P751226-2,"listed in ATS, not rechecked",0,2026-10-01,2026-09-24,15,engineering,eng,workday,Real Estate Marketplace,Washington,B,workday:zillow:/job/Remote-USA/Principal-Full-Stack-Software-Development-Engineer_P751226-2
Zillow Group,Principal Full Stack Software Development Engineer - Mexico,Mexico City,https://zillow.wd5.myworkdayjobs.com/Zillow_Group_External/job/Mexico-City/Principal-Full-Stack-Software-Development-Engineer---Mexico_P751467,live,200,2026-10-06,2026-10-09,0,engineering,eng,workday,Real Estate Marketplace,Washington,B,workday:zillow:/job/Mexico-City/Principal-Full-Stack-Software-Development-Engineer---Mexico_P751467
Zillow Group,"Principal Machine Learning Engineer, Agentic AI",Remote-USA,https://zillow.wd5.myworkdayjobs.com/Zillow_Group_External/job/Remote-USA/Principal-Machine-Learning-Engineer--Agentic-AI_P747954,live,200,2026-09-17,2026-09-24,15,engineering,eng,workday,Real Estate Marketplace,Washington,B,workday:zillow:/job/Remote-USA/Principal-Machine-Learning-Engineer--Agentic-AI_P747954
Zillow Group,"Principal Product Manager, Platform Engineering",Remote-USA,https://zillow.wd5.myworkdayjobs.com/Zillow_Group_External/job/Remote-USA/Principal-Product-Manager--Platform-Engineering_P751187-1,"listed in ATS, not rechecked",0,2026-09-09,2026-09-24,15,engineering,product,workday,Real Estate Marketplace,Washington,B,workday:zillow:/job/Remote-USA/Principal-Product-Manager--Platform-Engineering_P751187-1
Zillow Group,Principal Security Engineer,Bengaluru,https://zillow.wd5.myworkdayjobs.com/Zillow_Group_External/job/Bengaluru/Principal-Security-Engineer_P750881,"listed in ATS, not rechecked",0,2026-09-09,2026-09-24,15,engineering,eng,workday,Real Estate Marketplace,Washington,B,workday:zillow:/job/Bengaluru/Principal-Security-Engineer_P750881
Zillow Group,Principal Software Development Engineer,Bengaluru,https://zillow.wd5.myworkdayjobs.com/Zillow_Group_External/job/Bengaluru/Principal-Software-Development-Engineer_P751084-1,live,200,2026-09-09,2026-09-24,15,engineering,eng,workday,Real Estate Marketplace,Washington,B,workday:zillow:/job/Bengaluru/Principal-Software-Development-Engineer_P751084-1
Zillow Group,"Principal Software Development Engineer, Backend",Remote-USA,https://zillow.wd5.myworkdayjobs.com/Zillow_Group_External/job/Remote-USA/Principal-Software-Development-Engineer--Backend_P751304-1,live,200,2026-10-02,2026-09-24,15,engineering,eng,workday,Real Estate Marketplace,Washington,B,workday:zillow:/job/Remote-USA/Principal-Software-Development-Engineer--Backend_P751304-1
Zillow Group,"Principal Software Development Engineer, Full Stack",Remote-USA,https://zillow.wd5.myworkdayjobs.com/Zillow_Group_External/job/Remote-USA/Principal-Software-Development-Engineer--Full-Stack_P751216-1,"listed in ATS, not rechecked",0,2026-09-09,2026-09-24,15,engineering,eng,workday,Real Estate Marketplace,Washington,B,workday:zillow:/job/Remote-USA/Principal-Software-Development-Engineer--Full-Stack_P751216-1
Zillow Group,"Principal Software Development Engineer, iOS",Mexico City,https://zillow.wd5.myworkdayjobs.com/Zillow_Group_External/job/Mexico-City/Principal-Software-Development-Engineer--iOS_P751476,"listed in ATS, not rechecked",0,2026-10-05,2026-10-09,0,engineering,eng,workday,Real Estate Marketplace,Washington,B,workday:zillow:/job/Mexico-City/Principal-Software-Development-Engineer--iOS_P751476
Zillow Group,"Sales Executive, SMB, Rentals",Remote-USA,https://zillow.wd5.myworkdayjobs.com/Zillow_Group_External/job/Remote-USA/Sales-Executive--SMB--Rentals_P750747-2,live,200,,2026-09-24,15,sales,sales,workday,Real Estate Marketplace,Washington,B,workday:zillow:/job/Remote-USA/Sales-Executive--SMB--Rentals_P750747-2
Zillow Group,"Sales Manager, Mid-Market, Rentals",Remote-USA,https://zillow.wd5.myworkdayjobs.com/Zillow_Group_External/job/Remote-USA/Sales-Manager--Mid-Market--Rentals_P751453-1,"listed in ATS, not rechecked",0,2026-10-02,2026-09-30,9,sales,sales,workday,Real Estate Marketplace,Washington,B,workday:zillow:/job/Remote-USA/Sales-Manager--Mid-Market--Rentals_P751453-1
Zillow Group,"Senior AI-Native Product Engineer, Full Stack",Mexico City,https://zillow.wd5.myworkdayjobs.com/Zillow_Group_External/job/Mexico-City/Senior-AI-Native-Product-Engineer--Full-Stack_P750225,live,200,2026-09-09,2026-09-24,15,engineering,eng,workday,Real Estate Marketplace,Washington,B,workday:zillow:/job/Mexico-City/Senior-AI-Native-Product-Engineer--Full-Stack_P750225
Zillow Group,"Senior AI-Native Product Engineer, Mobile",Remote-USA,https://zillow.wd5.myworkdayjobs.com/Zillow_Group_External/job/Remote-USA/Senior-AI-Native-Product-Engineer--Mobile_P751267-1,"listed in ATS, not rechecked",0,2026-10-02,2026-09-24,15,engineering,eng,workday,Real Estate Marketplace,Washington,B,workday:zillow:/job/Remote-USA/Senior-AI-Native-Product-Engineer--Mobile_P751267-1
Zillow Group,Senior Analytics Engineer,Bengaluru,https://zillow.wd5.myworkdayjobs.com/Zillow_Group_External/job/Bengaluru/Senior-Analytics-Engineer_P751462-2,live,200,,2026-10-09,0,engineering,eng,workday,Real Estate Marketplace,Washington,B,workday:zillow:/job/Bengaluru/Senior-Analytics-Engineer_P751462-2
Zillow Group,Senior Analytics Engineer,Remote-USA,https://zillow.wd5.myworkdayjobs.com/Zillow_Group_External/job/Remote-USA/Data-Scientist--Trust---Safety---Rentals_P750990-1,live,200,2026-10-05,2026-10-04,5,engineering,eng,workday,Real Estate Marketplace,Washington,B,workday:zillow:/job/Remote-USA/Data-Scientist--Trust---Safety---Rentals_P750990-1
Zillow Group,Senior Analytics Engineer,Mexico City,https://zillow.wd5.myworkdayjobs.com/Zillow_Group_External/job/Mexico-City/Senior-Analytics-Engineer_P751208-1,live,200,2026-09-09,2026-09-24,15,engineering,eng,workday,Real Estate Marketplace,Washington,B,workday:zillow:/job/Mexico-City/Senior-Analytics-Engineer_P751208-1
Zillow Group,"Senior Applications Developer, Incentive Planning and Finance Operations",Remote-USA,https://zillow.wd5.myworkdayjobs.com/Zillow_Group_External/job/Remote-USA/Senior-Applications-Developer--Incentive-Planning-and-Finance-Operations_P751382-1,live,200,,2026-09-24,15,engineering,ops,workday,Real Estate Marketplace,Washington,B,workday:zillow:/job/Remote-USA/Senior-Applications-Developer--Incentive-Planning-and-Finance-Operations_P751382-1
Zillow Group,Senior Backend Software Development Engineer - Mexico,Mexico City,https://zillow.wd5.myworkdayjobs.com/Zillow_Group_External/job/Mexico-City/Senior-Backend-Software-Development-Engineer---Mexico_P751469-1,"listed in ATS, not rechecked",0,2026-10-06,2026-10-09,0,engineering,eng,workday,Real Estate Marketplace,Washington,B,workday:zillow:/job/Mexico-City/Senior-Backend-Software-Development-Engineer---Mexico_P751469-1
Zillow Group,"Senior Engineering Manager, Software Engineering",Bengaluru,https://zillow.wd5.myworkdayjobs.com/Zillow_Group_External/job/Bengaluru/Senior-Engineering-Manager--Software-Engineering_P751320-1,live,200,2026-10-06,2026-10-09,0,engineering,eng,workday,Real Estate Marketplace,Washington,B,workday:zillow:/job/Bengaluru/Senior-Engineering-Manager--Software-Engineering_P751320-1
Zillow Group,"Senior Engineering Manager, Software Engineering",Bengaluru,https://zillow.wd5.myworkdayjobs.com/Zillow_Group_External/job/Bengaluru/Senior-Engineering-Manager--Software-Engineering_P751057-1,live,200,2026-09-09,2026-09-24,15,engineering,eng,workday,Real Estate Marketplace,Washington,B,workday:zillow:/job/Bengaluru/Senior-Engineering-Manager--Software-Engineering_P751057-1
Zillow Group,Senior Full Stack Software Development Engineer - Mexico,Mexico City,https://zillow.wd5.myworkdayjobs.com/Zillow_Group_External/job/Mexico-City/Senior-Full-Stack-Software-Development-Engineer---Mexico_P751466,live,200,2026-10-06,2026-10-09,0,engineering,eng,workday,Real Estate Marketplace,Washington,B,workday:zillow:/job/Mexico-City/Senior-Full-Stack-Software-Development-Engineer---Mexico_P751466
Zillow Group,Senior Full Stack Software Development Engineer - Mexico,Mexico City,https://zillow.wd5.myworkdayjobs.com/Zillow_Group_External/job/Mexico-City/Senior-Full-Stack-Software-Development-Engineer---Mexico_P749904-1,"listed in ATS, not rechecked",0,2026-09-09,2026-09-24,15,engineering,eng,workday,Real Estate Marketplace,Washington,B,workday:zillow:/job/Mexico-City/Senior-Full-Stack-Software-Development-Engineer---Mexico_P749904-1
Zillow Group,"Senior Machine Learning Engineer, Rich Media Experiences",Remote-USA,https://zillow.wd5.myworkdayjobs.com/Zillow_Group_External/job/Remote-USA/Senior-Machine-Learning-Engineer--Rich-Media-Experiences_P750278-1,"listed in ATS, not rechecked",0,2026-10-02,2026-09-24,15,engineering,eng,workday,Real Estate Marketplace,Washington,B,workday:zillow:/job/Remote-USA/Senior-Machine-Learning-Engineer--Rich-Media-Experiences_P750278-1
Zillow Group,"Senior Manager, Ads and Marketing Data Science",Bengaluru,https://zillow.wd5.myworkdayjobs.com/Zillow_Group_External/job/Bengaluru/Senior-Manager--Ads-and-Marketing-Data-Science_P750305,"listed in ATS, not rechecked",0,2026-10-01,2026-10-02,7,gtm,,workday,Real Estate Marketplace,Washington,B,workday:zillow:/job/Bengaluru/Senior-Manager--Ads-and-Marketing-Data-Science_P750305
Zillow Group,"Senior Manager, B2B Paid Marketing",Remote-USA,https://zillow.wd5.myworkdayjobs.com/Zillow_Group_External/job/Remote-USA/Senior-Manager--B2B-Paid-Marketing_P751345-1,live,200,2026-10-01,2026-09-24,15,gtm,,workday,Real Estate Marketplace,Washington,B,workday:zillow:/job/Remote-USA/Senior-Manager--B2B-Paid-Marketing_P751345-1
Zillow Group,"Senior Manager, Software Development Engineering",Remote-USA,https://zillow.wd5.myworkdayjobs.com/Zillow_Group_External/job/Remote-USA/Senior-Manager--Software-Development-Engineering_P751380-1,live,200,2026-09-22,2026-09-24,15,engineering,eng,workday,Real Estate Marketplace,Washington,B,workday:zillow:/job/Remote-USA/Senior-Manager--Software-Development-Engineering_P751380-1
Zillow Group,Senior Marketing Technologist,Mexico City,https://zillow.wd5.myworkdayjobs.com/Zillow_Group_External/job/Mexico-City/Senior-Marketing-Technologist_P751514-2,live,200,2026-10-05,2026-10-09,0,gtm,,workday,Real Estate Marketplace,Washington,B,workday:zillow:/job/Mexico-City/Senior-Marketing-Technologist_P751514-2
Zillow Group,Senior Marketing Technologist,Bengaluru,https://zillow.wd5.myworkdayjobs.com/Zillow_Group_External/job/Bengaluru/Senior-Marketing-Technologist_P751179-1,live,200,2026-09-23,2026-09-24,15,gtm,,workday,Real Estate Marketplace,Washington,B,workday:zillow:/job/Bengaluru/Senior-Marketing-Technologist_P751179-1
Zillow Group,"Senior Marketing Technologist, Customer Data Platform",Bengaluru,https://zillow.wd5.myworkdayjobs.com/Zillow_Group_External/job/Bengaluru/Senior-Marketing-Technologist--Customer-Data-Platform_P751171-1,"listed in ATS, not rechecked",0,2026-10-06,2026-10-09,0,gtm,,workday,Real Estate Marketplace,Washington,B,workday:zillow:/job/Bengaluru/Senior-Marketing-Technologist--Customer-Data-Platform_P751171-1
Zillow Group,"Senior Marketing Technology Architect, StreetEasy",Remote-USA,https://zillow.wd5.myworkdayjobs.com/Zillow_Group_External/job/Remote-USA/Senior-Marketing-Technology-Architect--StreetEasy_P751029-1,live,200,2026-09-09,2026-09-24,15,gtm,eng,workday,Real Estate Marketplace,Washington,B,workday:zillow:/job/Remote-USA/Senior-Marketing-Technology-Architect--StreetEasy_P751029-1
Zillow Group,Senior Network Engineer,Bengaluru,https://zillow.wd5.myworkdayjobs.com/Zillow_Group_External/job/Bengaluru/Senior-Network-Engineer_P751083-1,live,200,2026-09-09,2026-09-24,15,engineering,eng,workday,Real Estate Marketplace,Washington,B,workday:zillow:/job/Bengaluru/Senior-Network-Engineer_P751083-1
Zillow Group,Senior Sales Systems Manager,Remote-USA,https://zillow.wd5.myworkdayjobs.com/Zillow_Group_External/job/Remote-USA/Senior-Sales-Systems-Manager_P751503-2,live,200,,2026-10-02,7,sales,sales,workday,Real Estate Marketplace,Washington,B,workday:zillow:/job/Remote-USA/Senior-Sales-Systems-Manager_P751503-2
Zillow Group,Senior Software Development Engineer,Bengaluru,https://zillow.wd5.myworkdayjobs.com/Zillow_Group_External/job/Bengaluru/Senior-Software-Development-Engineer-1_P751071-1,live,200,2026-10-09,2026-09-24,15,engineering,eng,workday,Real Estate Marketplace,Washington,B,workday:zillow:/job/Bengaluru/Senior-Software-Development-Engineer-1_P751071-1
Zillow Group,Senior Software Development Engineer,Mexico City,https://zillow.wd5.myworkdayjobs.com/Zillow_Group_External/job/Mexico-City/Senior-Software-Development-Engineer_P751150,live,200,2026-10-07,2026-10-09,0,engineering,eng,workday,Real Estate Marketplace,Washington,B,workday:zillow:/job/Mexico-City/Senior-Software-Development-Engineer_P751150
Zillow Group,Senior Software Development Engineer,Mexico City,https://zillow.wd5.myworkdayjobs.com/Zillow_Group_External/job/Mexico-City/Senior-Software-Development-Engineer_P751457,live,200,2026-10-05,2026-10-09,0,engineering,eng,workday,Real Estate Marketplace,Washington,B,workday:zillow:/job/Mexico-City/Senior-Software-Development-Engineer_P751457
Zillow Group,Senior Software Development Engineer,Remote-USA,https://zillow.wd5.myworkdayjobs.com/Zillow_Group_External/job/Remote-USA/Senior-Software-Development-Engineer_P751030-1,"listed in ATS, not rechecked",0,2026-10-02,2026-09-24,15,engineering,eng,workday,Real Estate Marketplace,Washington,B,workday:zillow:/job/Remote-USA/Senior-Software-Development-Engineer_P751030-1
Zillow Group,Senior Software Infrastructure Engineer - AI Tooling,Mexico City,https://zillow.wd5.myworkdayjobs.com/Zillow_Group_External/job/Mexico-City/Senior-Software-Infrastructure-Engineer---AI-Tooling_P751193,live,200,2026-09-09,2026-09-24,15,engineering,eng,workday,Real Estate Marketplace,Washington,B,workday:zillow:/job/Mexico-City/Senior-Software-Infrastructure-Engineer---AI-Tooling_P751193
Zillow Group,Senior Systems Engineer,Mexico City,https://zillow.wd5.myworkdayjobs.com/Zillow_Group_External/job/Mexico-City/Senior-Systems-Engineer_P749827-1,live,200,2026-09-09,2026-09-24,15,engineering,eng,workday,Real Estate Marketplace,Washington,B,workday:zillow:/job/Mexico-City/Senior-Systems-Engineer_P749827-1
Zillow Group,Senior iOS Engineer - Mexico,Mexico City,https://zillow.wd5.myworkdayjobs.com/Zillow_Group_External/job/Mexico-City/Senior-iOS-Engineer---Mexico_P751475,"listed in ATS, not rechecked",0,2026-10-05,2026-10-09,0,engineering,eng,workday,Real Estate Marketplace,Washington,B,workday:zillow:/job/Mexico-City/Senior-iOS-Engineer---Mexico_P751475
Zillow Group,Software Development Engineer,Mexico City,https://zillow.wd5.myworkdayjobs.com/Zillow_Group_External/job/Mexico-City/Software-Development-Engineer_P751322,live,200,2026-10-04,2026-10-09,0,engineering,eng,workday,Real Estate Marketplace,Washington,B,workday:zillow:/job/Mexico-City/Software-Development-Engineer_P751322
Zillow Group,Software Development Engineer,Remote-USA,https://zillow.wd5.myworkdayjobs.com/Zillow_Group_External/job/Remote-USA/Software-Development-Engineer_P748929-1,live,200,2026-10-02,2026-09-24,15,engineering,eng,workday,Real Estate Marketplace,Washington,B,workday:zillow:/job/Remote-USA/Software-Development-Engineer_P748929-1
Zillow Group,Software Development Engineer - Fullstack,Remote-USA,https://zillow.wd5.myworkdayjobs.com/Zillow_Group_External/job/Remote-USA/Software-Development-Engineer---Fullstack_P751269-1,"listed in ATS, not rechecked",0,2026-10-01,2026-09-24,15,engineering,eng,workday,Real Estate Marketplace,Washington,B,workday:zillow:/job/Remote-USA/Software-Development-Engineer---Fullstack_P751269-1
Zillow Group,"Software Development Engineer, Backend (Go/Python)",Mexico City,https://zillow.wd5.myworkdayjobs.com/Zillow_Group_External/job/Mexico-City/Software-Development-Engineer--Backend--Go-Python-_P751308-1,live,200,2026-09-24,2026-09-28,11,engineering,eng,workday,Real Estate Marketplace,Washington,B,workday:zillow:/job/Mexico-City/Software-Development-Engineer--Backend--Go-Python-_P751308-1
Zillow Group,"Software Development Engineer, Backend (Python /Kubernetes)",Mexico City,https://zillow.wd5.myworkdayjobs.com/Zillow_Group_External/job/Mexico-City/Software-Development-Engineer--Backend--Python--Kubernetes-_P751307-1,"listed in ATS, not rechecked",0,2026-09-23,2026-09-24,15,engineering,eng,workday,Real Estate Marketplace,Washington,B,workday:zillow:/job/Mexico-City/Software-Development-Engineer--Backend--Python--Kubernetes-_P751307-1
Zillow Group,"Software Engineer, iOS - Mexico",Mexico City,https://zillow.wd5.myworkdayjobs.com/Zillow_Group_External/job/Mexico-City/Software-Engineer--iOS---Mexico_P751474,live,200,2026-10-05,2026-10-09,0,engineering,eng,workday,Real Estate Marketplace,Washington,B,workday:zillow:/job/Mexico-City/Software-Engineer--iOS---Mexico_P751474
Zillow Group,Sr ServiceNow Developer,Bengaluru,https://zillow.wd5.myworkdayjobs.com/Zillow_Group_External/job/Bengaluru/Sr-ServiceNow-Developer_P751128-1,"listed in ATS, not rechecked",0,2026-09-17,2026-09-24,15,engineering,eng,workday,Real Estate Marketplace,Washington,B,workday:zillow:/job/Bengaluru/Sr-ServiceNow-Developer_P751128-1
Zillow Group,Sr Workday Applications Engineer,Bengaluru,https://zillow.wd5.myworkdayjobs.com/Zillow_Group_External/job/Bengaluru/Sr-Workday-Applications-Engineer_P751125-1,live,200,2026-09-17,2026-09-24,15,engineering,eng,workday,Real Estate Marketplace,Washington,B,workday:zillow:/job/Bengaluru/Sr-Workday-Applications-Engineer_P751125-1
Zillow Group,"Strategic Account Executive, Agent Software and Advertising",Remote-USA,https://zillow.wd5.myworkdayjobs.com/Zillow_Group_External/job/Remote-USA/Strategic-Account-Executive--Agent-Software-and-Advertising_P751556-2,"listed in ATS, not rechecked",0,,2026-10-09,0,sales,sales,workday,Real Estate Marketplace,Washington,B,workday:zillow:/job/Remote-USA/Strategic-Account-Executive--Agent-Software-and-Advertising_P751556-2
Zillow Group,"Technical Customer Success Manager, API",Remote-CA,https://zillow.wd5.myworkdayjobs.com/Zillow_Group_External/job/Remote-CA/Technical-Customer-Success-Manager--API_P750643,"listed in ATS, not rechecked",0,2026-09-15,2026-09-24,15,gtm,customer,workday,Real Estate Marketplace,Washington,B,workday:zillow:/job/Remote-CA/Technical-Customer-Success-Manager--API_P750643
Zillow Group,Video Content Producer,Remote-USA,https://zillow.wd5.myworkdayjobs.com/Zillow_Group_External/job/Remote-USA/Video-Content-Producer_P751441-1,"listed in ATS, not rechecked",0,2026-10-09,2026-10-09,0,gtm,,workday,Real Estate Marketplace,Washington,B,workday:zillow:/job/Remote-USA/Video-Content-Producer_P751441-1
