company,title,location,url,posted_at,first_seen,days_open,focus,ats,segment,state,tier,job_key
AppFolio,Account Executive - Corporate,"Remote - California, United States",https://jobs.jobvite.com/appfolio-internal/job/ofuzAfwC,,2026-09-16,7,sales,jobvite,Property Management Software,California,A,jobvite:appfolio-internal:ofuzAfwC
AppFolio,Account Executive - SMB,"Santa Barbara, California",https://jobs.jobvite.com/appfolio-internal/job/obaXyfwA,,2026-09-16,7,sales,jobvite,Property Management Software,California,A,jobvite:appfolio-internal:obaXyfwA
AppFolio,Account Executive - SMB IM,3 Locations,https://jobs.jobvite.com/appfolio-internal/job/oumCAfwM,,2026-09-16,7,sales,jobvite,Property Management Software,California,A,jobvite:appfolio-internal:oumCAfwM
AppFolio,Business Development Representative - SMB,"Santa Barbara, California",https://jobs.jobvite.com/appfolio-internal/job/o1Rgzfwr,,2026-09-16,7,sales,jobvite,Property Management Software,California,A,jobvite:appfolio-internal:o1Rgzfwr
AppFolio,Business Development Representative - Upmarket,"Dallas, Texas",https://jobs.jobvite.com/appfolio-internal/job/owWhzfw2,,2026-09-16,7,sales,jobvite,Property Management Software,California,A,jobvite:appfolio-internal:owWhzfw2
AppFolio,Corporate Counsel,"Santa Barbara, California",https://jobs.jobvite.com/appfolio-internal/job/o7QHAfwY,,2026-09-16,7,,jobvite,Property Management Software,California,A,jobvite:appfolio-internal:o7QHAfwY
AppFolio,Data Migration Specialist II,"Remote, United States",https://jobs.jobvite.com/appfolio-internal/job/ou0zAfwn,,2026-09-16,7,,jobvite,Property Management Software,California,A,jobvite:appfolio-internal:ou0zAfwn
AppFolio,Enterprise Account Executive,3 Locations,https://jobs.jobvite.com/appfolio-internal/job/o4KBAfwJ,,2026-09-16,7,sales,jobvite,Property Management Software,California,A,jobvite:appfolio-internal:o4KBAfwJ
AppFolio,Growth Account Executive - Mid-Market,4 Locations,https://jobs.jobvite.com/appfolio-internal/job/oN6LAfwY,,2026-09-16,7,sales,jobvite,Property Management Software,California,A,jobvite:appfolio-internal:oN6LAfwY
AppFolio,Growth Account Executive - SMB,3 Locations,https://jobs.jobvite.com/appfolio-internal/job/ojIGzfw0,,2026-09-16,7,sales,jobvite,Property Management Software,California,A,jobvite:appfolio-internal:ojIGzfw0
AppFolio,Growth Account Executive - Strategic,"Remote, United States",https://jobs.jobvite.com/appfolio-internal/job/oX6LAfw8,,2026-09-16,7,sales,jobvite,Property Management Software,California,A,jobvite:appfolio-internal:oX6LAfw8
AppFolio,Horizon Business Development Representative,"Dallas, Texas",https://jobs.jobvite.com/appfolio-internal/job/oS6EAfwW,,2026-09-16,7,sales,jobvite,Property Management Software,California,A,jobvite:appfolio-internal:oS6EAfwW
AppFolio,Inbound Sales Representative,"Columbus, Ohio",https://jobs.jobvite.com/appfolio-internal/job/ows5zfwm,,2026-09-16,7,sales,jobvite,Property Management Software,California,A,jobvite:appfolio-internal:ows5zfwm
AppFolio,"Manager, Business Development Dallas, Texas",Sr. Staff IT Enterprise Architect,https://jobs.jobvite.com/appfolio-internal/job/oltHAfwP,,2026-09-16,7,sales,jobvite,Property Management Software,California,A,jobvite:appfolio-internal:oltHAfwP
AppFolio,"Manager, Growth Sales - Mid-Market",3 Locations,https://jobs.jobvite.com/appfolio-internal/job/om6LAfwx,,2026-09-16,7,sales,jobvite,Property Management Software,California,A,jobvite:appfolio-internal:om6LAfwx
AppFolio,"Manager, Growth Sales - SMB",3 Locations,https://jobs.jobvite.com/appfolio-internal/job/oc6LAfwn,,2026-09-16,7,sales,jobvite,Property Management Software,California,A,jobvite:appfolio-internal:oc6LAfwn
AppFolio,"Manager, Upmarket Business Development","Dallas, Texas",https://jobs.jobvite.com/appfolio-internal/job/oQuGAfwk,,2026-09-16,7,sales,jobvite,Property Management Software,California,A,jobvite:appfolio-internal:oQuGAfwk
AppFolio,Principal Machine Learning Engineer,3 Locations,https://jobs.jobvite.com/appfolio-internal/job/oHM2zfwO,,2026-09-16,7,eng,jobvite,Property Management Software,California,A,jobvite:appfolio-internal:oHM2zfwO
AppFolio,Sr. Machine Learning Engineer,9 Locations,https://jobs.jobvite.com/appfolio-internal/job/o2KCAfwI,,2026-09-16,7,eng,jobvite,Property Management Software,California,A,jobvite:appfolio-internal:o2KCAfwI
AppFolio,Sr. Product Adoption Specialist (Affordable Housing),3 Locations,https://jobs.jobvite.com/appfolio-internal/job/o6jaAfwT,,2026-09-16,7,,jobvite,Property Management Software,California,A,jobvite:appfolio-internal:o6jaAfwT
AppFolio,Sr. Software Engineer - Affordable Housing,9 Locations,https://jobs.jobvite.com/appfolio-internal/job/of3MAfwo,,2026-09-16,7,eng,jobvite,Property Management Software,California,A,jobvite:appfolio-internal:of3MAfwo
AppFolio,Sr. Software Engineer - Platform Permissions,8 Locations,https://jobs.jobvite.com/appfolio-internal/job/oe3MAfwn,,2026-09-16,7,eng,jobvite,Property Management Software,California,A,jobvite:appfolio-internal:oe3MAfwn
AppFolio,Sr. User Experience Designer,4 Locations,https://jobs.jobvite.com/appfolio-internal/job/o2exAfw7,,2026-09-16,7,,jobvite,Property Management Software,California,A,jobvite:appfolio-internal:o2exAfw7
AppFolio,Staff Machine Learning Engineer,4 Locations,https://jobs.jobvite.com/appfolio-internal/job/onsbAfwk,,2026-09-16,7,eng,jobvite,Property Management Software,California,A,jobvite:appfolio-internal:onsbAfwk
AppFolio,Staff Machine Learning Engineer - Leasing,8 Locations,https://jobs.jobvite.com/appfolio-internal/job/oVDkAfwc,,2026-09-16,7,ops,jobvite,Property Management Software,California,A,jobvite:appfolio-internal:oVDkAfwc
AppFolio,Staff Software Engineer - Resident Concierge,9 Locations,https://jobs.jobvite.com/appfolio-internal/job/o0ggzfwP,,2026-09-16,7,eng,jobvite,Property Management Software,California,A,jobvite:appfolio-internal:o0ggzfwP
AppFolio,User Experience Designer,9 Locations,https://jobs.jobvite.com/appfolio-internal/job/obtIAfwG,,2026-09-16,7,,jobvite,Property Management Software,California,A,jobvite:appfolio-internal:obtIAfwG
AppFolio,"VP, Total Rewards",9 Locations,https://jobs.jobvite.com/appfolio-internal/job/oMcIAfw0,,2026-09-16,7,,jobvite,Property Management Software,California,A,jobvite:appfolio-internal:oMcIAfw0
ButterflyMX,Channel Sales Territory Manager,US Remote ,https://jobs.ashbyhq.com/butterflymx/c453712d-20aa-4834-af5e-c80fb3a294f1,2026-09-08,2026-09-23,0,sales,ashby,Smart Access / Intercom Systems,New York,A,ashby:butterflymx:c453712d-20aa-4834-af5e-c80fb3a294f1
ButterflyMX,Channel Sales Territory Manager,California ,https://jobs.ashbyhq.com/butterflymx/166085d4-004e-4683-b41c-b55b51652fac,2026-09-01,2026-09-23,0,sales,ashby,Smart Access / Intercom Systems,New York,A,ashby:butterflymx:166085d4-004e-4683-b41c-b55b51652fac
ButterflyMX,Channel Sales Territory Manager,Denver,https://jobs.ashbyhq.com/butterflymx/039b5261-a185-47ea-9f92-1a096f7e54aa,2026-09-03,2026-09-23,0,sales,ashby,Smart Access / Intercom Systems,New York,A,ashby:butterflymx:039b5261-a185-47ea-9f92-1a096f7e54aa
ButterflyMX,Channel Sales Territory Manager,Oregon,https://jobs.ashbyhq.com/butterflymx/f61aa023-9534-4e77-ab80-1f103d1d37f4,2026-09-08,2026-09-23,0,sales,ashby,Smart Access / Intercom Systems,New York,A,ashby:butterflymx:f61aa023-9534-4e77-ab80-1f103d1d37f4
ButterflyMX,Channel Sales Territory Manager,Washington,https://jobs.ashbyhq.com/butterflymx/553ee469-c57d-4179-aa21-9683d85ae967,2026-09-08,2026-09-23,0,sales,ashby,Smart Access / Intercom Systems,New York,A,ashby:butterflymx:553ee469-c57d-4179-aa21-9683d85ae967
ButterflyMX,Channel Sales Territory Manager,Nevada,https://jobs.ashbyhq.com/butterflymx/4729cd96-7577-41cd-96f9-c980f92069ba,2026-09-08,2026-09-23,0,sales,ashby,Smart Access / Intercom Systems,New York,A,ashby:butterflymx:4729cd96-7577-41cd-96f9-c980f92069ba
ButterflyMX,Channel Sales Territory Manager,Utah,https://jobs.ashbyhq.com/butterflymx/44343ef2-19aa-425a-a50e-996d7a69ef41,2026-09-08,2026-09-23,0,sales,ashby,Smart Access / Intercom Systems,New York,A,ashby:butterflymx:44343ef2-19aa-425a-a50e-996d7a69ef41
ButterflyMX,Channel Sales Territory Manager,Arizona,https://jobs.ashbyhq.com/butterflymx/828aa0d3-4fd1-42f3-bb29-ef96aa7e00bb,2026-09-08,2026-09-23,0,sales,ashby,Smart Access / Intercom Systems,New York,A,ashby:butterflymx:828aa0d3-4fd1-42f3-bb29-ef96aa7e00bb
ButterflyMX,Creative Content Strategist,US Remote ,https://jobs.ashbyhq.com/butterflymx/dd416eab-7483-48e6-899e-aa977b6aa8f8,2026-07-15,2026-09-23,0,,ashby,Smart Access / Intercom Systems,New York,A,ashby:butterflymx:dd416eab-7483-48e6-899e-aa977b6aa8f8
ButterflyMX,Director of Information Technology,NYC Headquarters ,https://jobs.ashbyhq.com/butterflymx/645df0f0-4002-402c-b17a-8616de18ef92,2026-07-17,2026-09-23,0,leadership,ashby,Smart Access / Intercom Systems,New York,A,ashby:butterflymx:645df0f0-4002-402c-b17a-8616de18ef92
ButterflyMX,"Director, AI Strategy & Transformation",US Remote ,https://jobs.ashbyhq.com/butterflymx/3834c6df-0292-4c85-b035-c16fb1f22541,2026-07-21,2026-09-23,0,leadership,ashby,Smart Access / Intercom Systems,New York,A,ashby:butterflymx:3834c6df-0292-4c85-b035-c16fb1f22541
ButterflyMX,Firmware Engineer,Irvine Office/Warehouse ,https://jobs.ashbyhq.com/butterflymx/6c7e9c7e-e244-4aeb-8d0c-c00aa1154234,2026-09-15,2026-09-23,0,eng,ashby,Smart Access / Intercom Systems,New York,A,ashby:butterflymx:6c7e9c7e-e244-4aeb-8d0c-c00aa1154234
ButterflyMX,GRC Engineer,NYC Headquarters ,https://jobs.ashbyhq.com/butterflymx/4cf27e51-ff48-4d42-b764-6725905c41c0,2026-07-07,2026-09-23,0,eng,ashby,Smart Access / Intercom Systems,New York,A,ashby:butterflymx:4cf27e51-ff48-4d42-b764-6725905c41c0
ButterflyMX,GRC Engineer,US Remote ,https://jobs.ashbyhq.com/butterflymx/b6fc5622-af7e-4176-a21a-7303846072c0,2026-08-05,2026-09-23,0,eng,ashby,Smart Access / Intercom Systems,New York,A,ashby:butterflymx:b6fc5622-af7e-4176-a21a-7303846072c0
ButterflyMX,Hardware Engineering Technician,Irvine Office/Warehouse ,https://jobs.ashbyhq.com/butterflymx/0e377112-e3b2-41cd-8bc5-c5450d6ab2e7,2026-09-15,2026-09-23,0,eng,ashby,Smart Access / Intercom Systems,New York,A,ashby:butterflymx:0e377112-e3b2-41cd-8bc5-c5450d6ab2e7
ButterflyMX,"Manager, Software Engineering",US Remote ,https://jobs.ashbyhq.com/butterflymx/fa4e4dcb-a5e7-432a-a600-858848a21165,2026-06-15,2026-09-23,0,eng,ashby,Smart Access / Intercom Systems,New York,A,ashby:butterflymx:fa4e4dcb-a5e7-432a-a600-858848a21165
ButterflyMX,Principal AI-Native Software Engineer,US Remote ,https://jobs.ashbyhq.com/butterflymx/7810fd75-c722-4596-8b43-b2db3da4f490,2026-08-17,2026-09-23,0,eng,ashby,Smart Access / Intercom Systems,New York,A,ashby:butterflymx:7810fd75-c722-4596-8b43-b2db3da4f490
ButterflyMX,"Principal Product Manager, Mobile",US Remote ,https://jobs.ashbyhq.com/butterflymx/fbef2dbc-122b-4ae7-b3cc-93f4d427394f,2026-09-21,2026-09-23,0,product,ashby,Smart Access / Intercom Systems,New York,A,ashby:butterflymx:fbef2dbc-122b-4ae7-b3cc-93f4d427394f
ButterflyMX,Sales Account Executive,US Remote ,https://jobs.ashbyhq.com/butterflymx/0726d861-9b50-480e-b74e-f8f02ee613fa,2026-08-14,2026-09-23,0,sales,ashby,Smart Access / Intercom Systems,New York,A,ashby:butterflymx:0726d861-9b50-480e-b74e-f8f02ee613fa
ButterflyMX,Sales Account Executive (Hybrid),NYC Headquarters ,https://jobs.ashbyhq.com/butterflymx/10d8b77f-ea90-4714-9481-1ab0656fc355,2026-09-08,2026-09-23,0,sales,ashby,Smart Access / Intercom Systems,New York,A,ashby:butterflymx:10d8b77f-ea90-4714-9481-1ab0656fc355
ButterflyMX,Sr. Security Engineer,NYC Headquarters ,https://jobs.ashbyhq.com/butterflymx/ed40d382-a526-4a00-82b3-737ac1627961,2026-07-07,2026-09-23,0,eng,ashby,Smart Access / Intercom Systems,New York,A,ashby:butterflymx:ed40d382-a526-4a00-82b3-737ac1627961
ButterflyMX,Staff Product Designer,US Remote ,https://jobs.ashbyhq.com/butterflymx/5bb10b58-c7ab-4bd0-b24d-b36d7325db15,2026-07-15,2026-09-23,0,,ashby,Smart Access / Intercom Systems,New York,A,ashby:butterflymx:5bb10b58-c7ab-4bd0-b24d-b36d7325db15
ButterflyMX,Vice President of Data,US Remote ,https://jobs.ashbyhq.com/butterflymx/f71674ae-e2e9-4116-91fd-341cccd0407d,2026-07-23,2026-09-23,0,leadership,ashby,Smart Access / Intercom Systems,New York,A,ashby:butterflymx:f71674ae-e2e9-4116-91fd-341cccd0407d
Cherre,General Role,"New York, New York",https://jobs.lever.co/cherre/8ff8ee51-077c-41eb-b482-bed7fef233a0,2022-03-18,2026-09-23,0,,lever,Real Estate Data Integration Platform,New York,A,lever:cherre:8ff8ee51-077c-41eb-b482-bed7fef233a0
Digible,Account Executive - Digital Marketing,Remote,https://job-boards.greenhouse.io/digible/jobs/6123850004,2026-07-23,2026-09-23,0,sales,greenhouse,Multifamily Marketing Agency/Tech,Colorado,A,greenhouse:digible:6123850004
Digible,Insights & Analytics Strategist,Remote,https://job-boards.greenhouse.io/digible/jobs/6134867004,2026-08-04,2026-09-23,0,,greenhouse,Multifamily Marketing Agency/Tech,Colorado,A,greenhouse:digible:6134867004
Digible,SEO Strategist,Remote,https://job-boards.greenhouse.io/digible/jobs/6206113004,2026-09-22,2026-09-23,0,,greenhouse,Multifamily Marketing Agency/Tech,Colorado,A,greenhouse:digible:6206113004
Digible,Senior Analytics Engineer,Remote,https://job-boards.greenhouse.io/digible/jobs/6134872004,2026-08-04,2026-09-23,0,eng,greenhouse,Multifamily Marketing Agency/Tech,Colorado,A,greenhouse:digible:6134872004
Digible,Senior Product Manager,Remote,https://job-boards.greenhouse.io/digible/jobs/6143696004,2026-08-13,2026-09-23,0,product,greenhouse,Multifamily Marketing Agency/Tech,Colorado,A,greenhouse:digible:6143696004
Digible,Staff Software Engineer,Remote,https://job-boards.greenhouse.io/digible/jobs/6128276004,2026-07-27,2026-09-23,0,eng,greenhouse,Multifamily Marketing Agency/Tech,Colorado,A,greenhouse:digible:6128276004
Entrata,Account Manager,"Lehi, Utah",https://jobs.lever.co/entrata/52176cdb-5728-45af-871d-4a76b4de59b1,2026-08-17,2026-09-23,0,customer,lever,Property Management Software (AI leasing/payments),Utah,A,lever:entrata:52176cdb-5728-45af-871d-4a76b4de59b1
Entrata,Background Verification Analyst,United States,https://jobs.lever.co/entrata/8e43b482-7866-4341-80b9-d7ad3f5a7be9,2026-05-27,2026-09-23,0,,lever,Property Management Software (AI leasing/payments),Utah,A,lever:entrata:8e43b482-7866-4341-80b9-d7ad3f5a7be9
Entrata,Background Verification Analyst (Spanish Speaking),United States,https://jobs.lever.co/entrata/becf7d8b-b26c-4532-8ff1-47d386270d4c,2025-09-29,2026-09-23,0,,lever,Property Management Software (AI leasing/payments),Utah,A,lever:entrata:becf7d8b-b26c-4532-8ff1-47d386270d4c
Entrata,"Director of Engineering, Payments","Lehi, Utah",https://jobs.lever.co/entrata/244e6927-2772-4fa6-8a1f-e053d0ea9810,2026-08-06,2026-09-23,0,leadership,lever,Property Management Software (AI leasing/payments),Utah,A,lever:entrata:244e6927-2772-4fa6-8a1f-e053d0ea9810
Entrata,Enterprise Inside Sales Executive,"Lehi, Utah",https://jobs.lever.co/entrata/b5f583d7-97ad-4526-bf5f-640449cf1c04,2026-07-27,2026-09-23,0,sales,lever,Property Management Software (AI leasing/payments),Utah,A,lever:entrata:b5f583d7-97ad-4526-bf5f-640449cf1c04
Entrata,Implementation Project Manager,United States,https://jobs.lever.co/entrata/8d97730a-3833-449e-8637-a7af26d562fb,2023-10-11,2026-09-23,0,customer,lever,Property Management Software (AI leasing/payments),Utah,A,lever:entrata:8d97730a-3833-449e-8637-a7af26d562fb
Entrata,India Contact Center Professional,"Pune, India",https://jobs.lever.co/entrata/d76ca49c-31ce-44d0-a481-a84d6e9a0d14,2025-11-27,2026-09-23,0,,lever,Property Management Software (AI leasing/payments),Utah,A,lever:entrata:d76ca49c-31ce-44d0-a481-a84d6e9a0d14
Entrata,Invoice Acquisition Specialist,"Pune, India",https://jobs.lever.co/entrata/95cb751f-89e1-4b84-a9b9-c52d88f09a9a,2023-07-31,2026-09-23,0,,lever,Property Management Software (AI leasing/payments),Utah,A,lever:entrata:95cb751f-89e1-4b84-a9b9-c52d88f09a9a
Entrata,"Product Manager, Utilities - Sustainability",United States,https://jobs.lever.co/entrata/d4d62702-7a35-4436-a689-97be9da222e1,2026-09-14,2026-09-23,0,product,lever,Property Management Software (AI leasing/payments),Utah,A,lever:entrata:d4d62702-7a35-4436-a689-97be9da222e1
Entrata,"Regional Vice President of Sales, Canada (IC-Enterprise)",Toronto,https://jobs.lever.co/entrata/1fe6b94d-5d86-4e8e-8272-36857a9b342f,2026-09-10,2026-09-23,0,sales,lever,Property Management Software (AI leasing/payments),Utah,A,lever:entrata:1fe6b94d-5d86-4e8e-8272-36857a9b342f
Entrata,"Regional Vice President of Sales, Central Region (IC-Enterprise)",Missouri,https://jobs.lever.co/entrata/02480379-5daa-43d7-a6b8-396f2b26df39,2026-05-22,2026-09-23,0,sales,lever,Property Management Software (AI leasing/payments),Utah,A,lever:entrata:02480379-5daa-43d7-a6b8-396f2b26df39
Entrata,"Regional Vice President of Sales, Central Region (IC-Enterprise)","Dallas, TX",https://jobs.lever.co/entrata/ec44b2d5-088f-4f50-9fd1-8f5e7b6796c0,2024-01-10,2026-09-23,0,sales,lever,Property Management Software (AI leasing/payments),Utah,A,lever:entrata:ec44b2d5-088f-4f50-9fd1-8f5e7b6796c0
Entrata,"Regional Vice President of Sales, East Region (IC-Enterprise)",Maryland,https://jobs.lever.co/entrata/dd699465-497c-49a2-8720-000db1d1feb0,2026-04-01,2026-09-23,0,sales,lever,Property Management Software (AI leasing/payments),Utah,A,lever:entrata:dd699465-497c-49a2-8720-000db1d1feb0
Entrata,"Regional Vice President of Sales, West Region (IC-Enterprise)",California,https://jobs.lever.co/entrata/8f6b75c0-5157-4db4-b600-6fa18303e16d,2026-05-18,2026-09-23,0,sales,lever,Property Management Software (AI leasing/payments),Utah,A,lever:entrata:8f6b75c0-5157-4db4-b600-6fa18303e16d
Entrata,Resident Screening Consultant,United States,https://jobs.lever.co/entrata/5266dc43-7f3e-439d-9273-30a0dbbe8bb3,2026-09-04,2026-09-23,0,,lever,Property Management Software (AI leasing/payments),Utah,A,lever:entrata:5266dc43-7f3e-439d-9273-30a0dbbe8bb3
Entrata,Senior Data Scientist,"Lehi, Utah",https://jobs.lever.co/entrata/52b9ae4f-553a-4f10-92cb-90173595ea82,2024-02-28,2026-09-23,0,eng,lever,Property Management Software (AI leasing/payments),Utah,A,lever:entrata:52b9ae4f-553a-4f10-92cb-90173595ea82
Entrata,Senior Machine Learning Engineer,"Lehi, Utah",https://jobs.lever.co/entrata/d579bade-723d-4429-a1cb-565d15f3dff7,2025-07-24,2026-09-23,0,eng,lever,Property Management Software (AI leasing/payments),Utah,A,lever:entrata:d579bade-723d-4429-a1cb-565d15f3dff7
Entrata,Senior Payment Specialist,United States,https://jobs.lever.co/entrata/c72997ba-5b1b-4028-88b2-cf5840e4a053,2026-04-22,2026-09-23,0,,lever,Property Management Software (AI leasing/payments),Utah,A,lever:entrata:c72997ba-5b1b-4028-88b2-cf5840e4a053
Entrata,Software Engineer,"Pune, India",https://jobs.lever.co/entrata/661bbcc5-3514-4ba3-b616-8838da6c53ec,2022-05-12,2026-09-23,0,eng,lever,Property Management Software (AI leasing/payments),Utah,A,lever:entrata:661bbcc5-3514-4ba3-b616-8838da6c53ec
Entrata,Staff Corporate Security Engineer,"Lehi, Utah",https://jobs.lever.co/entrata/f99da18f-74cc-41dd-a208-26116d53bdd7,2026-09-01,2026-09-23,0,eng,lever,Property Management Software (AI leasing/payments),Utah,A,lever:entrata:f99da18f-74cc-41dd-a208-26116d53bdd7
Entrata,Technical Support Representative,United States,https://jobs.lever.co/entrata/6f285ba2-ee23-4bc6-898c-e7f83df34bc4,2026-05-18,2026-09-23,0,customer,lever,Property Management Software (AI leasing/payments),Utah,A,lever:entrata:6f285ba2-ee23-4bc6-898c-e7f83df34bc4
Evernest,(Junior) Accountant (m/w/d),"Hamburg, Germany ",https://www.evernest.com/de/karriere/job/4914937101/?gh_jid=4914937101,2026-07-01,2026-09-23,0,,greenhouse,SFR Property Management,Alabama,A,greenhouse:evernest:4914937101
Evernest,(Junior) Finance & Accounting Manager (m/w/d),"Hamburg, Germany",https://www.evernest.com/de/karriere/job/4903644101/?gh_jid=4903644101,2026-06-19,2026-09-23,0,,greenhouse,SFR Property Management,Alabama,A,greenhouse:evernest:4903644101
Evernest,(Junior) Finance Operations Manager (m/w/d),"Hamburg, Germany",https://www.evernest.com/de/karriere/job/4914938101/?gh_jid=4914938101,2026-07-01,2026-09-23,0,ops,greenhouse,SFR Property Management,Alabama,A,greenhouse:evernest:4914938101
Evernest,(Senior) Sales Manager - Münster (m/w/d),"Münster, North Rhine-Westphalia, Germany",https://www.evernest.com/de/karriere/job/4822613101/?gh_jid=4822613101,2026-03-26,2026-09-23,0,sales,greenhouse,SFR Property Management,Alabama,A,greenhouse:evernest:4822613101
Evernest,Buchhalter (m/w/d) in Teilzeit,"Flensburg, Schleswig-Holstein, Germany",https://www.evernest.com/de/karriere/job/4747050101/?gh_jid=4747050101,2026-01-05,2026-09-23,0,,greenhouse,SFR Property Management,Alabama,A,greenhouse:evernest:4747050101
Evernest,Data Engineer  (Focus AI & Data Platform) (m/w/d),"Hamburg, Germany",https://www.evernest.com/de/karriere/job/4957926101/?gh_jid=4957926101,2026-08-21,2026-09-23,0,eng,greenhouse,SFR Property Management,Alabama,A,greenhouse:evernest:4957926101
Evernest,Expansion Manager (m/w/d) Agent Growth,Berlin,https://www.evernest.com/de/karriere/job/4963072101/?gh_jid=4963072101,2026-08-28,2026-09-23,0,,greenhouse,SFR Property Management,Alabama,A,greenhouse:evernest:4963072101
Evernest,Expansion Manager (m/w/d) Agent Growth,Hamburg,https://www.evernest.com/de/karriere/job/4961211101/?gh_jid=4961211101,2026-08-26,2026-09-23,0,,greenhouse,SFR Property Management,Alabama,A,greenhouse:evernest:4961211101
Evernest,Lizenzpartner / Franchisenehmer (m/w/d),"Deutschlandweit, Germany",https://www.evernest.com/de/karriere/job/4328813101/?gh_jid=4328813101,2024-04-29,2026-09-23,0,,greenhouse,SFR Property Management,Alabama,A,greenhouse:evernest:4328813101
Evernest,Lizenzpartner / Franchisenehmer (m/w/d) in Augsburg,"Augsburg, Bayern , Deutschland",https://www.evernest.com/de/karriere/job/4952427101/?gh_jid=4952427101,2026-08-13,2026-09-23,0,,greenhouse,SFR Property Management,Alabama,A,greenhouse:evernest:4952427101
Evernest,Lizenzpartner / Franchisenehmer (m/w/d) in Berlin & Umland,"Berlin, Berlin, Germany",https://www.evernest.com/de/karriere/job/4821353101/?gh_jid=4821353101,2026-03-24,2026-09-23,0,,greenhouse,SFR Property Management,Alabama,A,greenhouse:evernest:4821353101
Evernest,Lizenzpartner / Franchisenehmer (m/w/d) in Bonn,"Bonn, North Rhine-Westphalia, Germany",https://www.evernest.com/de/karriere/job/4803601101/?gh_jid=4803601101,2026-03-24,2026-09-23,0,,greenhouse,SFR Property Management,Alabama,A,greenhouse:evernest:4803601101
Evernest,Lizenzpartner / Franchisenehmer (m/w/d) in Chemnitz,"Chemnitz, Sachsen, Deutschland",https://www.evernest.com/de/karriere/job/4952400101/?gh_jid=4952400101,2026-08-13,2026-09-23,0,,greenhouse,SFR Property Management,Alabama,A,greenhouse:evernest:4952400101
Evernest,Lizenzpartner / Franchisenehmer (m/w/d) in Darmstadt,"Darmstadt, Hessen, Deutschland",https://www.evernest.com/de/karriere/job/4952365101/?gh_jid=4952365101,2026-08-13,2026-09-23,0,,greenhouse,SFR Property Management,Alabama,A,greenhouse:evernest:4952365101
Evernest,Lizenzpartner / Franchisenehmer (m/w/d) in Duisburg,"Duisburg, Nordrhein-Westfalen , Deutschland",https://www.evernest.com/de/karriere/job/4952428101/?gh_jid=4952428101,2026-08-13,2026-09-23,0,,greenhouse,SFR Property Management,Alabama,A,greenhouse:evernest:4952428101
Evernest,Lizenzpartner / Franchisenehmer (m/w/d) in Düsseldorf & Umland,"Düsseldorf, North Rhine-Westphalia, Germany",https://www.evernest.com/de/karriere/job/4795422101/?gh_jid=4795422101,2026-03-04,2026-09-23,0,,greenhouse,SFR Property Management,Alabama,A,greenhouse:evernest:4795422101
Evernest,Lizenzpartner / Franchisenehmer (m/w/d) in Freiburg im Breisgau,"Freiburg im Breisgau, Baden-Württemberg, Germany",https://www.evernest.com/de/karriere/job/4952395101/?gh_jid=4952395101,2026-08-13,2026-09-23,0,,greenhouse,SFR Property Management,Alabama,A,greenhouse:evernest:4952395101
Evernest,Lizenzpartner / Franchisenehmer (m/w/d) in Gelsenkirchen,"Gelsenkirchen, Nordrhein-Westfalen, Deutschland",https://www.evernest.com/de/karriere/job/4952401101/?gh_jid=4952401101,2026-08-13,2026-09-23,0,,greenhouse,SFR Property Management,Alabama,A,greenhouse:evernest:4952401101
Evernest,Lizenzpartner / Franchisenehmer (m/w/d) in Halle (Saale),"Halle (Saale), Sachsen-Anhalt, Deutschland",https://www.evernest.com/de/karriere/job/4952398101/?gh_jid=4952398101,2026-08-13,2026-09-23,0,,greenhouse,SFR Property Management,Alabama,A,greenhouse:evernest:4952398101
Evernest,Lizenzpartner / Franchisenehmer (m/w/d) in Hamburg & Umland,"Hamburg, Hamburg, Germany",https://www.evernest.com/de/karriere/job/4795415101/?gh_jid=4795415101,2026-03-04,2026-09-23,0,,greenhouse,SFR Property Management,Alabama,A,greenhouse:evernest:4795415101
Evernest,Lizenzpartner / Franchisenehmer (m/w/d) in Hamm,"Hamm, Nordrhein-Westfalen, Deutschland",https://www.evernest.com/de/karriere/job/4952380101/?gh_jid=4952380101,2026-08-13,2026-09-23,0,,greenhouse,SFR Property Management,Alabama,A,greenhouse:evernest:4952380101
Evernest,Lizenzpartner / Franchisenehmer (m/w/d) in Kassel,"Solingen, Hessen , Deutschland",https://www.evernest.com/de/karriere/job/4952386101/?gh_jid=4952386101,2026-08-13,2026-09-23,0,,greenhouse,SFR Property Management,Alabama,A,greenhouse:evernest:4952386101
Evernest,Lizenzpartner / Franchisenehmer (m/w/d) in Krefeld,"Krefeld, Nordrhein-Westfalen, Deutschland",https://www.evernest.com/de/karriere/job/4952393101/?gh_jid=4952393101,2026-08-13,2026-09-23,0,,greenhouse,SFR Property Management,Alabama,A,greenhouse:evernest:4952393101
Evernest,Lizenzpartner / Franchisenehmer (m/w/d) in Magdeburg,"Magdeburg, Sachsen-Anhalt, Deutschland",https://www.evernest.com/de/karriere/job/4952397101/?gh_jid=4952397101,2026-08-13,2026-09-23,0,,greenhouse,SFR Property Management,Alabama,A,greenhouse:evernest:4952397101
Evernest,Lizenzpartner / Franchisenehmer (m/w/d) in Mainz,"Mainz, Rheinland-Pfalz, Deutschland",https://www.evernest.com/de/karriere/job/4952391101/?gh_jid=4952391101,2026-08-13,2026-09-23,0,,greenhouse,SFR Property Management,Alabama,A,greenhouse:evernest:4952391101
Evernest,Lizenzpartner / Franchisenehmer (m/w/d) in Mönchengladbach,"Mönchengladbach, Nordrhein-Westfalen, Deutschland",https://www.evernest.com/de/karriere/job/4952405101/?gh_jid=4952405101,2026-08-13,2026-09-23,0,,greenhouse,SFR Property Management,Alabama,A,greenhouse:evernest:4952405101
Evernest,Lizenzpartner / Franchisenehmer (m/w/d) in Mülheim an der Ruhr,"Mülheim an der Ruhr, Nordrhein-Westfalen, Deutschland",https://www.evernest.com/de/karriere/job/4952378101/?gh_jid=4952378101,2026-08-13,2026-09-23,0,,greenhouse,SFR Property Management,Alabama,A,greenhouse:evernest:4952378101
Evernest,Lizenzpartner / Franchisenehmer (m/w/d) in München & Umland,"München, Bavaria, Germany",https://www.evernest.com/de/karriere/job/4802449101/?gh_jid=4802449101,2026-03-24,2026-09-23,0,,greenhouse,SFR Property Management,Alabama,A,greenhouse:evernest:4802449101
Evernest,Lizenzpartner / Franchisenehmer (m/w/d) in Nürnberg,"Nürnberg, Bayern, Deutschland",https://www.evernest.com/de/karriere/job/4803611101/?gh_jid=4803611101,2026-03-24,2026-09-23,0,,greenhouse,SFR Property Management,Alabama,A,greenhouse:evernest:4803611101
Evernest,Lizenzpartner / Franchisenehmer (m/w/d) in Oberhausen,"Oberhausen, Nordrhein-Westfalen , Deutschland",https://www.evernest.com/de/karriere/job/4952388101/?gh_jid=4952388101,2026-08-13,2026-09-23,0,,greenhouse,SFR Property Management,Alabama,A,greenhouse:evernest:4952388101
Evernest,Lizenzpartner / Franchisenehmer (m/w/d) in Regensburg,"Regensburg, Bayern, Deutschland",https://www.evernest.com/de/karriere/job/4952342101/?gh_jid=4952342101,2026-08-13,2026-09-23,0,,greenhouse,SFR Property Management,Alabama,A,greenhouse:evernest:4952342101
Evernest,Lizenzpartner / Franchisenehmer (m/w/d) in Saarbrücken,"Saarbrücken, Saarland, Deutschland",https://www.evernest.com/de/karriere/job/4952383101/?gh_jid=4952383101,2026-08-13,2026-09-23,0,,greenhouse,SFR Property Management,Alabama,A,greenhouse:evernest:4952383101
Evernest,Lizenzpartner / Franchisenehmer (m/w/d) in Solingen,"Solingen, Nordrhein-Westfalen, Deutschland",https://www.evernest.com/de/karriere/job/4952364101/?gh_jid=4952364101,2026-08-13,2026-09-23,0,,greenhouse,SFR Property Management,Alabama,A,greenhouse:evernest:4952364101
Evernest,Paid Social Manager (m/w/d),"Hamburg, Hamburg, Germany",https://www.evernest.com/de/karriere/job/4937266101/?gh_jid=4937266101,2026-07-24,2026-09-23,0,,greenhouse,SFR Property Management,Alabama,A,greenhouse:evernest:4937266101
Evernest,Performance Marketing Manager (m/w/d),"Hamburg, Hamburg, Germany",https://www.evernest.com/de/karriere/job/4417229101/?gh_jid=4417229101,2024-10-30,2026-09-23,0,,greenhouse,SFR Property Management,Alabama,A,greenhouse:evernest:4417229101
Evernest,SEA Manager (m/w/d),"Hamburg, Hamburg, Germany",https://www.evernest.com/de/karriere/job/4937264101/?gh_jid=4937264101,2026-07-24,2026-09-23,0,,greenhouse,SFR Property Management,Alabama,A,greenhouse:evernest:4937264101
Evernest,Selbstständiger Immobilienmakler (m/w/d),"Potsdam, Brandenburg, Germany",https://www.evernest.com/de/karriere/job/4450648101/?gh_jid=4450648101,2024-10-30,2026-09-23,0,,greenhouse,SFR Property Management,Alabama,A,greenhouse:evernest:4450648101
Evernest,Selbstständiger Immobilienmakler (m/w/d),"Hamburg, Hamburg, Germany",https://www.evernest.com/de/karriere/job/4324366101/?gh_jid=4324366101,2024-04-19,2026-09-23,0,,greenhouse,SFR Property Management,Alabama,A,greenhouse:evernest:4324366101
Evernest,Selbstständiger Immobilienmakler (m/w/d),"Köln, North Rhine-Westphalia, Germany",https://www.evernest.com/de/karriere/job/4324473101/?gh_jid=4324473101,2024-04-19,2026-09-23,0,,greenhouse,SFR Property Management,Alabama,A,greenhouse:evernest:4324473101
Evernest,Selbstständiger Immobilienmakler (m/w/d),"Frankfurt am Main, Hesse, Germany",https://www.evernest.com/de/karriere/job/4324482101/?gh_jid=4324482101,2024-04-19,2026-09-23,0,,greenhouse,SFR Property Management,Alabama,A,greenhouse:evernest:4324482101
Evernest,Selbstständiger Immobilienmakler (m/w/d),"Berlin, Berlin, Germany",https://www.evernest.com/de/karriere/job/4324478101/?gh_jid=4324478101,2024-04-17,2026-09-23,0,,greenhouse,SFR Property Management,Alabama,A,greenhouse:evernest:4324478101
Evernest,Selbstständiger Immobilienmakler (m/w/d),"Düsseldorf, North Rhine-Westphalia, Germany",https://www.evernest.com/de/karriere/job/4324467101/?gh_jid=4324467101,2024-04-19,2026-09-23,0,,greenhouse,SFR Property Management,Alabama,A,greenhouse:evernest:4324467101
Evernest,Selbstständiger Immobilienmakler und Quereinsteiger (m/w/d),Neumünster,https://www.evernest.com/de/karriere/job/4835543101/?gh_jid=4835543101,2026-04-08,2026-09-23,0,,greenhouse,SFR Property Management,Alabama,A,greenhouse:evernest:4835543101
Evernest,Selbstständiger Immobilienmakler und Quereinsteiger (m/w/d),Dagebüll,https://www.evernest.com/de/karriere/job/4835564101/?gh_jid=4835564101,2026-04-08,2026-09-23,0,,greenhouse,SFR Property Management,Alabama,A,greenhouse:evernest:4835564101
Evernest,Selbstständiger Immobilienmakler und Quereinsteiger (m/w/d),Wyk auf Föhr,https://www.evernest.com/de/karriere/job/4835586101/?gh_jid=4835586101,2026-04-08,2026-09-23,0,,greenhouse,SFR Property Management,Alabama,A,greenhouse:evernest:4835586101
Evernest,Selbstständiger Immobilienmakler und Quereinsteiger (m/w/d),Lübeck,https://www.evernest.com/de/karriere/job/4835589101/?gh_jid=4835589101,2026-04-08,2026-09-23,0,,greenhouse,SFR Property Management,Alabama,A,greenhouse:evernest:4835589101
Evernest,Selbstständiger Immobilienmakler und Quereinsteiger (m/w/d),Travemünde,https://www.evernest.com/de/karriere/job/4835593101/?gh_jid=4835593101,2026-04-08,2026-09-23,0,,greenhouse,SFR Property Management,Alabama,A,greenhouse:evernest:4835593101
Evernest,Selbstständiger Immobilienmakler und Quereinsteiger (m/w/d),Osnabrück,https://www.evernest.com/de/karriere/job/4844321101/?gh_jid=4844321101,2026-04-21,2026-09-23,0,,greenhouse,SFR Property Management,Alabama,A,greenhouse:evernest:4844321101
Evernest,Selbstständiger Immobilienmakler und Quereinsteiger (m/w/d),"Braunschweig, Lower Saxony, Germany",https://www.evernest.com/de/karriere/job/4566781101/?gh_jid=4566781101,2026-06-16,2026-09-23,0,,greenhouse,SFR Property Management,Alabama,A,greenhouse:evernest:4566781101
Evernest,Selbstständiger Immobilienmakler und Quereinsteiger (m/w/d),"Grafschaft Bentheim; Nordhorn, Lower Saxony, Germany",https://www.evernest.com/de/karriere/job/4905804101/?gh_jid=4905804101,2026-06-23,2026-09-23,0,,greenhouse,SFR Property Management,Alabama,A,greenhouse:evernest:4905804101
Evernest,Selbstständiger Immobilienmakler und Quereinsteiger (m/w/d),"Wiesbaden, Hesse, Germany",https://www.evernest.com/de/karriere/job/4878237101/?gh_jid=4878237101,2026-06-26,2026-09-23,0,,greenhouse,SFR Property Management,Alabama,A,greenhouse:evernest:4878237101
Evernest,Selbstständiger Immobilienmakler und Quereinsteiger (m/w/d),Bad Zwischenahn,https://www.evernest.com/de/karriere/job/4927199101/?gh_jid=4927199101,2026-07-16,2026-09-23,0,,greenhouse,SFR Property Management,Alabama,A,greenhouse:evernest:4927199101
Evernest,Selbstständiger Immobilienmakler und Quereinsteiger (m/w/d),"Bielefeld, North Rhine-Westphalia, Germany",https://www.evernest.com/de/karriere/job/4362115101/?gh_jid=4362115101,2024-07-05,2026-09-23,0,,greenhouse,SFR Property Management,Alabama,A,greenhouse:evernest:4362115101
Evernest,Selbstständiger Immobilienmakler und Quereinsteiger (m/w/d),"Bergisch Gladbach, North Rhine-Westphalia, Germany",https://www.evernest.com/de/karriere/job/4324486101/?gh_jid=4324486101,2024-04-19,2026-09-23,0,,greenhouse,SFR Property Management,Alabama,A,greenhouse:evernest:4324486101
Evernest,Selbstständiger Immobilienmakler und Quereinsteiger (m/w/d),"Münster, North Rhine-Westphalia, Germany",https://www.evernest.com/de/karriere/job/4324499101/?gh_jid=4324499101,2024-04-19,2026-09-23,0,,greenhouse,SFR Property Management,Alabama,A,greenhouse:evernest:4324499101
Evernest,Selbstständiger Immobilienmakler und Quereinsteiger (m/w/d),"Hannover, Lower Saxony, Germany",https://www.evernest.com/de/karriere/job/4324498101/?gh_jid=4324498101,2024-04-19,2026-09-23,0,,greenhouse,SFR Property Management,Alabama,A,greenhouse:evernest:4324498101
Evernest,Selbstständiger Immobilienmakler und Quereinsteiger (m/w/d),"Aachen, North Rhine-Westphalia, Germany",https://www.evernest.com/de/karriere/job/4324494101/?gh_jid=4324494101,2024-04-19,2026-09-23,0,,greenhouse,SFR Property Management,Alabama,A,greenhouse:evernest:4324494101
Evernest,Selbstständiger Immobilienmakler und Quereinsteiger (m/w/d),"Dortmund, North Rhine-Westphalia, Germany",https://www.evernest.com/de/karriere/job/4356947101/?gh_jid=4356947101,2024-07-05,2026-09-23,0,,greenhouse,SFR Property Management,Alabama,A,greenhouse:evernest:4356947101
Evernest,Selbstständiger Immobilienmakler und Quereinsteiger (m/w/d),"Leverkusen, North Rhine-Westphalia, Germany",https://www.evernest.com/de/karriere/job/4368555101/?gh_jid=4368555101,2024-07-19,2026-09-23,0,,greenhouse,SFR Property Management,Alabama,A,greenhouse:evernest:4368555101
Evernest,Selbstständiger Immobilienmakler und Quereinsteiger (m/w/d),"Essen, North Rhine-Westphalia, Germany",https://www.evernest.com/de/karriere/job/4369183101/?gh_jid=4369183101,2024-08-05,2026-09-23,0,,greenhouse,SFR Property Management,Alabama,A,greenhouse:evernest:4369183101
Evernest,Selbstständiger Immobilienmakler und Quereinsteiger (m/w/d),"Waren, Mecklenburg-Western Pomerania, Germany",https://www.evernest.com/de/karriere/job/4439573101/?gh_jid=4439573101,2024-10-29,2026-09-23,0,,greenhouse,SFR Property Management,Alabama,A,greenhouse:evernest:4439573101
Evernest,Selbstständiger Immobilienmakler und Quereinsteiger (m/w/d),"Mannheim, Baden-Württemberg, Germany",https://www.evernest.com/de/karriere/job/4439598101/?gh_jid=4439598101,2024-10-29,2026-09-23,0,,greenhouse,SFR Property Management,Alabama,A,greenhouse:evernest:4439598101
Evernest,Selbstständiger Immobilienmakler und Quereinsteiger (m/w/d),"Dresden, Saxony, Germany",https://www.evernest.com/de/karriere/job/4450631101/?gh_jid=4450631101,2024-10-30,2026-09-23,0,,greenhouse,SFR Property Management,Alabama,A,greenhouse:evernest:4450631101
Evernest,Selbstständiger Immobilienmakler und Quereinsteiger (m/w/d),"Sinsheim, Baden-Württemberg, Germany",https://www.evernest.com/de/karriere/job/4521478101/?gh_jid=4521478101,2025-01-17,2026-09-23,0,,greenhouse,SFR Property Management,Alabama,A,greenhouse:evernest:4521478101
Evernest,Selbstständiger Immobilienmakler und Quereinsteiger (m/w/d),"Rosenheim, Bavaria, Germany",https://www.evernest.com/de/karriere/job/4523139101/?gh_jid=4523139101,2025-01-22,2026-09-23,0,,greenhouse,SFR Property Management,Alabama,A,greenhouse:evernest:4523139101
Evernest,Selbstständiger Immobilienmakler und Quereinsteiger (m/w/d),"Weinheim, Baden-Württemberg, Germany",https://www.evernest.com/de/karriere/job/4533719101/?gh_jid=4533719101,2025-02-11,2026-09-23,0,,greenhouse,SFR Property Management,Alabama,A,greenhouse:evernest:4533719101
Evernest,Selbstständiger Immobilienmakler und Quereinsteiger (m/w/d),"Bamberg, Bavaria, Germany",https://www.evernest.com/de/karriere/job/4570005101/?gh_jid=4570005101,2025-04-07,2026-09-23,0,,greenhouse,SFR Property Management,Alabama,A,greenhouse:evernest:4570005101
Evernest,Selbstständiger Immobilienmakler und Quereinsteiger (m/w/d),"Sylt, Schleswig-Holstein, Germany",https://www.evernest.com/de/karriere/job/4609225101/?gh_jid=4609225101,2025-06-18,2026-09-23,0,,greenhouse,SFR Property Management,Alabama,A,greenhouse:evernest:4609225101
Evernest,Selbstständiger Immobilienmakler und Quereinsteiger (m/w/d),"Ostfriesland, Germany",https://www.evernest.com/de/karriere/job/4588769101/?gh_jid=4588769101,2025-06-19,2026-09-23,0,,greenhouse,SFR Property Management,Alabama,A,greenhouse:evernest:4588769101
Evernest,Selbstständiger Immobilienmakler und Quereinsteiger (m/w/d),"Nordhorn, Lower Saxony, Germany",https://www.evernest.com/de/karriere/job/4651350101/?gh_jid=4651350101,2025-08-11,2026-09-23,0,,greenhouse,SFR Property Management,Alabama,A,greenhouse:evernest:4651350101
Evernest,Selbstständiger Immobilienmakler und Quereinsteiger (m/w/d),"Lingen, Lower Saxony, Germany",https://www.evernest.com/de/karriere/job/4651359101/?gh_jid=4651359101,2025-08-11,2026-09-23,0,,greenhouse,SFR Property Management,Alabama,A,greenhouse:evernest:4651359101
Evernest,Selbstständiger Immobilienmakler und Quereinsteiger (m/w/d),"Bad Bentheim, Lower Saxony, Germany",https://www.evernest.com/de/karriere/job/4652729101/?gh_jid=4652729101,2025-08-11,2026-09-23,0,,greenhouse,SFR Property Management,Alabama,A,greenhouse:evernest:4652729101
Evernest,Selbstständiger Immobilienmakler und Quereinsteiger (m/w/d),"Meppen, Lower Saxony, Germany",https://www.evernest.com/de/karriere/job/4651216101/?gh_jid=4651216101,2025-08-11,2026-09-23,0,,greenhouse,SFR Property Management,Alabama,A,greenhouse:evernest:4651216101
Evernest,Selbstständiger Immobilienmakler und Quereinsteiger (m/w/d),"Papenburg, Lower Saxony, Germany",https://www.evernest.com/de/karriere/job/4651188101/?gh_jid=4651188101,2025-08-11,2026-09-23,0,,greenhouse,SFR Property Management,Alabama,A,greenhouse:evernest:4651188101
Evernest,Selbstständiger Immobilienmakler und Quereinsteiger (m/w/d),"Kiel, Schleswig-Holstein, Germany",https://www.evernest.com/de/karriere/job/4651371101/?gh_jid=4651371101,2025-08-12,2026-09-23,0,,greenhouse,SFR Property Management,Alabama,A,greenhouse:evernest:4651371101
Evernest,Selbstständiger Immobilienmakler und Quereinsteiger (m/w/d),"Karlsruhe, Baden-Württemberg, Germany",https://www.evernest.com/de/karriere/job/4566789101/?gh_jid=4566789101,2025-08-26,2026-09-23,0,,greenhouse,SFR Property Management,Alabama,A,greenhouse:evernest:4566789101
Evernest,Selbstständiger Immobilienmakler und Quereinsteiger (m/w/d),"Schwetzingen, Baden-Württemberg, Germany",https://www.evernest.com/de/karriere/job/4684751101/?gh_jid=4684751101,2025-10-02,2026-09-23,0,,greenhouse,SFR Property Management,Alabama,A,greenhouse:evernest:4684751101
Evernest,Selbstständiger Immobilienmakler und Quereinsteiger (m/w/d),"Leipzig, Saxony, Germany",https://www.evernest.com/de/karriere/job/4750168101/?gh_jid=4750168101,2026-01-12,2026-09-23,0,,greenhouse,SFR Property Management,Alabama,A,greenhouse:evernest:4750168101
Evernest,Selbstständiger Immobilienmakler und Quereinsteiger (m/w/d),"Ulm, Baden-Württemberg, Germany",https://www.evernest.com/de/karriere/job/4773554101/?gh_jid=4773554101,2026-02-03,2026-09-23,0,,greenhouse,SFR Property Management,Alabama,A,greenhouse:evernest:4773554101
Evernest,Selbstständiger Immobilienmakler und Quereinsteiger (m/w/d),"Iserlohn, North Rhine-Westphalia, Germany",https://www.evernest.com/de/karriere/job/4776613101/?gh_jid=4776613101,2026-02-06,2026-09-23,0,,greenhouse,SFR Property Management,Alabama,A,greenhouse:evernest:4776613101
Evernest,Selbstständiger Immobilienmakler und Quereinsteiger (m/w/d),"Schwerte, North Rhine-Westphalia, Germany",https://www.evernest.com/de/karriere/job/4776616101/?gh_jid=4776616101,2026-02-06,2026-09-23,0,,greenhouse,SFR Property Management,Alabama,A,greenhouse:evernest:4776616101
Evernest,Selbstständiger Immobilienmakler und Quereinsteiger (m/w/d),Aurich,https://www.evernest.com/de/karriere/job/4781479101/?gh_jid=4781479101,2026-02-12,2026-09-23,0,,greenhouse,SFR Property Management,Alabama,A,greenhouse:evernest:4781479101
Evernest,Selbstständiger Immobilienmakler und Quereinsteiger (m/w/d),Norderney,https://www.evernest.com/de/karriere/job/4781480101/?gh_jid=4781480101,2026-02-12,2026-09-23,0,,greenhouse,SFR Property Management,Alabama,A,greenhouse:evernest:4781480101
Evernest,Selbstständiger Immobilienmakler und Quereinsteiger (m/w/d),Leer,https://www.evernest.com/de/karriere/job/4781481101/?gh_jid=4781481101,2026-02-12,2026-09-23,0,,greenhouse,SFR Property Management,Alabama,A,greenhouse:evernest:4781481101
Evernest,Selbstständiger Immobilienmakler und Quereinsteiger (m/w/d),Norderney,https://www.evernest.com/de/karriere/job/4785385101/?gh_jid=4785385101,2026-02-19,2026-09-23,0,,greenhouse,SFR Property Management,Alabama,A,greenhouse:evernest:4785385101
Evernest,Selbstständiger Immobilienmakler und Quereinsteiger (m/w/d),"Stuttgart, Baden-Württemberg, Germany",https://www.evernest.com/de/karriere/job/4776620101/?gh_jid=4776620101,2026-02-20,2026-09-23,0,,greenhouse,SFR Property Management,Alabama,A,greenhouse:evernest:4776620101
Evernest,Selbstständiger Immobilienmakler und Quereinsteiger (m/w/d),Schleswig-Holstein,https://www.evernest.com/de/karriere/job/4833745101/?gh_jid=4833745101,2026-04-08,2026-09-23,0,,greenhouse,SFR Property Management,Alabama,A,greenhouse:evernest:4833745101
Evernest,Selbstständiger Immobilienmakler und Quereinsteiger (m/w/d),Schleswig-Holstein; Wyk auf Föhr,https://www.evernest.com/de/karriere/job/4835120101/?gh_jid=4835120101,2026-04-08,2026-09-23,0,,greenhouse,SFR Property Management,Alabama,A,greenhouse:evernest:4835120101
Evernest,Selbstständiger Immobilienmakler und Quereinsteiger (m/w/d),Sankt Peter-Ording,https://www.evernest.com/de/karriere/job/4835467101/?gh_jid=4835467101,2026-04-08,2026-09-23,0,,greenhouse,SFR Property Management,Alabama,A,greenhouse:evernest:4835467101
Evernest,Selbstständiger Immobilienmakler und Quereinsteiger (m/w/d),Pinneberg,https://www.evernest.com/de/karriere/job/4835469101/?gh_jid=4835469101,2026-04-08,2026-09-23,0,,greenhouse,SFR Property Management,Alabama,A,greenhouse:evernest:4835469101
Evernest,Selbstständiger Immobilienmakler und Quereinsteiger (m/w/d),Ahrensburg,https://www.evernest.com/de/karriere/job/4835527101/?gh_jid=4835527101,2026-04-08,2026-09-23,0,,greenhouse,SFR Property Management,Alabama,A,greenhouse:evernest:4835527101
Evernest,Selbstständiger Immobilienmakler und Quereinsteiger (m/w/d),Norderstedt,https://www.evernest.com/de/karriere/job/4835532101/?gh_jid=4835532101,2026-04-08,2026-09-23,0,,greenhouse,SFR Property Management,Alabama,A,greenhouse:evernest:4835532101
Evernest,Selbstständiger Immobilienmakler und Quereinsteiger (m/w/d),Heide,https://www.evernest.com/de/karriere/job/4835536101/?gh_jid=4835536101,2026-04-08,2026-09-23,0,,greenhouse,SFR Property Management,Alabama,A,greenhouse:evernest:4835536101
Evernest,Selbstständiger Immobilienmakler und Quereinsteiger (m/w/d),Olpenitz,https://www.evernest.com/de/karriere/job/4835539101/?gh_jid=4835539101,2026-04-08,2026-09-23,0,,greenhouse,SFR Property Management,Alabama,A,greenhouse:evernest:4835539101
Evernest,Selbstständiger Immobilienmakler und Quereinsteiger (m/w/d),Husum,https://www.evernest.com/de/karriere/job/4835459101/?gh_jid=4835459101,2026-04-08,2026-09-23,0,,greenhouse,SFR Property Management,Alabama,A,greenhouse:evernest:4835459101
Evernest,Selbstständiger Immobilienmakler und Quereinsteiger (m/w/d) Hochsauerland,"Winterberg, Nordrhein-Westfalen, Deutschland",https://www.evernest.com/de/karriere/job/4923861101/?gh_jid=4923861101,2026-07-27,2026-09-23,0,,greenhouse,SFR Property Management,Alabama,A,greenhouse:evernest:4923861101
Evernest,Selbstständiger Immobilienmakler und Quereinsteiger (m/w/d) Köln-Ost,Köln-Ost,https://www.evernest.com/de/karriere/job/4888380101/?gh_jid=4888380101,2026-06-10,2026-09-23,0,,greenhouse,SFR Property Management,Alabama,A,greenhouse:evernest:4888380101
Evernest,Selbständiger Immobilienmakler und Quereinsteiger (m/w/d) Hamburg Alstertal Nord,Hamburg Alstertal Nord,https://www.evernest.com/de/karriere/job/4981447101/?gh_jid=4981447101,2026-09-23,2026-09-23,0,,greenhouse,SFR Property Management,Alabama,A,greenhouse:evernest:4981447101
Evernest,Senior Immobilienberater (m/w/d) auf selbständiger Basis,"Deutschlandweit, Germany",https://www.evernest.com/de/karriere/job/4643636101/?gh_jid=4643636101,2025-07-24,2026-09-23,0,,greenhouse,SFR Property Management,Alabama,A,greenhouse:evernest:4643636101
Evernest,Social Media Manager (m/w/d),"Hamburg, Hamburg, Germany",https://www.evernest.com/de/karriere/job/4812460101/?gh_jid=4812460101,2026-03-17,2026-09-23,0,,greenhouse,SFR Property Management,Alabama,A,greenhouse:evernest:4812460101
Evernest,Standortleiter (m/w/d) Leverkusen,Leverkusen,https://www.evernest.com/de/karriere/job/4981389101/?gh_jid=4981389101,2026-09-23,2026-09-23,0,,greenhouse,SFR Property Management,Alabama,A,greenhouse:evernest:4981389101
Evernest,Teamleiter Rosenheim (m/w/d),"Rosenheim, Bavaria, Germany",https://www.evernest.com/de/karriere/job/4871820101/?gh_jid=4871820101,2026-05-20,2026-09-23,0,,greenhouse,SFR Property Management,Alabama,A,greenhouse:evernest:4871820101
Evernest,Vertriebsleiter (m/w/d) für Premium Immobilien Hamburg,"Hamburg, Hamburg, Germany",https://www.evernest.com/de/karriere/job/4935478101/?gh_jid=4935478101,2026-07-22,2026-09-23,0,,greenhouse,SFR Property Management,Alabama,A,greenhouse:evernest:4935478101
Evernest,Vice President Sales (m/w/d) Hamburg,"Hamburg, Hamburg, Germany",https://www.evernest.com/de/karriere/job/4935464101/?gh_jid=4935464101,2026-07-22,2026-09-23,0,sales,greenhouse,SFR Property Management,Alabama,A,greenhouse:evernest:4935464101
Evernest,Werkstudent Product Support (m/w/d),"Hamburg, Hamburg, Germany",https://www.evernest.com/de/karriere/job/4833296101/?gh_jid=4833296101,2026-04-07,2026-09-23,0,customer,greenhouse,SFR Property Management,Alabama,A,greenhouse:evernest:4833296101
Evernest,Werkstudent Social Media  (m/w/d),"Rosenheim, Bavaria, Germany",https://www.evernest.com/de/karriere/job/4871838101/?gh_jid=4871838101,2026-05-20,2026-09-23,0,,greenhouse,SFR Property Management,Alabama,A,greenhouse:evernest:4871838101
Flock Homes,Exchange Director (Multifamily + Single Family),"Denver, New York, or San Francisco",https://job-boards.greenhouse.io/flockhomes/jobs/4701569005,2026-06-01,2026-09-23,0,leadership,greenhouse,SFR 1031 Exchange Platform,California,A,greenhouse:flockhomes:4701569005
Flock Homes,Full Stack Software Engineer,San Franciso or Denver,https://job-boards.greenhouse.io/flockhomes/jobs/4719723005,2026-07-29,2026-09-23,0,eng,greenhouse,SFR 1031 Exchange Platform,California,A,greenhouse:flockhomes:4719723005
Flock Homes,Internal Wholesaler,"New York, NY",https://job-boards.greenhouse.io/flockhomes/jobs/4708324005,2026-06-22,2026-09-23,0,,greenhouse,SFR 1031 Exchange Platform,California,A,greenhouse:flockhomes:4708324005
Greystar,Assistant Community Manager - Artisan at Village of Escaya,"Artisan at the Village of Escaya, Chula Vista, CA",https://greystar.wd1.myworkdayjobs.com/External/job/Artisan-at-the-Village-of-Escaya-Chula-Vista-CA/Assistant-Community-Manager---Artisan-at-Village-of-Escaya_R0202046,,2026-09-23,0,,workday,Multifamily Property Manager,South Carolina,A,workday:greystar:/job/Artisan-at-the-Village-of-Escaya-Chula-Vista-CA/Assistant-Community-Manager---Artisan-at-Village-of-Escaya_R0202046
Greystar,Assistant Community Manager - Meeting Street Lofts,"Meeting Street Lofts, Charleston, SC",https://greystar.wd1.myworkdayjobs.com/External/job/Meeting-Street-Lofts-Charleston-SC/Assistant-Community-Manager---Meeting-Street-Lofts_R0202054,,2026-09-23,0,,workday,Multifamily Property Manager,South Carolina,A,workday:greystar:/job/Meeting-Street-Lofts-Charleston-SC/Assistant-Community-Manager---Meeting-Street-Lofts_R0202054
Greystar,Assistant Community Manager - Palm Beach Preserve,"Palm Beach Preserve, West Palm Beach, FL",https://greystar.wd1.myworkdayjobs.com/External/job/Palm-Beach-Preserve-West-Palm-Beach-FL/Assistant-Community-Manager---Palm-Beach-Preserve_R0196901,,2026-09-23,0,,workday,Multifamily Property Manager,South Carolina,A,workday:greystar:/job/Palm-Beach-Preserve-West-Palm-Beach-FL/Assistant-Community-Manager---Palm-Beach-Preserve_R0196901
Greystar,Assistant Community Manager - The Beverly by Alta,"The Beverly by Alta, Atlanta, GA",https://greystar.wd1.myworkdayjobs.com/External/job/The-Beverly-by-Alta-Atlanta-GA/Assistant-Community-Manager---The-Beverly-by-Alta_R0202041,,2026-09-23,0,,workday,Multifamily Property Manager,South Carolina,A,workday:greystar:/job/The-Beverly-by-Alta-Atlanta-GA/Assistant-Community-Manager---The-Beverly-by-Alta_R0202041
Greystar,Assistant Community Manager - The Dillon,"The Dillon, Raleigh, NC",https://greystar.wd1.myworkdayjobs.com/External/job/The-Dillon-Raleigh-NC/Assistant-Community-Manager---The-Dillon_R0201957,,2026-09-23,0,,workday,Multifamily Property Manager,South Carolina,A,workday:greystar:/job/The-Dillon-Raleigh-NC/Assistant-Community-Manager---The-Dillon_R0201957
Greystar,Community Manager (Floating) - Savannah,"Savannah, GA",https://greystar.wd1.myworkdayjobs.com/External/job/Savannah-GA/Community-Manager--Floating----Savannah_R0202028,,2026-09-23,0,,workday,Multifamily Property Manager,South Carolina,A,workday:greystar:/job/Savannah-GA/Community-Manager--Floating----Savannah_R0202028
Greystar,Community Manager - Rio Point,"Rio Point, Charlottesville, VA",https://greystar.wd1.myworkdayjobs.com/External/job/Rio-Point-Charlottesville-VA/Community-Manager---Rio-Point_R0202075-1,,2026-09-23,0,,workday,Multifamily Property Manager,South Carolina,A,workday:greystar:/job/Rio-Point-Charlottesville-VA/Community-Manager---Rio-Point_R0202075-1
Greystar,Community Manager - Station 650,"Station 650, Alexandria, VA",https://greystar.wd1.myworkdayjobs.com/External/job/Station-650-Alexandria-VA/Community-Manager---Station-650_R0202035,,2026-09-23,0,,workday,Multifamily Property Manager,South Carolina,A,workday:greystar:/job/Station-650-Alexandria-VA/Community-Manager---Station-650_R0202035
Greystar,Director of Client Services,3 Locations,https://greystar.wd1.myworkdayjobs.com/External/job/City-Office-Orlando-Orlando-FL/Director-of-Client-Services_R0199749,,2026-09-23,0,leadership,workday,Multifamily Property Manager,South Carolina,A,workday:greystar:/job/City-Office-Orlando-Orlando-FL/Director-of-Client-Services_R0199749
Greystar,Floating Leasing Professional,"Ascent St. Petersburg, St. Petersburg, FL",https://greystar.wd1.myworkdayjobs.com/External/job/Ascent-St-Petersburg-St-Petersburg-FL/Floating-Leasing-Professional_R0201921-1,,2026-09-23,0,ops,workday,Multifamily Property Manager,South Carolina,A,workday:greystar:/job/Ascent-St-Petersburg-St-Petersburg-FL/Floating-Leasing-Professional_R0201921-1
Greystar,Lead Maintenance Technician - Park 19,"Sawbuck, Portland, OR",https://greystar.wd1.myworkdayjobs.com/External/job/Sawbuck-Portland-OR/Lead-Maintenance-Technician---Park-19_R0202011,,2026-09-23,0,ops,workday,Multifamily Property Manager,South Carolina,A,workday:greystar:/job/Sawbuck-Portland-OR/Lead-Maintenance-Technician---Park-19_R0202011
Greystar,Leasing Professional (Multi Site) - North Austin,"Caso University Heights, Round Rock, TX",https://greystar.wd1.myworkdayjobs.com/External/job/Caso-University-Heights-Round-Rock-TX/Leasing-Professional--Multi-Site----North-Austin_R0201356,,2026-09-23,0,ops,workday,Multifamily Property Manager,South Carolina,A,workday:greystar:/job/Caso-University-Heights-Round-Rock-TX/Leasing-Professional--Multi-Site----North-Austin_R0201356
Greystar,Leasing Professional - Alta Federal Hill,"Alta Federal Hill, Baltimore, MD",https://greystar.wd1.myworkdayjobs.com/External/job/Alta-Federal-Hill-Baltimore-MD/Leasing-Professional---Alta-Federal-Hill_R0201981,,2026-09-23,0,ops,workday,Multifamily Property Manager,South Carolina,A,workday:greystar:/job/Alta-Federal-Hill-Baltimore-MD/Leasing-Professional---Alta-Federal-Hill_R0201981
Greystar,Leasing Professional - Alta University Place,"Alta University Place, University Place, WA",https://greystar.wd1.myworkdayjobs.com/External/job/Alta-University-Place-University-Place-WA/Leasing-Professional---Alta-University-Place_R0201944,,2026-09-23,0,ops,workday,Multifamily Property Manager,South Carolina,A,workday:greystar:/job/Alta-University-Place-University-Place-WA/Leasing-Professional---Alta-University-Place_R0201944
Greystar,Leasing Professional - Milo Block C,"Milo Block C North, San Marcos, CA",https://greystar.wd1.myworkdayjobs.com/External/job/Milo-Block-C-North-San-Marcos-CA/Leasing-Professional---Milo-Block-C_R0202001-1,,2026-09-23,0,ops,workday,Multifamily Property Manager,South Carolina,A,workday:greystar:/job/Milo-Block-C-North-San-Marcos-CA/Leasing-Professional---Milo-Block-C_R0202001-1
Greystar,Leasing Professional - Navette on the Bay,"Navette on the Bay, Miami, FL",https://greystar.wd1.myworkdayjobs.com/External/job/Navette-on-the-Bay-Miami-FL/Leasing-Professional---Navette-on-the-Bay_R0202025,,2026-09-23,0,ops,workday,Multifamily Property Manager,South Carolina,A,workday:greystar:/job/Navette-on-the-Bay-Miami-FL/Leasing-Professional---Navette-on-the-Bay_R0202025
Greystar,Leasing Professional - Navette on the Bay,"Navette on the Bay, Miami, FL",https://greystar.wd1.myworkdayjobs.com/External/job/Navette-on-the-Bay-Miami-FL/Leasing-Professional---Navette-on-the-Bay_R0202023,,2026-09-23,0,ops,workday,Multifamily Property Manager,South Carolina,A,workday:greystar:/job/Navette-on-the-Bay-Miami-FL/Leasing-Professional---Navette-on-the-Bay_R0202023
Greystar,Leasing Professional - Riverchase Vista,"Riverchase Vista, Savannah, GA",https://greystar.wd1.myworkdayjobs.com/External/job/Riverchase-Vista-Savannah-GA/Leasing-Professional---Riverchase-Vista_R0201982,,2026-09-23,0,ops,workday,Multifamily Property Manager,South Carolina,A,workday:greystar:/job/Riverchase-Vista-Savannah-GA/Leasing-Professional---Riverchase-Vista_R0201982
Greystar,Leasing Professional - Solis Sandy Springs,"Solis Sandy Springs, Sandy Springs, GA",https://greystar.wd1.myworkdayjobs.com/External/job/Solis-Sandy-Springs-Sandy-Springs-GA/Leasing-Professional---Solis-Sandy-Springs_R0201857-1,,2026-09-23,0,ops,workday,Multifamily Property Manager,South Carolina,A,workday:greystar:/job/Solis-Sandy-Springs-Sandy-Springs-GA/Leasing-Professional---Solis-Sandy-Springs_R0201857-1
Greystar,Leasing Professional - The Artreaux,"The Artreaux, Winston-Salem, NC",https://greystar.wd1.myworkdayjobs.com/External/job/The-Artreaux-Winston-Salem-NC/Leasing-Professional---The-Artreaux_R0202020-1,,2026-09-23,0,ops,workday,Multifamily Property Manager,South Carolina,A,workday:greystar:/job/The-Artreaux-Winston-Salem-NC/Leasing-Professional---The-Artreaux_R0202020-1
Greystar,Maintenance Supervisor - Broadstone Strata,"Broadstone Strata, Seattle, WA",https://greystar.wd1.myworkdayjobs.com/External/job/Broadstone-Strata-Seattle-WA/Maintenance-Supervisor---Broadstone-Strata_R0199241,,2026-09-23,0,ops,workday,Multifamily Property Manager,South Carolina,A,workday:greystar:/job/Broadstone-Strata-Seattle-WA/Maintenance-Supervisor---Broadstone-Strata_R0199241
Greystar,"Maintenance Supervisor - Downtown Brooklyn, NY","City Office New York, New York, NY",https://greystar.wd1.myworkdayjobs.com/External/job/City-Office-New-York-New-York-NY/Maintenance-Supervisor---Downtown-Brooklyn--NY_R0201879,,2026-09-23,0,ops,workday,Multifamily Property Manager,South Carolina,A,workday:greystar:/job/City-Office-New-York-New-York-NY/Maintenance-Supervisor---Downtown-Brooklyn--NY_R0201879
Greystar,Maintenance Supervisor - Enduro,"Enduro, Ogden, UT",https://greystar.wd1.myworkdayjobs.com/External/job/Enduro-Ogden-UT/Maintenance-Supervisor---Enduro_R0202033,,2026-09-23,0,ops,workday,Multifamily Property Manager,South Carolina,A,workday:greystar:/job/Enduro-Ogden-UT/Maintenance-Supervisor---Enduro_R0202033
Greystar,Maintenance Supervisor - Northerly,"Northerly, Nashville, TN",https://greystar.wd1.myworkdayjobs.com/External/job/Northerly-Nashville-TN/Maintenance-Supervisor---Northerly_R0201985,,2026-09-23,0,ops,workday,Multifamily Property Manager,South Carolina,A,workday:greystar:/job/Northerly-Nashville-TN/Maintenance-Supervisor---Northerly_R0201985
Greystar,Maintenance Supervisor - Sawbuck,"Sawbuck, Portland, OR",https://greystar.wd1.myworkdayjobs.com/External/job/Sawbuck-Portland-OR/Maintenance-Supervisor---Sawbuck_R0202009,,2026-09-23,0,ops,workday,Multifamily Property Manager,South Carolina,A,workday:greystar:/job/Sawbuck-Portland-OR/Maintenance-Supervisor---Sawbuck_R0202009
Greystar,Maintenance Technician (Multi-Site),"Sedgefield, Charlotte, NC",https://greystar.wd1.myworkdayjobs.com/External/job/Sedgefield-Charlotte-NC/Maintenance-Technician--Multi-Site-_R0196738,,2026-09-23,0,ops,workday,Multifamily Property Manager,South Carolina,A,workday:greystar:/job/Sedgefield-Charlotte-NC/Maintenance-Technician--Multi-Site-_R0196738
Greystar,Maintenance Technician (Part - Time) - Summerwell Mill Creek,"Summerwell Mill Creek, Buford, GA",https://greystar.wd1.myworkdayjobs.com/External/job/Summerwell-Mill-Creek-Buford-GA/Maintenance-Technician--Part---Time----Summerwell-Mill-Creek_R0202080,,2026-09-23,0,ops,workday,Multifamily Property Manager,South Carolina,A,workday:greystar:/job/Summerwell-Mill-Creek-Buford-GA/Maintenance-Technician--Part---Time----Summerwell-Mill-Creek_R0202080
Greystar,Maintenance Technician - Ainsworth,"Ainsworth, Richmond, VA",https://greystar.wd1.myworkdayjobs.com/External/job/Ainsworth-Richmond-VA/Maintenance-Technician---Ainsworth_R0201865,,2026-09-23,0,ops,workday,Multifamily Property Manager,South Carolina,A,workday:greystar:/job/Ainsworth-Richmond-VA/Maintenance-Technician---Ainsworth_R0201865
Greystar,Maintenance Technician - Gossett on Church,"Gossett on Church, Nashville, TN",https://greystar.wd1.myworkdayjobs.com/External/job/Gossett-on-Church-Nashville-TN/Maintenance-Technician---Gossett-on-Church_R0202017-1,,2026-09-23,0,ops,workday,Multifamily Property Manager,South Carolina,A,workday:greystar:/job/Gossett-on-Church-Nashville-TN/Maintenance-Technician---Gossett-on-Church_R0202017-1
Greystar,Maintenance Technician - Luna Pointe,"Luna Pointe, Hampton, VA",https://greystar.wd1.myworkdayjobs.com/External/job/Luna-Pointe-Hampton-VA/Maintenance-Technician---Luna-Pointe_R0202050,,2026-09-23,0,ops,workday,Multifamily Property Manager,South Carolina,A,workday:greystar:/job/Luna-Pointe-Hampton-VA/Maintenance-Technician---Luna-Pointe_R0202050
Greystar,Maintenance Technician - The Carson,"The Carson, Charlotte, NC",https://greystar.wd1.myworkdayjobs.com/External/job/The-Carson-Charlotte-NC/Maintenance-Technician---The-Carson_R0202072,,2026-09-23,0,ops,workday,Multifamily Property Manager,South Carolina,A,workday:greystar:/job/The-Carson-Charlotte-NC/Maintenance-Technician---The-Carson_R0202072
Greystar,Maintenance Technician - Union Heights,"Union Heights, Washington, DC",https://greystar.wd1.myworkdayjobs.com/External/job/Union-Heights-Washington-DC/Maintenance-Technician---Union-Heights_R0201959,,2026-09-23,0,ops,workday,Multifamily Property Manager,South Carolina,A,workday:greystar:/job/Union-Heights-Washington-DC/Maintenance-Technician---Union-Heights_R0201959
Greystar,Make Ready/Turn Technician - Northerly,"Northerly, Nashville, TN",https://greystar.wd1.myworkdayjobs.com/External/job/Northerly-Nashville-TN/Make-Ready-Turn-Technician---Northerly_R0202016,,2026-09-23,0,,workday,Multifamily Property Manager,South Carolina,A,workday:greystar:/job/Northerly-Nashville-TN/Make-Ready-Turn-Technician---Northerly_R0202016
Greystar,Regional Property Manager,"Edmonton, Alberta, Canada",https://greystar.wd1.myworkdayjobs.com/External/job/Edmonton-Alberta-Canada/Regional-Property-Manager_R0202029-1,,2026-09-23,0,ops,workday,Multifamily Property Manager,South Carolina,A,workday:greystar:/job/Edmonton-Alberta-Canada/Regional-Property-Manager_R0202029-1
Greystar,Service Supervisor - Jefferson Dedham,"Jefferson at Dedham Station, Dedham, MA",https://greystar.wd1.myworkdayjobs.com/External/job/Jefferson-at-Dedham-Station-Dedham-MA/Service-Supervisor---Jefferson-Dedham_R0202044,,2026-09-23,0,,workday,Multifamily Property Manager,South Carolina,A,workday:greystar:/job/Jefferson-at-Dedham-Station-Dedham-MA/Service-Supervisor---Jefferson-Dedham_R0202044
Greystar,Service Supervisor - Revel,"Revel (CO), Aurora, CO",https://greystar.wd1.myworkdayjobs.com/External/job/Revel-CO-Aurora-CO/Service-Supervisor---Revel_R0202067-1,,2026-09-23,0,,workday,Multifamily Property Manager,South Carolina,A,workday:greystar:/job/Revel-CO-Aurora-CO/Service-Supervisor---Revel_R0202067-1
Greystar,Service Technician - Ascend Symmetry at Cadence,"Ascend Symmetry at Cadence, Henderson, NV",https://greystar.wd1.myworkdayjobs.com/External/job/Ascend-Symmetry-at-Cadence-Henderson-NV/Service-Technician---Ascend-Symmetry-at-Cadence_R0202010,,2026-09-23,0,,workday,Multifamily Property Manager,South Carolina,A,workday:greystar:/job/Ascend-Symmetry-at-Cadence-Henderson-NV/Service-Technician---Ascend-Symmetry-at-Cadence_R0202010
Greystar,Service Technician - Milo Block C,"Milo Block C North, San Marcos, CA",https://greystar.wd1.myworkdayjobs.com/External/job/Milo-Block-C-North-San-Marcos-CA/Service-Technician---Milo-Block-C_R0202003,,2026-09-23,0,,workday,Multifamily Property Manager,South Carolina,A,workday:greystar:/job/Milo-Block-C-North-San-Marcos-CA/Service-Technician---Milo-Block-C_R0202003
Greystar,Sr. Community Manager - Milo Block C,2 Locations,https://greystar.wd1.myworkdayjobs.com/External/job/Milo-Block-C-North-San-Marcos-CA/Sr-Community-Manager---Milo-Block-C_R0201999-1,,2026-09-23,0,,workday,Multifamily Property Manager,South Carolina,A,workday:greystar:/job/Milo-Block-C-North-San-Marcos-CA/Sr-Community-Manager---Milo-Block-C_R0201999-1
Greystar,Temporary Maintenance Technician - Apex,"Apex (Tacoma,WA), Tacoma, WA",https://greystar.wd1.myworkdayjobs.com/External/job/Apex-TacomaWA-Tacoma-WA/Temporary-Maintenance-Technician---Apex-and-Pacifica_R0201727,,2026-09-23,0,ops,workday,Multifamily Property Manager,South Carolina,A,workday:greystar:/job/Apex-TacomaWA-Tacoma-WA/Temporary-Maintenance-Technician---Apex-and-Pacifica_R0201727
Home365,"Field Agent - Contractor ( Spring Valley, Anthem AZ)",,https://home365.bamboohr.com/careers/88,,2026-09-23,0,,bamboohr,SFR Full-Service Property Management,Nevada,A,bamboohr:home365:88
Home365,"Field Agent - Contractor (Pittsburgh, PA)",,https://home365.bamboohr.com/careers/173,,2026-09-23,0,,bamboohr,SFR Full-Service Property Management,Nevada,A,bamboohr:home365:173
Home365,"Field Agent - Contractor (Reading, PA)",,https://home365.bamboohr.com/careers/209,,2026-09-23,0,,bamboohr,SFR Full-Service Property Management,Nevada,A,bamboohr:home365:209
Home365,"Field Agent - Contractor (Scranton, PA)",,https://home365.bamboohr.com/careers/145,,2026-09-23,0,,bamboohr,SFR Full-Service Property Management,Nevada,A,bamboohr:home365:145
Home365,Field Agent - Contractor(Lancaster/York PA),,https://home365.bamboohr.com/careers/203,,2026-09-23,0,,bamboohr,SFR Full-Service Property Management,Nevada,A,bamboohr:home365:203
Home365,Field Agent - Contractor(Las Vegas),,https://home365.bamboohr.com/careers/206,,2026-09-23,0,,bamboohr,SFR Full-Service Property Management,Nevada,A,bamboohr:home365:206
Home365,"Real Estate Agent Partnership Opportunity (Listing & Resident Placement) Lancaster, York, and Harrisburg",,https://home365.bamboohr.com/careers/194,,2026-09-23,0,,bamboohr,SFR Full-Service Property Management,Nevada,A,bamboohr:home365:194
Home365,"Real Estate Agent Partnership Opportunity (Listing & Resident Placement) Las Vegas, NV",,https://home365.bamboohr.com/careers/208,,2026-09-23,0,,bamboohr,SFR Full-Service Property Management,Nevada,A,bamboohr:home365:208
Home365,"Real Estate Agent Partnership Opportunity (Listing & Resident Placement) Pittsburgh, PA",,https://home365.bamboohr.com/careers/217,,2026-09-23,0,,bamboohr,SFR Full-Service Property Management,Nevada,A,bamboohr:home365:217
Home365,Real Estate Agent Partnership Opportunity (Listing & Resident Placement) Scranton,,https://home365.bamboohr.com/careers/185,,2026-09-23,0,,bamboohr,SFR Full-Service Property Management,Nevada,A,bamboohr:home365:185
Home365,Real Estate Agent Partnership Opportunity (Listing & Resident Placement) Spring Valley/Anthem AZ),,https://home365.bamboohr.com/careers/187,,2026-09-23,0,,bamboohr,SFR Full-Service Property Management,Nevada,A,bamboohr:home365:187
Home365,Real Estate Agent Partnership Opportunity (Listing & Resident Placement) Virginia,,https://home365.bamboohr.com/careers/186,,2026-09-23,0,,bamboohr,SFR Full-Service Property Management,Nevada,A,bamboohr:home365:186
Latch,Associate Account Executive (AAE),"Mission Bay, San Francisco",https://jobs.lever.co/latch/416364ad-d8c9-46b5-a5c1-a988e0f95e09,2024-03-26,2026-09-23,0,sales,lever,Smart Access for Multifamily,New York,A,lever:latch:416364ad-d8c9-46b5-a5c1-a988e0f95e09
Latch,I don’t see the right role,"Mission Bay, San Francisco",https://jobs.lever.co/latch/31baae46-f8fd-478e-bd92-2867648f6dcb,2022-05-28,2026-09-23,0,,lever,Smart Access for Multifamily,New York,A,lever:latch:31baae46-f8fd-478e-bd92-2867648f6dcb
NetVendor,Bilingual Customer Service Representative,"Tualatin, Oregon",https://netvendor.bamboohr.com/careers/90,,2026-09-23,0,,bamboohr,Vendor Compliance & Insurance Software,Georgia,A,bamboohr:netvendor:90
NetVendor,Customer Service Lead,"Tualatin, Oregon",https://netvendor.bamboohr.com/careers/89,,2026-09-23,0,,bamboohr,Vendor Compliance & Insurance Software,Georgia,A,bamboohr:netvendor:89
NetVendor,Customer Service Representative,"Tualatin, Oregon",https://netvendor.bamboohr.com/careers/81,,2026-09-23,0,,bamboohr,Vendor Compliance & Insurance Software,Georgia,A,bamboohr:netvendor:81
NetVendor,Document Processor Manager,"Tualatin, Oregon",https://netvendor.bamboohr.com/careers/91,,2026-09-23,0,,bamboohr,Vendor Compliance & Insurance Software,Georgia,A,bamboohr:netvendor:91
NetVendor,GTM Engineer,,https://netvendor.bamboohr.com/careers/92,,2026-09-23,0,eng,bamboohr,Vendor Compliance & Insurance Software,Georgia,A,bamboohr:netvendor:92
Obligo,Product Manager - Platform,Tel Aviv,https://job-boards.greenhouse.io/obligo/jobs/5836724004,2026-03-26,2026-09-23,0,product,greenhouse,Security Deposit Alternative,New York,A,greenhouse:obligo:5836724004
Obligo,Product Manager – Renter Growth & Conversion,Tel Aviv,https://job-boards.greenhouse.io/obligo/jobs/6192810004,2026-09-15,2026-09-23,0,product,greenhouse,Security Deposit Alternative,New York,A,greenhouse:obligo:6192810004
Obligo,VP Marketing,New York City ,https://job-boards.greenhouse.io/obligo/jobs/5791025004,2026-02-04,2026-09-23,0,leadership,greenhouse,Security Deposit Alternative,New York,A,greenhouse:obligo:5791025004
PointCentral,Revenue & Operations Associate,"Tysons, Virginia",https://www.pointcentral.com/careers-pointcentral/?gh_jid=8679339002,2026-08-04,2026-09-23,0,sales,greenhouse,Smart Home for SFR (Alarm.com subsidiary),Arizona,A,greenhouse:pointcentral:8679339002
Rhino,Associate Counsel,,https://rhinolabs.bamboohr.com/careers/75,,2026-09-23,0,,bamboohr,Security Deposit Insurance,New York,A,bamboohr:rhinolabs:75
Rhino,Senior Accountant,,https://rhinolabs.bamboohr.com/careers/74,,2026-09-23,0,,bamboohr,Security Deposit Insurance,New York,A,bamboohr:rhinolabs:74
Rhino,"Senior Manager, Data Engineering",,https://rhinolabs.bamboohr.com/careers/73,,2026-09-23,0,eng,bamboohr,Security Deposit Insurance,New York,A,bamboohr:rhinolabs:73
Rhino,Senior Software Engineer,,https://rhinolabs.bamboohr.com/careers/67,,2026-09-23,0,eng,bamboohr,Security Deposit Insurance,New York,A,bamboohr:rhinolabs:67
Roofstock,Accounting Manager,"Oakland, California, United States",https://job-boards.greenhouse.io/roofstock/jobs/8821792002,2026-09-18,2026-09-23,0,,greenhouse,SFR Investment Marketplace,California,A,greenhouse:roofstock:8821792002
Roofstock,Executive Assistant,"Oakland, California, United States",https://job-boards.greenhouse.io/roofstock/jobs/8580894002,2026-06-09,2026-09-23,0,,greenhouse,SFR Investment Marketplace,California,A,greenhouse:roofstock:8580894002
Roofstock,Maintenance Technician,"Columbia, South Carolina, United States",https://job-boards.greenhouse.io/roofstock/jobs/8811638002,2026-09-17,2026-09-23,0,ops,greenhouse,SFR Investment Marketplace,California,A,greenhouse:roofstock:8811638002
Roofstock,Maintenance Technician,"San Antonio, Texas, United States",https://job-boards.greenhouse.io/roofstock/jobs/8550531002,2026-05-18,2026-09-23,0,ops,greenhouse,SFR Investment Marketplace,California,A,greenhouse:roofstock:8550531002
Roofstock,Piecework Housekeeper - Part Time,"Pacific City, Oregon, United States",https://job-boards.greenhouse.io/roofstock/jobs/8586040002,2026-06-10,2026-09-23,0,,greenhouse,SFR Investment Marketplace,California,A,greenhouse:roofstock:8586040002
Roofstock,Portfolio Asset Manager,"Atlanta, Georgia, United States; Charlotte, North Carolina, United States; Dallas, Texas, United States; Las Vegas, Nevada, United States; Oakland, California, United States; Phoenix, Arizona, United States",https://job-boards.greenhouse.io/roofstock/jobs/8558888002,2026-05-21,2026-09-23,0,ops,greenhouse,SFR Investment Marketplace,California,A,greenhouse:roofstock:8558888002
Roofstock,"Recruiter, Operations","Dallas, Texas, United States",https://job-boards.greenhouse.io/roofstock/jobs/8620251002,2026-07-03,2026-09-23,0,ops,greenhouse,SFR Investment Marketplace,California,A,greenhouse:roofstock:8620251002
Roofstock,Seasonal Piecework Housekeeper - Part Time,"Rockaway Beach, Oregon, United States",https://job-boards.greenhouse.io/roofstock/jobs/8419926002,2026-02-11,2026-09-23,0,,greenhouse,SFR Investment Marketplace,California,A,greenhouse:roofstock:8419926002
Roofstock,"Senior Product Manager, Leasing","New York, United States; Oakland, California, United States",https://job-boards.greenhouse.io/roofstock/jobs/8761411002,2026-08-31,2026-09-23,0,product,greenhouse,SFR Investment Marketplace,California,A,greenhouse:roofstock:8761411002
Roofstock,Service Technician,"Sacramento, California, United States",https://job-boards.greenhouse.io/roofstock/jobs/8737854002,2026-08-24,2026-09-23,0,,greenhouse,SFR Investment Marketplace,California,A,greenhouse:roofstock:8737854002
Roofstock,Strategic Finance and Corporate Development Manager,"Bay Area, CA; New York, United States",https://job-boards.greenhouse.io/roofstock/jobs/8462745002,2026-03-24,2026-09-23,0,,greenhouse,SFR Investment Marketplace,California,A,greenhouse:roofstock:8462745002
Roofstock,"Supervisor, Hospitality Operations","Oceanside, Oregon, United States",https://job-boards.greenhouse.io/roofstock/jobs/8645681002,2026-08-08,2026-09-23,0,ops,greenhouse,SFR Investment Marketplace,California,A,greenhouse:roofstock:8645681002
Second Nature,Account Executive,"Remote, USA",https://jobs.ashbyhq.com/second-nature/fa47f83c-52db-4df3-960c-7e2125bdccf6,2026-09-10,2026-09-23,0,sales,ashby,Resident Benefits / Property Management SaaS,Tennessee,A,ashby:second-nature:fa47f83c-52db-4df3-960c-7e2125bdccf6
Second Nature,Director of User Experience,"Remote, USA",https://jobs.ashbyhq.com/second-nature/8cfd0a20-5b07-41d3-a527-286aa7648142,2026-09-10,2026-09-23,0,leadership,ashby,Resident Benefits / Property Management SaaS,Tennessee,A,ashby:second-nature:8cfd0a20-5b07-41d3-a527-286aa7648142
Second Nature,Sales Development Representative,"Remote, USA",https://jobs.ashbyhq.com/second-nature/8f23e4ba-54fc-43ce-8744-8629a09f93ae,2026-08-03,2026-09-23,0,sales,ashby,Resident Benefits / Property Management SaaS,Tennessee,A,ashby:second-nature:8f23e4ba-54fc-43ce-8744-8629a09f93ae
Second Nature,Senior Product Manager,"Remote, USA",https://jobs.ashbyhq.com/second-nature/7bcc5b24-5b17-4297-839f-e849b9a90c97,2026-07-16,2026-09-23,0,product,ashby,Resident Benefits / Property Management SaaS,Tennessee,A,ashby:second-nature:7bcc5b24-5b17-4297-839f-e849b9a90c97
Second Nature,"Staff Software Engineer, Engineering Systems & Automation","Remote, USA",https://jobs.ashbyhq.com/second-nature/30798d80-7661-4ad4-8c0a-1245b119b317,2026-08-25,2026-09-23,0,eng,ashby,Resident Benefits / Property Management SaaS,Tennessee,A,ashby:second-nature:30798d80-7661-4ad4-8c0a-1245b119b317
Second Nature,"Staff Software Engineer, Integrations Team","Remote, USA",https://jobs.ashbyhq.com/second-nature/2b92ffd7-dd45-45db-8def-8b13d0281c36,2026-08-02,2026-09-23,0,eng,ashby,Resident Benefits / Property Management SaaS,Tennessee,A,ashby:second-nature:2b92ffd7-dd45-45db-8def-8b13d0281c36
Second Nature,Technical Implementation Manager,"Remote, USA",https://jobs.ashbyhq.com/second-nature/2d202d9f-aeca-4089-8a9b-c666821d9e4a,2026-09-08,2026-09-23,0,customer,ashby,Resident Benefits / Property Management SaaS,Tennessee,A,ashby:second-nature:2d202d9f-aeca-4089-8a9b-c666821d9e4a
Second Nature,"VP, Product","Remote, USA",https://jobs.ashbyhq.com/second-nature/124ce02b-b6c7-4f93-97ed-aa8787fd20e4,2026-09-17,2026-09-23,0,,ashby,Resident Benefits / Property Management SaaS,Tennessee,A,ashby:second-nature:124ce02b-b6c7-4f93-97ed-aa8787fd20e4
SmartRent,Advanced Systems Integrator,"Phoenix, Arizona",https://job-boards.greenhouse.io/smartrent/jobs/6167377004,2026-09-03,2026-09-16,7,,greenhouse,Smart Home / Multifamily IoT,Arizona,A,greenhouse:smartrent:6167377004
SmartRent,"Director, Customer Service","Phoenix, Arizona",https://job-boards.greenhouse.io/smartrent/jobs/6111061004,2026-07-13,2026-09-16,7,leadership,greenhouse,Smart Home / Multifamily IoT,Arizona,A,greenhouse:smartrent:6111061004
SmartRent,Field Project Manager,United States,https://job-boards.greenhouse.io/smartrent/jobs/6141494004,2026-08-19,2026-09-16,7,,greenhouse,Smart Home / Multifamily IoT,Arizona,A,greenhouse:smartrent:6141494004
SmartRent,"Group Product Manager, Data & Analytics","Phoenix, Arizona",https://job-boards.greenhouse.io/smartrent/jobs/6173642004,2026-09-09,2026-09-16,7,product,greenhouse,Smart Home / Multifamily IoT,Arizona,A,greenhouse:smartrent:6173642004
SmartRent,National Sales Director (East),United States,https://job-boards.greenhouse.io/smartrent/jobs/5737727004,2025-12-15,2026-09-16,7,sales,greenhouse,Smart Home / Multifamily IoT,Arizona,A,greenhouse:smartrent:5737727004
SmartRent,National Sales Director (West),United States,https://job-boards.greenhouse.io/smartrent/jobs/5984906004,2026-04-29,2026-09-16,7,sales,greenhouse,Smart Home / Multifamily IoT,Arizona,A,greenhouse:smartrent:5984906004
SmartRent,Senior Account Manager,"Phoenix, Arizona",https://job-boards.greenhouse.io/smartrent/jobs/6122956004,2026-07-23,2026-09-16,7,customer,greenhouse,Smart Home / Multifamily IoT,Arizona,A,greenhouse:smartrent:6122956004
SmartRent,Senior Software Engineer,"Phoenix, Arizona",https://job-boards.greenhouse.io/smartrent/jobs/6192943004,2026-09-18,2026-09-23,0,eng,greenhouse,Smart Home / Multifamily IoT,Arizona,A,greenhouse:smartrent:6192943004
SmartRent,Solutions Architect,"Phoenix, Arizona",https://job-boards.greenhouse.io/smartrent/jobs/5835029004,2026-08-25,2026-09-16,7,eng,greenhouse,Smart Home / Multifamily IoT,Arizona,A,greenhouse:smartrent:5835029004
Steadily,Accounting Manager,"Austin, TX",https://jobs.ashbyhq.com/steadily/1a2cbedc-b729-44a2-9594-7bda198b01b1,2026-03-18,2026-09-23,0,,ashby,Landlord Insurance,Texas,A,ashby:steadily:1a2cbedc-b729-44a2-9594-7bda198b01b1
Steadily,Actuary,"Overland Park, KS",https://jobs.ashbyhq.com/steadily/d1489154-052c-45de-a780-43fcf25658ee,2026-03-18,2026-09-23,0,,ashby,Landlord Insurance,Texas,A,ashby:steadily:d1489154-052c-45de-a780-43fcf25658ee
Steadily,Agency Success Associate,"Overland Park, KS",https://jobs.ashbyhq.com/steadily/c53f0ce3-ee23-4871-b5e7-18a18364c626,2026-03-18,2026-09-23,0,,ashby,Landlord Insurance,Texas,A,ashby:steadily:c53f0ce3-ee23-4871-b5e7-18a18364c626
Steadily,Agency Success Manager,"Overland Park, KS",https://jobs.ashbyhq.com/steadily/fde229ef-a928-458d-8b02-f31ffa79e897,2026-04-28,2026-09-23,0,,ashby,Landlord Insurance,Texas,A,ashby:steadily:fde229ef-a928-458d-8b02-f31ffa79e897
Steadily,Agency Support Specialist,"Overland Park, KS",https://jobs.ashbyhq.com/steadily/5a29b34d-4d16-4358-82ac-b7888c8299a9,2026-09-15,2026-09-23,0,customer,ashby,Landlord Insurance,Texas,A,ashby:steadily:5a29b34d-4d16-4358-82ac-b7888c8299a9
Steadily,Associate Claims Adjuster,"Overland Park, KS",https://jobs.ashbyhq.com/steadily/13284cc1-501c-45ac-869f-cff914399363,2026-03-18,2026-09-23,0,,ashby,Landlord Insurance,Texas,A,ashby:steadily:13284cc1-501c-45ac-869f-cff914399363
Steadily,Business Development Associate,"Overland Park, KS",https://jobs.ashbyhq.com/steadily/95f22d0e-4f96-4d67-bfb6-30c3e23b55ed,2026-09-18,2026-09-23,0,sales,ashby,Landlord Insurance,Texas,A,ashby:steadily:95f22d0e-4f96-4d67-bfb6-30c3e23b55ed
Steadily,Business Development Manager,"Overland Park, KS",https://jobs.ashbyhq.com/steadily/4ef70d6a-956f-4e97-b5b0-c84a68890c5c,2026-06-26,2026-09-23,0,sales,ashby,Landlord Insurance,Texas,A,ashby:steadily:4ef70d6a-956f-4e97-b5b0-c84a68890c5c
Steadily,Catastrophe Risk Manager,"Overland Park, KS",https://jobs.ashbyhq.com/steadily/f1672bd0-8f85-42d6-a3f9-a8cbbe116e51,2026-03-18,2026-09-23,0,,ashby,Landlord Insurance,Texas,A,ashby:steadily:f1672bd0-8f85-42d6-a3f9-a8cbbe116e51
Steadily,Claims Adjuster,"Overland Park, KS",https://jobs.ashbyhq.com/steadily/96bb28c7-77fa-4085-b9ab-e7d5348620d9,2026-03-18,2026-09-23,0,,ashby,Landlord Insurance,Texas,A,ashby:steadily:96bb28c7-77fa-4085-b9ab-e7d5348620d9
Steadily,Claims Team Lead,"Overland Park, KS",https://jobs.ashbyhq.com/steadily/29172e49-78aa-461f-afb2-885831b57860,2026-09-09,2026-09-23,0,,ashby,Landlord Insurance,Texas,A,ashby:steadily:29172e49-78aa-461f-afb2-885831b57860
Steadily,Direct Sales Manager,"Overland Park, KS",https://jobs.ashbyhq.com/steadily/3d8e3b12-ecb6-4c7c-bc48-f2b8da185218,2026-03-18,2026-09-23,0,sales,ashby,Landlord Insurance,Texas,A,ashby:steadily:3d8e3b12-ecb6-4c7c-bc48-f2b8da185218
Steadily,Director of Reinsurance and Capacity,"Overland Park, KS",https://jobs.ashbyhq.com/steadily/6be9da4d-5b84-4b58-8286-c01422ce940d,2026-08-20,2026-09-23,0,leadership,ashby,Landlord Insurance,Texas,A,ashby:steadily:6be9da4d-5b84-4b58-8286-c01422ce940d
Steadily,Future Graduate Internship Program,"Overland Park, KS",https://jobs.ashbyhq.com/steadily/633e55f8-566f-4ff6-8207-f0fd0d962bcc,2026-09-08,2026-09-23,0,,ashby,Landlord Insurance,Texas,A,ashby:steadily:633e55f8-566f-4ff6-8207-f0fd0d962bcc
Steadily,Head of Revenue Operations,"Overland Park, KS",https://jobs.ashbyhq.com/steadily/6ae3b8c3-3035-4455-b1ce-8c0900b7abd6,2026-08-28,2026-09-23,0,sales,ashby,Landlord Insurance,Texas,A,ashby:steadily:6ae3b8c3-3035-4455-b1ce-8c0900b7abd6
Steadily,Insurance Coverage and Compliance Analyst,"Overland Park, KS",https://jobs.ashbyhq.com/steadily/83ca9ee8-7070-488b-8afd-54daf07f555b,2026-03-18,2026-09-23,0,,ashby,Landlord Insurance,Texas,A,ashby:steadily:83ca9ee8-7070-488b-8afd-54daf07f555b
Steadily,Insurance Product Analyst,"Overland Park, KS",https://jobs.ashbyhq.com/steadily/8ef15f89-cbde-4f77-9728-2b9baa944b25,2026-06-04,2026-09-23,0,,ashby,Landlord Insurance,Texas,A,ashby:steadily:8ef15f89-cbde-4f77-9728-2b9baa944b25
Steadily,Insurance Product Manager,"Overland Park, KS",https://jobs.ashbyhq.com/steadily/43afcf53-e441-49ed-ade0-b77eca3e1a6e,2026-03-19,2026-09-23,0,product,ashby,Landlord Insurance,Texas,A,ashby:steadily:43afcf53-e441-49ed-ade0-b77eca3e1a6e
Steadily,Insurance Sales Agent,"Overland Park, KS",https://jobs.ashbyhq.com/steadily/75090fab-8a98-4365-83a5-84ae76b326a3,2026-03-19,2026-09-23,0,sales,ashby,Landlord Insurance,Texas,A,ashby:steadily:75090fab-8a98-4365-83a5-84ae76b326a3
Steadily,Insurance Sales Agent Development Program,"Overland Park, KS",https://jobs.ashbyhq.com/steadily/da8908eb-7877-4c7a-8b4e-df9de6d860e6,2026-06-10,2026-09-23,0,sales,ashby,Landlord Insurance,Texas,A,ashby:steadily:da8908eb-7877-4c7a-8b4e-df9de6d860e6
Steadily,New Graduate Sales Accelerator,"Overland Park, KS",https://jobs.ashbyhq.com/steadily/4b3c118a-43bc-4a3c-a700-e2bd1879249e,2026-04-07,2026-09-23,0,sales,ashby,Landlord Insurance,Texas,A,ashby:steadily:4b3c118a-43bc-4a3c-a700-e2bd1879249e
Steadily,Principal Product Manager,"Austin, TX",https://jobs.ashbyhq.com/steadily/50191019-226e-4274-915f-e9e2da68cfa3,2026-08-26,2026-09-23,0,product,ashby,Landlord Insurance,Texas,A,ashby:steadily:50191019-226e-4274-915f-e9e2da68cfa3
Steadily,Recruiter,"Overland Park, KS",https://jobs.ashbyhq.com/steadily/5a3ed4cf-015b-4288-84a6-ca5194abff86,2026-07-13,2026-09-23,0,,ashby,Landlord Insurance,Texas,A,ashby:steadily:5a3ed4cf-015b-4288-84a6-ca5194abff86
Steadily,Sales Representative – Insurance Training Provided,"Overland Park, KS",https://jobs.ashbyhq.com/steadily/259b6448-5a89-44c6-9ecf-783e5b4a6660,2026-06-10,2026-09-23,0,sales,ashby,Landlord Insurance,Texas,A,ashby:steadily:259b6448-5a89-44c6-9ecf-783e5b4a6660
Steadily,Senior Accounting Analyst,"Austin, TX",https://jobs.ashbyhq.com/steadily/4365404a-7a75-4325-abdc-c1aa2eeef87b,2026-03-19,2026-09-23,0,,ashby,Landlord Insurance,Texas,A,ashby:steadily:4365404a-7a75-4325-abdc-c1aa2eeef87b
Steadily,Senior Insurance Product Analyst,"Overland Park, KS",https://jobs.ashbyhq.com/steadily/bd3f407b-da78-4ca4-adbe-23975880bd1e,2026-06-04,2026-09-23,0,,ashby,Landlord Insurance,Texas,A,ashby:steadily:bd3f407b-da78-4ca4-adbe-23975880bd1e
Steadily,Senior Insurance Product Manager,"Overland Park, KS",https://jobs.ashbyhq.com/steadily/a1c8d633-9816-40c4-8a41-4aa6bb098463,2026-06-04,2026-09-23,0,product,ashby,Landlord Insurance,Texas,A,ashby:steadily:a1c8d633-9816-40c4-8a41-4aa6bb098463
Steadily,Senior Software Engineer,"Austin, TX",https://jobs.ashbyhq.com/steadily/da218e31-c3a5-4ec7-805a-5541b2571258,2026-03-19,2026-09-23,0,eng,ashby,Landlord Insurance,Texas,A,ashby:steadily:da218e31-c3a5-4ec7-805a-5541b2571258
Steadily,"Senior Software Engineer, Growth","Austin, TX",https://jobs.ashbyhq.com/steadily/f2652ec3-667e-4f4b-8898-c3ce3cfeccda,2026-03-19,2026-09-23,0,eng,ashby,Landlord Insurance,Texas,A,ashby:steadily:f2652ec3-667e-4f4b-8898-c3ce3cfeccda
Steadily,Sr. Liability Claims Adjuster,"Overland Park, KS",https://jobs.ashbyhq.com/steadily/c70a71c0-c736-456b-be87-d68dd13f4d3f,2026-03-19,2026-09-23,0,,ashby,Landlord Insurance,Texas,A,ashby:steadily:c70a71c0-c736-456b-be87-d68dd13f4d3f
Steadily,Sr. Property Claims Adjuster,"Overland Park, KS",https://jobs.ashbyhq.com/steadily/514b2392-c837-4db6-b068-6f348333b9d2,2026-06-15,2026-09-23,0,,ashby,Landlord Insurance,Texas,A,ashby:steadily:514b2392-c837-4db6-b068-6f348333b9d2
Steadily,Staff Machine Learning Engineer,"Austin, TX",https://jobs.ashbyhq.com/steadily/ecf647a7-0b84-4566-bc09-3e2babdac50b,2026-03-19,2026-09-23,0,eng,ashby,Landlord Insurance,Texas,A,ashby:steadily:ecf647a7-0b84-4566-bc09-3e2babdac50b
Steadily,Staff Software Engineer,"Austin, TX",https://jobs.ashbyhq.com/steadily/f11f027c-8904-4f68-97c3-382cd9d18bd0,2026-03-19,2026-09-23,0,eng,ashby,Landlord Insurance,Texas,A,ashby:steadily:f11f027c-8904-4f68-97c3-382cd9d18bd0
Steadily,"Stage Zero GTM Sales Leader, Enterprise and Partnerships","Overland Park, KS",https://jobs.ashbyhq.com/steadily/70378de6-ca58-4af5-afe5-2f1cb2f00f4c,2026-09-15,2026-09-23,0,sales,ashby,Landlord Insurance,Texas,A,ashby:steadily:70378de6-ca58-4af5-afe5-2f1cb2f00f4c
TurboTenant,Grow Your Career at TurboTenant: General Application,"Denver, CO",https://job-boards.greenhouse.io/turbotenant/jobs/4401577007,2024-06-06,2026-09-23,0,,greenhouse,Landlord/DIY Property Management Software,Colorado,A,greenhouse:turbotenant:4401577007
TurboTenant,"Real Estate Photographer - Tallahassee, FL","Tallahassee, FL",https://job-boards.greenhouse.io/turbotenant/jobs/5222721007,2026-08-26,2026-09-23,0,,greenhouse,Landlord/DIY Property Management Software,Colorado,A,greenhouse:turbotenant:5222721007
TurboTenant,Sr. Paid Search Manager,"Denver, CO",https://job-boards.greenhouse.io/turbotenant/jobs/5218114007,2026-08-20,2026-09-23,0,,greenhouse,Landlord/DIY Property Management Software,Colorado,A,greenhouse:turbotenant:5218114007
Updater,"Director, Corporate Development","Remote, US",https://job-boards.greenhouse.io/updater/jobs/8089760,2026-07-27,2026-09-23,0,leadership,greenhouse,Moving/Relocation Tech for Property Managers,New York,A,greenhouse:updater:8089760
Blend Labs,Client Sales Executive - Named Accounts,United States,https://job-boards.greenhouse.io/blend/jobs/6177609004,2026-09-08,2026-09-23,0,sales,greenhouse,Mortgage/Lending Software,California,B,greenhouse:blend:6177609004
Blend Labs,Director of Revenue Accounting,United States,https://job-boards.greenhouse.io/blend/jobs/6191674004,2026-09-14,2026-09-23,0,sales,greenhouse,Mortgage/Lending Software,California,B,greenhouse:blend:6191674004
Blend Labs,Financial Reporting & Technical Accounting Lead,United States,https://job-boards.greenhouse.io/blend/jobs/6148697004,2026-08-21,2026-09-23,0,,greenhouse,Mortgage/Lending Software,California,B,greenhouse:blend:6148697004
Blend Labs,Head of Product - Autopilot,United States,https://job-boards.greenhouse.io/blend/jobs/6186352004,2026-09-15,2026-09-23,0,product,greenhouse,Mortgage/Lending Software,California,B,greenhouse:blend:6186352004
Blend Labs,"Head of Product, Home Lending",United States,https://job-boards.greenhouse.io/blend/jobs/6181260004,2026-09-03,2026-09-23,0,product,greenhouse,Mortgage/Lending Software,California,B,greenhouse:blend:6181260004
Blend Labs,Recruiter,"Raleigh, NC; United States",https://job-boards.greenhouse.io/blend/jobs/6139979004,2026-08-10,2026-09-23,0,,greenhouse,Mortgage/Lending Software,California,B,greenhouse:blend:6139979004
Blend Labs,Sales Executive - New Logo (Named Accounts),United States,https://job-boards.greenhouse.io/blend/jobs/6141507004,2026-08-17,2026-09-23,0,sales,greenhouse,Mortgage/Lending Software,California,B,greenhouse:blend:6141507004
Blend Labs,Security Engineering Manager,United States,https://job-boards.greenhouse.io/blend/jobs/6132178004,2026-07-31,2026-09-23,0,eng,greenhouse,Mortgage/Lending Software,California,B,greenhouse:blend:6132178004
Blend Labs,Senior Contract Lead,United States,https://job-boards.greenhouse.io/blend/jobs/6140011004,2026-08-10,2026-09-23,0,,greenhouse,Mortgage/Lending Software,California,B,greenhouse:blend:6140011004
Blend Labs,Software Engineer,United States,https://job-boards.greenhouse.io/blend/jobs/6203084004,2026-09-21,2026-09-23,0,eng,greenhouse,Mortgage/Lending Software,California,B,greenhouse:blend:6203084004
Blend Labs,Software Engineer - AI Native (Full Stack),"Raleigh, NC",https://job-boards.greenhouse.io/blend/jobs/6141420004,2026-08-11,2026-09-23,0,eng,greenhouse,Mortgage/Lending Software,California,B,greenhouse:blend:6141420004
Blend Labs,Software Engineer - Infrastructure,United States,https://job-boards.greenhouse.io/blend/jobs/6123761004,2026-07-23,2026-09-23,0,eng,greenhouse,Mortgage/Lending Software,California,B,greenhouse:blend:6123761004
Blend Labs,Software Engineer - Platform Foundation,United States,https://job-boards.greenhouse.io/blend/jobs/6190338004,2026-09-11,2026-09-23,0,eng,greenhouse,Mortgage/Lending Software,California,B,greenhouse:blend:6190338004
Chamberlain Group,Administrator I Distribution,"Olive Branch, MS",https://chamberlain.wd1.myworkdayjobs.com/Chamberlain_Group/job/Olive-Branch-MS/Administrator-I-Distribution_JR31233,,2026-09-23,0,,workday,Smart Access (myQ/LiftMaster),Illinois,B,workday:chamberlain:/job/Olive-Branch-MS/Administrator-I-Distribution_JR31233
Chamberlain Group,"Analyst I, Associate Program Manager - Sales Support","Oak Brook, IL",https://chamberlain.wd1.myworkdayjobs.com/Chamberlain_Group/job/Oak-Brook-IL/Analyst-I--Associate-Program-Manager---Sales-Support_JR30758,,2026-09-23,0,sales,workday,Smart Access (myQ/LiftMaster),Illinois,B,workday:chamberlain:/job/Oak-Brook-IL/Analyst-I--Associate-Program-Manager---Sales-Support_JR30758
Chamberlain Group,Builder Channel Lead – Single-Family,Remote - Arizona,https://chamberlain.wd1.myworkdayjobs.com/Chamberlain_Group/job/Remote---Arizona/Builder-Channel-Lead---Single-Family_JR30933-1,,2026-09-23,0,,workday,Smart Access (myQ/LiftMaster),Illinois,B,workday:chamberlain:/job/Remote---Arizona/Builder-Channel-Lead---Single-Family_JR30933-1
Chamberlain Group,Business Systems Manager - PLM,"Oak Brook, IL",https://chamberlain.wd1.myworkdayjobs.com/Chamberlain_Group/job/Oak-Brook-IL/Business-Systems-Manager---PLM_JR30870,,2026-09-23,0,,workday,Smart Access (myQ/LiftMaster),Illinois,B,workday:chamberlain:/job/Oak-Brook-IL/Business-Systems-Manager---PLM_JR30870
Chamberlain Group,"Group Product Manager (Hybrid - Oak Brook, IL)","Oak Brook, IL",https://chamberlain.wd1.myworkdayjobs.com/Chamberlain_Group/job/Oak-Brook-IL/Group-Product-Manager--Hybrid---Oak-Brook--IL-_JR31388,,2026-09-23,0,product,workday,Smart Access (myQ/LiftMaster),Illinois,B,workday:chamberlain:/job/Oak-Brook-IL/Group-Product-Manager--Hybrid---Oak-Brook--IL-_JR31388
Chamberlain Group,Lead Business Analyst,"Oak Brook, IL",https://chamberlain.wd1.myworkdayjobs.com/Chamberlain_Group/job/Oak-Brook-IL/Lead-Business-Analyst_JR31449,,2026-09-23,0,,workday,Smart Access (myQ/LiftMaster),Illinois,B,workday:chamberlain:/job/Oak-Brook-IL/Lead-Business-Analyst_JR31449
Chamberlain Group,Lead Business Analyst,"Oak Brook, IL",https://chamberlain.wd1.myworkdayjobs.com/Chamberlain_Group/job/Oak-Brook-IL/Lead-Business-Analyst_JR31467,,2026-09-23,0,,workday,Smart Access (myQ/LiftMaster),Illinois,B,workday:chamberlain:/job/Oak-Brook-IL/Lead-Business-Analyst_JR31467
Chamberlain Group,Lead Data Scientist,"Oak Brook, IL",https://chamberlain.wd1.myworkdayjobs.com/Chamberlain_Group/job/Oak-Brook-IL/Lead-Data-Scientist_JR30293,,2026-09-23,0,eng,workday,Smart Access (myQ/LiftMaster),Illinois,B,workday:chamberlain:/job/Oak-Brook-IL/Lead-Data-Scientist_JR30293
Chamberlain Group,Lead Decision Science Analyst,"Oak Brook, IL",https://chamberlain.wd1.myworkdayjobs.com/Chamberlain_Group/job/Oak-Brook-IL/Lead-Decision-Science-Analyst_JR30103,,2026-09-23,0,,workday,Smart Access (myQ/LiftMaster),Illinois,B,workday:chamberlain:/job/Oak-Brook-IL/Lead-Decision-Science-Analyst_JR30103
Chamberlain Group,Lead Staff Front End Engineer (Remote),Remote - California,https://chamberlain.wd1.myworkdayjobs.com/Chamberlain_Group/job/Remote---California/Staff-Engineer--Remote-_JR31626,,2026-09-23,0,eng,workday,Smart Access (myQ/LiftMaster),Illinois,B,workday:chamberlain:/job/Remote---California/Staff-Engineer--Remote-_JR31626
Chamberlain Group,"Lead, NPD Sourcing Operations",Remote - Wisconsin,https://chamberlain.wd1.myworkdayjobs.com/Chamberlain_Group/job/Remote---Wisconsin/Lead--NPD-Sourcing-Operations_JR31627,,2026-09-23,0,ops,workday,Smart Access (myQ/LiftMaster),Illinois,B,workday:chamberlain:/job/Remote---Wisconsin/Lead--NPD-Sourcing-Operations_JR31627
Chamberlain Group,"Manager, Enterprise Integrations","Oak Brook, IL",https://chamberlain.wd1.myworkdayjobs.com/Chamberlain_Group/job/Oak-Brook-IL/Manager--Enterprise-Integrations_JR30340,,2026-09-23,0,,workday,Smart Access (myQ/LiftMaster),Illinois,B,workday:chamberlain:/job/Oak-Brook-IL/Manager--Enterprise-Integrations_JR30340
Chamberlain Group,"Manager, Sales Incentives & Coverage","Oak Brook, IL",https://chamberlain.wd1.myworkdayjobs.com/Chamberlain_Group/job/Oak-Brook-IL/Manager--Sales-Incentives---Coverage_JR31166,,2026-09-23,0,sales,workday,Smart Access (myQ/LiftMaster),Illinois,B,workday:chamberlain:/job/Oak-Brook-IL/Manager--Sales-Incentives---Coverage_JR31166
Chamberlain Group,Manufacturing Process Documentation Intern (Summer 2027),"Malvern, AR",https://chamberlain.wd1.myworkdayjobs.com/Chamberlain_Group/job/Malvern-AR/Manufacturing-Process-Documentation-Intern--Summer-2027-_JR31463,,2026-09-23,0,,workday,Smart Access (myQ/LiftMaster),Illinois,B,workday:chamberlain:/job/Malvern-AR/Manufacturing-Process-Documentation-Intern--Summer-2027-_JR31463
Chamberlain Group,Marketing Manager - B2B,"Oak Brook, IL",https://chamberlain.wd1.myworkdayjobs.com/Chamberlain_Group/job/Oak-Brook-IL/Marketing-Manager---B2B_JR31437-1,,2026-09-23,0,,workday,Smart Access (myQ/LiftMaster),Illinois,B,workday:chamberlain:/job/Oak-Brook-IL/Marketing-Manager---B2B_JR31437-1
Chamberlain Group,"Principal Software Engineer (Hybrid - Oak Brook, IL)","Oak Brook, IL",https://chamberlain.wd1.myworkdayjobs.com/Chamberlain_Group/job/Oak-Brook-IL/Principal-Software-Engineer--Hybrid---Oak-Brook--IL-_JR31620,,2026-09-23,0,eng,workday,Smart Access (myQ/LiftMaster),Illinois,B,workday:chamberlain:/job/Oak-Brook-IL/Principal-Software-Engineer--Hybrid---Oak-Brook--IL-_JR31620
Chamberlain Group,"Principal, Brand Strategy & Activation","Oak Brook, IL",https://chamberlain.wd1.myworkdayjobs.com/Chamberlain_Group/job/Oak-Brook-IL/Principal--Brand-Strategy---Activation_JR30328,,2026-09-23,0,,workday,Smart Access (myQ/LiftMaster),Illinois,B,workday:chamberlain:/job/Oak-Brook-IL/Principal--Brand-Strategy---Activation_JR30328
Chamberlain Group,"Principal, Revenue Intelligence Platforms","Oak Brook, IL",https://chamberlain.wd1.myworkdayjobs.com/Chamberlain_Group/job/Oak-Brook-IL/Principal--Revenue-Intelligence-Platforms_JR31141,,2026-09-23,0,sales,workday,Smart Access (myQ/LiftMaster),Illinois,B,workday:chamberlain:/job/Oak-Brook-IL/Principal--Revenue-Intelligence-Platforms_JR31141
Chamberlain Group,"Product Manager (Hybrid - Oak Brook, IL)","Oak Brook, IL",https://chamberlain.wd1.myworkdayjobs.com/Chamberlain_Group/job/Oak-Brook-IL/Product-Manager--Hybrid---Oak-Brook--IL-_JR31389-1,,2026-09-23,0,product,workday,Smart Access (myQ/LiftMaster),Illinois,B,workday:chamberlain:/job/Oak-Brook-IL/Product-Manager--Hybrid---Oak-Brook--IL-_JR31389-1
Chamberlain Group,Residential Support Representative I,"Tucson, AZ",https://chamberlain.wd1.myworkdayjobs.com/Chamberlain_Group/job/Tucson-AZ/Residential-Support-Representative-I_JR31550,,2026-09-23,0,customer,workday,Smart Access (myQ/LiftMaster),Illinois,B,workday:chamberlain:/job/Tucson-AZ/Residential-Support-Representative-I_JR31550
Chamberlain Group,Sales Strategy & Operations Analyst,"Oak Brook, IL",https://chamberlain.wd1.myworkdayjobs.com/Chamberlain_Group/job/Oak-Brook-IL/Sales-Strategy---Operations-Analyst_JR31601,,2026-09-23,0,sales,workday,Smart Access (myQ/LiftMaster),Illinois,B,workday:chamberlain:/job/Oak-Brook-IL/Sales-Strategy---Operations-Analyst_JR31601
Chamberlain Group,Salesforce Administrator,"Oak Brook, IL",https://chamberlain.wd1.myworkdayjobs.com/Chamberlain_Group/job/Oak-Brook-IL/Salesforce-Administrator_JR31015,,2026-09-23,0,sales,workday,Smart Access (myQ/LiftMaster),Illinois,B,workday:chamberlain:/job/Oak-Brook-IL/Salesforce-Administrator_JR31015
Chamberlain Group,Sr. Business Systems Analyst - Finance & HR,"Oak Brook, IL",https://chamberlain.wd1.myworkdayjobs.com/Chamberlain_Group/job/Oak-Brook-IL/Sr-Business-Systems-Analyst---Finance---HR_JR31326,,2026-09-23,0,,workday,Smart Access (myQ/LiftMaster),Illinois,B,workday:chamberlain:/job/Oak-Brook-IL/Sr-Business-Systems-Analyst---Finance---HR_JR31326
Chamberlain Group,"Sr. Engineer, 2 Firmware","Oak Brook, IL",https://chamberlain.wd1.myworkdayjobs.com/Chamberlain_Group/job/Oak-Brook-IL/Sr-Engineer--2-Firmware_JR31505,,2026-09-23,0,eng,workday,Smart Access (myQ/LiftMaster),Illinois,B,workday:chamberlain:/job/Oak-Brook-IL/Sr-Engineer--2-Firmware_JR31505
Chamberlain Group,Sr. Field Sales Representative,Remote - Ohio,https://chamberlain.wd1.myworkdayjobs.com/Chamberlain_Group/job/Remote---Ohio/Sr-Field-Sales-Representative_JR31490-1,,2026-09-23,0,sales,workday,Smart Access (myQ/LiftMaster),Illinois,B,workday:chamberlain:/job/Remote---Ohio/Sr-Field-Sales-Representative_JR31490-1
Chamberlain Group,"Sr. Finance Analyst, FP&A","Oak Brook, IL",https://chamberlain.wd1.myworkdayjobs.com/Chamberlain_Group/job/Oak-Brook-IL/Sr-Finance-Analyst--FP-A_JR31126,,2026-09-23,0,,workday,Smart Access (myQ/LiftMaster),Illinois,B,workday:chamberlain:/job/Oak-Brook-IL/Sr-Finance-Analyst--FP-A_JR31126
Chamberlain Group,"Sr. Hardware Product Manager (Hybrid - Oak Brook, IL)","Oak Brook, IL",https://chamberlain.wd1.myworkdayjobs.com/Chamberlain_Group/job/Oak-Brook-IL/Sr-Product-Manager--Hybrid---Oak-Brook--IL-_JR31633,,2026-09-23,0,product,workday,Smart Access (myQ/LiftMaster),Illinois,B,workday:chamberlain:/job/Oak-Brook-IL/Sr-Product-Manager--Hybrid---Oak-Brook--IL-_JR31633
Chamberlain Group,Sr. Manager Quality Engineering - myQ,"Oak Brook, IL",https://chamberlain.wd1.myworkdayjobs.com/Chamberlain_Group/job/Oak-Brook-IL/Sr-Manager-Quality-Engineering---myQ_JR31431,,2026-09-23,0,eng,workday,Smart Access (myQ/LiftMaster),Illinois,B,workday:chamberlain:/job/Oak-Brook-IL/Sr-Manager-Quality-Engineering---myQ_JR31431
Chamberlain Group,"Sr. Manager Software Engineering (Hybrid in Oak Brook, IL)","Oak Brook, IL",https://chamberlain.wd1.myworkdayjobs.com/Chamberlain_Group/job/Oak-Brook-IL/Sr-Manager-Software-Engineering--Hybrid-in-Oak-Brook--IL-_JR31619,,2026-09-23,0,eng,workday,Smart Access (myQ/LiftMaster),Illinois,B,workday:chamberlain:/job/Oak-Brook-IL/Sr-Manager-Software-Engineering--Hybrid-in-Oak-Brook--IL-_JR31619
Chamberlain Group,"Sr. Manager, Channel Programs","Oak Brook, IL",https://chamberlain.wd1.myworkdayjobs.com/Chamberlain_Group/job/Oak-Brook-IL/Sr-Manager--Channel-Programs_JR29664,,2026-09-23,0,,workday,Smart Access (myQ/LiftMaster),Illinois,B,workday:chamberlain:/job/Oak-Brook-IL/Sr-Manager--Channel-Programs_JR29664
Chamberlain Group,"Sr. Manager, Data Science (Marketing)","Oak Brook, IL",https://chamberlain.wd1.myworkdayjobs.com/Chamberlain_Group/job/Oak-Brook-IL/Sr-Manager--Data-Science--Marketing-_JR30949,,2026-09-23,0,,workday,Smart Access (myQ/LiftMaster),Illinois,B,workday:chamberlain:/job/Oak-Brook-IL/Sr-Manager--Data-Science--Marketing-_JR30949
Chamberlain Group,"Sr. Manager, Data Science (Product & Engineering)","Oak Brook, IL",https://chamberlain.wd1.myworkdayjobs.com/Chamberlain_Group/job/Oak-Brook-IL/Sr-Manager--Data-Science--Product---Engineering-_JR30950,,2026-09-23,0,eng,workday,Smart Access (myQ/LiftMaster),Illinois,B,workday:chamberlain:/job/Oak-Brook-IL/Sr-Manager--Data-Science--Product---Engineering-_JR30950
Chamberlain Group,"Sr. Manager, Finance - Commercial FP&A","Oak Brook, IL",https://chamberlain.wd1.myworkdayjobs.com/Chamberlain_Group/job/Oak-Brook-IL/Sr-Manager--Finance---Commercial-FP-A_JR30497,,2026-09-23,0,,workday,Smart Access (myQ/LiftMaster),Illinois,B,workday:chamberlain:/job/Oak-Brook-IL/Sr-Manager--Finance---Commercial-FP-A_JR30497
Chamberlain Group,"Sr. Manager, Lifecycle Marketing","Oak Brook, IL",https://chamberlain.wd1.myworkdayjobs.com/Chamberlain_Group/job/Oak-Brook-IL/Sr-Manager--Lifecycle-Marketing_JR31466,,2026-09-23,0,,workday,Smart Access (myQ/LiftMaster),Illinois,B,workday:chamberlain:/job/Oak-Brook-IL/Sr-Manager--Lifecycle-Marketing_JR31466
Chamberlain Group,Sr. Sales Forecasting Analyst,"Oak Brook, IL",https://chamberlain.wd1.myworkdayjobs.com/Chamberlain_Group/job/Oak-Brook-IL/Sr-Sales-Forecasting-Analyst_JR29665,,2026-09-23,0,sales,workday,Smart Access (myQ/LiftMaster),Illinois,B,workday:chamberlain:/job/Oak-Brook-IL/Sr-Sales-Forecasting-Analyst_JR29665
Chamberlain Group,Sr. Technical Program Manager,"Oak Brook, IL",https://chamberlain.wd1.myworkdayjobs.com/Chamberlain_Group/job/Oak-Brook-IL/Sr-Technical-Program-Manager_JR31595,,2026-09-23,0,,workday,Smart Access (myQ/LiftMaster),Illinois,B,workday:chamberlain:/job/Oak-Brook-IL/Sr-Technical-Program-Manager_JR31595
Chamberlain Group,Supply Chain Specialist,"Oak Brook, IL",https://chamberlain.wd1.myworkdayjobs.com/Chamberlain_Group/job/Oak-Brook-IL/Supply-Chain-Analyst_JR31402,,2026-09-23,0,,workday,Smart Access (myQ/LiftMaster),Illinois,B,workday:chamberlain:/job/Oak-Brook-IL/Supply-Chain-Analyst_JR31402
Chamberlain Group,Technical Project Manager,"Oak Brook, IL",https://chamberlain.wd1.myworkdayjobs.com/Chamberlain_Group/job/Oak-Brook-IL/Technical-Project-Manager_JR31622,,2026-09-23,0,,workday,Smart Access (myQ/LiftMaster),Illinois,B,workday:chamberlain:/job/Oak-Brook-IL/Technical-Project-Manager_JR31622
Chamberlain Group,Technician Facilities Maintenance,"Olive Branch, MS",https://chamberlain.wd1.myworkdayjobs.com/Chamberlain_Group/job/Olive-Branch-MS/Technician-Facilities-Maintenance_JR31472-2,,2026-09-23,0,ops,workday,Smart Access (myQ/LiftMaster),Illinois,B,workday:chamberlain:/job/Olive-Branch-MS/Technician-Facilities-Maintenance_JR31472-2
Chamberlain Group,Warehouse Associate II,"Tucson, AZ",https://chamberlain.wd1.myworkdayjobs.com/Chamberlain_Group/job/Tucson-AZ/Warehouse-Associate-II_JR31345,,2026-09-23,0,,workday,Smart Access (myQ/LiftMaster),Illinois,B,workday:chamberlain:/job/Tucson-AZ/Warehouse-Associate-II_JR31345
CompStak,Account Executive,"New York, NY",https://jobs.lever.co/compstak/9e292fe1-f59c-4466-b8ec-cd6e1b38ec2d,2026-08-24,2026-09-23,0,sales,lever,CRE Comparable Data Platform,New York,B,lever:compstak:9e292fe1-f59c-4466-b8ec-cd6e1b38ec2d
CompStak,Sales Development Associate,Belgrade,https://jobs.lever.co/compstak/a91f0da0-d720-4adc-b036-f58c986a1894,2026-03-05,2026-09-23,0,sales,lever,CRE Comparable Data Platform,New York,B,lever:compstak:a91f0da0-d720-4adc-b036-f58c986a1894
CompStak,Senior Account Executive,"New York, NY",https://jobs.lever.co/compstak/ded2dbb5-692f-4809-8eea-4d40409a9813,2026-07-07,2026-09-23,0,sales,lever,CRE Comparable Data Platform,New York,B,lever:compstak:ded2dbb5-692f-4809-8eea-4d40409a9813
CompStak,Senior Product Manager,"New York, NY",https://jobs.lever.co/compstak/1ddc2801-2011-42b1-b027-6f786065b828,2025-09-30,2026-09-23,0,product,lever,CRE Comparable Data Platform,New York,B,lever:compstak:1ddc2801-2011-42b1-b027-6f786065b828
Convene,"A1 Audio Engineer, Live Events (part-time)","New York, NY",https://job-boards.greenhouse.io/convene/jobs/8180337,2026-09-04,2026-09-23,0,eng,greenhouse,Flexible Workspace / Meeting Venues,New York,B,greenhouse:convene:8180337
Convene,AV Event Technology Manager,"London, UK",https://job-boards.greenhouse.io/convene/jobs/8222181,2026-09-21,2026-09-23,0,,greenhouse,Flexible Workspace / Meeting Venues,New York,B,greenhouse:convene:8222181
Convene,Account Manager,"London, UK",https://job-boards.greenhouse.io/convene/jobs/8158887,2026-08-26,2026-09-23,0,customer,greenhouse,Flexible Workspace / Meeting Venues,New York,B,greenhouse:convene:8158887
Convene,"Area Director of Operations, Live Events","New York, NY",https://job-boards.greenhouse.io/convene/jobs/8180445,2026-09-04,2026-09-23,0,leadership,greenhouse,Flexible Workspace / Meeting Venues,New York,B,greenhouse:convene:8180445
Convene,Audio Visual Event Technology Manager,"New York, NY",https://job-boards.greenhouse.io/convene/jobs/8110409,2026-08-05,2026-09-23,0,,greenhouse,Flexible Workspace / Meeting Venues,New York,B,greenhouse:convene:8110409
Convene,"Audio Visual Supervisor, Live Events","New York, NY",https://job-boards.greenhouse.io/convene/jobs/8187134,2026-09-08,2026-09-23,0,,greenhouse,Flexible Workspace / Meeting Venues,New York,B,greenhouse:convene:8187134
Convene,Cleaner- Client Support Team,"London, UK",https://job-boards.greenhouse.io/convene/jobs/8104960,2026-08-05,2026-09-23,0,customer,greenhouse,Flexible Workspace / Meeting Venues,New York,B,greenhouse:convene:8104960
Convene,Conference & Events Assistant- Client Support Team,"London, UK",https://job-boards.greenhouse.io/convene/jobs/7925925,2026-05-14,2026-09-23,0,customer,greenhouse,Flexible Workspace / Meeting Venues,New York,B,greenhouse:convene:7925925
Convene,Conference & Events Manager,Manchester,https://job-boards.greenhouse.io/convene/jobs/8201423,2026-09-14,2026-09-23,0,,greenhouse,Flexible Workspace / Meeting Venues,New York,B,greenhouse:convene:8201423
Convene,Conference & Events Manager,London ,https://job-boards.greenhouse.io/convene/jobs/8210482,2026-09-17,2026-09-23,0,,greenhouse,Flexible Workspace / Meeting Venues,New York,B,greenhouse:convene:8210482
Convene,"Event Coordinator, Live Events","New York, NY",https://job-boards.greenhouse.io/convene/jobs/8203824,2026-09-15,2026-09-23,0,,greenhouse,Flexible Workspace / Meeting Venues,New York,B,greenhouse:convene:8203824
Convene,Event Manager- Live Events!,"London, UK",https://job-boards.greenhouse.io/convene/jobs/8083168,2026-07-24,2026-09-23,0,,greenhouse,Flexible Workspace / Meeting Venues,New York,B,greenhouse:convene:8083168
Convene,Event Production Manager,"San Francisco, CA",https://job-boards.greenhouse.io/convene/jobs/8119824,2026-08-10,2026-09-23,0,,greenhouse,Flexible Workspace / Meeting Venues,New York,B,greenhouse:convene:8119824
Convene,Event Server - Full Time,"Boston, MA",https://job-boards.greenhouse.io/convene/jobs/8164384,2026-08-28,2026-09-23,0,,greenhouse,Flexible Workspace / Meeting Venues,New York,B,greenhouse:convene:8164384
Convene,"Executive Chef- Live Events, New Opening!","London, UK",https://job-boards.greenhouse.io/convene/jobs/8147707,2026-08-21,2026-09-23,0,,greenhouse,Flexible Workspace / Meeting Venues,New York,B,greenhouse:convene:8147707
Convene,Facilities Assistant- Client Support Team,"London, UK",https://job-boards.greenhouse.io/convene/jobs/8143631,2026-08-20,2026-09-23,0,customer,greenhouse,Flexible Workspace / Meeting Venues,New York,B,greenhouse:convene:8143631
Convene,Food & Beverage Supervisor (Monday-Friday),"Manchester, UK ",https://job-boards.greenhouse.io/convene/jobs/8185864,2026-09-08,2026-09-23,0,,greenhouse,Flexible Workspace / Meeting Venues,New York,B,greenhouse:convene:8185864
Convene,Food & Beverage Supervisor (Monday-Friday),"London, UK",https://job-boards.greenhouse.io/convene/jobs/7742425,2026-03-23,2026-09-23,0,,greenhouse,Flexible Workspace / Meeting Venues,New York,B,greenhouse:convene:7742425
Convene,Front of House Attendant,"New York, NY",https://job-boards.greenhouse.io/convene/jobs/8187031,2026-09-08,2026-09-23,0,,greenhouse,Flexible Workspace / Meeting Venues,New York,B,greenhouse:convene:8187031
Convene,"General Manager, Live Events","New York, NY",https://job-boards.greenhouse.io/convene/jobs/8160867,2026-08-26,2026-09-23,0,leadership,greenhouse,Flexible Workspace / Meeting Venues,New York,B,greenhouse:convene:8160867
Convene,General Manager- Live Events,"London, UK",https://job-boards.greenhouse.io/convene/jobs/8099686,2026-07-31,2026-09-23,0,leadership,greenhouse,Flexible Workspace / Meeting Venues,New York,B,greenhouse:convene:8099686
Convene,Head Chef -Live Events (New Opening!),"London, UK",https://job-boards.greenhouse.io/convene/jobs/8158031,2026-08-26,2026-09-23,0,,greenhouse,Flexible Workspace / Meeting Venues,New York,B,greenhouse:convene:8158031
Convene,Helpdesk Support Analyst,"London, UK",https://job-boards.greenhouse.io/convene/jobs/8213831,2026-09-18,2026-09-23,0,customer,greenhouse,Flexible Workspace / Meeting Venues,New York,B,greenhouse:convene:8213831
Convene,Hospitality Coordinator,"New York, NY",https://job-boards.greenhouse.io/convene/jobs/8213783,2026-09-18,2026-09-23,0,,greenhouse,Flexible Workspace / Meeting Venues,New York,B,greenhouse:convene:8213783
Convene,Hospitality Event Server,"New York, New York",https://job-boards.greenhouse.io/convene/jobs/8042083,2026-07-09,2026-09-23,0,,greenhouse,Flexible Workspace / Meeting Venues,New York,B,greenhouse:convene:8042083
Convene,Hospitality/Event Coordinator- Live Events,"London, UK",https://job-boards.greenhouse.io/convene/jobs/8213339,2026-09-18,2026-09-23,0,,greenhouse,Flexible Workspace / Meeting Venues,New York,B,greenhouse:convene:8213339
Convene,Kitchen Porter,"London, UK",https://job-boards.greenhouse.io/convene/jobs/8146990,2026-08-21,2026-09-23,0,,greenhouse,Flexible Workspace / Meeting Venues,New York,B,greenhouse:convene:8146990
Convene,"L1 Lighting Engineer, Live Events (part-time)","New York, NY",https://job-boards.greenhouse.io/convene/jobs/8180353,2026-09-04,2026-09-23,0,eng,greenhouse,Flexible Workspace / Meeting Venues,New York,B,greenhouse:convene:8180353
Convene,Line Cook,"Washington, DC ",https://job-boards.greenhouse.io/convene/jobs/8172096,2026-09-01,2026-09-23,0,,greenhouse,Flexible Workspace / Meeting Venues,New York,B,greenhouse:convene:8172096
Convene,Line Cook,"San Francisco, CA",https://job-boards.greenhouse.io/convene/jobs/8196629,2026-09-11,2026-09-23,0,,greenhouse,Flexible Workspace / Meeting Venues,New York,B,greenhouse:convene:8196629
Convene,Part-Time Barista,"Chicago, IL",https://job-boards.greenhouse.io/convene/jobs/8189962,2026-09-09,2026-09-23,0,,greenhouse,Flexible Workspace / Meeting Venues,New York,B,greenhouse:convene:8189962
Convene,Part-Time Event Server,"New York, NY",https://job-boards.greenhouse.io/convene/jobs/8213479,2026-09-18,2026-09-23,0,,greenhouse,Flexible Workspace / Meeting Venues,New York,B,greenhouse:convene:8213479
Convene,Part-Time Hospitality Event Server,"Boston, MA",https://job-boards.greenhouse.io/convene/jobs/8164628,2026-08-28,2026-09-23,0,,greenhouse,Flexible Workspace / Meeting Venues,New York,B,greenhouse:convene:8164628
Convene,Senior Account Manager,"London, UK",https://job-boards.greenhouse.io/convene/jobs/7967028,2026-05-29,2026-09-23,0,customer,greenhouse,Flexible Workspace / Meeting Venues,New York,B,greenhouse:convene:7967028
Convene,"Senior Audio Visual Technician, Live Events","London, UK",https://job-boards.greenhouse.io/convene/jobs/8189201,2026-09-09,2026-09-23,0,,greenhouse,Flexible Workspace / Meeting Venues,New York,B,greenhouse:convene:8189201
Convene,"Senior Conference & Events Manager- Live Events, New Opening!","London, UK",https://job-boards.greenhouse.io/convene/jobs/8201578,2026-09-17,2026-09-23,0,,greenhouse,Flexible Workspace / Meeting Venues,New York,B,greenhouse:convene:8201578
Convene,"Senior Event Production Manager- Live Events, New Opening!","London, UK",https://job-boards.greenhouse.io/convene/jobs/8207777,2026-09-17,2026-09-23,0,,greenhouse,Flexible Workspace / Meeting Venues,New York,B,greenhouse:convene:8207777
Convene,Senior Network Engineer,"New York, NY",https://job-boards.greenhouse.io/convene/jobs/8092500,2026-07-28,2026-09-23,0,eng,greenhouse,Flexible Workspace / Meeting Venues,New York,B,greenhouse:convene:8092500
Convene,"Senior Sales Executive, Corporate & Social Events","New York, NY",https://job-boards.greenhouse.io/convene/jobs/8211900,2026-09-17,2026-09-23,0,sales,greenhouse,Flexible Workspace / Meeting Venues,New York,B,greenhouse:convene:8211900
Convene,"Special Events Bartender,  Part-Time","New York, NY",https://job-boards.greenhouse.io/convene/jobs/8212671,2026-09-17,2026-09-23,0,,greenhouse,Flexible Workspace / Meeting Venues,New York,B,greenhouse:convene:8212671
Convene,"V1 Video Engineer, Live Events","New York, NY",https://job-boards.greenhouse.io/convene/jobs/8073827,2026-07-19,2026-09-23,0,eng,greenhouse,Flexible Workspace / Meeting Venues,New York,B,greenhouse:convene:8073827
Convene,"Venue Manager- Live Events, New Opening!","London, UK",https://job-boards.greenhouse.io/convene/jobs/8207733,2026-09-17,2026-09-23,0,,greenhouse,Flexible Workspace / Meeting Venues,New York,B,greenhouse:convene:8207733
Crexi,"Account Executive, Intelligence (Los Angeles)","Playa Vista, Ca",https://job-boards.greenhouse.io/crexi/jobs/4649730005,2026-01-14,2026-09-23,0,sales,greenhouse,CRE Marketplace & Data,California,B,greenhouse:crexi:4649730005
Crexi,"Account Executive, Intelligence (Miami)","Miami, FL",https://job-boards.greenhouse.io/crexi/jobs/4649743005,2026-01-14,2026-09-23,0,sales,greenhouse,CRE Marketplace & Data,California,B,greenhouse:crexi:4649743005
Crexi,"Account Executive, Pro (Los Angeles)","Playa Vista, Ca",https://job-boards.greenhouse.io/crexi/jobs/4648939005,2026-01-14,2026-09-23,0,sales,greenhouse,CRE Marketplace & Data,California,B,greenhouse:crexi:4648939005
Crexi,"Account Executive, Pro (Miami)","Miami, FL",https://job-boards.greenhouse.io/crexi/jobs/4648940005,2026-01-14,2026-09-23,0,sales,greenhouse,CRE Marketplace & Data,California,B,greenhouse:crexi:4648940005
Crexi,"Manager, Software Engineering",Los Angeles,https://job-boards.greenhouse.io/crexi/jobs/4723629005,2026-08-12,2026-09-23,0,eng,greenhouse,CRE Marketplace & Data,California,B,greenhouse:crexi:4723629005
Crexi,"Sales Development Representative, Intelligence (Los Angeles)","Playa Vista, Ca",https://job-boards.greenhouse.io/crexi/jobs/4649714005,2026-01-21,2026-09-23,0,sales,greenhouse,CRE Marketplace & Data,California,B,greenhouse:crexi:4649714005
Crexi,"Sales Development Representative, Intelligence (Miami)","Miami, FL",https://job-boards.greenhouse.io/crexi/jobs/4649735005,2026-01-21,2026-09-23,0,sales,greenhouse,CRE Marketplace & Data,California,B,greenhouse:crexi:4649735005
Crexi,"Sales Development Representative, Pro (Los Angeles)","Playa Vista, Ca",https://job-boards.greenhouse.io/crexi/jobs/4649741005,2026-01-21,2026-09-23,0,sales,greenhouse,CRE Marketplace & Data,California,B,greenhouse:crexi:4649741005
Crexi,"Sales Development Representative, Pro (Miami)","Miami, FL",https://job-boards.greenhouse.io/crexi/jobs/4649747005,2026-01-21,2026-09-23,0,sales,greenhouse,CRE Marketplace & Data,California,B,greenhouse:crexi:4649747005
Crexi,Senior AI Engineer,United States,https://job-boards.greenhouse.io/crexi/jobs/4723615005,2026-08-12,2026-09-23,0,eng,greenhouse,CRE Marketplace & Data,California,B,greenhouse:crexi:4723615005
Crexi,Senior Data Engineer,Los Angeles,https://job-boards.greenhouse.io/crexi/jobs/4724138005,2026-08-13,2026-09-23,0,eng,greenhouse,CRE Marketplace & Data,California,B,greenhouse:crexi:4724138005
Crexi,Senior Product Designer,United States,https://job-boards.greenhouse.io/crexi/jobs/4728132005,2026-08-26,2026-09-23,0,,greenhouse,CRE Marketplace & Data,California,B,greenhouse:crexi:4728132005
Crexi,Senior Product Manager,United States,https://job-boards.greenhouse.io/crexi/jobs/4728120005,2026-08-26,2026-09-23,0,product,greenhouse,CRE Marketplace & Data,California,B,greenhouse:crexi:4728120005
Crexi,Senior Product Marketing Manager,"Playa Vista, CA",https://job-boards.greenhouse.io/crexi/jobs/4728816005,2026-08-28,2026-09-23,0,,greenhouse,CRE Marketplace & Data,California,B,greenhouse:crexi:4728816005
Crexi,Senior Security Engineer,United States,https://job-boards.greenhouse.io/crexi/jobs/4723659005,2026-08-12,2026-09-23,0,eng,greenhouse,CRE Marketplace & Data,California,B,greenhouse:crexi:4723659005
Crexi,Senior Software Engineer- Full Stack,United States,https://job-boards.greenhouse.io/crexi/jobs/4679227005,2026-03-30,2026-09-23,0,eng,greenhouse,CRE Marketplace & Data,California,B,greenhouse:crexi:4679227005
Doma,"Director, Platform Engineering",Remote USA,https://job-boards.greenhouse.io/doma/jobs/8167584,2026-08-31,2026-09-23,0,leadership,greenhouse,Title Insurance / Mortgage Tech,California,B,greenhouse:doma:8167584
Doma,IT Specialist,Remote USA,https://job-boards.greenhouse.io/doma/jobs/8219586,2026-09-21,2026-09-23,0,,greenhouse,Title Insurance / Mortgage Tech,California,B,greenhouse:doma:8219586
Doma,IT Specialist,Remote USA,https://job-boards.greenhouse.io/doma/jobs/8219588,2026-09-21,2026-09-23,0,,greenhouse,Title Insurance / Mortgage Tech,California,B,greenhouse:doma:8219588
Doma,Senior Data Analyst,Remote USA,https://job-boards.greenhouse.io/doma/jobs/8181038,2026-09-08,2026-09-23,0,,greenhouse,Title Insurance / Mortgage Tech,California,B,greenhouse:doma:8181038
Doma,Staff Machine Learning Engineer,Remote USA,https://job-boards.greenhouse.io/doma/jobs/8109028,2026-08-14,2026-09-23,0,eng,greenhouse,Title Insurance / Mortgage Tech,California,B,greenhouse:doma:8109028
Envoy,Channel Account Manager,Remote - US,https://jobs.ashbyhq.com/envoy/9038b68a-5aa3-4d73-bb49-84f3a33a5c7e,2026-05-29,2026-09-23,0,customer,ashby,Workplace Experience Platform,California,B,ashby:envoy:9038b68a-5aa3-4d73-bb49-84f3a33a5c7e
Envoy,Demand Generation Manager,"San Francisco, CA",https://jobs.ashbyhq.com/envoy/0a8ce051-c533-4c9e-a4d8-577ccf33b7bb,2026-09-11,2026-09-23,0,,ashby,Workplace Experience Platform,California,B,ashby:envoy:0a8ce051-c533-4c9e-a4d8-577ccf33b7bb
Envoy,EMEA Outbound BDR,"London, United Kingdom",https://jobs.ashbyhq.com/envoy/50fb0d1e-fa3a-4f05-b40f-df0149882eec,2026-09-12,2026-09-23,0,sales,ashby,Workplace Experience Platform,California,B,ashby:envoy:50fb0d1e-fa3a-4f05-b40f-df0149882eec
Envoy,EMEA SMB Account Executive,"London, United Kingdom",https://jobs.ashbyhq.com/envoy/994f31d8-2e8d-4e60-bdb4-6f1315b22967,2026-08-13,2026-09-23,0,sales,ashby,Workplace Experience Platform,California,B,ashby:envoy:994f31d8-2e8d-4e60-bdb4-6f1315b22967
Envoy,"Member of Technical Staff Engineer, Full-Stack (Staff)","San Francisco, CA",https://jobs.ashbyhq.com/envoy/fb56e24e-41dc-45d8-9bdb-b059635fb7a6,2026-07-28,2026-09-23,0,eng,ashby,Workplace Experience Platform,California,B,ashby:envoy:fb56e24e-41dc-45d8-9bdb-b059635fb7a6
Envoy,"Member of Technical Staff, Admin Experiences","San Francisco, CA",https://jobs.ashbyhq.com/envoy/f8fa0c7b-df47-4bca-a094-ba4f4a9bb290,2026-09-16,2026-09-23,0,,ashby,Workplace Experience Platform,California,B,ashby:envoy:f8fa0c7b-df47-4bca-a094-ba4f4a9bb290
Envoy,"Member of Technical Staff, Fullstack","San Francisco, CA",https://jobs.ashbyhq.com/envoy/724fe1ce-e41f-4fce-a386-f1c8fca63a2f,2026-07-08,2026-09-23,0,,ashby,Workplace Experience Platform,California,B,ashby:envoy:724fe1ce-e41f-4fce-a386-f1c8fca63a2f
Envoy,"Member of Technical Staff, Labs","San Francisco, CA",https://jobs.ashbyhq.com/envoy/5499e5fa-3e9f-4722-a407-0325d14cef23,2026-05-19,2026-09-23,0,,ashby,Workplace Experience Platform,California,B,ashby:envoy:5499e5fa-3e9f-4722-a407-0325d14cef23
Envoy,"Member of Technical Staff, SecOps & Threat Detection Engineer","San Francisco, CA",https://jobs.ashbyhq.com/envoy/d985cc9c-5e69-4423-b394-2619c25d7f79,2026-07-08,2026-09-23,0,eng,ashby,Workplace Experience Platform,California,B,ashby:envoy:d985cc9c-5e69-4423-b394-2619c25d7f79
Envoy,Mid Market Account Executive,"Denver, CO",https://jobs.ashbyhq.com/envoy/e85a668d-a1d3-4dd0-a511-f75c2005ef61,2026-09-12,2026-09-23,0,sales,ashby,Workplace Experience Platform,California,B,ashby:envoy:e85a668d-a1d3-4dd0-a511-f75c2005ef61
Envoy,Mid Market Account Executive,"San Francisco, CA",https://jobs.ashbyhq.com/envoy/d8a76039-7a58-4e28-988c-b013be7a3aa8,2026-09-12,2026-09-23,0,sales,ashby,Workplace Experience Platform,California,B,ashby:envoy:d8a76039-7a58-4e28-988c-b013be7a3aa8
Envoy,Pre Sales Solutions Engineer,"New York City, NY",https://jobs.ashbyhq.com/envoy/c59852fc-8912-4d6b-ad59-694eac7f942d,2026-08-18,2026-09-23,0,sales,ashby,Workplace Experience Platform,California,B,ashby:envoy:c59852fc-8912-4d6b-ad59-694eac7f942d
Envoy,Product Designer,"San Francisco, CA",https://jobs.ashbyhq.com/envoy/3a2fb81f-f22a-459d-a246-5dd0126d3f1f,2026-08-28,2026-09-23,0,,ashby,Workplace Experience Platform,California,B,ashby:envoy:3a2fb81f-f22a-459d-a246-5dd0126d3f1f
Envoy,"Product Lead, Spaces","San Francisco, CA",https://jobs.ashbyhq.com/envoy/74af8151-51b2-4ec8-9989-501a9b96084d,2026-04-06,2026-09-23,0,product,ashby,Workplace Experience Platform,California,B,ashby:envoy:74af8151-51b2-4ec8-9989-501a9b96084d
Envoy,"Product Lead, Visitors","San Francisco, CA",https://jobs.ashbyhq.com/envoy/f456eb52-6acd-4f1c-9b6f-fa263a04341d,2026-09-18,2026-09-23,0,product,ashby,Workplace Experience Platform,California,B,ashby:envoy:f456eb52-6acd-4f1c-9b6f-fa263a04341d
Envoy,SMB Account Executive,"San Francisco, CA",https://jobs.ashbyhq.com/envoy/db16b366-f319-4908-a493-19ed22914f05,2026-07-30,2026-09-23,0,sales,ashby,Workplace Experience Platform,California,B,ashby:envoy:db16b366-f319-4908-a493-19ed22914f05
Envoy,Senior Demand Generation Manager,"San Francisco, CA",https://jobs.ashbyhq.com/envoy/c907d2c3-6a3e-4ae7-85be-184c0a966677,2026-07-11,2026-09-23,0,,ashby,Workplace Experience Platform,California,B,ashby:envoy:c907d2c3-6a3e-4ae7-85be-184c0a966677
Envoy,Senior Technical Recruiter,"San Francisco, CA",https://jobs.ashbyhq.com/envoy/f10e8757-a46a-4e95-b28d-b99b57abfe76,2026-09-12,2026-09-23,0,,ashby,Workplace Experience Platform,California,B,ashby:envoy:f10e8757-a46a-4e95-b28d-b99b57abfe76
GreenLite,Content Marketing Manager,"San Francisco, CA",https://jobs.ashbyhq.com/brettonai/2c053957-af85-4eaf-a8c9-592e8dc437d2,2026-07-20,2026-09-23,0,,ashby,AI Permitting & Compliance,Texas,B,ashby:brettonai:2c053957-af85-4eaf-a8c9-592e8dc437d2
GreenLite,Enterprise Account Executive,"San Francisco, CA",https://jobs.ashbyhq.com/brettonai/055593ae-1a0e-4b51-a7ea-5d52d62f0808,2025-07-01,2026-09-23,0,sales,ashby,AI Permitting & Compliance,Texas,B,ashby:brettonai:055593ae-1a0e-4b51-a7ea-5d52d62f0808
GreenLite,Financial Crime Analyst,Remote- United States,https://jobs.ashbyhq.com/brettonai/1a1f73e1-1ee0-443b-87ee-2823e6b6dabf,2026-04-29,2026-09-23,0,,ashby,AI Permitting & Compliance,Texas,B,ashby:brettonai:1a1f73e1-1ee0-443b-87ee-2823e6b6dabf
GreenLite,Forward Deployed Engineer,"San Francisco, CA",https://jobs.ashbyhq.com/brettonai/b21f7919-92f0-4de8-bd76-daeb16341a31,2026-03-10,2026-09-23,0,eng,ashby,AI Permitting & Compliance,Texas,B,ashby:brettonai:b21f7919-92f0-4de8-bd76-daeb16341a31
GreenLite,"Software Engineer, Infrastructure","San Francisco, CA",https://jobs.ashbyhq.com/brettonai/ddc15478-3f0e-48ff-8a97-a0cccb5f6fe1,2026-01-28,2026-09-23,0,eng,ashby,AI Permitting & Compliance,Texas,B,ashby:brettonai:ddc15478-3f0e-48ff-8a97-a0cccb5f6fe1
GreenLite,"Software Engineer, Product","San Francisco, CA",https://jobs.ashbyhq.com/brettonai/191496c7-6aa7-4d11-897d-7681aec0e6b9,2026-01-22,2026-09-23,0,eng,ashby,AI Permitting & Compliance,Texas,B,ashby:brettonai:191496c7-6aa7-4d11-897d-7681aec0e6b9
GreenLite,Solutions Engineer,Remote- United States,https://jobs.ashbyhq.com/brettonai/7ce44efa-553c-4f30-99f7-ffce02725290,2025-08-20,2026-09-23,0,eng,ashby,AI Permitting & Compliance,Texas,B,ashby:brettonai:7ce44efa-553c-4f30-99f7-ffce02725290
HomeLight,Account Executive - Title & Escrow,"Houston, TX",https://job-boards.greenhouse.io/homelight/jobs/8079940,2026-07-22,2026-09-23,0,sales,greenhouse,Agent Matching / Real Estate Marketplace,California,B,greenhouse:homelight:8079940
HomeLight,Account Executive - Title Insurance,"San Bernardino, CA ",https://job-boards.greenhouse.io/homelight/jobs/7871429,2026-04-30,2026-09-23,0,sales,greenhouse,Agent Matching / Real Estate Marketplace,California,B,greenhouse:homelight:7871429
HomeLight,Account Executive - Title Insurance,"Riverside, CA",https://job-boards.greenhouse.io/homelight/jobs/7877826,2026-05-02,2026-09-23,0,sales,greenhouse,Agent Matching / Real Estate Marketplace,California,B,greenhouse:homelight:7877826
HomeLight,Account Executive - Title Insurance,"Los Angeles, CA",https://job-boards.greenhouse.io/homelight/jobs/7904090,2026-05-07,2026-09-23,0,sales,greenhouse,Agent Matching / Real Estate Marketplace,California,B,greenhouse:homelight:7904090
HomeLight,Account Executive - Title Insurance,"Irvine, CA",https://job-boards.greenhouse.io/homelight/jobs/7904083,2026-05-07,2026-09-23,0,sales,greenhouse,Agent Matching / Real Estate Marketplace,California,B,greenhouse:homelight:7904083
HomeLight,Business Development Manager - Title & Escrow,"Houston, TX",https://job-boards.greenhouse.io/homelight/jobs/8079969,2026-07-22,2026-09-23,0,sales,greenhouse,Agent Matching / Real Estate Marketplace,California,B,greenhouse:homelight:8079969
HomeLight,Contract Advisor,"Scottsdale, AZ",https://job-boards.greenhouse.io/homelight/jobs/8208496,2026-09-16,2026-09-23,0,,greenhouse,Agent Matching / Real Estate Marketplace,California,B,greenhouse:homelight:8208496
HomeLight,"Data Engineer, San Francisco, CA","San Francisco, CA",https://job-boards.greenhouse.io/homelight/jobs/8211546,2026-09-17,2026-09-23,0,eng,greenhouse,Agent Matching / Real Estate Marketplace,California,B,greenhouse:homelight:8211546
HomeLight,Director of Growth Acquisition,"San Francisco, CA",https://job-boards.greenhouse.io/homelight/jobs/7843865,2026-04-22,2026-09-23,0,leadership,greenhouse,Agent Matching / Real Estate Marketplace,California,B,greenhouse:homelight:7843865
HomeLight,"Full Stack Engineer (D2C), San Francisco, CA","San Francisco, CA",https://job-boards.greenhouse.io/homelight/jobs/8211717,2026-09-17,2026-09-23,0,eng,greenhouse,Agent Matching / Real Estate Marketplace,California,B,greenhouse:homelight:8211717
HomeLight,Inside Sales (Home Consultant),"Tijuana, Mexico",https://job-boards.greenhouse.io/homelight/jobs/8155658,2026-08-24,2026-09-23,0,sales,greenhouse,Agent Matching / Real Estate Marketplace,California,B,greenhouse:homelight:8155658
HomeLight,Loan Processor,"Scottsdale, AZ",https://job-boards.greenhouse.io/homelight/jobs/8172011,2026-09-01,2026-09-23,0,,greenhouse,Agent Matching / Real Estate Marketplace,California,B,greenhouse:homelight:8172011
HomeLight,Product Manager - D2C,"San Francisco, CA",https://job-boards.greenhouse.io/homelight/jobs/8008777,2026-06-15,2026-09-23,0,product,greenhouse,Agent Matching / Real Estate Marketplace,California,B,greenhouse:homelight:8008777
HomeLight,"Senior Growth Manager, Acquisition","San Francisco, CA",https://job-boards.greenhouse.io/homelight/jobs/7843746,2026-04-22,2026-09-23,0,,greenhouse,Agent Matching / Real Estate Marketplace,California,B,greenhouse:homelight:7843746
HomeLight,Title Sales Representative,"Irvine, CA",https://job-boards.greenhouse.io/homelight/jobs/7904058,2026-05-07,2026-09-23,0,sales,greenhouse,Agent Matching / Real Estate Marketplace,California,B,greenhouse:homelight:7904058
HomeLight,Title Sales Representative,"Los Angeles, CA",https://job-boards.greenhouse.io/homelight/jobs/7904086,2026-05-07,2026-09-23,0,sales,greenhouse,Agent Matching / Real Estate Marketplace,California,B,greenhouse:homelight:7904086
HomeLight,Title Sales Representative,"Riverside, CA",https://job-boards.greenhouse.io/homelight/jobs/7877827,2026-05-02,2026-09-23,0,sales,greenhouse,Agent Matching / Real Estate Marketplace,California,B,greenhouse:homelight:7877827
HomeLight,Title Sales Representative,"San Bernardino, CA",https://job-boards.greenhouse.io/homelight/jobs/7871753,2026-04-30,2026-09-23,0,sales,greenhouse,Agent Matching / Real Estate Marketplace,California,B,greenhouse:homelight:7871753
Homebot,Senior Backend Engineer,Denver,https://jobs.ashbyhq.com/homebot/d4440bc0-a571-4496-b880-94767c4f5b61,2026-08-28,2026-09-23,0,eng,ashby,Homeowner Engagement Platform,Colorado,B,ashby:homebot:d4440bc0-a571-4496-b880-94767c4f5b61
Homeward,Analytics Engineer (LatAm),Remote (Latin America),https://job-boards.greenhouse.io/homeward/jobs/8701047002,2026-08-12,2026-09-23,0,eng,greenhouse,Cash-Offer / Mortgage Fintech,Texas,B,greenhouse:homeward:8701047002
Homeward,Closing Coordinator Support,"Delhi, India",https://job-boards.greenhouse.io/homeward/jobs/6978828002,2023-10-18,2026-09-23,0,customer,greenhouse,Cash-Offer / Mortgage Fintech,Texas,B,greenhouse:homeward:6978828002
Homeward,Escrow Officer,Remote - United States,https://job-boards.greenhouse.io/homeward/jobs/4781100002,2020-07-01,2026-09-23,0,,greenhouse,Cash-Offer / Mortgage Fintech,Texas,B,greenhouse:homeward:4781100002
Homeward,Maintenance Coordinator (India),India,https://job-boards.greenhouse.io/homeward/jobs/8028659002,2025-06-09,2026-09-23,0,ops,greenhouse,Cash-Offer / Mortgage Fintech,Texas,B,greenhouse:homeward:8028659002
Homeward,"Senior Manager, Capital Markets Operations",Remote - United States,https://job-boards.greenhouse.io/homeward/jobs/8696766002,2026-09-16,2026-09-23,0,ops,greenhouse,Cash-Offer / Mortgage Fintech,Texas,B,greenhouse:homeward:8696766002
Luxury Presence,"Account Executive (Austin, TX)","Austin, TX",https://jobs.lever.co/luxurypresence/00069055-e828-4369-8916-ac5673e58e3f,2019-07-26,2026-09-23,0,sales,lever,Real Estate Agent Marketing Platform,Texas,B,lever:luxurypresence:00069055-e828-4369-8916-ac5673e58e3f
Luxury Presence,Business Development Representative (BDR),United States,https://jobs.lever.co/luxurypresence/ece56974-bf69-4096-9809-a8be24790e82,2026-04-30,2026-09-23,0,sales,lever,Real Estate Agent Marketing Platform,Texas,B,lever:luxurypresence:ece56974-bf69-4096-9809-a8be24790e82
Luxury Presence,Client Success Manager II,"Phoenix, AZ",https://jobs.lever.co/luxurypresence/ce3869ba-fc2b-4979-aacd-221b92b9bdbb,2023-02-08,2026-09-23,0,,lever,Real Estate Agent Marketing Platform,Texas,B,lever:luxurypresence:ce3869ba-fc2b-4979-aacd-221b92b9bdbb
Luxury Presence,Client Support Representative,"Phoenix, AZ",https://jobs.lever.co/luxurypresence/c651e15f-cc5d-46c0-bd77-cf9c3134ead3,2019-08-31,2026-09-23,0,customer,lever,Real Estate Agent Marketing Platform,Texas,B,lever:luxurypresence:c651e15f-cc5d-46c0-bd77-cf9c3134ead3
Luxury Presence,"Director, Client Success - Austin, TX (Hybrid)","Austin, TX",https://jobs.lever.co/luxurypresence/3e87e45b-a406-46d1-896c-cfc59cb5ba24,2026-08-31,2026-09-23,0,leadership,lever,Real Estate Agent Marketing Platform,Texas,B,lever:luxurypresence:3e87e45b-a406-46d1-896c-cfc59cb5ba24
Luxury Presence,"Engineering Manager, Maps & Search - CANADA (Remote)",Canada,https://jobs.lever.co/luxurypresence/87374c99-7cb5-46eb-bd0f-c2f3f9bf1a7c,2026-07-17,2026-09-23,0,eng,lever,Real Estate Agent Marketing Platform,Texas,B,lever:luxurypresence:87374c99-7cb5-46eb-bd0f-c2f3f9bf1a7c
Luxury Presence,"Engineering Manager, Maps & Search - US (Remote)",United States,https://jobs.lever.co/luxurypresence/a67ee678-19d6-4256-99be-6547235db23c,2026-07-17,2026-09-23,0,eng,lever,Real Estate Agent Marketing Platform,Texas,B,lever:luxurypresence:a67ee678-19d6-4256-99be-6547235db23c
Luxury Presence,GTM Recruiter,"Austin, TX",https://jobs.lever.co/luxurypresence/1cebb130-7a12-4b74-a99a-a01ef6b5f084,2026-09-04,2026-09-23,0,,lever,Real Estate Agent Marketing Platform,Texas,B,lever:luxurypresence:1cebb130-7a12-4b74-a99a-a01ef6b5f084
Luxury Presence,General Inquiries,"Santa Monica, CA",https://jobs.lever.co/luxurypresence/fe7ca7b0-f158-4351-9054-d0f7cccb0f63,2020-05-07,2026-09-23,0,,lever,Real Estate Agent Marketing Platform,Texas,B,lever:luxurypresence:fe7ca7b0-f158-4351-9054-d0f7cccb0f63
Luxury Presence,"Generative Media Engineer, AI Social - CANADA (Remote)",Canada,https://jobs.lever.co/luxurypresence/0d8abf66-c086-4d37-9c44-ef1d503055e7,2026-07-22,2026-09-23,0,eng,lever,Real Estate Agent Marketing Platform,Texas,B,lever:luxurypresence:0d8abf66-c086-4d37-9c44-ef1d503055e7
Luxury Presence,"Generative Media Engineer, AI Social - US (Remote)",United States,https://jobs.lever.co/luxurypresence/1bb9c63b-7f1c-4846-9b4c-9a752cac99d2,2026-07-13,2026-09-23,0,eng,lever,Real Estate Agent Marketing Platform,Texas,B,lever:luxurypresence:1bb9c63b-7f1c-4846-9b4c-9a752cac99d2
Luxury Presence,Head of Product Design - Remote (US/CANADA),United States,https://jobs.lever.co/luxurypresence/fec5bab7-05d5-434a-9a13-83a452728217,2026-06-23,2026-09-23,0,product,lever,Real Estate Agent Marketing Platform,Texas,B,lever:luxurypresence:fec5bab7-05d5-434a-9a13-83a452728217
Luxury Presence,"Manager, Onboarding - ATX","Austin, TX",https://jobs.lever.co/luxurypresence/33ee4e0a-505c-43ad-a3a8-68d047ef65e3,2026-06-23,2026-09-23,0,customer,lever,Real Estate Agent Marketing Platform,Texas,B,lever:luxurypresence:33ee4e0a-505c-43ad-a3a8-68d047ef65e3
Luxury Presence,Onboarding Specialist - Austin (hybrid),"Austin, TX",https://jobs.lever.co/luxurypresence/db79e5cb-4a08-4095-a79c-d29e50db7e8a,2026-07-06,2026-09-23,0,customer,lever,Real Estate Agent Marketing Platform,Texas,B,lever:luxurypresence:db79e5cb-4a08-4095-a79c-d29e50db7e8a
Luxury Presence,"Producer / Editor, Presence® Media","New York, NY",https://jobs.lever.co/luxurypresence/5a65413b-7377-4c08-a2dc-f1e9dead9413,2026-05-01,2026-09-23,0,,lever,Real Estate Agent Marketing Platform,Texas,B,lever:luxurypresence:5a65413b-7377-4c08-a2dc-f1e9dead9413
Luxury Presence,"Product Engineer, Internal Tools - LATAM (Remote)",Latin America,https://jobs.lever.co/luxurypresence/32fe02d5-b291-42bf-87e3-2ebe3bb2521d,2026-08-29,2026-09-23,0,eng,lever,Real Estate Agent Marketing Platform,Texas,B,lever:luxurypresence:32fe02d5-b291-42bf-87e3-2ebe3bb2521d
Luxury Presence,RevTech Senior Salesforce Developer - India (Remote),India,https://jobs.lever.co/luxurypresence/e132529e-f6a8-4772-9b08-551302a32a0f,2026-09-22,2026-09-23,0,sales,lever,Real Estate Agent Marketing Platform,Texas,B,lever:luxurypresence:e132529e-f6a8-4772-9b08-551302a32a0f
Luxury Presence,RevTech Senior Salesforce Developer - LATAM (Remote),Latin America,https://jobs.lever.co/luxurypresence/087d7b01-d4e7-47f4-8c2e-aad9a903cc8d,2026-08-24,2026-09-23,0,sales,lever,Real Estate Agent Marketing Platform,Texas,B,lever:luxurypresence:087d7b01-d4e7-47f4-8c2e-aad9a903cc8d
Luxury Presence,Sales Development Representative (SDR),"Austin, TX",https://jobs.lever.co/luxurypresence/29b2f9e2-772b-4738-8e16-e8ee7078d070,2019-01-18,2026-09-23,0,sales,lever,Real Estate Agent Marketing Platform,Texas,B,lever:luxurypresence:29b2f9e2-772b-4738-8e16-e8ee7078d070
Luxury Presence,Sales Development Representative - New Grad,"Austin, TX",https://jobs.lever.co/luxurypresence/2462abfb-a255-4c9c-9e55-1ebc6293477b,2026-04-14,2026-09-23,0,sales,lever,Real Estate Agent Marketing Platform,Texas,B,lever:luxurypresence:2462abfb-a255-4c9c-9e55-1ebc6293477b
Luxury Presence,Senior Analytics Engineer - CANADA (Remote),Canada,https://jobs.lever.co/luxurypresence/dfd25ab3-1033-432b-8adf-edf867619f7a,2026-08-10,2026-09-23,0,eng,lever,Real Estate Agent Marketing Platform,Texas,B,lever:luxurypresence:dfd25ab3-1033-432b-8adf-edf867619f7a
Luxury Presence,Senior Analytics Engineer - US (Remote),United States,https://jobs.lever.co/luxurypresence/d8705197-2421-4c2b-9179-242654c8b2fc,2026-08-10,2026-09-23,0,eng,lever,Real Estate Agent Marketing Platform,Texas,B,lever:luxurypresence:d8705197-2421-4c2b-9179-242654c8b2fc
Luxury Presence,"Senior Data Analyst, GTM Analytics - CANADA (Remote)",Canada,https://jobs.lever.co/luxurypresence/219e0592-a9f1-4e34-b7da-16da8949b6dd,2026-08-19,2026-09-23,0,,lever,Real Estate Agent Marketing Platform,Texas,B,lever:luxurypresence:219e0592-a9f1-4e34-b7da-16da8949b6dd
Luxury Presence,"Senior Data Analyst, GTM Analytics - US (Remote)",United States,https://jobs.lever.co/luxurypresence/0a6fd9f4-a606-460e-b65e-5b31de56331a,2026-08-19,2026-09-23,0,,lever,Real Estate Agent Marketing Platform,Texas,B,lever:luxurypresence:0a6fd9f4-a606-460e-b65e-5b31de56331a
Luxury Presence,"Senior Financial Analyst, GTM",United States,https://jobs.lever.co/luxurypresence/dc5e4d17-8c30-4f31-9fb5-3cde9004c835,2026-08-11,2026-09-23,0,,lever,Real Estate Agent Marketing Platform,Texas,B,lever:luxurypresence:dc5e4d17-8c30-4f31-9fb5-3cde9004c835
Luxury Presence,"Senior Manager, CS Operations","Austin, TX",https://jobs.lever.co/luxurypresence/2919e560-4ed4-4de7-be6f-b443e60726ca,2026-09-10,2026-09-23,0,ops,lever,Real Estate Agent Marketing Platform,Texas,B,lever:luxurypresence:2919e560-4ed4-4de7-be6f-b443e60726ca
Luxury Presence,Sr. Product Designer - Contract,United States,https://jobs.lever.co/luxurypresence/d5b88b52-fca6-4561-96d5-023e121cf3cf,2026-09-01,2026-09-23,0,,lever,Real Estate Agent Marketing Platform,Texas,B,lever:luxurypresence:d5b88b52-fca6-4561-96d5-023e121cf3cf
Luxury Presence,Sr. Social Media Manager,"New York, NY",https://jobs.lever.co/luxurypresence/3393a3e3-6a33-4a97-a668-96c1b899928f,2026-09-04,2026-09-23,0,,lever,Real Estate Agent Marketing Platform,Texas,B,lever:luxurypresence:3393a3e3-6a33-4a97-a668-96c1b899928f
Luxury Presence,"Staff Product Manager, SEO and AI Visibility - CANADA (Remote)",Canada,https://jobs.lever.co/luxurypresence/262ae59d-60b9-4667-9703-2b924ce956f4,2026-09-15,2026-09-23,0,product,lever,Real Estate Agent Marketing Platform,Texas,B,lever:luxurypresence:262ae59d-60b9-4667-9703-2b924ce956f4
Luxury Presence,"Staff Product Manager, SEO and AI Visibility - US (Remote)",United States,https://jobs.lever.co/luxurypresence/ef4dbe4f-c184-4e9c-a0c3-bda8f2e9d2ef,2026-09-15,2026-09-23,0,product,lever,Real Estate Agent Marketing Platform,Texas,B,lever:luxurypresence:ef4dbe4f-c184-4e9c-a0c3-bda8f2e9d2ef
Luxury Presence,Talent Analyst Specialist (Fully Remote),Philippines,https://jobs.lever.co/luxurypresence/bfe669b4-497e-42a7-b368-e0976bf4f85d,2026-09-17,2026-09-23,0,,lever,Real Estate Agent Marketing Platform,Texas,B,lever:luxurypresence:bfe669b4-497e-42a7-b368-e0976bf4f85d
Luxury Presence,VP of Sales,"Austin, TX",https://jobs.lever.co/luxurypresence/676f76c6-a440-4f71-b03c-81f9b683759a,2026-07-21,2026-09-23,0,sales,lever,Real Estate Agent Marketing Platform,Texas,B,lever:luxurypresence:676f76c6-a440-4f71-b03c-81f9b683759a
Notarize (Proof),1099 Process Server,"Scottville, MI",https://www.proofserve.com/careers/4716768005?gh_jid=4716768005,2026-07-20,2026-09-23,0,,greenhouse,Remote Online Notarization,Virginia,B,greenhouse:proof:4716768005
Notarize (Proof),1099 Process Server,"Van Buren, MI",https://www.proofserve.com/careers/4716794005?gh_jid=4716794005,2026-08-10,2026-09-23,0,,greenhouse,Remote Online Notarization,Virginia,B,greenhouse:proof:4716794005
Notarize (Proof),1099 Process Server,"Bolivar County, MS",https://www.proofserve.com/careers/4722587005?gh_jid=4722587005,2026-08-10,2026-09-23,0,,greenhouse,Remote Online Notarization,Virginia,B,greenhouse:proof:4722587005
Notarize (Proof),1099 Process Server,"Jackson, MS",https://www.proofserve.com/careers/4722589005?gh_jid=4722589005,2026-08-10,2026-09-23,0,,greenhouse,Remote Online Notarization,Virginia,B,greenhouse:proof:4722589005
Notarize (Proof),1099 Process Server,"Pearl River County, MS",https://www.proofserve.com/careers/4722590005?gh_jid=4722590005,2026-08-10,2026-09-23,0,,greenhouse,Remote Online Notarization,Virginia,B,greenhouse:proof:4722590005
Notarize (Proof),1099 Process Server,"Wayne County, MS",https://www.proofserve.com/careers/4722591005?gh_jid=4722591005,2026-08-10,2026-09-23,0,,greenhouse,Remote Online Notarization,Virginia,B,greenhouse:proof:4722591005
Notarize (Proof),1099 Process Server,"Jackson County, MS",https://www.proofserve.com/careers/4722592005?gh_jid=4722592005,2026-08-10,2026-09-23,0,,greenhouse,Remote Online Notarization,Virginia,B,greenhouse:proof:4722592005
Notarize (Proof),1099 Process Server,"Monroe County, MS",https://www.proofserve.com/careers/4722593005?gh_jid=4722593005,2026-08-10,2026-09-23,0,,greenhouse,Remote Online Notarization,Virginia,B,greenhouse:proof:4722593005
Notarize (Proof),1099 Process Server,"Holmes County, MS",https://www.proofserve.com/careers/4722594005?gh_jid=4722594005,2026-08-10,2026-09-23,0,,greenhouse,Remote Online Notarization,Virginia,B,greenhouse:proof:4722594005
Notarize (Proof),1099 Process Server,"Rankin County, MS",https://www.proofserve.com/careers/4722596005?gh_jid=4722596005,2026-08-10,2026-09-23,0,,greenhouse,Remote Online Notarization,Virginia,B,greenhouse:proof:4722596005
Notarize (Proof),1099 Process Server,"Jones County, MS",https://www.proofserve.com/careers/4722597005?gh_jid=4722597005,2026-08-10,2026-09-23,0,,greenhouse,Remote Online Notarization,Virginia,B,greenhouse:proof:4722597005
Notarize (Proof),1099 Process Server,New Castle County,https://www.proofserve.com/careers/4724786005?gh_jid=4724786005,2026-08-17,2026-09-23,0,,greenhouse,Remote Online Notarization,Virginia,B,greenhouse:proof:4724786005
Notarize (Proof),1099 Process Server,"Kent County, DE",https://www.proofserve.com/careers/4724791005?gh_jid=4724791005,2026-08-17,2026-09-23,0,,greenhouse,Remote Online Notarization,Virginia,B,greenhouse:proof:4724791005
Notarize (Proof),1099 Process Server,"Sussex County, DE",https://www.proofserve.com/careers/4724792005?gh_jid=4724792005,2026-08-17,2026-09-23,0,,greenhouse,Remote Online Notarization,Virginia,B,greenhouse:proof:4724792005
Notarize (Proof),1099 Process Server,"Humphreys, MS",https://www.proofserve.com/careers/4726936005?gh_jid=4726936005,2026-08-24,2026-09-23,0,,greenhouse,Remote Online Notarization,Virginia,B,greenhouse:proof:4726936005
Notarize (Proof),1099 Process Server,"Auburn, WA",https://www.proofserve.com/careers/4577790005?gh_jid=4577790005,2025-06-18,2026-09-23,0,,greenhouse,Remote Online Notarization,Virginia,B,greenhouse:proof:4577790005
Notarize (Proof),1099 Process Server,"Eagle Pass, TX",https://www.proofserve.com/careers/4577792005?gh_jid=4577792005,2025-06-18,2026-09-23,0,,greenhouse,Remote Online Notarization,Virginia,B,greenhouse:proof:4577792005
Notarize (Proof),1099 Process Server,"Catarina, TX",https://www.proofserve.com/careers/4577796005?gh_jid=4577796005,2025-06-18,2026-09-23,0,,greenhouse,Remote Online Notarization,Virginia,B,greenhouse:proof:4577796005
Notarize (Proof),1099 Process Server,"Kansas City, Missouri",https://www.proofserve.com/careers/4579002005?gh_jid=4579002005,2025-06-23,2026-09-23,0,,greenhouse,Remote Online Notarization,Virginia,B,greenhouse:proof:4579002005
Notarize (Proof),1099 Process Server,"Kent, Michigan",https://www.proofserve.com/careers/4588976005?gh_jid=4588976005,2025-07-22,2026-09-23,0,,greenhouse,Remote Online Notarization,Virginia,B,greenhouse:proof:4588976005
Notarize (Proof),1099 Process Server,"Birmingham, AL",https://www.proofserve.com/careers/4593015005?gh_jid=4593015005,2025-08-01,2026-09-23,0,,greenhouse,Remote Online Notarization,Virginia,B,greenhouse:proof:4593015005
Notarize (Proof),1099 Process Server,"Mobile, AL",https://www.proofserve.com/careers/4593017005?gh_jid=4593017005,2025-08-01,2026-09-23,0,,greenhouse,Remote Online Notarization,Virginia,B,greenhouse:proof:4593017005
Notarize (Proof),1099 Process Server,"Little Rock, AR",https://www.proofserve.com/careers/4631616005?gh_jid=4631616005,2025-11-19,2026-09-23,0,,greenhouse,Remote Online Notarization,Virginia,B,greenhouse:proof:4631616005
Notarize (Proof),1099 Process Server,"Jonesboro, AR",https://www.proofserve.com/careers/4632246005?gh_jid=4632246005,2025-11-19,2026-09-23,0,,greenhouse,Remote Online Notarization,Virginia,B,greenhouse:proof:4632246005
Notarize (Proof),1099 Process Server,"Fort Smith, AR",https://www.proofserve.com/careers/4632250005?gh_jid=4632250005,2025-11-19,2026-09-23,0,,greenhouse,Remote Online Notarization,Virginia,B,greenhouse:proof:4632250005
Notarize (Proof),1099 Process Server,"Greenwood, AR",https://www.proofserve.com/careers/4632254005?gh_jid=4632254005,2025-11-19,2026-09-23,0,,greenhouse,Remote Online Notarization,Virginia,B,greenhouse:proof:4632254005
Notarize (Proof),1099 Process Server,"Fayetteville, AR",https://www.proofserve.com/careers/4632259005?gh_jid=4632259005,2025-11-19,2026-09-23,0,,greenhouse,Remote Online Notarization,Virginia,B,greenhouse:proof:4632259005
Notarize (Proof),1099 Process Server,"Memphis, TN",https://www.proofserve.com/careers/4632262005?gh_jid=4632262005,2025-11-19,2026-09-23,0,,greenhouse,Remote Online Notarization,Virginia,B,greenhouse:proof:4632262005
Notarize (Proof),1099 Process Server,"Delta, CO",https://www.proofserve.com/careers/4655173005?gh_jid=4655173005,2026-01-29,2026-09-23,0,,greenhouse,Remote Online Notarization,Virginia,B,greenhouse:proof:4655173005
Notarize (Proof),1099 Process Server,"East Baton Rouge Parish, LA",https://www.proofserve.com/careers/4697957005?gh_jid=4697957005,2026-05-20,2026-09-23,0,,greenhouse,Remote Online Notarization,Virginia,B,greenhouse:proof:4697957005
Notarize (Proof),1099 Process Server,"Jefferson Parish, LA",https://www.proofserve.com/careers/4697960005?gh_jid=4697960005,2026-05-20,2026-09-23,0,,greenhouse,Remote Online Notarization,Virginia,B,greenhouse:proof:4697960005
Notarize (Proof),1099 Process Server,"Orleans Parish, LA",https://www.proofserve.com/careers/4697961005?gh_jid=4697961005,2026-05-20,2026-09-23,0,,greenhouse,Remote Online Notarization,Virginia,B,greenhouse:proof:4697961005
Notarize (Proof),1099 Process Server,"Lafayette Parish, LA ",https://www.proofserve.com/careers/4697968005?gh_jid=4697968005,2026-05-20,2026-09-23,0,,greenhouse,Remote Online Notarization,Virginia,B,greenhouse:proof:4697968005
Notarize (Proof),1099 Process Server,"St. Tammany Parish, LA",https://www.proofserve.com/careers/4697967005?gh_jid=4697967005,2026-05-20,2026-09-23,0,,greenhouse,Remote Online Notarization,Virginia,B,greenhouse:proof:4697967005
Notarize (Proof),1099 Process Server,"Caddo Parish, LA",https://www.proofserve.com/careers/4697969005?gh_jid=4697969005,2026-05-20,2026-09-23,0,,greenhouse,Remote Online Notarization,Virginia,B,greenhouse:proof:4697969005
Notarize (Proof),1099 Process Server,"Calcasieu, LA ",https://www.proofserve.com/careers/4697970005?gh_jid=4697970005,2026-05-20,2026-09-23,0,,greenhouse,Remote Online Notarization,Virginia,B,greenhouse:proof:4697970005
Notarize (Proof),1099 Process Server,"Ouachita Parish, LA ",https://www.proofserve.com/careers/4697973005?gh_jid=4697973005,2026-05-20,2026-09-23,0,,greenhouse,Remote Online Notarization,Virginia,B,greenhouse:proof:4697973005
Notarize (Proof),1099 Process Server,"Livingston Parish, LA",https://www.proofserve.com/careers/4697978005?gh_jid=4697978005,2026-05-20,2026-09-23,0,,greenhouse,Remote Online Notarization,Virginia,B,greenhouse:proof:4697978005
Notarize (Proof),1099 Process Server,"Tangipahoa Parish, LA ",https://www.proofserve.com/careers/4697979005?gh_jid=4697979005,2026-05-20,2026-09-23,0,,greenhouse,Remote Online Notarization,Virginia,B,greenhouse:proof:4697979005
Notarize (Proof),1099 Process Server,"Ascension Parish, LA",https://www.proofserve.com/careers/4697982005?gh_jid=4697982005,2026-05-20,2026-09-23,0,,greenhouse,Remote Online Notarization,Virginia,B,greenhouse:proof:4697982005
Notarize (Proof),1099 Process Server,"Bossier Parish, LA",https://www.proofserve.com/careers/4697984005?gh_jid=4697984005,2026-05-20,2026-09-23,0,,greenhouse,Remote Online Notarization,Virginia,B,greenhouse:proof:4697984005
Notarize (Proof),1099 Process Server,"Rapides Parish, LA",https://www.proofserve.com/careers/4697991005?gh_jid=4697991005,2026-05-20,2026-09-23,0,,greenhouse,Remote Online Notarization,Virginia,B,greenhouse:proof:4697991005
Notarize (Proof),1099 Process Server,"Terrebonne Parish, LA",https://www.proofserve.com/careers/4697992005?gh_jid=4697992005,2026-05-20,2026-09-23,0,,greenhouse,Remote Online Notarization,Virginia,B,greenhouse:proof:4697992005
Notarize (Proof),1099 Process Server,"Lafourche Parish, LA ",https://www.proofserve.com/careers/4697996005?gh_jid=4697996005,2026-05-20,2026-09-23,0,,greenhouse,Remote Online Notarization,Virginia,B,greenhouse:proof:4697996005
Notarize (Proof),1099 Process Server,St. Landry Parish,https://www.proofserve.com/careers/4698401005?gh_jid=4698401005,2026-05-21,2026-09-23,0,,greenhouse,Remote Online Notarization,Virginia,B,greenhouse:proof:4698401005
Notarize (Proof),1099 Process Server,"Iberia Parish, LA",https://www.proofserve.com/careers/4698406005?gh_jid=4698406005,2026-05-21,2026-09-23,0,,greenhouse,Remote Online Notarization,Virginia,B,greenhouse:proof:4698406005
Notarize (Proof),1099 Process Server,St. Martin Parish,https://www.proofserve.com/careers/4698407005?gh_jid=4698407005,2026-05-21,2026-09-23,0,,greenhouse,Remote Online Notarization,Virginia,B,greenhouse:proof:4698407005
Notarize (Proof),1099 Process Server,"Vermilion Parish, LA ",https://www.proofserve.com/careers/4698410005?gh_jid=4698410005,2026-05-21,2026-09-23,0,,greenhouse,Remote Online Notarization,Virginia,B,greenhouse:proof:4698410005
Notarize (Proof),1099 Process Server,"Acadia Parish, LA ",https://www.proofserve.com/careers/4698413005?gh_jid=4698413005,2026-05-21,2026-09-23,0,,greenhouse,Remote Online Notarization,Virginia,B,greenhouse:proof:4698413005
Notarize (Proof),1099 Process Server,"Washington Parish, LA",https://www.proofserve.com/careers/4698414005?gh_jid=4698414005,2026-05-21,2026-09-23,0,,greenhouse,Remote Online Notarization,Virginia,B,greenhouse:proof:4698414005
Notarize (Proof),1099 Process Server,"St. Mary Parish, LA",https://www.proofserve.com/careers/4698415005?gh_jid=4698415005,2026-05-21,2026-09-23,0,,greenhouse,Remote Online Notarization,Virginia,B,greenhouse:proof:4698415005
Notarize (Proof),1099 Process Server,"Beauregard Parish, LA ",https://www.proofserve.com/careers/4698416005?gh_jid=4698416005,2026-05-21,2026-09-23,0,,greenhouse,Remote Online Notarization,Virginia,B,greenhouse:proof:4698416005
Notarize (Proof),1099 Process Server,"Avoyelles Parish, LA",https://www.proofserve.com/careers/4698430005?gh_jid=4698430005,2026-05-21,2026-09-23,0,,greenhouse,Remote Online Notarization,Virginia,B,greenhouse:proof:4698430005
Notarize (Proof),1099 Process Server,"Allen Parish, LA",https://www.proofserve.com/careers/4698417005?gh_jid=4698417005,2026-06-17,2026-09-23,0,,greenhouse,Remote Online Notarization,Virginia,B,greenhouse:proof:4698417005
Notarize (Proof),1099 Process Server,Iberville Parish,https://www.proofserve.com/careers/4706611005?gh_jid=4706611005,2026-06-17,2026-09-23,0,,greenhouse,Remote Online Notarization,Virginia,B,greenhouse:proof:4706611005
Notarize (Proof),1099 Process Server,Natchitoches Parish,https://www.proofserve.com/careers/4706612005?gh_jid=4706612005,2026-06-17,2026-09-23,0,,greenhouse,Remote Online Notarization,Virginia,B,greenhouse:proof:4706612005
Notarize (Proof),1099 Process Server,St. Bernard Parish,https://www.proofserve.com/careers/4706615005?gh_jid=4706615005,2026-06-17,2026-09-23,0,,greenhouse,Remote Online Notarization,Virginia,B,greenhouse:proof:4706615005
Notarize (Proof),1099 Process Server,Webster Parish,https://www.proofserve.com/careers/4706616005?gh_jid=4706616005,2026-06-17,2026-09-23,0,,greenhouse,Remote Online Notarization,Virginia,B,greenhouse:proof:4706616005
Notarize (Proof),1099 Process Server,Pointe Coupee Parish,https://www.proofserve.com/careers/4706621005?gh_jid=4706621005,2026-06-17,2026-09-23,0,,greenhouse,Remote Online Notarization,Virginia,B,greenhouse:proof:4706621005
Notarize (Proof),1099 Process Server,"Richland, LA",https://www.proofserve.com/careers/4706622005?gh_jid=4706622005,2026-06-17,2026-09-23,0,,greenhouse,Remote Online Notarization,Virginia,B,greenhouse:proof:4706622005
Notarize (Proof),1099 Process Server,"Jackson Parish, LA",https://www.proofserve.com/careers/4706624005?gh_jid=4706624005,2026-06-17,2026-09-23,0,,greenhouse,Remote Online Notarization,Virginia,B,greenhouse:proof:4706624005
Notarize (Proof),1099 Process Server,Evangeline Parish,https://www.proofserve.com/careers/4706629005?gh_jid=4706629005,2026-06-17,2026-09-23,0,,greenhouse,Remote Online Notarization,Virginia,B,greenhouse:proof:4706629005
Notarize (Proof),1099 Process Server,West Baton Rouge ,https://www.proofserve.com/careers/4706630005?gh_jid=4706630005,2026-06-17,2026-09-23,0,,greenhouse,Remote Online Notarization,Virginia,B,greenhouse:proof:4706630005
Notarize (Proof),1099 Process Server,St. John the Baptist Parish,https://www.proofserve.com/careers/4706632005?gh_jid=4706632005,2026-06-17,2026-09-23,0,,greenhouse,Remote Online Notarization,Virginia,B,greenhouse:proof:4706632005
Notarize (Proof),1099 Process Server,Plaquemines Parish,https://www.proofserve.com/careers/4706634005?gh_jid=4706634005,2026-06-17,2026-09-23,0,,greenhouse,Remote Online Notarization,Virginia,B,greenhouse:proof:4706634005
Notarize (Proof),1099 Process Server,Morehouse Parish,https://www.proofserve.com/careers/4706635005?gh_jid=4706635005,2026-06-17,2026-09-23,0,,greenhouse,Remote Online Notarization,Virginia,B,greenhouse:proof:4706635005
Notarize (Proof),1099 Process Server,Union Parish ,https://www.proofserve.com/careers/4706636005?gh_jid=4706636005,2026-06-17,2026-09-23,0,,greenhouse,Remote Online Notarization,Virginia,B,greenhouse:proof:4706636005
Notarize (Proof),1099 Process Server,Winn Parish,https://www.proofserve.com/careers/4706637005?gh_jid=4706637005,2026-06-17,2026-09-23,0,,greenhouse,Remote Online Notarization,Virginia,B,greenhouse:proof:4706637005
Notarize (Proof),1099 Process Server,Assumption Parish,https://www.proofserve.com/careers/4706643005?gh_jid=4706643005,2026-06-17,2026-09-23,0,,greenhouse,Remote Online Notarization,Virginia,B,greenhouse:proof:4706643005
Notarize (Proof),1099 Process Server,DeSoto Parish ,https://www.proofserve.com/careers/4706647005?gh_jid=4706647005,2026-06-17,2026-09-23,0,,greenhouse,Remote Online Notarization,Virginia,B,greenhouse:proof:4706647005
Notarize (Proof),1099 Process Server,"Sabine Parish, LA",https://www.proofserve.com/careers/4706650005?gh_jid=4706650005,2026-06-17,2026-09-23,0,,greenhouse,Remote Online Notarization,Virginia,B,greenhouse:proof:4706650005
Notarize (Proof),1099 Process Server,"St. James Parish, LA",https://www.proofserve.com/careers/4706651005?gh_jid=4706651005,2026-06-17,2026-09-23,0,,greenhouse,Remote Online Notarization,Virginia,B,greenhouse:proof:4706651005
Notarize (Proof),1099 Process Server,"Claiborne Parish, LA",https://www.proofserve.com/careers/4706652005?gh_jid=4706652005,2026-06-17,2026-09-23,0,,greenhouse,Remote Online Notarization,Virginia,B,greenhouse:proof:4706652005
Notarize (Proof),1099 Process Server,"Franklin Parish, LA",https://www.proofserve.com/careers/4706654005?gh_jid=4706654005,2026-06-17,2026-09-23,0,,greenhouse,Remote Online Notarization,Virginia,B,greenhouse:proof:4706654005
Notarize (Proof),1099 Process Server,"Caldwell Parish, LA",https://www.proofserve.com/careers/4706655005?gh_jid=4706655005,2026-06-17,2026-09-23,0,,greenhouse,Remote Online Notarization,Virginia,B,greenhouse:proof:4706655005
Notarize (Proof),1099 Process Server,"Catahoula Parish, LA",https://www.proofserve.com/careers/4706656005?gh_jid=4706656005,2026-06-17,2026-09-23,0,,greenhouse,Remote Online Notarization,Virginia,B,greenhouse:proof:4706656005
Notarize (Proof),1099 Process Server,Concordia Parish,https://www.proofserve.com/careers/4706658005?gh_jid=4706658005,2026-06-17,2026-09-23,0,,greenhouse,Remote Online Notarization,Virginia,B,greenhouse:proof:4706658005
Notarize (Proof),1099 Process Server,"Grant Parish, LA",https://www.proofserve.com/careers/4706659005?gh_jid=4706659005,2026-06-17,2026-09-23,0,,greenhouse,Remote Online Notarization,Virginia,B,greenhouse:proof:4706659005
Notarize (Proof),1099 Process Server,"La Salle Parish, LA",https://www.proofserve.com/careers/4706661005?gh_jid=4706661005,2026-06-17,2026-09-23,0,,greenhouse,Remote Online Notarization,Virginia,B,greenhouse:proof:4706661005
Notarize (Proof),1099 Process Server,Madison Parish,https://www.proofserve.com/careers/4706663005?gh_jid=4706663005,2026-06-17,2026-09-23,0,,greenhouse,Remote Online Notarization,Virginia,B,greenhouse:proof:4706663005
Notarize (Proof),1099 Process Server,"Red River Parish, LA",https://www.proofserve.com/careers/4706667005?gh_jid=4706667005,2026-06-17,2026-09-23,0,,greenhouse,Remote Online Notarization,Virginia,B,greenhouse:proof:4706667005
Notarize (Proof),1099 Process Server,"Bienville Parish, LA",https://www.proofserve.com/careers/4706670005?gh_jid=4706670005,2026-06-17,2026-09-23,0,,greenhouse,Remote Online Notarization,Virginia,B,greenhouse:proof:4706670005
Notarize (Proof),1099 Process Server,East Feliciana Parish,https://www.proofserve.com/careers/4706672005?gh_jid=4706672005,2026-06-17,2026-09-23,0,,greenhouse,Remote Online Notarization,Virginia,B,greenhouse:proof:4706672005
Notarize (Proof),1099 Process Server,West Feliciana Parish,https://www.proofserve.com/careers/4706674005?gh_jid=4706674005,2026-06-17,2026-09-23,0,,greenhouse,Remote Online Notarization,Virginia,B,greenhouse:proof:4706674005
Notarize (Proof),1099 Process Server,"Cameron Parish, LA",https://www.proofserve.com/careers/4706676005?gh_jid=4706676005,2026-06-17,2026-09-23,0,,greenhouse,Remote Online Notarization,Virginia,B,greenhouse:proof:4706676005
Notarize (Proof),1099 Process Server,Tensas Parish,https://www.proofserve.com/careers/4706677005?gh_jid=4706677005,2026-06-17,2026-09-23,0,,greenhouse,Remote Online Notarization,Virginia,B,greenhouse:proof:4706677005
Notarize (Proof),1099 Process Server,St. Helena Parish,https://www.proofserve.com/careers/4706678005?gh_jid=4706678005,2026-06-17,2026-09-23,0,,greenhouse,Remote Online Notarization,Virginia,B,greenhouse:proof:4706678005
Notarize (Proof),1099 Process Server,East Carroll Parish,https://www.proofserve.com/careers/4706679005?gh_jid=4706679005,2026-06-17,2026-09-23,0,,greenhouse,Remote Online Notarization,Virginia,B,greenhouse:proof:4706679005
Notarize (Proof),1099 Process Server,West Carroll Parish,https://www.proofserve.com/careers/4706681005?gh_jid=4706681005,2026-06-17,2026-09-23,0,,greenhouse,Remote Online Notarization,Virginia,B,greenhouse:proof:4706681005
Notarize (Proof),1099 Process Server,Vernon Parish,https://www.proofserve.com/careers/4706683005?gh_jid=4706683005,2026-06-17,2026-09-23,0,,greenhouse,Remote Online Notarization,Virginia,B,greenhouse:proof:4706683005
Notarize (Proof),1099 Process Server,Jefferson Davis Parish,https://www.proofserve.com/careers/4706685005?gh_jid=4706685005,2026-06-17,2026-09-23,0,,greenhouse,Remote Online Notarization,Virginia,B,greenhouse:proof:4706685005
Notarize (Proof),1099 Process Server,"Sharp County, Arkansas",https://www.proofserve.com/careers/4706691005?gh_jid=4706691005,2026-06-17,2026-09-23,0,,greenhouse,Remote Online Notarization,Virginia,B,greenhouse:proof:4706691005
Notarize (Proof),1099 Process Server,"Otsego, MI",https://www.proofserve.com/careers/4716739005?gh_jid=4716739005,2026-07-20,2026-09-23,0,,greenhouse,Remote Online Notarization,Virginia,B,greenhouse:proof:4716739005
Notarize (Proof),1099 Process Server,"Hastings, MI",https://www.proofserve.com/careers/4716748005?gh_jid=4716748005,2026-07-20,2026-09-23,0,,greenhouse,Remote Online Notarization,Virginia,B,greenhouse:proof:4716748005
Notarize (Proof),1099 Process Server,"Clio, MI",https://www.proofserve.com/careers/4716749005?gh_jid=4716749005,2026-07-20,2026-09-23,0,,greenhouse,Remote Online Notarization,Virginia,B,greenhouse:proof:4716749005
Notarize (Proof),1099 Process Server,"Hillsdale, MI",https://www.proofserve.com/careers/4716750005?gh_jid=4716750005,2026-07-20,2026-09-23,0,,greenhouse,Remote Online Notarization,Virginia,B,greenhouse:proof:4716750005
Notarize (Proof),1099 Process Server,"Houghton, MI",https://www.proofserve.com/careers/4716751005?gh_jid=4716751005,2026-07-20,2026-09-23,0,,greenhouse,Remote Online Notarization,Virginia,B,greenhouse:proof:4716751005
Notarize (Proof),1099 Process Server,"Kalkaska, MI",https://www.proofserve.com/careers/4716754005?gh_jid=4716754005,2026-07-20,2026-09-23,0,,greenhouse,Remote Online Notarization,Virginia,B,greenhouse:proof:4716754005
Notarize (Proof),1099 Process Server,"Caledonia, MI",https://www.proofserve.com/careers/4716755005?gh_jid=4716755005,2026-07-20,2026-09-23,0,,greenhouse,Remote Online Notarization,Virginia,B,greenhouse:proof:4716755005
Notarize (Proof),1099 Process Server,"Imlay City, MI",https://www.proofserve.com/careers/4716758005?gh_jid=4716758005,2026-07-20,2026-09-23,0,,greenhouse,Remote Online Notarization,Virginia,B,greenhouse:proof:4716758005
Notarize (Proof),1099 Process Server,"Lenox, MI",https://www.proofserve.com/careers/4716760005?gh_jid=4716760005,2026-07-20,2026-09-23,0,,greenhouse,Remote Online Notarization,Virginia,B,greenhouse:proof:4716760005
Notarize (Proof),1099 Process Server,"Britton, MI",https://www.proofserve.com/careers/4716759005?gh_jid=4716759005,2026-07-20,2026-09-23,0,,greenhouse,Remote Online Notarization,Virginia,B,greenhouse:proof:4716759005
Notarize (Proof),1099 Process Server,"Manistee, MI",https://www.proofserve.com/careers/4716761005?gh_jid=4716761005,2026-07-20,2026-09-23,0,,greenhouse,Remote Online Notarization,Virginia,B,greenhouse:proof:4716761005
Notarize (Proof),1099 Process Server,"Republic, MI",https://www.proofserve.com/careers/4716766005?gh_jid=4716766005,2026-07-20,2026-09-23,0,,greenhouse,Remote Online Notarization,Virginia,B,greenhouse:proof:4716766005
Notarize (Proof),1099 Process Server,"Ludington, MI",https://www.proofserve.com/careers/4716769005?gh_jid=4716769005,2026-07-20,2026-09-23,0,,greenhouse,Remote Online Notarization,Virginia,B,greenhouse:proof:4716769005
Notarize (Proof),1099 Process Server,"Monroe, MI",https://www.proofserve.com/careers/4716774005?gh_jid=4716774005,2026-07-20,2026-09-23,0,,greenhouse,Remote Online Notarization,Virginia,B,greenhouse:proof:4716774005
Notarize (Proof),1099 Process Server,"Hillman, MI",https://www.proofserve.com/careers/4716775005?gh_jid=4716775005,2026-07-20,2026-09-23,0,,greenhouse,Remote Online Notarization,Virginia,B,greenhouse:proof:4716775005
Notarize (Proof),1099 Process Server,"Muskegon, MI",https://www.proofserve.com/careers/4716782005?gh_jid=4716782005,2026-07-20,2026-09-23,0,,greenhouse,Remote Online Notarization,Virginia,B,greenhouse:proof:4716782005
Notarize (Proof),1099 Process Server,"Holly, MI",https://www.proofserve.com/careers/4716783005?gh_jid=4716783005,2026-07-20,2026-09-23,0,,greenhouse,Remote Online Notarization,Virginia,B,greenhouse:proof:4716783005
Notarize (Proof),1099 Process Server,"Roscommon, MI",https://www.proofserve.com/careers/4716789005?gh_jid=4716789005,2026-07-20,2026-09-23,0,,greenhouse,Remote Online Notarization,Virginia,B,greenhouse:proof:4716789005
Notarize (Proof),1099 Process Server,"Clyde, MI",https://www.proofserve.com/careers/4716792005?gh_jid=4716792005,2026-07-20,2026-09-23,0,,greenhouse,Remote Online Notarization,Virginia,B,greenhouse:proof:4716792005
Notarize (Proof),1099 Process Server,"Yazoo County, MS",https://www.proofserve.com/careers/4722586005?gh_jid=4722586005,2026-08-10,2026-09-23,0,,greenhouse,Remote Online Notarization,Virginia,B,greenhouse:proof:4722586005
Notarize (Proof),1099 Process Server,"Lansing, MI",https://www.proofserve.com/careers/4573372005?gh_jid=4573372005,2025-06-05,2026-09-23,0,,greenhouse,Remote Online Notarization,Virginia,B,greenhouse:proof:4573372005
Notarize (Proof),1099 Process Server (Colorado),Colorado,https://www.proofserve.com/careers/4663762005?gh_jid=4663762005,2026-02-24,2026-09-23,0,,greenhouse,Remote Online Notarization,Virginia,B,greenhouse:proof:4663762005
Notarize (Proof),1099 Process Server (New York),New York,https://www.proofserve.com/careers/4543633005?gh_jid=4543633005,2025-03-27,2026-09-23,0,,greenhouse,Remote Online Notarization,Virginia,B,greenhouse:proof:4543633005
Notarize (Proof),"Dispatch Specialist (Southfield, MI)","Southfield, MI",https://www.proofserve.com/careers/4709152005?gh_jid=4709152005,2026-06-30,2026-09-23,0,,greenhouse,Remote Online Notarization,Virginia,B,greenhouse:proof:4709152005
Notarize (Proof),"Legal Process Server - Part-Time (Reno, NV)","Reno, NV",https://www.proofserve.com/careers/4683966005?gh_jid=4683966005,2026-04-10,2026-09-23,0,,greenhouse,Remote Online Notarization,Virginia,B,greenhouse:proof:4683966005
Notarize (Proof),"Operations Service Specialist (Southfield, MI)","Southfield, Michigan",https://www.proofserve.com/careers/4730997005?gh_jid=4730997005,2026-09-10,2026-09-23,0,ops,greenhouse,Remote Online Notarization,Virginia,B,greenhouse:proof:4730997005
Notarize (Proof),Operations Service Specialist - Western (Remote),Remote - United States,https://www.proofserve.com/careers/4730999005?gh_jid=4730999005,2026-09-10,2026-09-23,0,ops,greenhouse,Remote Online Notarization,Virginia,B,greenhouse:proof:4730999005
Notarize (Proof),"Senior Account Executive, Creditors Rights & Collections (Remote)",Remote - United States,https://www.proofserve.com/careers/4720080005?gh_jid=4720080005,2026-08-14,2026-09-23,0,sales,greenhouse,Remote Online Notarization,Virginia,B,greenhouse:proof:4720080005
Notarize (Proof),Senior Client Service Operations Manager - Western (Remote),Remote - United States,https://www.proofserve.com/careers/4729267005?gh_jid=4729267005,2026-08-31,2026-09-23,0,ops,greenhouse,Remote Online Notarization,Virginia,B,greenhouse:proof:4729267005
Notarize (Proof),"Senior Client Service Operations Manager - Western (Southfield, MI)","Southfield, Michigan",https://www.proofserve.com/careers/4720846005?gh_jid=4720846005,2026-08-03,2026-09-23,0,ops,greenhouse,Remote Online Notarization,Virginia,B,greenhouse:proof:4720846005
Notarize (Proof),"Senior Director, Creditors Rights Service & Delivery (Remote)",Remote - United States,https://www.proofserve.com/careers/4733991005?gh_jid=4733991005,2026-09-17,2026-09-23,0,leadership,greenhouse,Remote Online Notarization,Virginia,B,greenhouse:proof:4733991005
Notarize (Proof),Senior Full-Stack Developer (Canada),Remote - Canada,https://www.proofserve.com/careers/4628429005?gh_jid=4628429005,2025-11-10,2026-09-23,0,eng,greenhouse,Remote Online Notarization,Virginia,B,greenhouse:proof:4628429005
Notarize (Proof),"Senior Manager, Reporting & Data (Canada)",Remote - Canada,https://www.proofserve.com/careers/4732590005?gh_jid=4732590005,2026-09-15,2026-09-23,0,,greenhouse,Remote Online Notarization,Virginia,B,greenhouse:proof:4732590005
Notarize (Proof),"Solutions Architect, Creditors Rights (Remote)",Remote - United States,https://www.proofserve.com/careers/4733994005?gh_jid=4733994005,2026-09-17,2026-09-23,0,eng,greenhouse,Remote Online Notarization,Virginia,B,greenhouse:proof:4733994005
Orchard,Associate General Counsel,"New York, New York, United States",https://job-boards.greenhouse.io/orchard/jobs/8818001002,2026-09-17,2026-09-23,0,,greenhouse,Home Trade-In / Mortgage Fintech,New York,B,greenhouse:orchard:8818001002
Orchard,Associate Market Manager,"Houston, Texas, United States",https://job-boards.greenhouse.io/orchard/jobs/8769049002,2026-09-01,2026-09-23,0,,greenhouse,Home Trade-In / Mortgage Fintech,New York,B,greenhouse:orchard:8769049002
Orchard,Brokerage Team Leader,"San Diego, California, United States",https://job-boards.greenhouse.io/orchard/jobs/8536016002,2026-05-05,2026-09-23,0,,greenhouse,Home Trade-In / Mortgage Fintech,New York,B,greenhouse:orchard:8536016002
Orchard,Brokerage Team Leader,"Seattle, Washington, United States",https://job-boards.greenhouse.io/orchard/jobs/8536000002,2026-05-05,2026-09-23,0,,greenhouse,Home Trade-In / Mortgage Fintech,New York,B,greenhouse:orchard:8536000002
Orchard,Business Development Manager,"Burleson, Texas, United States",https://job-boards.greenhouse.io/orchard/jobs/8697558002,2026-08-11,2026-09-23,0,sales,greenhouse,Home Trade-In / Mortgage Fintech,New York,B,greenhouse:orchard:8697558002
Orchard,Chief Financial Officer,"Denver, Colorado, United States",https://job-boards.greenhouse.io/orchard/jobs/8784509002,2026-09-04,2026-09-23,0,leadership,greenhouse,Home Trade-In / Mortgage Fintech,New York,B,greenhouse:orchard:8784509002
Orchard,Chief Financial Officer,"New York, New York, United States",https://job-boards.greenhouse.io/orchard/jobs/8625411002,2026-07-08,2026-09-23,0,leadership,greenhouse,Home Trade-In / Mortgage Fintech,New York,B,greenhouse:orchard:8625411002
Orchard,Chief Financial Officer,"Austin, Texas, United States",https://job-boards.greenhouse.io/orchard/jobs/8784502002,2026-09-04,2026-09-23,0,leadership,greenhouse,Home Trade-In / Mortgage Fintech,New York,B,greenhouse:orchard:8784502002
Orchard,Escrow Officer w/ Book,"Austin, Texas, United States",https://job-boards.greenhouse.io/orchard/jobs/8478010002,2026-03-24,2026-09-23,0,,greenhouse,Home Trade-In / Mortgage Fintech,New York,B,greenhouse:orchard:8478010002
Orchard,Escrow Officer w/ Book,"Dallas, Texas, United States",https://job-boards.greenhouse.io/orchard/jobs/8477160002,2026-03-24,2026-09-23,0,,greenhouse,Home Trade-In / Mortgage Fintech,New York,B,greenhouse:orchard:8477160002
Orchard,Escrow Officer w/ Book,"San Antonio, Texas, United States",https://job-boards.greenhouse.io/orchard/jobs/8478011002,2026-03-24,2026-09-23,0,,greenhouse,Home Trade-In / Mortgage Fintech,New York,B,greenhouse:orchard:8478011002
Orchard,Escrow Officer w/ Book,"Houston, Texas, United States",https://job-boards.greenhouse.io/orchard/jobs/8478015002,2026-03-24,2026-09-23,0,,greenhouse,Home Trade-In / Mortgage Fintech,New York,B,greenhouse:orchard:8478015002
Orchard,Escrow Officer w/ Book,"Denver, Colorado, United States",https://job-boards.greenhouse.io/orchard/jobs/8478075002,2026-03-24,2026-09-23,0,,greenhouse,Home Trade-In / Mortgage Fintech,New York,B,greenhouse:orchard:8478075002
Orchard,Escrow Officer w/ Book,"Phoenix, Arizona, United States",https://job-boards.greenhouse.io/orchard/jobs/8478096002,2026-03-24,2026-09-23,0,,greenhouse,Home Trade-In / Mortgage Fintech,New York,B,greenhouse:orchard:8478096002
Orchard,Licensed Real Estate Agent,"San Diego, California, United States",https://job-boards.greenhouse.io/orchard/jobs/7675303002,2024-10-14,2026-09-23,0,,greenhouse,Home Trade-In / Mortgage Fintech,New York,B,greenhouse:orchard:7675303002
Orchard,Licensed Real Estate Agent  - Fully Vetted Leads Provided,"Dallas, Texas, United States",https://job-boards.greenhouse.io/orchard/jobs/7018933002,2023-11-10,2026-09-23,0,,greenhouse,Home Trade-In / Mortgage Fintech,New York,B,greenhouse:orchard:7018933002
Orchard,Licensed Real Estate Agent -  Fully Vetted Leads Provided,"Atlanta, Georgia, United States",https://job-boards.greenhouse.io/orchard/jobs/7016479002,2023-11-10,2026-09-23,0,,greenhouse,Home Trade-In / Mortgage Fintech,New York,B,greenhouse:orchard:7016479002
Orchard,Licensed Real Estate Agent - Fully Vetted Leads Provided,"Houston, Texas, United States",https://job-boards.greenhouse.io/orchard/jobs/7019004002,2023-11-10,2026-09-23,0,,greenhouse,Home Trade-In / Mortgage Fintech,New York,B,greenhouse:orchard:7019004002
Orchard,Licensed Real Estate Agent - Fully Vetted Leads Provided,"Denver, Colorado, United States",https://job-boards.greenhouse.io/orchard/jobs/7018970002,2023-11-10,2026-09-23,0,,greenhouse,Home Trade-In / Mortgage Fintech,New York,B,greenhouse:orchard:7018970002
Orchard,Licensed Real Estate Agent - Fully Vetted Leads Provided,"Orlando, Florida, United States",https://job-boards.greenhouse.io/orchard/jobs/8284279002,2025-11-11,2026-09-23,0,,greenhouse,Home Trade-In / Mortgage Fintech,New York,B,greenhouse:orchard:8284279002
Orchard,Licensed Real Estate Agent - Fully Vetted Leads Provided,"Maricopa, Arizona, United States",https://job-boards.greenhouse.io/orchard/jobs/8382200002,2026-01-20,2026-09-23,0,,greenhouse,Home Trade-In / Mortgage Fintech,New York,B,greenhouse:orchard:8382200002
Orchard,Licensed Real Estate Agent - Fully Vetted Leads Provided,"Marana, Arizona, United States",https://job-boards.greenhouse.io/orchard/jobs/8382201002,2026-01-20,2026-09-23,0,,greenhouse,Home Trade-In / Mortgage Fintech,New York,B,greenhouse:orchard:8382201002
Orchard,Licensed Real Estate Agent - Fully Vetted Leads Provided,"Nashville, Tennessee, United States",https://job-boards.greenhouse.io/orchard/jobs/7703930002,2024-10-28,2026-09-23,0,,greenhouse,Home Trade-In / Mortgage Fintech,New York,B,greenhouse:orchard:7703930002
Orchard,Licensed Real Estate Agent - Fully Vetted Leads Provided,"San Antonio, Texas, United States",https://job-boards.greenhouse.io/orchard/jobs/7019077002,2023-11-10,2026-09-23,0,,greenhouse,Home Trade-In / Mortgage Fintech,New York,B,greenhouse:orchard:7019077002
Orchard,Licensed Real Estate Agent - Fully Vetted Leads Provided,"Austin, Texas, United States",https://job-boards.greenhouse.io/orchard/jobs/7019066002,2023-11-10,2026-09-23,0,,greenhouse,Home Trade-In / Mortgage Fintech,New York,B,greenhouse:orchard:7019066002
Orchard,Licensed Real Estate Agent - Fully Vetted Leads Provided,"Phoenix, Arizona, United States",https://job-boards.greenhouse.io/orchard/jobs/7704097002,2024-10-28,2026-09-23,0,,greenhouse,Home Trade-In / Mortgage Fintech,New York,B,greenhouse:orchard:7704097002
Orchard,Licensed Real Estate Agent - Fully Vetted Leads Provided,"Tampa, Florida, United States",https://job-boards.greenhouse.io/orchard/jobs/8285372002,2025-11-11,2026-09-23,0,,greenhouse,Home Trade-In / Mortgage Fintech,New York,B,greenhouse:orchard:8285372002
Orchard,Market Manager,"Houston, Texas, United States",https://job-boards.greenhouse.io/orchard/jobs/7048363002,2023-12-01,2026-09-23,0,,greenhouse,Home Trade-In / Mortgage Fintech,New York,B,greenhouse:orchard:7048363002
Orchard,Product Designer,"New York, New York, United States",https://job-boards.greenhouse.io/orchard/jobs/8784297002,2026-09-09,2026-09-23,0,,greenhouse,Home Trade-In / Mortgage Fintech,New York,B,greenhouse:orchard:8784297002
Orchard,Software Engineer,"New York, New York, United States",https://job-boards.greenhouse.io/orchard/jobs/8817823002,2026-09-17,2026-09-23,0,eng,greenhouse,Home Trade-In / Mortgage Fintech,New York,B,greenhouse:orchard:8817823002
Ownwell,Business Development Manager - Partnerships,"Austin, TX",https://job-boards.greenhouse.io/ownwell/jobs/4647432006,2026-01-22,2026-09-23,0,sales,greenhouse,Property Tax Appeal Platform,Texas,B,greenhouse:ownwell:4647432006
Ownwell,Client Success Manager,"Austin, TX",https://job-boards.greenhouse.io/ownwell/jobs/4394616006,2024-08-15,2026-09-23,0,,greenhouse,Property Tax Appeal Platform,Texas,B,greenhouse:ownwell:4394616006
Ownwell,Commercial Property Tax Consultant,"Austin, TX",https://job-boards.greenhouse.io/ownwell/jobs/4653759006,2026-02-11,2026-09-23,0,,greenhouse,Property Tax Appeal Platform,Texas,B,greenhouse:ownwell:4653759006
Ownwell,Commercial Property Tax Consultant- Business Personal Property (BPP),"Austin, TX",https://job-boards.greenhouse.io/ownwell/jobs/4685760006,2026-06-01,2026-09-23,0,,greenhouse,Property Tax Appeal Platform,Texas,B,greenhouse:ownwell:4685760006
Ownwell,Commercial Property Tax Consultant- National Team,"Remote, US",https://job-boards.greenhouse.io/ownwell/jobs/4655562006,2026-02-18,2026-09-23,0,,greenhouse,Property Tax Appeal Platform,Texas,B,greenhouse:ownwell:4655562006
Ownwell,"Growth Lead, Market Expansion","New York City, Long Island, New York",https://job-boards.greenhouse.io/ownwell/jobs/4701392006,2026-07-30,2026-09-23,0,,greenhouse,Property Tax Appeal Platform,Texas,B,greenhouse:ownwell:4701392006
Ownwell,Insurance Agent,"Austin, TX",https://job-boards.greenhouse.io/ownwell/jobs/4605270006,2025-09-29,2026-09-23,0,,greenhouse,Property Tax Appeal Platform,Texas,B,greenhouse:ownwell:4605270006
Ownwell,Mortgage Loan Officer,"Austin, TX",https://job-boards.greenhouse.io/ownwell/jobs/4648555006,2026-01-27,2026-09-23,0,,greenhouse,Property Tax Appeal Platform,Texas,B,greenhouse:ownwell:4648555006
Ownwell,Product Manager,"Austin, TX",https://job-boards.greenhouse.io/ownwell/jobs/4555493006,2025-03-31,2026-09-23,0,product,greenhouse,Property Tax Appeal Platform,Texas,B,greenhouse:ownwell:4555493006
Ownwell,Property Tax Consultant - Texas (Contract Position),"Austin, San Antonio, Houston, Dallas, Fort Worth",https://job-boards.greenhouse.io/ownwell/jobs/4410174006,2024-11-13,2026-09-23,0,,greenhouse,Property Tax Appeal Platform,Texas,B,greenhouse:ownwell:4410174006
Ownwell,Revenue Recovery Lead,"Austin, TX",https://job-boards.greenhouse.io/ownwell/jobs/4686070006,2026-06-02,2026-09-23,0,sales,greenhouse,Property Tax Appeal Platform,Texas,B,greenhouse:ownwell:4686070006
Ownwell,Senior Account Executive,"Austin, TX",https://job-boards.greenhouse.io/ownwell/jobs/4602222006,2025-09-16,2026-09-23,0,sales,greenhouse,Property Tax Appeal Platform,Texas,B,greenhouse:ownwell:4602222006
Ownwell,Software Engineer,"Gurugram, India",https://job-boards.greenhouse.io/ownwell/jobs/4441476006,2025-02-06,2026-09-23,0,eng,greenhouse,Property Tax Appeal Platform,Texas,B,greenhouse:ownwell:4441476006
Ownwell,Support Operations Specialist,"Austin, TX",https://job-boards.greenhouse.io/ownwell/jobs/4569892006,2025-05-20,2026-09-23,0,customer,greenhouse,Property Tax Appeal Platform,Texas,B,greenhouse:ownwell:4569892006
Pacaso,"Contract Asset Manager, Malibu","Malibu, California",https://job-boards.greenhouse.io/pacaso/jobs/6190879004,2026-09-12,2026-09-23,0,ops,greenhouse,Co-Ownership / Second Homes,California,B,greenhouse:pacaso:6190879004
Pacaso,Director of Lifecycle Marketing,"United States, Remote",https://job-boards.greenhouse.io/pacaso/jobs/6187338004,2026-09-09,2026-09-23,0,leadership,greenhouse,Co-Ownership / Second Homes,California,B,greenhouse:pacaso:6187338004
Pacaso,"Maintenance Manager, Tahoe","Truckee, California",https://job-boards.greenhouse.io/pacaso/jobs/4097174004,2021-08-25,2026-09-23,0,ops,greenhouse,Co-Ownership / Second Homes,California,B,greenhouse:pacaso:4097174004
Pacaso,"Ownership Advisor, Sales","United States, Remote",https://job-boards.greenhouse.io/pacaso/jobs/5679921004,2025-10-22,2026-09-23,0,sales,greenhouse,Co-Ownership / Second Homes,California,B,greenhouse:pacaso:5679921004
Pacaso,Social Media and Influencer Strategist,"United States, Remote",https://job-boards.greenhouse.io/pacaso/jobs/6140322004,2026-08-10,2026-09-23,0,,greenhouse,Co-Ownership / Second Homes,California,B,greenhouse:pacaso:6140322004
Side,Associate Product Manager - Bay Area Based,"San Francisco, California",https://jobs.lever.co/sideinc/6c86d143-9c9f-44e0-bb37-90ad5d592a62,2026-09-02,2026-09-23,0,product,lever,Real Estate Brokerage Platform,California,B,lever:sideinc:6c86d143-9c9f-44e0-bb37-90ad5d592a62
Side,"Manager, Partner Success","San Francisco, California",https://jobs.lever.co/sideinc/8c8f607b-7021-42b2-af1d-86fd7b61cec2,2026-05-19,2026-09-23,0,,lever,Real Estate Brokerage Platform,California,B,lever:sideinc:8c8f607b-7021-42b2-af1d-86fd7b61cec2
Side,Managing Broker - In Market: San Francisco/Bay Area,"San Francisco, California",https://jobs.lever.co/sideinc/e73abd82-7a7c-4993-8740-5e6f1287da1e,2026-01-12,2026-09-23,0,,lever,Real Estate Brokerage Platform,California,B,lever:sideinc:e73abd82-7a7c-4993-8740-5e6f1287da1e
Side,"Partner Success Manager - In Market, Southern CA","Los Angeles, California",https://jobs.lever.co/sideinc/c2d05667-74bc-40df-b94e-4718c6951522,2026-06-23,2026-09-23,0,,lever,Real Estate Brokerage Platform,California,B,lever:sideinc:c2d05667-74bc-40df-b94e-4718c6951522
Side,"Sales Development Representative - Bay Area , CA","San Francisco, California",https://jobs.lever.co/sideinc/a5df4845-8a35-4690-a49b-05c1d5f7d9a6,2026-07-17,2026-09-23,0,sales,lever,Real Estate Brokerage Platform,California,B,lever:sideinc:a5df4845-8a35-4690-a49b-05c1d5f7d9a6
Snapdocs,Controller,United States,https://jobs.ashbyhq.com/snapdocs/88f9a598-f0fd-4ab7-8e18-600ad5f6815d,2026-08-12,2026-09-23,0,,ashby,Digital Mortgage Closing Platform,California,B,ashby:snapdocs:88f9a598-f0fd-4ab7-8e18-600ad5f6815d
Snapdocs,Enterprise Account Executive,United States,https://jobs.ashbyhq.com/snapdocs/d725e93c-e215-461f-9468-4bc7caf1a506,2026-06-10,2026-09-23,0,sales,ashby,Digital Mortgage Closing Platform,California,B,ashby:snapdocs:d725e93c-e215-461f-9468-4bc7caf1a506
Snapdocs,Field Marketing Manager,United States,https://jobs.ashbyhq.com/snapdocs/2e2031d0-6045-43ed-a9d1-d53046b124c5,2026-09-08,2026-09-23,0,,ashby,Digital Mortgage Closing Platform,California,B,ashby:snapdocs:2e2031d0-6045-43ed-a9d1-d53046b124c5
Snapdocs,"Senior Manager, Revenue Marketing - Settlement & Strategic Verticals",United States,https://jobs.ashbyhq.com/snapdocs/07b18cf6-5947-4991-8905-354710aec870,2026-05-01,2026-09-23,0,sales,ashby,Digital Mortgage Closing Platform,California,B,ashby:snapdocs:07b18cf6-5947-4991-8905-354710aec870
VTS,Account Executive,"New York, New York, United States",https://job-boards.greenhouse.io/vts/jobs/4654703005,2026-01-29,2026-09-23,0,sales,greenhouse,Commercial Real Estate Leasing Platform,New York,B,greenhouse:vts:4654703005
VTS,Account Manager,"New York, New York, United States",https://job-boards.greenhouse.io/vts/jobs/4696138005,2026-05-18,2026-09-23,0,customer,greenhouse,Commercial Real Estate Leasing Platform,New York,B,greenhouse:vts:4696138005
VTS,Associate Implementation Manager,"New York, New York, United States",https://job-boards.greenhouse.io/vts/jobs/4723555005,2026-08-12,2026-09-23,0,customer,greenhouse,Commercial Real Estate Leasing Platform,New York,B,greenhouse:vts:4723555005
VTS,Chief of Staff,"New York, New York, United States",https://job-boards.greenhouse.io/vts/jobs/4737104005,2026-09-23,2026-09-23,0,leadership,greenhouse,Commercial Real Estate Leasing Platform,New York,B,greenhouse:vts:4737104005
VTS,Client Success Representative,"New York, New York, United States",https://job-boards.greenhouse.io/vts/jobs/4698564005,2026-05-25,2026-09-23,0,,greenhouse,Commercial Real Estate Leasing Platform,New York,B,greenhouse:vts:4698564005
VTS,Director of Growth Marketing,"New York, New York, United States",https://job-boards.greenhouse.io/vts/jobs/4716261005,2026-07-17,2026-09-23,0,leadership,greenhouse,Commercial Real Estate Leasing Platform,New York,B,greenhouse:vts:4716261005
VTS,Engineering Manager,"New York, New York, United States",https://job-boards.greenhouse.io/vts/jobs/4694646005,2026-05-12,2026-09-23,0,eng,greenhouse,Commercial Real Estate Leasing Platform,New York,B,greenhouse:vts:4694646005
VTS,Executive Assistant,"New York, New York, United States",https://job-boards.greenhouse.io/vts/jobs/4706462005,2026-06-16,2026-09-23,0,,greenhouse,Commercial Real Estate Leasing Platform,New York,B,greenhouse:vts:4706462005
VTS,Integrations and API Support Advisor,"New York, New York, United States",https://job-boards.greenhouse.io/vts/jobs/4725639005,2026-08-20,2026-09-23,0,customer,greenhouse,Commercial Real Estate Leasing Platform,New York,B,greenhouse:vts:4725639005
VTS,People Operations Coordinator,"New York, New York, United States",https://job-boards.greenhouse.io/vts/jobs/4729577005,2026-09-01,2026-09-23,0,ops,greenhouse,Commercial Real Estate Leasing Platform,New York,B,greenhouse:vts:4729577005
VTS,Sales Development Representative,"New York, New York, United States",https://job-boards.greenhouse.io/vts/jobs/4679033005,2026-04-06,2026-09-23,0,sales,greenhouse,Commercial Real Estate Leasing Platform,New York,B,greenhouse:vts:4679033005
VTS,Senior Client Success Manager,"New York, New York, United States",https://job-boards.greenhouse.io/vts/jobs/4698516005,2026-05-25,2026-09-23,0,,greenhouse,Commercial Real Estate Leasing Platform,New York,B,greenhouse:vts:4698516005
VTS,"Senior Manager, Solutions Consultant - Activate","New York, New York, United States",https://job-boards.greenhouse.io/vts/jobs/4713181005,2026-07-08,2026-09-23,0,,greenhouse,Commercial Real Estate Leasing Platform,New York,B,greenhouse:vts:4713181005
VTS,Senior Salesforce & Integration Engineer,"New York, New York, United States",https://job-boards.greenhouse.io/vts/jobs/4725638005,2026-08-21,2026-09-23,0,sales,greenhouse,Commercial Real Estate Leasing Platform,New York,B,greenhouse:vts:4725638005
VTS,Senior Technical Solutions Consultant,"New York, New York, United States",https://job-boards.greenhouse.io/vts/jobs/4704260005,2026-06-09,2026-09-23,0,,greenhouse,Commercial Real Estate Leasing Platform,New York,B,greenhouse:vts:4704260005
VTS,VTS Talent Network - Canada,Canada,https://job-boards.greenhouse.io/vts/jobs/4042709005,2022-07-07,2026-09-23,0,,greenhouse,Commercial Real Estate Leasing Platform,New York,B,greenhouse:vts:4042709005
VTS,VTS Talent Network - United States,United States,https://job-boards.greenhouse.io/vts/jobs/4042708005,2022-07-07,2026-09-23,0,,greenhouse,Commercial Real Estate Leasing Platform,New York,B,greenhouse:vts:4042708005
Zillow Group,Appraisal Review Specialist,Bengaluru,https://zillow.wd5.myworkdayjobs.com/Zillow_Group_External/job/Bengaluru/Appraisal-Review-Specialist_P751368-1,2026-09-21,2026-09-23,0,,workday,Real Estate Marketplace,Washington,B,workday:zillow:/job/Bengaluru/Appraisal-Review-Specialist_P751368-1
Zillow Group,Campaign Manager,Remote-USA,https://zillow.wd5.myworkdayjobs.com/Zillow_Group_External/job/Remote-USA/Campaign-Manager_P751383-2,2026-09-23,2026-09-23,0,,workday,Real Estate Marketplace,Washington,B,workday:zillow:/job/Remote-USA/Campaign-Manager_P751383-2
Zillow Group,Closing Operations Enablement Manager,Bengaluru,https://zillow.wd5.myworkdayjobs.com/Zillow_Group_External/job/Bengaluru/Closing-Operations-Enablement-Manager_P751362-1,2026-09-17,2026-09-23,0,ops,workday,Real Estate Marketplace,Washington,B,workday:zillow:/job/Bengaluru/Closing-Operations-Enablement-Manager_P751362-1
Zillow Group,"Counsel, Contracts",Remote-USA,https://zillow.wd5.myworkdayjobs.com/Zillow_Group_External/job/Remote-USA/Counsel--Contracts_P751402-1,,2026-09-23,0,,workday,Real Estate Marketplace,Washington,B,workday:zillow:/job/Remote-USA/Counsel--Contracts_P751402-1
Zillow Group,Data Scientist,Remote-USA,https://zillow.wd5.myworkdayjobs.com/Zillow_Group_External/job/Remote-USA/Data-Scientist_P751219-2,2026-09-15,2026-09-23,0,eng,workday,Real Estate Marketplace,Washington,B,workday:zillow:/job/Remote-USA/Data-Scientist_P751219-2
Zillow Group,"Director, Application Security",Remote-USA,https://zillow.wd5.myworkdayjobs.com/Zillow_Group_External/job/Remote-USA/Director--Application-Security_P751400-1,,2026-09-23,0,leadership,workday,Real Estate Marketplace,Washington,B,workday:zillow:/job/Remote-USA/Director--Application-Security_P751400-1
Zillow Group,"Director, Corporate Accounting and Consolidation",Remote-USA,https://zillow.wd5.myworkdayjobs.com/Zillow_Group_External/job/Remote-USA/Director--Corporate-Accounting-and-Consolidation_P751318-1,2026-09-17,2026-09-23,0,leadership,workday,Real Estate Marketplace,Washington,B,workday:zillow:/job/Remote-USA/Director--Corporate-Accounting-and-Consolidation_P751318-1
Zillow Group,"Fraud Operations Consultant, Rentals",Bengaluru,https://zillow.wd5.myworkdayjobs.com/Zillow_Group_External/job/Bengaluru/Fraud-Operations-Consultant--Rentals_P750699,2026-09-21,2026-09-23,0,ops,workday,Real Estate Marketplace,Washington,B,workday:zillow:/job/Bengaluru/Fraud-Operations-Consultant--Rentals_P750699
Zillow Group,IT Support Specialist,Remote-USA,https://zillow.wd5.myworkdayjobs.com/Zillow_Group_External/job/Remote-USA/IT-Support-Specialist_P751346-2,2026-09-23,2026-09-23,0,customer,workday,Real Estate Marketplace,Washington,B,workday:zillow:/job/Remote-USA/IT-Support-Specialist_P751346-2
Zillow Group,"Loan Officer Development Program (Overland Park, KS)",Overland Park-KS-Foster Street,https://zillow.wd5.myworkdayjobs.com/Zillow_Group_External/job/Overland-Park-KS-Foster-Street/Loan-Officer-Development-Program--Overland-Park--KS-_P751199-1,2026-09-18,2026-09-23,0,,workday,Real Estate Marketplace,Washington,B,workday:zillow:/job/Overland-Park-KS-Foster-Street/Loan-Officer-Development-Program--Overland-Park--KS-_P751199-1
Zillow Group,"Loan Officer Development Program (Plano, TX)",Plano-TX-Legacy Dr.-ZHL,https://zillow.wd5.myworkdayjobs.com/Zillow_Group_External/job/Plano-TX-Legacy-Dr-ZHL/Loan-Officer-Development-Program--Plano--TX-_P751198,2026-09-18,2026-09-23,0,,workday,Real Estate Marketplace,Washington,B,workday:zillow:/job/Plano-TX-Legacy-Dr-ZHL/Loan-Officer-Development-Program--Plano--TX-_P751198
Zillow Group,"Manager, Customer Success, Strategic",Remote-USA,https://zillow.wd5.myworkdayjobs.com/Zillow_Group_External/job/Remote-USA/Manager--Customer-Success--Strategic_P750846-1,2026-09-18,2026-09-23,0,customer,workday,Real Estate Marketplace,Washington,B,workday:zillow:/job/Remote-USA/Manager--Customer-Success--Strategic_P750846-1
Zillow Group,"Marketing Specialist, Media Reporting and Automation",Bengaluru,https://zillow.wd5.myworkdayjobs.com/Zillow_Group_External/job/Bengaluru/Marketing-Specialist--Media-Reporting-and-Automation_P751329-2,2026-09-21,2026-09-23,0,,workday,Real Estate Marketplace,Washington,B,workday:zillow:/job/Bengaluru/Marketing-Specialist--Media-Reporting-and-Automation_P751329-2
Zillow Group,Mortgage Loan Closer,Bengaluru,https://zillow.wd5.myworkdayjobs.com/Zillow_Group_External/job/Bengaluru/Mortgage-Loan-Closer_P751370,2026-09-21,2026-09-23,0,,workday,Real Estate Marketplace,Washington,B,workday:zillow:/job/Bengaluru/Mortgage-Loan-Closer_P751370
Zillow Group,"Mortgage Loan Officer (Irvine, CA)",Irvine-CA-Michelson Dr,https://zillow.wd5.myworkdayjobs.com/Zillow_Group_External/job/Irvine-CA-Michelson-Dr/Mortgage-Loan-Officer--Irvine--CA-_P749621-1,2026-09-14,2026-09-23,0,,workday,Real Estate Marketplace,Washington,B,workday:zillow:/job/Irvine-CA-Michelson-Dr/Mortgage-Loan-Officer--Irvine--CA-_P749621-1
Zillow Group,"Principal Machine Learning Engineer, Agentic AI",Remote-USA,https://zillow.wd5.myworkdayjobs.com/Zillow_Group_External/job/Remote-USA/Principal-Machine-Learning-Engineer--Agentic-AI_P747954,2026-09-17,2026-09-23,0,eng,workday,Real Estate Marketplace,Washington,B,workday:zillow:/job/Remote-USA/Principal-Machine-Learning-Engineer--Agentic-AI_P747954
Zillow Group,"Principal Machine Learning Engineer, Agentic AI",Remote-USA,https://zillow.wd5.myworkdayjobs.com/Zillow_Group_External/job/Remote-USA/Principal-Machine-Learning-Engineer--Agentic-AI_P748682-2,2026-09-15,2026-09-23,0,eng,workday,Real Estate Marketplace,Washington,B,workday:zillow:/job/Remote-USA/Principal-Machine-Learning-Engineer--Agentic-AI_P748682-2
Zillow Group,Principal Sales Strategy Business Partner,Remote-USA,https://zillow.wd5.myworkdayjobs.com/Zillow_Group_External/job/Remote-USA/Senior-Sales-Strategy-Business-Partner_P750409-1,,2026-09-23,0,sales,workday,Real Estate Marketplace,Washington,B,workday:zillow:/job/Remote-USA/Senior-Sales-Strategy-Business-Partner_P750409-1
Zillow Group,"Principal Software Development Engineer, Backend",Remote-USA,https://zillow.wd5.myworkdayjobs.com/Zillow_Group_External/job/Remote-USA/Principal-Software-Development-Engineer--Backend_P751304-1,2026-09-21,2026-09-23,0,eng,workday,Real Estate Marketplace,Washington,B,workday:zillow:/job/Remote-USA/Principal-Software-Development-Engineer--Backend_P751304-1
Zillow Group,Product Manager,Mexico City,https://zillow.wd5.myworkdayjobs.com/Zillow_Group_External/job/Mexico-City/Product-Manager_P751347-1,2026-09-23,2026-09-23,0,product,workday,Real Estate Marketplace,Washington,B,workday:zillow:/job/Mexico-City/Product-Manager_P751347-1
Zillow Group,"Sales Executive, SMB, Rentals",Remote-USA,https://zillow.wd5.myworkdayjobs.com/Zillow_Group_External/job/Remote-USA/Sales-Executive--SMB--Rentals_P750747-2,2026-09-18,2026-09-23,0,sales,workday,Real Estate Marketplace,Washington,B,workday:zillow:/job/Remote-USA/Sales-Executive--SMB--Rentals_P750747-2
Zillow Group,"Senior AI-Native Product Engineer, Mobile",Remote-USA,https://zillow.wd5.myworkdayjobs.com/Zillow_Group_External/job/Remote-USA/Senior-AI-Native-Product-Engineer--Mobile_P751267-1,,2026-09-23,0,eng,workday,Real Estate Marketplace,Washington,B,workday:zillow:/job/Remote-USA/Senior-AI-Native-Product-Engineer--Mobile_P751267-1
Zillow Group,"Senior Applications Developer, Incentive Planning and Finance Operations",Remote-USA,https://zillow.wd5.myworkdayjobs.com/Zillow_Group_External/job/Remote-USA/Senior-Applications-Developer--Incentive-Planning-and-Finance-Operations_P751382-1,,2026-09-23,0,ops,workday,Real Estate Marketplace,Washington,B,workday:zillow:/job/Remote-USA/Senior-Applications-Developer--Incentive-Planning-and-Finance-Operations_P751382-1
Zillow Group,Senior Applied Scientist,Remote-USA,https://zillow.wd5.myworkdayjobs.com/Zillow_Group_External/job/Remote-USA/Senior-Applied-Scientist_P751331,2026-09-17,2026-09-23,0,,workday,Real Estate Marketplace,Washington,B,workday:zillow:/job/Remote-USA/Senior-Applied-Scientist_P751331
Zillow Group,"Senior Machine Learning Engineer, Rich Media Experiences",Remote-USA,https://zillow.wd5.myworkdayjobs.com/Zillow_Group_External/job/Remote-USA/Senior-Machine-Learning-Engineer--Rich-Media-Experiences_P750278-1,2026-09-14,2026-09-23,0,eng,workday,Real Estate Marketplace,Washington,B,workday:zillow:/job/Remote-USA/Senior-Machine-Learning-Engineer--Rich-Media-Experiences_P750278-1
Zillow Group,"Senior Manager, B2B Paid Marketing",Remote-USA,https://zillow.wd5.myworkdayjobs.com/Zillow_Group_External/job/Remote-USA/Senior-Manager--B2B-Paid-Marketing_P751345-1,2026-09-18,2026-09-23,0,,workday,Real Estate Marketplace,Washington,B,workday:zillow:/job/Remote-USA/Senior-Manager--B2B-Paid-Marketing_P751345-1
Zillow Group,"Senior Manager, Software Development Engineering",Remote-USA,https://zillow.wd5.myworkdayjobs.com/Zillow_Group_External/job/Remote-USA/Senior-Manager--Software-Development-Engineering_P751380-1,,2026-09-23,0,eng,workday,Real Estate Marketplace,Washington,B,workday:zillow:/job/Remote-USA/Senior-Manager--Software-Development-Engineering_P751380-1
Zillow Group,Senior Marketing Technologist,Bengaluru,https://zillow.wd5.myworkdayjobs.com/Zillow_Group_External/job/Bengaluru/Senior-Marketing-Technologist_P751179-1,2026-09-23,2026-09-23,0,,workday,Real Estate Marketplace,Washington,B,workday:zillow:/job/Bengaluru/Senior-Marketing-Technologist_P751179-1
Zillow Group,"Senior Product Counsel,  Real Estate Products",Remote-USA,https://zillow.wd5.myworkdayjobs.com/Zillow_Group_External/job/Remote-USA/Senior-Product-Counsel---Real-Estate-Product_P751233-1,2026-09-21,2026-09-23,0,,workday,Real Estate Marketplace,Washington,B,workday:zillow:/job/Remote-USA/Senior-Product-Counsel---Real-Estate-Product_P751233-1
Zillow Group,"Senior Product Manager, Rich Media",Remote-USA,https://zillow.wd5.myworkdayjobs.com/Zillow_Group_External/job/Remote-USA/Senior-Product-Manager--Rich-Media_P751273-1,2026-09-17,2026-09-23,0,product,workday,Real Estate Marketplace,Washington,B,workday:zillow:/job/Remote-USA/Senior-Product-Manager--Rich-Media_P751273-1
Zillow Group,Software Development Engineer,Remote-USA,https://zillow.wd5.myworkdayjobs.com/Zillow_Group_External/job/Remote-USA/Software-Development-Engineer_P748929-1,2026-09-14,2026-09-23,0,eng,workday,Real Estate Marketplace,Washington,B,workday:zillow:/job/Remote-USA/Software-Development-Engineer_P748929-1
Zillow Group,"Software Development Engineer, IOS",Bengaluru,https://zillow.wd5.myworkdayjobs.com/Zillow_Group_External/job/Bengaluru/Software-Development-Engineer--IOS_P751124-1,2026-09-18,2026-09-23,0,eng,workday,Real Estate Marketplace,Washington,B,workday:zillow:/job/Bengaluru/Software-Development-Engineer--IOS_P751124-1
Zillow Group,Sr ServiceNow Developer,Bengaluru,https://zillow.wd5.myworkdayjobs.com/Zillow_Group_External/job/Bengaluru/Sr-ServiceNow-Developer_P751128-1,2026-09-17,2026-09-23,0,eng,workday,Real Estate Marketplace,Washington,B,workday:zillow:/job/Bengaluru/Sr-ServiceNow-Developer_P751128-1
Zillow Group,Sr Workday Analyst,Bengaluru,https://zillow.wd5.myworkdayjobs.com/Zillow_Group_External/job/Bengaluru/Sr-Workday-Analyst_P751126-1,2026-09-17,2026-09-23,0,,workday,Real Estate Marketplace,Washington,B,workday:zillow:/job/Bengaluru/Sr-Workday-Analyst_P751126-1
Zillow Group,Sr Workday Applications Engineer,Bengaluru,https://zillow.wd5.myworkdayjobs.com/Zillow_Group_External/job/Bengaluru/Sr-Workday-Applications-Engineer_P751125-1,2026-09-17,2026-09-23,0,eng,workday,Real Estate Marketplace,Washington,B,workday:zillow:/job/Bengaluru/Sr-Workday-Applications-Engineer_P751125-1
Zillow Group,"Technical Customer Success Manager, API",Remote-CA,https://zillow.wd5.myworkdayjobs.com/Zillow_Group_External/job/Remote-CA/Technical-Customer-Success-Manager--API_P750643,2026-09-15,2026-09-23,0,customer,workday,Real Estate Marketplace,Washington,B,workday:zillow:/job/Remote-CA/Technical-Customer-Success-Manager--API_P750643
Zillow Group,Technical Program Manager,Bengaluru,https://zillow.wd5.myworkdayjobs.com/Zillow_Group_External/job/Bengaluru/Technical-Program-Manager_P751300-1,2026-09-18,2026-09-23,0,,workday,Real Estate Marketplace,Washington,B,workday:zillow:/job/Bengaluru/Technical-Program-Manager_P751300-1
Zillow Group,Technical Recruiter,Bengaluru,https://zillow.wd5.myworkdayjobs.com/Zillow_Group_External/job/Bengaluru/Recruiter_P750743,2026-09-23,2026-09-23,0,,workday,Real Estate Marketplace,Washington,B,workday:zillow:/job/Bengaluru/Recruiter_P750743
Zillow Group,Underwriting Enablement Manager,Bengaluru,https://zillow.wd5.myworkdayjobs.com/Zillow_Group_External/job/Bengaluru/Underwriting-Enablement-Manager_P751360-1,2026-09-17,2026-09-23,0,,workday,Real Estate Marketplace,Washington,B,workday:zillow:/job/Bengaluru/Underwriting-Enablement-Manager_P751360-1
Zillow Group,Workforce Capability Lead,Remote-USA,https://zillow.wd5.myworkdayjobs.com/Zillow_Group_External/job/Remote-USA/Workforce-Capability-Lead_P751351-2,2026-09-15,2026-09-23,0,,workday,Real Estate Marketplace,Washington,B,workday:zillow:/job/Remote-USA/Workforce-Capability-Lead_P751351-2
