company,title,location,url,posted,in_scope,column_d
Alexander & Baldwin,Property Management Administrator,"Kailua, HI, USA",https://jobs.dayforcehcm.com/en-US/abhi/CANDIDATEPORTAL/jobs/634,2026-09-29,no,https://jobs.dayforcehcm.com/abhi/CANDIDATEPORTAL
Alexander & Baldwin,Senior Accountant CRE,"822 Bishop St, Honolulu, HI 96813, USA",https://jobs.dayforcehcm.com/en-US/abhi/CANDIDATEPORTAL/jobs/630,2026-09-17,no,https://jobs.dayforcehcm.com/abhi/CANDIDATEPORTAL
Alexander & Baldwin,Tenant Coordinator / Project Manager,,https://jobs.dayforcehcm.com/en-US/abhi/CANDIDATEPORTAL/jobs/606,2026-07-31,no,https://jobs.dayforcehcm.com/abhi/CANDIDATEPORTAL
Atlas Real Estate,Assistant Portfolio Manager,"Kansas City, MO",https://recruiting.paylocity.com/Recruiting/Jobs/Details/4375500,2026-10-08,no,https://realatlas.com/careers/#positions
Atlas Real Estate,Licensed Senior Portfolio Manager,"Denver, CO",https://recruiting.paylocity.com/Recruiting/Jobs/Details/4561431,2026-10-05,no,https://realatlas.com/careers/#positions
Atlas Real Estate,1099 Maintenance Technician,"Denver, CO",https://recruiting.paylocity.com/Recruiting/Jobs/Details/4416014,2026-09-11,no,https://realatlas.com/careers/#positions
Atlas Real Estate,Leasing Specialist,"Denver, CO",https://recruiting.paylocity.com/Recruiting/Jobs/Details/4123059,2026-09-02,no,https://realatlas.com/careers/#positions
Atlas Real Estate,Assistant Portfolio Manager,"Denver, CO",https://recruiting.paylocity.com/Recruiting/Jobs/Details/4356600,2026-08-05,no,https://realatlas.com/careers/#positions
Atlas Real Estate,Real Estate Agent - High Volume Dispositions,"Tampa, FL",https://recruiting.paylocity.com/Recruiting/Jobs/Details/4100749,2026-08-05,no,https://realatlas.com/careers/#positions
Atlas Real Estate,Business Development Manager,"Kansas City, KS",https://recruiting.paylocity.com/Recruiting/Jobs/Details/4392123,2026-08-04,yes,https://realatlas.com/careers/#positions
Atlas Real Estate,Business Development Manager,"Atlanta, GA",https://recruiting.paylocity.com/Recruiting/Jobs/Details/4392063,2026-08-04,yes,https://realatlas.com/careers/#positions
Atlas Real Estate,Business Development Manager,"Las Vegas, NV",https://recruiting.paylocity.com/Recruiting/Jobs/Details/4391920,2026-08-04,yes,https://realatlas.com/careers/#positions
Atlas Real Estate,1099 Real Estate Advisor,"Kansas City, KS",https://recruiting.paylocity.com/Recruiting/Jobs/Details/4331038,2026-07-14,no,https://realatlas.com/careers/#positions
Atlas Real Estate,1099 Real Estate Advisor,"Kansas City, MO",https://recruiting.paylocity.com/Recruiting/Jobs/Details/3189250,2026-07-14,no,https://realatlas.com/careers/#positions
Atlas Real Estate,Real Estate Agent,"Denver, CO",https://recruiting.paylocity.com/Recruiting/Jobs/Details/4100668,2026-07-02,no,https://realatlas.com/careers/#positions
Atlas Real Estate,Real Estate Agent - High Volume Dispositions,"Fort Myers, FL",https://recruiting.paylocity.com/Recruiting/Jobs/Details/4100705,2026-06-30,no,https://realatlas.com/careers/#positions
Atlas Real Estate,1099 Real Estate Advisor,"Dallas, TX",https://recruiting.paylocity.com/Recruiting/Jobs/Details/4247211,2026-06-11,no,https://realatlas.com/careers/#positions
Atlas Real Estate,1099 Real Estate Advisor,"Tucson, AZ",https://recruiting.paylocity.com/Recruiting/Jobs/Details/4218815,2026-06-02,no,https://realatlas.com/careers/#positions
Atlas Real Estate,1099 Real Estate Advisor,"Phoenix, AZ",https://recruiting.paylocity.com/Recruiting/Jobs/Details/4218478,2026-06-02,no,https://realatlas.com/careers/#positions
BH Management Services,Service Technician II (EPA),Walker Ranch Apartment Homes-BH,https://pretiumenterpriseservices.wd1.myworkdayjobs.com/livebhcareers/job/Walker-Ranch-Apartment-Homes-BH/Service-Technician-I_JR115639,Posted Today,no,https://livebh.com/careers/job-search/
BH Management Services,Service Technician III,"Lakeland, FL",https://pretiumenterpriseservices.wd1.myworkdayjobs.com/livebhcareers/job/Lakeland-FL/Service-Technician-III_JR117142,Posted Today,no,https://livebh.com/careers/job-search/
BH Management Services,Service Technician,"Dallas, TX",https://pretiumenterpriseservices.wd1.myworkdayjobs.com/livebhcareers/job/Dallas-TX/Service-Technician_JR117155,Posted Today,no,https://livebh.com/careers/job-search/
BH Management Services,Porter PT,The Arbors of Central Park Apartments-BH,https://pretiumenterpriseservices.wd1.myworkdayjobs.com/livebhcareers/job/The-Arbors-of-Central-Park-Apartments-BH/Porter-PT_JR116129,Posted Today,no,https://livebh.com/careers/job-search/
BH Management Services,Service Technician,The Preserve at Osprey Lake Apartments-BH,https://pretiumenterpriseservices.wd1.myworkdayjobs.com/livebhcareers/job/The-Preserve-at-Osprey-Lake-Apartments-BH/Service-Technician_JR116367,Posted Today,no,https://livebh.com/careers/job-search/
BH Management Services,Service Technician,"Bradenton, FL",https://pretiumenterpriseservices.wd1.myworkdayjobs.com/livebhcareers/job/Bradenton-FL/Service-Technician_JR117126,Posted Yesterday,no,https://livebh.com/careers/job-search/
BH Management Services,Leasing Consultant,"Fort Worth, TX",https://pretiumenterpriseservices.wd1.myworkdayjobs.com/livebhcareers/job/Fort-Worth-TX/Leasing-Consultant_JR117128,Posted Yesterday,no,https://livebh.com/careers/job-search/
BH Management Services,Performance Analyst,Remote - Open,https://pretiumenterpriseservices.wd1.myworkdayjobs.com/livebhcareers/job/Remote---Open/Performance-Analyst_JR117143,Posted Yesterday,no,https://livebh.com/careers/job-search/
BH Management Services,Service Technician II,Marisol Vista Apartment Homes-BH,https://pretiumenterpriseservices.wd1.myworkdayjobs.com/livebhcareers/job/Marisol-Vista-Apartment-Homes-BH/Service-Technician-II_JR115782,Posted Yesterday,no,https://livebh.com/careers/job-search/
BH Management Services,Leasing Consultant,"Marietta, GA",https://pretiumenterpriseservices.wd1.myworkdayjobs.com/livebhcareers/job/Marietta-GA/Leasing-Consultant_JR117072,Posted Yesterday,no,https://livebh.com/careers/job-search/
BH Management Services,Leasing Consultant,"Louisville, KY",https://pretiumenterpriseservices.wd1.myworkdayjobs.com/livebhcareers/job/Louisville-KY/Leasing-Consultant_JR117145,Posted Yesterday,no,https://livebh.com/careers/job-search/
BH Management Services,Service Manager,"Fort Worth, TX",https://pretiumenterpriseservices.wd1.myworkdayjobs.com/livebhcareers/job/Fort-Worth-TX/Service-Manager_JR117129-1,Posted 2 Days Ago,no,https://livebh.com/careers/job-search/
BH Management Services,Service Technician I,"Phoenix, AZ",https://pretiumenterpriseservices.wd1.myworkdayjobs.com/livebhcareers/job/Phoenix-AZ/Service-Technician-I_JR117140,Posted 2 Days Ago,no,https://livebh.com/careers/job-search/
BH Management Services,Leasing Consultant PT,"Georgetown, TX",https://pretiumenterpriseservices.wd1.myworkdayjobs.com/livebhcareers/job/Georgetown-TX/Leasing-Consultant-PT_JR117125,Posted 2 Days Ago,no,https://livebh.com/careers/job-search/
BH Management Services,Leasing Consultant,2 Locations,https://pretiumenterpriseservices.wd1.myworkdayjobs.com/livebhcareers/job/Atlanta-GA/Leasing-Consultant_JR117113,Posted 2 Days Ago,no,https://livebh.com/careers/job-search/
BH Management Services,Service Technician,"Dallas, TX",https://pretiumenterpriseservices.wd1.myworkdayjobs.com/livebhcareers/job/Dallas-TX/Service-Technician_JR116930,Posted 2 Days Ago,no,https://livebh.com/careers/job-search/
BH Management Services,Leasing Consultant - Part-Time,"Midlothian, TX",https://pretiumenterpriseservices.wd1.myworkdayjobs.com/livebhcareers/job/Midlothian-TX/Leasing-Consultant_JR117110,Posted 3 Days Ago,no,https://livebh.com/careers/job-search/
BH Management Services,Leasing Consultant,"Denton, TX",https://pretiumenterpriseservices.wd1.myworkdayjobs.com/livebhcareers/job/Denton-TX/Leasing-Consultant_JR116927,Posted 3 Days Ago,no,https://livebh.com/careers/job-search/
BH Management Services,Community Manager,"Tempe, AZ",https://pretiumenterpriseservices.wd1.myworkdayjobs.com/livebhcareers/job/Tempe-AZ/Community-Manager_JR117060,Posted 3 Days Ago,no,https://livebh.com/careers/job-search/
BH Management Services,Make Ready Technician,"Katy, TX",https://pretiumenterpriseservices.wd1.myworkdayjobs.com/livebhcareers/job/Katy-TX/Make-Ready-Technician_JR117100,Posted 4 Days Ago,no,https://livebh.com/careers/job-search/
BH Management Services,PRCK Service Maintenance (EPA HVAC REQUIRED),"Downers Grove, IL",https://pretiumenterpriseservices.wd1.myworkdayjobs.com/livebhcareers/job/Downers-Grove-IL/PRCK-Service-Maintenance--EPA-HVAC-REQUIRED-_JR117080,Posted 4 Days Ago,no,https://livebh.com/careers/job-search/
BH Management Services,Leasing Consultant,"Fort Worth, TX",https://pretiumenterpriseservices.wd1.myworkdayjobs.com/livebhcareers/job/Fort-Worth-TX/Leasing-Consultant_JR117089,Posted 4 Days Ago,no,https://livebh.com/careers/job-search/
BH Management Services,Leasing Consultant,"Katy, TX",https://pretiumenterpriseservices.wd1.myworkdayjobs.com/livebhcareers/job/Katy-TX/Leasing-Consultant_JR117085,Posted 4 Days Ago,no,https://livebh.com/careers/job-search/
BH Management Services,Leasing Consultant,"Dallas, TX",https://pretiumenterpriseservices.wd1.myworkdayjobs.com/livebhcareers/job/Dallas-TX/Leasing-Consultant_JR117078,Posted 4 Days Ago,no,https://livebh.com/careers/job-search/
BH Management Services,Community Manager,2 Locations,https://pretiumenterpriseservices.wd1.myworkdayjobs.com/livebhcareers/job/Fort-Worth-TX/Community-Manager_JR117091,Posted 4 Days Ago,no,https://livebh.com/careers/job-search/
BH Management Services,Community Manager,"Dallas, TX",https://pretiumenterpriseservices.wd1.myworkdayjobs.com/livebhcareers/job/Dallas-TX/Community-Manager_JR117092-1,Posted 4 Days Ago,no,https://livebh.com/careers/job-search/
BH Management Services,Make Ready Technician,"San Antonio, TX",https://pretiumenterpriseservices.wd1.myworkdayjobs.com/livebhcareers/job/San-Antonio-TX/Make-Ready-Technician_JR117073,Posted 7 Days Ago,no,https://livebh.com/careers/job-search/
BH Management Services,"Marketing Strategist, Digital & Paid Media",Remote - Open,https://pretiumenterpriseservices.wd1.myworkdayjobs.com/livebhcareers/job/Remote---Open/Marketing-Strategist--Digital---Paid-Media_JR117037,Posted 8 Days Ago,yes,https://livebh.com/careers/job-search/
BH Management Services,Leasing Consultant,"Fort Worth, TX",https://pretiumenterpriseservices.wd1.myworkdayjobs.com/livebhcareers/job/Fort-Worth-TX/Leasing-Consultant_JR117061,Posted 8 Days Ago,no,https://livebh.com/careers/job-search/
BH Management Services,Porter PT,"Waukegan, IL",https://pretiumenterpriseservices.wd1.myworkdayjobs.com/livebhcareers/job/Waukegan-IL/Porter-PT_JR117064,Posted 8 Days Ago,no,https://livebh.com/careers/job-search/
BH Management Services,Community Manager,"Ocala, FL",https://pretiumenterpriseservices.wd1.myworkdayjobs.com/livebhcareers/job/Ocala-FL/Community-Manager_JR117068,Posted 8 Days Ago,no,https://livebh.com/careers/job-search/
BH Management Services,Leasing Consultant,"San Antonio, TX",https://pretiumenterpriseservices.wd1.myworkdayjobs.com/livebhcareers/job/San-Antonio-TX/Leasing-Consultant_JR117066,Posted 8 Days Ago,no,https://livebh.com/careers/job-search/
BH Management Services,Leasing Consultant,"McKinney, TX",https://pretiumenterpriseservices.wd1.myworkdayjobs.com/livebhcareers/job/McKinney-TX/Leasing-Consultant_JR116596-1,Posted 9 Days Ago,no,https://livebh.com/careers/job-search/
BH Management Services,Service Manager,"Arlington, TX",https://pretiumenterpriseservices.wd1.myworkdayjobs.com/livebhcareers/job/Arlington-TX/Service-Manager_JR116825-1,Posted 9 Days Ago,no,https://livebh.com/careers/job-search/
BH Management Services,Service Technician I,"Tampa, FL",https://pretiumenterpriseservices.wd1.myworkdayjobs.com/livebhcareers/job/Tampa-FL/Service-Technician-I_JR117024,Posted 9 Days Ago,no,https://livebh.com/careers/job-search/
BH Management Services,Resident Experience Specialist (part-time) - BTR,"Wolfforth, TX",https://pretiumenterpriseservices.wd1.myworkdayjobs.com/livebhcareers/job/Wolfforth-TX/Resident-Experience-Specialist--part-time----BTR_JR117035,Posted 9 Days Ago,no,https://livebh.com/careers/job-search/
BH Management Services,Leasing Consultant,"Tempe, AZ",https://pretiumenterpriseservices.wd1.myworkdayjobs.com/livebhcareers/job/Tempe-AZ/Leasing-Consultant_JR117040,Posted 9 Days Ago,no,https://livebh.com/careers/job-search/
BH Management Services,Service Technician II,Woodview Apartments-BH,https://pretiumenterpriseservices.wd1.myworkdayjobs.com/livebhcareers/job/Woodview-Apartments-BH/Service-Technician-II_JR116421,Posted 10 Days Ago,no,https://livebh.com/careers/job-search/
BH Management Services,Service Manager - BTR,Wingate Meadows Rental Homes-BH,https://pretiumenterpriseservices.wd1.myworkdayjobs.com/livebhcareers/job/Wingate-Meadows-Rental-Homes-BH/Service-Manager---BTR_JR115629,Posted 10 Days Ago,no,https://livebh.com/careers/job-search/
BH Management Services,Community Manager,"Sugar Land, TX",https://pretiumenterpriseservices.wd1.myworkdayjobs.com/livebhcareers/job/Sugar-Land-TX/Community-Manager_JR116934,Posted 10 Days Ago,no,https://livebh.com/careers/job-search/
BH Management Services,Service Technician I,"Waukegan, IL",https://pretiumenterpriseservices.wd1.myworkdayjobs.com/livebhcareers/job/Waukegan-IL/Service-Technician-I_JR116795,Posted 10 Days Ago,no,https://livebh.com/careers/job-search/
BH Management Services,Service Technician I,"Phoenix, AZ",https://pretiumenterpriseservices.wd1.myworkdayjobs.com/livebhcareers/job/Phoenix-AZ/Service-Technician-I_JR116888,Posted 10 Days Ago,no,https://livebh.com/careers/job-search/
BH Management Services,Service Technician - BTR,2 Locations,https://pretiumenterpriseservices.wd1.myworkdayjobs.com/livebhcareers/job/Grand-Prairie-TX/Service-Technician---BTR_JR116996,Posted 10 Days Ago,no,https://livebh.com/careers/job-search/
BH Management Services,Service Technician I,"Wichita, KS",https://pretiumenterpriseservices.wd1.myworkdayjobs.com/livebhcareers/job/Wichita-KS/Service-Technician-I_JR117011,Posted 10 Days Ago,no,https://livebh.com/careers/job-search/
BH Management Services,Leasing Consultant,"Cary, NC",https://pretiumenterpriseservices.wd1.myworkdayjobs.com/livebhcareers/job/Cary-NC/Leasing-Consultant_JR116979,Posted 10 Days Ago,no,https://livebh.com/careers/job-search/
BH Management Services,Make Ready Technician,"Boerne, TX",https://pretiumenterpriseservices.wd1.myworkdayjobs.com/livebhcareers/job/Boerne-TX/Make-Ready-Technician_JR116999,Posted 10 Days Ago,no,https://livebh.com/careers/job-search/
BH Management Services,Service Technician I,"Raleigh, NC",https://pretiumenterpriseservices.wd1.myworkdayjobs.com/livebhcareers/job/Raleigh-NC/Service-Technician-I_JR117000,Posted 10 Days Ago,no,https://livebh.com/careers/job-search/
BH Management Services,Community Manager,"Wichita, KS",https://pretiumenterpriseservices.wd1.myworkdayjobs.com/livebhcareers/job/Wichita-KS/Community-Manager_JR117001,Posted 10 Days Ago,no,https://livebh.com/careers/job-search/
BH Management Services,Resident Services Specialist,"McKinney, TX",https://pretiumenterpriseservices.wd1.myworkdayjobs.com/livebhcareers/job/McKinney-TX/Resident-Services-Specialist_JR117003,Posted 10 Days Ago,no,https://livebh.com/careers/job-search/
BH Management Services,Leasing Consultant,"Overland Park, KS",https://pretiumenterpriseservices.wd1.myworkdayjobs.com/livebhcareers/job/Overland-Park-KS/Leasing-Consultant_JR117004,Posted 10 Days Ago,no,https://livebh.com/careers/job-search/
BH Management Services,Service Technician III - HVAC,"Oviedo, FL",https://pretiumenterpriseservices.wd1.myworkdayjobs.com/livebhcareers/job/Oviedo-FL/Service-Technician-III---HVAC_JR117007,Posted 10 Days Ago,no,https://livebh.com/careers/job-search/
BH Management Services,Make Ready Technician,"Kansas City, MO",https://pretiumenterpriseservices.wd1.myworkdayjobs.com/livebhcareers/job/Kansas-City-MO/Make-Ready-Technician_JR116974,Posted 11 Days Ago,no,https://livebh.com/careers/job-search/
BH Management Services,Leasing Manager I,"Dallas, TX",https://pretiumenterpriseservices.wd1.myworkdayjobs.com/livebhcareers/job/Dallas-TX/Leasing-Manager_JR116839,Posted 11 Days Ago,no,https://livebh.com/careers/job-search/
BH Management Services,Service Technician I,"Las Vegas, NV",https://pretiumenterpriseservices.wd1.myworkdayjobs.com/livebhcareers/job/Las-Vegas-NV/Service-Technician-I_JR116633,Posted 11 Days Ago,no,https://livebh.com/careers/job-search/
BH Management Services,Resident Experience Specialist - BTR,"Spring Hill, FL",https://pretiumenterpriseservices.wd1.myworkdayjobs.com/livebhcareers/job/Spring-Hill-FL/Resident-Experience-Specialist---BTR_JR116866,Posted 11 Days Ago,no,https://livebh.com/careers/job-search/
BH Management Services,Service Technician,"Fort Worth, TX",https://pretiumenterpriseservices.wd1.myworkdayjobs.com/livebhcareers/job/Fort-Worth-TX/Service-Technician-III_JR116867,Posted 11 Days Ago,no,https://livebh.com/careers/job-search/
BH Management Services,Resident Connectivity Program Manager,Remote - Open,https://pretiumenterpriseservices.wd1.myworkdayjobs.com/livebhcareers/job/Remote---Open/Resident-Connectivity-Program-Manager_JR116815-1,Posted 11 Days Ago,no,https://livebh.com/careers/job-search/
BH Management Services,Leasing Consultant (part-time),The Crossing at Barry Road Apartments-BH,https://pretiumenterpriseservices.wd1.myworkdayjobs.com/livebhcareers/job/The-Crossing-at-Barry-Road-Apartments-BH/Leasing-Consultant--part-time-_JR116392,Posted 11 Days Ago,no,https://livebh.com/careers/job-search/
BH Management Services,Leasing Consultant,"Dallas, TX",https://pretiumenterpriseservices.wd1.myworkdayjobs.com/livebhcareers/job/Dallas-TX/Leasing-Consultant_JR116848,Posted 11 Days Ago,no,https://livebh.com/careers/job-search/
BH Management Services,Leasing Consultant,"Cedar Park, TX",https://pretiumenterpriseservices.wd1.myworkdayjobs.com/livebhcareers/job/Cedar-Park-TX/Leasing-Consultant_JR116951,Posted 14 Days Ago,no,https://livebh.com/careers/job-search/
BH Management Services,Resident Services Specialist,Reserve at Haverwood-BH,https://pretiumenterpriseservices.wd1.myworkdayjobs.com/livebhcareers/job/Reserve-at-Haverwood-BH/Resident-Services-Specialist_JR116957-1,Posted 14 Days Ago,no,https://livebh.com/careers/job-search/
BH Management Services,Make Ready Technician,"Galveston, TX",https://pretiumenterpriseservices.wd1.myworkdayjobs.com/livebhcareers/job/Galveston-TX/Make-Ready-Technician_JR116925,Posted 14 Days Ago,no,https://livebh.com/careers/job-search/
BH Management Services,Make Ready Technician II,2 Locations,https://pretiumenterpriseservices.wd1.myworkdayjobs.com/livebhcareers/job/Reserve-at-Haverwood-BH/Make-Ready-Technician-II_JR116820,Posted 14 Days Ago,no,https://livebh.com/careers/job-search/
BH Management Services,Service Technician I,"Kansas City, MO",https://pretiumenterpriseservices.wd1.myworkdayjobs.com/livebhcareers/job/Kansas-City-MO/Service-Technician-I_JR116947,Posted 15 Days Ago,no,https://livebh.com/careers/job-search/
BH Management Services,Service Technician II,"Cedar Park, TX",https://pretiumenterpriseservices.wd1.myworkdayjobs.com/livebhcareers/job/Cedar-Park-TX/Service-Technician-II_JR116948,Posted 15 Days Ago,no,https://livebh.com/careers/job-search/
BH Management Services,Community Manager,"Fort Worth, TX",https://pretiumenterpriseservices.wd1.myworkdayjobs.com/livebhcareers/job/Fort-Worth-TX/Community-Manager_JR116917-1,Posted 15 Days Ago,no,https://livebh.com/careers/job-search/
BH Management Services,Leasing Consultant,"Charlotte, NC",https://pretiumenterpriseservices.wd1.myworkdayjobs.com/livebhcareers/job/Charlotte-NC/Leasing-Consultant_JR116929,Posted 15 Days Ago,no,https://livebh.com/careers/job-search/
BH Management Services,Leasing Consultant,"Denton, TX",https://pretiumenterpriseservices.wd1.myworkdayjobs.com/livebhcareers/job/Denton-TX/Leasing-Consultant_JR116944-1,Posted 15 Days Ago,no,https://livebh.com/careers/job-search/
BH Management Services,Assistant Community Manager,"Houston, TX",https://pretiumenterpriseservices.wd1.myworkdayjobs.com/livebhcareers/job/Houston-TX/Assistant-Community-Manager_JR116940,Posted 15 Days Ago,no,https://livebh.com/careers/job-search/
BH Management Services,Service Technician I,"Lenexa, KS",https://pretiumenterpriseservices.wd1.myworkdayjobs.com/livebhcareers/job/Lenexa-KS/Service-Technician-I_JR116933-1,Posted 15 Days Ago,no,https://livebh.com/careers/job-search/
BH Management Services,Service Technician,"Lewisville, TX",https://pretiumenterpriseservices.wd1.myworkdayjobs.com/livebhcareers/job/Lewisville-TX/Service-Technician_JR116907,Posted 16 Days Ago,no,https://livebh.com/careers/job-search/
BH Management Services,Community Manager II,"Phoenix, AZ",https://pretiumenterpriseservices.wd1.myworkdayjobs.com/livebhcareers/job/Phoenix-AZ/Community-Manager-II_JR116886,Posted 16 Days Ago,no,https://livebh.com/careers/job-search/
BH Management Services,Service Technician I,The Gregory South-BH,https://pretiumenterpriseservices.wd1.myworkdayjobs.com/livebhcareers/job/The-Gregory-South-BH/Service-Technician-I_JR115909,Posted 16 Days Ago,no,https://livebh.com/careers/job-search/
BH Management Services,Resident Experience Specialist - BTR,"Dade City, FL",https://pretiumenterpriseservices.wd1.myworkdayjobs.com/livebhcareers/job/Dade-City-FL/Resident-Experience-Specialist---BTR_JR116862,Posted 16 Days Ago,no,https://livebh.com/careers/job-search/
BH Management Services,Service Technician I,"Phoenix, AZ",https://pretiumenterpriseservices.wd1.myworkdayjobs.com/livebhcareers/job/Phoenix-AZ/Service-Technician-I_JR116088,Posted 16 Days Ago,no,https://livebh.com/careers/job-search/
BH Management Services,Community Manager,"Daytona Beach, FL",https://pretiumenterpriseservices.wd1.myworkdayjobs.com/livebhcareers/job/Daytona-Beach-FL/Community-Manager_JR116826,Posted 16 Days Ago,no,https://livebh.com/careers/job-search/
BH Management Services,Service Manager,"Gurnee, IL",https://pretiumenterpriseservices.wd1.myworkdayjobs.com/livebhcareers/job/Gurnee-IL/Service-Manager_JR116823-1,Posted 16 Days Ago,no,https://livebh.com/careers/job-search/
BH Management Services,Community Manager,Hamlet Apartments-BH,https://pretiumenterpriseservices.wd1.myworkdayjobs.com/livebhcareers/job/Hamlet-Apartments-BH/Community-Manager_JR116406,Posted 17 Days Ago,no,https://livebh.com/careers/job-search/
BH Management Services,Service Technician I,"Arlington, TX",https://pretiumenterpriseservices.wd1.myworkdayjobs.com/livebhcareers/job/Arlington-TX/Service-Technician-I_JR116668,Posted 17 Days Ago,no,https://livebh.com/careers/job-search/
BH Management Services,Leasing Consultant,"Arlington, TX",https://pretiumenterpriseservices.wd1.myworkdayjobs.com/livebhcareers/job/Arlington-TX/Leasing-Consultant_JR116865,Posted 17 Days Ago,no,https://livebh.com/careers/job-search/
BH Management Services,Service Technician II,"Arlington, TX",https://pretiumenterpriseservices.wd1.myworkdayjobs.com/livebhcareers/job/Arlington-TX/Service-Technician-I_JR116670,Posted 17 Days Ago,no,https://livebh.com/careers/job-search/
BH Management Services,Service Technician,"Henrico, VA",https://pretiumenterpriseservices.wd1.myworkdayjobs.com/livebhcareers/job/Henrico-VA/Service-Technician_JR116906-1,Posted 17 Days Ago,no,https://livebh.com/careers/job-search/
BH Management Services,Assistant Service Manager,2 Locations,https://pretiumenterpriseservices.wd1.myworkdayjobs.com/livebhcareers/job/Sorrento-BH/Assistant-Service-Manager_JR116233,Posted 17 Days Ago,no,https://livebh.com/careers/job-search/
BH Management Services,Porter,"Conroe, TX",https://pretiumenterpriseservices.wd1.myworkdayjobs.com/livebhcareers/job/Conroe-TX/Porter_JR116872,Posted 17 Days Ago,no,https://livebh.com/careers/job-search/
BH Management Services,Leasing Consultant,"Kansas City, MO",https://pretiumenterpriseservices.wd1.myworkdayjobs.com/livebhcareers/job/Kansas-City-MO/Leasing-Consultant_JR116873,Posted 17 Days Ago,no,https://livebh.com/careers/job-search/
BH Management Services,Leasing Consultant,"Fort Worth, TX",https://pretiumenterpriseservices.wd1.myworkdayjobs.com/livebhcareers/job/Fort-Worth-TX/Leasing-Consultant_JR116887,Posted 17 Days Ago,no,https://livebh.com/careers/job-search/
BH Management Services,Service Manager,"Dallas, TX",https://pretiumenterpriseservices.wd1.myworkdayjobs.com/livebhcareers/job/Dallas-TX/Service-Manager_JR116898,Posted 17 Days Ago,no,https://livebh.com/careers/job-search/
BH Management Services,Leasing Consultant PT,"Conroe, TX",https://pretiumenterpriseservices.wd1.myworkdayjobs.com/livebhcareers/job/Conroe-TX/Leasing-Consultant-PT_JR116899-1,Posted 17 Days Ago,no,https://livebh.com/careers/job-search/
BH Management Services,Leasing Consultant PT,"Spanish Fort, AL",https://pretiumenterpriseservices.wd1.myworkdayjobs.com/livebhcareers/job/Spanish-Fort-AL/Leasing-Consultant-PT_JR116772,Posted 18 Days Ago,no,https://livebh.com/careers/job-search/
BH Management Services,Service Manager,2 Locations,https://pretiumenterpriseservices.wd1.myworkdayjobs.com/livebhcareers/job/Birch-Apartment-Homes-BH/Service-Manager_JR116389,Posted 18 Days Ago,no,https://livebh.com/careers/job-search/
BH Management Services,Service Technician III,"Dallas, TX",https://pretiumenterpriseservices.wd1.myworkdayjobs.com/livebhcareers/job/Dallas-TX/Service-Technician_JR116354,Posted 18 Days Ago,no,https://livebh.com/careers/job-search/
BH Management Services,Service Manager,"Tempe, AZ",https://pretiumenterpriseservices.wd1.myworkdayjobs.com/livebhcareers/job/Tempe-AZ/Service-Manager_JR116748,Posted 18 Days Ago,no,https://livebh.com/careers/job-search/
BH Management Services,Service Technician,"Altamonte Springs, FL",https://pretiumenterpriseservices.wd1.myworkdayjobs.com/livebhcareers/job/Altamonte-Springs-FL/Service-Technician_JR116773,Posted 18 Days Ago,no,https://livebh.com/careers/job-search/
BH Management Services,Service Technician I,"Kansas City, MO",https://pretiumenterpriseservices.wd1.myworkdayjobs.com/livebhcareers/job/Kansas-City-MO/Service-Technician-I_JR116875,Posted 18 Days Ago,no,https://livebh.com/careers/job-search/
BH Management Services,Service Manager - BTR - Multi-Site,2 Locations,https://pretiumenterpriseservices.wd1.myworkdayjobs.com/livebhcareers/job/Colorado-Springs-CO/Service-Manager---BTR---Multi-Site_JR116876-1,Posted 18 Days Ago,no,https://livebh.com/careers/job-search/
BH Management Services,Service Technician II,"Raleigh, NC",https://pretiumenterpriseservices.wd1.myworkdayjobs.com/livebhcareers/job/Raleigh-NC/Service-Technician-II_JR116854,Posted 22 Days Ago,no,https://livebh.com/careers/job-search/
BH Management Services,Leasing Consultant,"Raleigh, NC",https://pretiumenterpriseservices.wd1.myworkdayjobs.com/livebhcareers/job/Raleigh-NC/Leasing-Consultant_JR116856,Posted 22 Days Ago,no,https://livebh.com/careers/job-search/
BH Management Services,Service Manager,"Louisville, KY",https://pretiumenterpriseservices.wd1.myworkdayjobs.com/livebhcareers/job/Louisville-KY/Service-Manager_JR116840,Posted 22 Days Ago,no,https://livebh.com/careers/job-search/
BH Management Services,Porter,"Louisville, KY",https://pretiumenterpriseservices.wd1.myworkdayjobs.com/livebhcareers/job/Louisville-KY/Porter_JR116841,Posted 22 Days Ago,no,https://livebh.com/careers/job-search/
BH Management Services,Leasing Consultant,"Kansas City, MO",https://pretiumenterpriseservices.wd1.myworkdayjobs.com/livebhcareers/job/Kansas-City-MO/Leasing-Consultant_JR116845-1,Posted 22 Days Ago,no,https://livebh.com/careers/job-search/
BH Management Services,Service Technician I,The Outlook at Greystone Apartment Homes-BH,https://pretiumenterpriseservices.wd1.myworkdayjobs.com/livebhcareers/job/The-Outlook-at-Greystone-Apartment-Homes-BH/Service-Technician-I_JR115778,Posted 23 Days Ago,no,https://livebh.com/careers/job-search/
BH Management Services,Leasing Consultant,"Bradenton, FL",https://pretiumenterpriseservices.wd1.myworkdayjobs.com/livebhcareers/job/Bradenton-FL/Leasing-Consultant_JR116810,Posted 24 Days Ago,no,https://livebh.com/careers/job-search/
BH Management Services,Community Manager II,"Bradenton, FL",https://pretiumenterpriseservices.wd1.myworkdayjobs.com/livebhcareers/job/Bradenton-FL/Community-Manager-II_JR116811,Posted 24 Days Ago,no,https://livebh.com/careers/job-search/
BH Management Services,Leasing Consultant,"Pensacola, FL",https://pretiumenterpriseservices.wd1.myworkdayjobs.com/livebhcareers/job/Pensacola-FL/Leasing-Consultant_JR116677,Posted 24 Days Ago,no,https://livebh.com/careers/job-search/
BH Management Services,Service Manager III,"Las Vegas, NV",https://pretiumenterpriseservices.wd1.myworkdayjobs.com/livebhcareers/job/Las-Vegas-NV/Service-Manager-III_JR116800,Posted 24 Days Ago,no,https://livebh.com/careers/job-search/
BH Management Services,Service Technician,"Dallas, TX",https://pretiumenterpriseservices.wd1.myworkdayjobs.com/livebhcareers/job/Dallas-TX/Service-Technician_JR116787,Posted 24 Days Ago,no,https://livebh.com/careers/job-search/
BH Management Services,Maintenance Technician - Residential,"Chandler, AZ",https://pretiumenterpriseservices.wd1.myworkdayjobs.com/livebhcareers/job/Chandler-AZ/Service-Technician_JR116193,Posted 25 Days Ago,no,https://livebh.com/careers/job-search/
BH Management Services,Service Technician I,"Fort Worth, TX",https://pretiumenterpriseservices.wd1.myworkdayjobs.com/livebhcareers/job/Fort-Worth-TX/Service-Technician-I_JR116643,Posted 25 Days Ago,no,https://livebh.com/careers/job-search/
BH Management Services,Service Manager II,"Newport News, VA",https://pretiumenterpriseservices.wd1.myworkdayjobs.com/livebhcareers/job/Newport-News-VA/Service-Manager-II_JR116785,Posted 25 Days Ago,no,https://livebh.com/careers/job-search/
BH Management Services,Service Manager I,"Dallas, TX",https://pretiumenterpriseservices.wd1.myworkdayjobs.com/livebhcareers/job/Dallas-TX/Service-Manager-I_JR116776,Posted 25 Days Ago,no,https://livebh.com/careers/job-search/
BH Management Services,Leasing Consultant,"Lenexa, KS",https://pretiumenterpriseservices.wd1.myworkdayjobs.com/livebhcareers/job/Lenexa-KS/Leasing-Consultant_JR116558,Posted 28 Days Ago,no,https://livebh.com/careers/job-search/
BH Management Services,Leasing Consultant,"Schaumburg, IL",https://pretiumenterpriseservices.wd1.myworkdayjobs.com/livebhcareers/job/Schaumburg-IL/Leasing-Consultant_JR116726,Posted 28 Days Ago,no,https://livebh.com/careers/job-search/
BH Management Services,Service Manager,"Richardson, TX",https://pretiumenterpriseservices.wd1.myworkdayjobs.com/livebhcareers/job/Richardson-TX/Service-Manager_JR116756,Posted 28 Days Ago,no,https://livebh.com/careers/job-search/
BH Management Services,Service Technician,"Altamonte Springs, FL",https://pretiumenterpriseservices.wd1.myworkdayjobs.com/livebhcareers/job/Altamonte-Springs-FL/Service-Technician_JR116759,Posted 28 Days Ago,no,https://livebh.com/careers/job-search/
BH Management Services,Leasing Consultant,"North Chesterfield, VA",https://pretiumenterpriseservices.wd1.myworkdayjobs.com/livebhcareers/job/North-Chesterfield-VA/Leasing-Consultant_JR116644,Posted 29 Days Ago,no,https://livebh.com/careers/job-search/
BH Management Services,Service Technician,"Kansas City, MO",https://pretiumenterpriseservices.wd1.myworkdayjobs.com/livebhcareers/job/Kansas-City-MO/Service-Technician_JR116680,Posted 29 Days Ago,no,https://livebh.com/careers/job-search/
BH Management Services,Make Ready Technician,"Tyler, TX",https://pretiumenterpriseservices.wd1.myworkdayjobs.com/livebhcareers/job/Tyler-TX/Make-Ready-Technician_JR116659,Posted 29 Days Ago,no,https://livebh.com/careers/job-search/
BH Management Services,Leasing Consultant,"Chesterfield, MO",https://pretiumenterpriseservices.wd1.myworkdayjobs.com/livebhcareers/job/Chesterfield-MO/Leasing-Consultant_JR116731,Posted 30 Days Ago,no,https://livebh.com/careers/job-search/
BH Management Services,Leasing Consultant,"Lewisville, TX",https://pretiumenterpriseservices.wd1.myworkdayjobs.com/livebhcareers/job/Lewisville-TX/Leasing-Consultant_JR116658,Posted 30 Days Ago,no,https://livebh.com/careers/job-search/
BH Management Services,Service Manager,The Meadows Apartment Homes KS-BH,https://pretiumenterpriseservices.wd1.myworkdayjobs.com/livebhcareers/job/The-Meadows-Apartment-Homes-KS-BH/Service-Manager_JR115760,Posted 30 Days Ago,no,https://livebh.com/careers/job-search/
BH Management Services,Service Manager I,"Fort Worth, TX",https://pretiumenterpriseservices.wd1.myworkdayjobs.com/livebhcareers/job/Fort-Worth-TX/Service-Manager-I_JR116532,Posted 30+ Days Ago,no,https://livebh.com/careers/job-search/
BH Management Services,Porter,"Dallas, TX",https://pretiumenterpriseservices.wd1.myworkdayjobs.com/livebhcareers/job/Dallas-TX/Porter_JR116536,Posted 30+ Days Ago,no,https://livebh.com/careers/job-search/
BH Management Services,Service Manager - BTR,"Greenville, SC",https://pretiumenterpriseservices.wd1.myworkdayjobs.com/livebhcareers/job/Greenville-SC/Service-Manager---BTR_JR116684,Posted 30+ Days Ago,no,https://livebh.com/careers/job-search/
BH Management Services,Service Technician - BTR,"Surprise, AZ",https://pretiumenterpriseservices.wd1.myworkdayjobs.com/livebhcareers/job/Surprise-AZ/Service-Technician---BTR_JR116694,Posted 30+ Days Ago,no,https://livebh.com/careers/job-search/
BH Management Services,Service Technician III,"Henrico, VA",https://pretiumenterpriseservices.wd1.myworkdayjobs.com/livebhcareers/job/Henrico-VA/Service-Technician-III_JR116721,Posted 30+ Days Ago,no,https://livebh.com/careers/job-search/
BH Management Services,Service Technician,"Richmond, VA",https://pretiumenterpriseservices.wd1.myworkdayjobs.com/livebhcareers/job/Richmond-VA/Service-Technician_JR116722,Posted 30+ Days Ago,no,https://livebh.com/careers/job-search/
BH Management Services,Field Operations Specialist,"Memphis, TN",https://pretiumenterpriseservices.wd1.myworkdayjobs.com/livebhcareers/job/Memphis-TN/Field-Operations-Specialist_JR116537,Posted 30+ Days Ago,no,https://livebh.com/careers/job-search/
BH Management Services,Service Technician,The Crossing at Barry Road Apartments-BH,https://pretiumenterpriseservices.wd1.myworkdayjobs.com/livebhcareers/job/The-Crossing-at-Barry-Road-Apartments-BH/Service-Technician_JR115544,Posted 30+ Days Ago,no,https://livebh.com/careers/job-search/
BH Management Services,Service Technician I,The Crossing at Barry Road Apartments-BH,https://pretiumenterpriseservices.wd1.myworkdayjobs.com/livebhcareers/job/The-Crossing-at-Barry-Road-Apartments-BH/Service-Technician-I_JR115904,Posted 30+ Days Ago,no,https://livebh.com/careers/job-search/
BH Management Services,Service Technician II,The Alexander at the District Apartments-BH,https://pretiumenterpriseservices.wd1.myworkdayjobs.com/livebhcareers/job/The-Alexander-at-the-District-Apartments-BH/Service-Technician-II_JR116385,Posted 30+ Days Ago,no,https://livebh.com/careers/job-search/
BH Management Services,Service Technician,Andros Isles Apartments-BH,https://pretiumenterpriseservices.wd1.myworkdayjobs.com/livebhcareers/job/Andros-Isles-Apartments-BH/Service-Technician_JR116413,Posted 30+ Days Ago,no,https://livebh.com/careers/job-search/
BH Management Services,Make Ready Technician II,2 Locations,https://pretiumenterpriseservices.wd1.myworkdayjobs.com/livebhcareers/job/Reserve-at-Haverwood-BH/Make-Ready-Technician-II_JR116169,Posted 30+ Days Ago,no,https://livebh.com/careers/job-search/
BH Management Services,Resident Services Specialist,2 Locations,https://pretiumenterpriseservices.wd1.myworkdayjobs.com/livebhcareers/job/Reserve-at-Haverwood-BH/Resident-Services-Specialist_JR116177,Posted 30+ Days Ago,no,https://livebh.com/careers/job-search/
BH Management Services,Leasing Consultant,"Richmond, VA",https://pretiumenterpriseservices.wd1.myworkdayjobs.com/livebhcareers/job/Richmond-VA/Leasing-Consultant_JR116603,Posted 30+ Days Ago,no,https://livebh.com/careers/job-search/
BH Management Services,Leasing Consultant,Willeo Creek at Roswell Apartments-BH,https://pretiumenterpriseservices.wd1.myworkdayjobs.com/livebhcareers/job/Willeo-Creek-at-Roswell-Apartments-BH/Leasing-Consultant_JR116269,Posted 30+ Days Ago,no,https://livebh.com/careers/job-search/
BH Management Services,Make Ready Technician,Skyler Apartments-BH,https://pretiumenterpriseservices.wd1.myworkdayjobs.com/livebhcareers/job/Skyler-Apartments-BH/Make-Ready-Technician_JR116474,Posted 30+ Days Ago,no,https://livebh.com/careers/job-search/
BH Management Services,Service Manager,"Kansas City, MO",https://pretiumenterpriseservices.wd1.myworkdayjobs.com/livebhcareers/job/Kansas-City-MO/Service-Manager_JR116608,Posted 30+ Days Ago,no,https://livebh.com/careers/job-search/
BH Management Services,Leasing Consultant PT,"Ocala, FL",https://pretiumenterpriseservices.wd1.myworkdayjobs.com/livebhcareers/job/Ocala-FL/Leasing-Consultant-PT_JR116619,Posted 30+ Days Ago,no,https://livebh.com/careers/job-search/
BH Management Services,Service Technician I,"Mesa, AZ",https://pretiumenterpriseservices.wd1.myworkdayjobs.com/livebhcareers/job/Mesa-AZ/Service-Technician_JR116566,Posted 30+ Days Ago,no,https://livebh.com/careers/job-search/
BH Management Services,Service Technician I,"Mesa, AZ",https://pretiumenterpriseservices.wd1.myworkdayjobs.com/livebhcareers/job/Mesa-AZ/Service-Technician_JR116567,Posted 30+ Days Ago,no,https://livebh.com/careers/job-search/
BH Management Services,Service Manager,"Mesa, AZ",https://pretiumenterpriseservices.wd1.myworkdayjobs.com/livebhcareers/job/Mesa-AZ/Service-Manager_JR116578,Posted 30+ Days Ago,no,https://livebh.com/careers/job-search/
BH Management Services,Service Technician I,"Mesa, AZ",https://pretiumenterpriseservices.wd1.myworkdayjobs.com/livebhcareers/job/Mesa-AZ/Service-Technician_JR116568,Posted 30+ Days Ago,no,https://livebh.com/careers/job-search/
BH Management Services,Service Technician,Water's Edge Apartments - VA-BH,https://pretiumenterpriseservices.wd1.myworkdayjobs.com/livebhcareers/job/Waters-Edge-Apartments---VA-BH/Service-Technician_JR116446,Posted 30+ Days Ago,no,https://livebh.com/careers/job-search/
BH Management Services,Service Technician - BTR,4 Locations,https://pretiumenterpriseservices.wd1.myworkdayjobs.com/livebhcareers/job/Reunion-Crossing-Townhomes-BH/Service-Technician---BTR_JR116437,Posted 30+ Days Ago,no,https://livebh.com/careers/job-search/
BH Management Services,Resident Service Specialist,"Cary, NC",https://pretiumenterpriseservices.wd1.myworkdayjobs.com/livebhcareers/job/Cary-NC/Resident-Service-Specialist_JR116505,Posted 30+ Days Ago,no,https://livebh.com/careers/job-search/
BH Management Services,Porter,The Villages at Louetta Apartments-BH,https://pretiumenterpriseservices.wd1.myworkdayjobs.com/livebhcareers/job/The-Villages-at-Louetta-Apartments-BH/Porter_JR116131,Posted 30+ Days Ago,no,https://livebh.com/careers/job-search/
BH Management Services,Service Manager,"San Antonio, TX",https://pretiumenterpriseservices.wd1.myworkdayjobs.com/livebhcareers/job/San-Antonio-TX/Service-Manager_JR116543,Posted 30+ Days Ago,no,https://livebh.com/careers/job-search/
BH Management Services,Service Technician,Sedona at Lone Mountain Apartments-BH,https://pretiumenterpriseservices.wd1.myworkdayjobs.com/livebhcareers/job/Sedona-at-Lone-Mountain-Apartments-BH/Service-Technician_JR116209-1,Posted 30+ Days Ago,no,https://livebh.com/careers/job-search/
BH Management Services,Service Technician,2 Locations,https://pretiumenterpriseservices.wd1.myworkdayjobs.com/livebhcareers/job/Promenade-at-Edgewater-Apartments-BH/Service-Technician_JR116329,Posted 30+ Days Ago,no,https://livebh.com/careers/job-search/
BH Management Services,Service Technician I,Parkside at Craig Ranch Apartments-BH,https://pretiumenterpriseservices.wd1.myworkdayjobs.com/livebhcareers/job/Parkside-at-Craig-Ranch-Apartments-BH/Service-Technician-I_JR116072,Posted 30+ Days Ago,no,https://livebh.com/careers/job-search/
BH Management Services,Service Technician,"Baton Rouge, LA",https://pretiumenterpriseservices.wd1.myworkdayjobs.com/livebhcareers/job/Baton-Rouge-LA/Service-Technician_JR116571,Posted 30+ Days Ago,no,https://livebh.com/careers/job-search/
BH Management Services,Service Technician I,Oaks of Lewisville Apartments-BH,https://pretiumenterpriseservices.wd1.myworkdayjobs.com/livebhcareers/job/Oaks-of-Lewisville-Apartments-BH/Service-Technician-I_JR116226,Posted 30+ Days Ago,no,https://livebh.com/careers/job-search/
BH Management Services,Service Manager - BTR,2 Locations,https://pretiumenterpriseservices.wd1.myworkdayjobs.com/livebhcareers/job/Winding-Brook-Rental-Homes-BH/Service-Manager---BTR_JR116372,Posted 30+ Days Ago,no,https://livebh.com/careers/job-search/
BH Management Services,Service Technician,Preslee Apartments-BH,https://pretiumenterpriseservices.wd1.myworkdayjobs.com/livebhcareers/job/Preslee-Apartments-BH/Service-Technician_JR116414-1,Posted 30+ Days Ago,no,https://livebh.com/careers/job-search/
BH Management Services,Service Technician II,The Champion at Bluegrass Apartments-BH,https://pretiumenterpriseservices.wd1.myworkdayjobs.com/livebhcareers/job/The-Champion-at-Bluegrass-Apartments-BH/Service-Technician-II_JR115516,Posted 30+ Days Ago,no,https://livebh.com/careers/job-search/
Belong,Associate General Counsel,"Coral Gables, Florida, United States",https://apply.workable.com/belong-6/j/9069E6E516/,2026-10-02,no,https://apply.workable.com/belong-6
Belong,Experience Manager,"Buenos Aires, Buenos Aires, Argentina",https://apply.workable.com/belong-6/j/58A905AB9D/,2026-07-08,no,https://apply.workable.com/belong-6
Belong,"Growth Advisor, Leasing","Buenos Aires, Buenos Aires, Argentina",https://apply.workable.com/belong-6/j/996A05186B/,2026-09-30,yes,https://apply.workable.com/belong-6
Belong,People Program Manager,"Buenos Aires, Buenos Aires, Argentina",https://apply.workable.com/belong-6/j/D64BC859B8/,2026-09-25,no,https://apply.workable.com/belong-6
Belong,Senior Accountant,"Buenos Aires, Buenos Aires, Argentina",https://apply.workable.com/belong-6/j/24F57D7BFE/,2026-09-17,no,https://apply.workable.com/belong-6
Doorstead,Field Associate - Rental Property Showings,"Irvine, CA",https://doorstead.breezy.hr/p/95970688c202-field-associate-rental-property-showings,2026-09-17,no,https://jobs.doorstead.com/?_gl=1*1eutnse*_gcl_au*MTI1MTQ3NTIzMC4xNzkxMzE1NzYx*_ga*NTAwNTE0ODI1LjE3OTEzMTU3NjE.*_ga_3D97ER7HGT*czE3OTEzMTU3NjEkbzEkZzAkdDE3OTEzMTU3NjEkajYwJGwwJGgw
Doorstead,Field Associate - Rental Property Showings,"El Paso, TX",https://doorstead.breezy.hr/p/0432345b3c78-field-associate-rental-property-showings,2025-11-06,no,https://jobs.doorstead.com/?_gl=1*1eutnse*_gcl_au*MTI1MTQ3NTIzMC4xNzkxMzE1NzYx*_ga*NTAwNTE0ODI1LjE3OTEzMTU3NjE.*_ga_3D97ER7HGT*czE3OTEzMTU3NjEkbzEkZzAkdDE3OTEzMTU3NjEkajYwJGwwJGgw
Doorstead,Field Associate - Rental Property Showings,"Corpus Christi, TX",https://doorstead.breezy.hr/p/48caa1d00646-field-associate-rental-property-showings,2026-10-06,no,https://jobs.doorstead.com/?_gl=1*1eutnse*_gcl_au*MTI1MTQ3NTIzMC4xNzkxMzE1NzYx*_ga*NTAwNTE0ODI1LjE3OTEzMTU3NjE.*_ga_3D97ER7HGT*czE3OTEzMTU3NjEkbzEkZzAkdDE3OTEzMTU3NjEkajYwJGwwJGgw
Doorstead,Field Associate - Rental Property Showings,"Norfolk, VA",https://doorstead.breezy.hr/p/9da347415ef7-field-associate-rental-property-showings,2025-07-28,no,https://jobs.doorstead.com/?_gl=1*1eutnse*_gcl_au*MTI1MTQ3NTIzMC4xNzkxMzE1NzYx*_ga*NTAwNTE0ODI1LjE3OTEzMTU3NjE.*_ga_3D97ER7HGT*czE3OTEzMTU3NjEkbzEkZzAkdDE3OTEzMTU3NjEkajYwJGwwJGgw
Doorstead,Field Associate - Rental Property Showings,"San Antonio, TX",https://doorstead.breezy.hr/p/db97bfb36795-field-associate-rental-property-showings,2026-10-05,no,https://jobs.doorstead.com/?_gl=1*1eutnse*_gcl_au*MTI1MTQ3NTIzMC4xNzkxMzE1NzYx*_ga*NTAwNTE0ODI1LjE3OTEzMTU3NjE.*_ga_3D97ER7HGT*czE3OTEzMTU3NjEkbzEkZzAkdDE3OTEzMTU3NjEkajYwJGwwJGgw
Doorstead,Field Associate - Rental Property Showings,"Greenville, SC",https://doorstead.breezy.hr/p/df783cd078a5-field-associate-rental-property-showings,2026-02-27,no,https://jobs.doorstead.com/?_gl=1*1eutnse*_gcl_au*MTI1MTQ3NTIzMC4xNzkxMzE1NzYx*_ga*NTAwNTE0ODI1LjE3OTEzMTU3NjE.*_ga_3D97ER7HGT*czE3OTEzMTU3NjEkbzEkZzAkdDE3OTEzMTU3NjEkajYwJGwwJGgw
Doorstead,Field Associate - Rental Property Showings,"Columbia, SC",https://doorstead.breezy.hr/p/032515c48932-field-associate-rental-property-showings,2026-02-27,no,https://jobs.doorstead.com/?_gl=1*1eutnse*_gcl_au*MTI1MTQ3NTIzMC4xNzkxMzE1NzYx*_ga*NTAwNTE0ODI1LjE3OTEzMTU3NjE.*_ga_3D97ER7HGT*czE3OTEzMTU3NjEkbzEkZzAkdDE3OTEzMTU3NjEkajYwJGwwJGgw
Doorstead,Field Associate - Rental Property Showings,"Charleston, SC",https://doorstead.breezy.hr/p/5f4c7b2d6fbb-field-associate-rental-property-showings,2026-02-27,no,https://jobs.doorstead.com/?_gl=1*1eutnse*_gcl_au*MTI1MTQ3NTIzMC4xNzkxMzE1NzYx*_ga*NTAwNTE0ODI1LjE3OTEzMTU3NjE.*_ga_3D97ER7HGT*czE3OTEzMTU3NjEkbzEkZzAkdDE3OTEzMTU3NjEkajYwJGwwJGgw
Doorstead,Maintenance Coordinator,"buenos aires, AR",https://doorstead.breezy.hr/p/6448c09e06f3-maintenance-coordinator,2026-10-08,no,https://jobs.doorstead.com/?_gl=1*1eutnse*_gcl_au*MTI1MTQ3NTIzMC4xNzkxMzE1NzYx*_ga*NTAwNTE0ODI1LjE3OTEzMTU3NjE.*_ga_3D97ER7HGT*czE3OTEzMTU3NjEkbzEkZzAkdDE3OTEzMTU3NjEkajYwJGwwJGgw
Doorstead,Maintenance Specialist,"buenos aires, AR",https://doorstead.breezy.hr/p/f3a830fbd2f3-maintenance-specialist,2026-10-08,no,https://jobs.doorstead.com/?_gl=1*1eutnse*_gcl_au*MTI1MTQ3NTIzMC4xNzkxMzE1NzYx*_ga*NTAwNTE0ODI1LjE3OTEzMTU3NjE.*_ga_3D97ER7HGT*czE3OTEzMTU3NjEkbzEkZzAkdDE3OTEzMTU3NjEkajYwJGwwJGgw
Doorstead,Photographer - Real Estate Listing Photos,"Sacramento, CA",https://doorstead.breezy.hr/p/04b319d87f68-photographer-real-estate-listing-photos,2026-08-26,no,https://jobs.doorstead.com/?_gl=1*1eutnse*_gcl_au*MTI1MTQ3NTIzMC4xNzkxMzE1NzYx*_ga*NTAwNTE0ODI1LjE3OTEzMTU3NjE.*_ga_3D97ER7HGT*czE3OTEzMTU3NjEkbzEkZzAkdDE3OTEzMTU3NjEkajYwJGwwJGgw
Doorstead,Photographer - Real Estate Listing Photos,"Charleston, SC",https://doorstead.breezy.hr/p/b8d699659b15-photographer-real-estate-listing-photos,2026-05-10,no,https://jobs.doorstead.com/?_gl=1*1eutnse*_gcl_au*MTI1MTQ3NTIzMC4xNzkxMzE1NzYx*_ga*NTAwNTE0ODI1LjE3OTEzMTU3NjE.*_ga_3D97ER7HGT*czE3OTEzMTU3NjEkbzEkZzAkdDE3OTEzMTU3NjEkajYwJGwwJGgw
Doorstead,Photographer - Real Estate Listing Photos,"Stockton, CA",https://doorstead.breezy.hr/p/dde1dc169305-photographer-real-estate-listing-photos,2026-06-29,no,https://jobs.doorstead.com/?_gl=1*1eutnse*_gcl_au*MTI1MTQ3NTIzMC4xNzkxMzE1NzYx*_ga*NTAwNTE0ODI1LjE3OTEzMTU3NjE.*_ga_3D97ER7HGT*czE3OTEzMTU3NjEkbzEkZzAkdDE3OTEzMTU3NjEkajYwJGwwJGgw
Doorstead,Photographer - Real Estate Listing Photos,"Charlotte, NC",https://doorstead.breezy.hr/p/27e3ffb4047c-photographer-real-estate-listing-photos,2026-05-08,no,https://jobs.doorstead.com/?_gl=1*1eutnse*_gcl_au*MTI1MTQ3NTIzMC4xNzkxMzE1NzYx*_ga*NTAwNTE0ODI1LjE3OTEzMTU3NjE.*_ga_3D97ER7HGT*czE3OTEzMTU3NjEkbzEkZzAkdDE3OTEzMTU3NjEkajYwJGwwJGgw
Doorstead,Photographer - Real Estate Listing Photos,"Columbia, SC",https://doorstead.breezy.hr/p/de27f8f4f18a-photographer-real-estate-listing-photos,2026-05-04,no,https://jobs.doorstead.com/?_gl=1*1eutnse*_gcl_au*MTI1MTQ3NTIzMC4xNzkxMzE1NzYx*_ga*NTAwNTE0ODI1LjE3OTEzMTU3NjE.*_ga_3D97ER7HGT*czE3OTEzMTU3NjEkbzEkZzAkdDE3OTEzMTU3NjEkajYwJGwwJGgw
Doorstead,Photographer - Real Estate Listing Photos,"Inland Empire, CA",https://doorstead.breezy.hr/p/f42f9f2f9243-photographer-real-estate-listing-photos,2026-04-01,no,https://jobs.doorstead.com/?_gl=1*1eutnse*_gcl_au*MTI1MTQ3NTIzMC4xNzkxMzE1NzYx*_ga*NTAwNTE0ODI1LjE3OTEzMTU3NjE.*_ga_3D97ER7HGT*czE3OTEzMTU3NjEkbzEkZzAkdDE3OTEzMTU3NjEkajYwJGwwJGgw
Doorstead,Photographer - Real Estate Listing Photos,"Tracy, CA",https://doorstead.breezy.hr/p/c1cf4bce9c35-photographer-real-estate-listing-photos,2026-06-29,no,https://jobs.doorstead.com/?_gl=1*1eutnse*_gcl_au*MTI1MTQ3NTIzMC4xNzkxMzE1NzYx*_ga*NTAwNTE0ODI1LjE3OTEzMTU3NjE.*_ga_3D97ER7HGT*czE3OTEzMTU3NjEkbzEkZzAkdDE3OTEzMTU3NjEkajYwJGwwJGgw
Doorstead,Photographer - Real Estate Listing Photos,"Los Angeles, CA",https://doorstead.breezy.hr/p/ead89cb4ecbf-photographer-real-estate-listing-photos,2026-08-12,no,https://jobs.doorstead.com/?_gl=1*1eutnse*_gcl_au*MTI1MTQ3NTIzMC4xNzkxMzE1NzYx*_ga*NTAwNTE0ODI1LjE3OTEzMTU3NjE.*_ga_3D97ER7HGT*czE3OTEzMTU3NjEkbzEkZzAkdDE3OTEzMTU3NjEkajYwJGwwJGgw
Doorstead,Photographer - Real Estate Listing Photos,"Fresno, CA",https://doorstead.breezy.hr/p/01c2493ed9b6-photographer-real-estate-listing-photos,2026-10-05,no,https://jobs.doorstead.com/?_gl=1*1eutnse*_gcl_au*MTI1MTQ3NTIzMC4xNzkxMzE1NzYx*_ga*NTAwNTE0ODI1LjE3OTEzMTU3NjE.*_ga_3D97ER7HGT*czE3OTEzMTU3NjEkbzEkZzAkdDE3OTEzMTU3NjEkajYwJGwwJGgw
Doorstead,Photographer - Real Estate Listing Photos,"Myrtle Beach, SC",https://doorstead.breezy.hr/p/f2f7660c37a0-photographer-real-estate-listing-photos,2026-08-06,no,https://jobs.doorstead.com/?_gl=1*1eutnse*_gcl_au*MTI1MTQ3NTIzMC4xNzkxMzE1NzYx*_ga*NTAwNTE0ODI1LjE3OTEzMTU3NjE.*_ga_3D97ER7HGT*czE3OTEzMTU3NjEkbzEkZzAkdDE3OTEzMTU3NjEkajYwJGwwJGgw
Doorstead,Photographer - Real Estate Listing Photos,"Tampa, FL",https://doorstead.breezy.hr/p/0c8509c5eef2-photographer-real-estate-listing-photos,2026-09-29,no,https://jobs.doorstead.com/?_gl=1*1eutnse*_gcl_au*MTI1MTQ3NTIzMC4xNzkxMzE1NzYx*_ga*NTAwNTE0ODI1LjE3OTEzMTU3NjE.*_ga_3D97ER7HGT*czE3OTEzMTU3NjEkbzEkZzAkdDE3OTEzMTU3NjEkajYwJGwwJGgw
Doorstead,Photographer - Real Estate Listing Photos,"Dallas, TX",https://doorstead.breezy.hr/p/f0eb84c19074-photographer-real-estate-listing-photos,2026-09-30,no,https://jobs.doorstead.com/?_gl=1*1eutnse*_gcl_au*MTI1MTQ3NTIzMC4xNzkxMzE1NzYx*_ga*NTAwNTE0ODI1LjE3OTEzMTU3NjE.*_ga_3D97ER7HGT*czE3OTEzMTU3NjEkbzEkZzAkdDE3OTEzMTU3NjEkajYwJGwwJGgw
Doorstead,Photographer - Real Estate Listing Photos,"Orlando, FL",https://doorstead.breezy.hr/p/87b6ac52ca70-photographer-real-estate-listing-photos,2026-10-02,no,https://jobs.doorstead.com/?_gl=1*1eutnse*_gcl_au*MTI1MTQ3NTIzMC4xNzkxMzE1NzYx*_ga*NTAwNTE0ODI1LjE3OTEzMTU3NjE.*_ga_3D97ER7HGT*czE3OTEzMTU3NjEkbzEkZzAkdDE3OTEzMTU3NjEkajYwJGwwJGgw
Doorstead,Photographer - Real Estate Listing Photos,"Durham, NC",https://doorstead.breezy.hr/p/ccfdff095113-photographer-real-estate-listing-photos,2026-07-16,no,https://jobs.doorstead.com/?_gl=1*1eutnse*_gcl_au*MTI1MTQ3NTIzMC4xNzkxMzE1NzYx*_ga*NTAwNTE0ODI1LjE3OTEzMTU3NjE.*_ga_3D97ER7HGT*czE3OTEzMTU3NjEkbzEkZzAkdDE3OTEzMTU3NjEkajYwJGwwJGgw
Doorstead,Photographer - Real Estate Listing Photos,"Raleigh, NC",https://doorstead.breezy.hr/p/138cee5e4d1b-photographer-real-estate-listing-photos,2026-07-16,no,https://jobs.doorstead.com/?_gl=1*1eutnse*_gcl_au*MTI1MTQ3NTIzMC4xNzkxMzE1NzYx*_ga*NTAwNTE0ODI1LjE3OTEzMTU3NjE.*_ga_3D97ER7HGT*czE3OTEzMTU3NjEkbzEkZzAkdDE3OTEzMTU3NjEkajYwJGwwJGgw
Doorstead,Photographer - Real Estate Listing Photos,"El Paso, TX",https://doorstead.breezy.hr/p/4d4b9e906e50-photographer-real-estate-listing-photos,2026-07-31,no,https://jobs.doorstead.com/?_gl=1*1eutnse*_gcl_au*MTI1MTQ3NTIzMC4xNzkxMzE1NzYx*_ga*NTAwNTE0ODI1LjE3OTEzMTU3NjE.*_ga_3D97ER7HGT*czE3OTEzMTU3NjEkbzEkZzAkdDE3OTEzMTU3NjEkajYwJGwwJGgw
Doorstead,Photographer - Real Estate Listing Photos,"Greenville, SC",https://doorstead.breezy.hr/p/98162a7872be-photographer-real-estate-listing-photos,2026-05-04,no,https://jobs.doorstead.com/?_gl=1*1eutnse*_gcl_au*MTI1MTQ3NTIzMC4xNzkxMzE1NzYx*_ga*NTAwNTE0ODI1LjE3OTEzMTU3NjE.*_ga_3D97ER7HGT*czE3OTEzMTU3NjEkbzEkZzAkdDE3OTEzMTU3NjEkajYwJGwwJGgw
Doorstead,Photographer - Real Estate Listing Photos,"Cleveland, OH",https://doorstead.breezy.hr/p/a3377a9ecf90-photographer-real-estate-listing-photos,2026-08-14,no,https://jobs.doorstead.com/?_gl=1*1eutnse*_gcl_au*MTI1MTQ3NTIzMC4xNzkxMzE1NzYx*_ga*NTAwNTE0ODI1LjE3OTEzMTU3NjE.*_ga_3D97ER7HGT*czE3OTEzMTU3NjEkbzEkZzAkdDE3OTEzMTU3NjEkajYwJGwwJGgw
Doorstead,Photographer - Real Estate Listing Photos,"Bakersfield, CA",https://doorstead.breezy.hr/p/ecd23793ed07-photographer-real-estate-listing-photos,2026-08-20,no,https://jobs.doorstead.com/?_gl=1*1eutnse*_gcl_au*MTI1MTQ3NTIzMC4xNzkxMzE1NzYx*_ga*NTAwNTE0ODI1LjE3OTEzMTU3NjE.*_ga_3D97ER7HGT*czE3OTEzMTU3NjEkbzEkZzAkdDE3OTEzMTU3NjEkajYwJGwwJGgw
Doorstead,Photographer - Real Estate Listing Photos,"San Francisco, CA",https://doorstead.breezy.hr/p/7196de37fb81-photographer-real-estate-listing-photos,2026-08-24,no,https://jobs.doorstead.com/?_gl=1*1eutnse*_gcl_au*MTI1MTQ3NTIzMC4xNzkxMzE1NzYx*_ga*NTAwNTE0ODI1LjE3OTEzMTU3NjE.*_ga_3D97ER7HGT*czE3OTEzMTU3NjEkbzEkZzAkdDE3OTEzMTU3NjEkajYwJGwwJGgw
Doorstead,Photographer - Real Estate Listing Photos,"Jacksonville, FL",https://doorstead.breezy.hr/p/01f80117f08f-photographer-real-estate-listing-photos,2026-08-24,no,https://jobs.doorstead.com/?_gl=1*1eutnse*_gcl_au*MTI1MTQ3NTIzMC4xNzkxMzE1NzYx*_ga*NTAwNTE0ODI1LjE3OTEzMTU3NjE.*_ga_3D97ER7HGT*czE3OTEzMTU3NjEkbzEkZzAkdDE3OTEzMTU3NjEkajYwJGwwJGgw
Doorstead,Photographer - Real Estate Listing Photos,"Seattle, WA",https://doorstead.breezy.hr/p/f411c5a38ced-photographer-real-estate-listing-photos,2026-08-28,no,https://jobs.doorstead.com/?_gl=1*1eutnse*_gcl_au*MTI1MTQ3NTIzMC4xNzkxMzE1NzYx*_ga*NTAwNTE0ODI1LjE3OTEzMTU3NjE.*_ga_3D97ER7HGT*czE3OTEzMTU3NjEkbzEkZzAkdDE3OTEzMTU3NjEkajYwJGwwJGgw
Doorstead,Photographer - Real Estate Listing Photos,"Cincinnati, OH",https://doorstead.breezy.hr/p/54b73196caad-photographer-real-estate-listing-photos,2026-09-10,no,https://jobs.doorstead.com/?_gl=1*1eutnse*_gcl_au*MTI1MTQ3NTIzMC4xNzkxMzE1NzYx*_ga*NTAwNTE0ODI1LjE3OTEzMTU3NjE.*_ga_3D97ER7HGT*czE3OTEzMTU3NjEkbzEkZzAkdDE3OTEzMTU3NjEkajYwJGwwJGgw
Doorstead,Photographer - Real Estate Listing Photos,"Long Beach, CA",https://doorstead.breezy.hr/p/46805a174c6b-photographer-real-estate-listing-photos,2026-09-21,no,https://jobs.doorstead.com/?_gl=1*1eutnse*_gcl_au*MTI1MTQ3NTIzMC4xNzkxMzE1NzYx*_ga*NTAwNTE0ODI1LjE3OTEzMTU3NjE.*_ga_3D97ER7HGT*czE3OTEzMTU3NjEkbzEkZzAkdDE3OTEzMTU3NjEkajYwJGwwJGgw
Doorstead,Photographer - Real Estate Listing Photos,"Washington, DC",https://doorstead.breezy.hr/p/91742f50edb2-photographer-real-estate-listing-photos,2026-09-23,no,https://jobs.doorstead.com/?_gl=1*1eutnse*_gcl_au*MTI1MTQ3NTIzMC4xNzkxMzE1NzYx*_ga*NTAwNTE0ODI1LjE3OTEzMTU3NjE.*_ga_3D97ER7HGT*czE3OTEzMTU3NjEkbzEkZzAkdDE3OTEzMTU3NjEkajYwJGwwJGgw
Doorstead,Photographer - Real Estate Listing Photos,"Corpus Christi, TX",https://doorstead.breezy.hr/p/17537ee8f352-photographer-real-estate-listing-photos,2026-10-06,no,https://jobs.doorstead.com/?_gl=1*1eutnse*_gcl_au*MTI1MTQ3NTIzMC4xNzkxMzE1NzYx*_ga*NTAwNTE0ODI1LjE3OTEzMTU3NjE.*_ga_3D97ER7HGT*czE3OTEzMTU3NjEkbzEkZzAkdDE3OTEzMTU3NjEkajYwJGwwJGgw
Doorstead,Photographer - Real Estate Listing Photos,"Columbus, OH",https://doorstead.breezy.hr/p/1046e6e881e9-photographer-real-estate-listing-photos,2026-10-05,no,https://jobs.doorstead.com/?_gl=1*1eutnse*_gcl_au*MTI1MTQ3NTIzMC4xNzkxMzE1NzYx*_ga*NTAwNTE0ODI1LjE3OTEzMTU3NjE.*_ga_3D97ER7HGT*czE3OTEzMTU3NjEkbzEkZzAkdDE3OTEzMTU3NjEkajYwJGwwJGgw
Doorstead,Photographer - Real Estate Listing Photos,"Worcester, MA",https://doorstead.breezy.hr/p/0afa9663f235-photographer-real-estate-listing-photos,2026-10-09,no,https://jobs.doorstead.com/?_gl=1*1eutnse*_gcl_au*MTI1MTQ3NTIzMC4xNzkxMzE1NzYx*_ga*NTAwNTE0ODI1LjE3OTEzMTU3NjE.*_ga_3D97ER7HGT*czE3OTEzMTU3NjEkbzEkZzAkdDE3OTEzMTU3NjEkajYwJGwwJGgw
Doorstead,Real Estate Agents - Get Paid to Show Rentals,"Greenville, SC",https://doorstead.breezy.hr/p/be11c6fec376-real-estate-agents-get-paid-to-show-rentals,2026-03-16,no,https://jobs.doorstead.com/?_gl=1*1eutnse*_gcl_au*MTI1MTQ3NTIzMC4xNzkxMzE1NzYx*_ga*NTAwNTE0ODI1LjE3OTEzMTU3NjE.*_ga_3D97ER7HGT*czE3OTEzMTU3NjEkbzEkZzAkdDE3OTEzMTU3NjEkajYwJGwwJGgw
Doorstead,Real Estate Agents - Get Paid to Show Rentals,"Columbia, SC",https://doorstead.breezy.hr/p/19a53810d8fc-real-estate-agents-get-paid-to-show-rentals,2026-03-16,no,https://jobs.doorstead.com/?_gl=1*1eutnse*_gcl_au*MTI1MTQ3NTIzMC4xNzkxMzE1NzYx*_ga*NTAwNTE0ODI1LjE3OTEzMTU3NjE.*_ga_3D97ER7HGT*czE3OTEzMTU3NjEkbzEkZzAkdDE3OTEzMTU3NjEkajYwJGwwJGgw
Doorstead,Real Estate Agents - Get Paid to Show Rentals,"Corpus Christi, TX",https://doorstead.breezy.hr/p/a53ba6cbd927-real-estate-agents-get-paid-to-show-rentals,2026-10-06,no,https://jobs.doorstead.com/?_gl=1*1eutnse*_gcl_au*MTI1MTQ3NTIzMC4xNzkxMzE1NzYx*_ga*NTAwNTE0ODI1LjE3OTEzMTU3NjE.*_ga_3D97ER7HGT*czE3OTEzMTU3NjEkbzEkZzAkdDE3OTEzMTU3NjEkajYwJGwwJGgw
Doorstead,Real Estate Agents - Get Paid to Show Rentals,"Houston, TX",https://doorstead.breezy.hr/p/b5035211357c-real-estate-agents-get-paid-to-show-rentals,2026-02-24,no,https://jobs.doorstead.com/?_gl=1*1eutnse*_gcl_au*MTI1MTQ3NTIzMC4xNzkxMzE1NzYx*_ga*NTAwNTE0ODI1LjE3OTEzMTU3NjE.*_ga_3D97ER7HGT*czE3OTEzMTU3NjEkbzEkZzAkdDE3OTEzMTU3NjEkajYwJGwwJGgw
Doorstead,Real Estate Agents - Get Paid to Show Rentals,"Sacramento, CA",https://doorstead.breezy.hr/p/380d6c880279-real-estate-agents-get-paid-to-show-rentals,2025-11-10,no,https://jobs.doorstead.com/?_gl=1*1eutnse*_gcl_au*MTI1MTQ3NTIzMC4xNzkxMzE1NzYx*_ga*NTAwNTE0ODI1LjE3OTEzMTU3NjE.*_ga_3D97ER7HGT*czE3OTEzMTU3NjEkbzEkZzAkdDE3OTEzMTU3NjEkajYwJGwwJGgw
Doorstead,Real Estate Agents - Get Paid to Show Rentals,"El Paso, TX",https://doorstead.breezy.hr/p/85e38b90480c-real-estate-agents-get-paid-to-show-rentals,2025-08-18,no,https://jobs.doorstead.com/?_gl=1*1eutnse*_gcl_au*MTI1MTQ3NTIzMC4xNzkxMzE1NzYx*_ga*NTAwNTE0ODI1LjE3OTEzMTU3NjE.*_ga_3D97ER7HGT*czE3OTEzMTU3NjEkbzEkZzAkdDE3OTEzMTU3NjEkajYwJGwwJGgw
Doorstead,Real Estate Agents - Get Paid to Show Rentals,"San Benito, CA",https://doorstead.breezy.hr/p/92749c6d3f13-real-estate-agents-get-paid-to-show-rentals,2025-11-06,no,https://jobs.doorstead.com/?_gl=1*1eutnse*_gcl_au*MTI1MTQ3NTIzMC4xNzkxMzE1NzYx*_ga*NTAwNTE0ODI1LjE3OTEzMTU3NjE.*_ga_3D97ER7HGT*czE3OTEzMTU3NjEkbzEkZzAkdDE3OTEzMTU3NjEkajYwJGwwJGgw
Doorstead,Real Estate Agents - Get Paid to Show Rentals,"Corpus Christi, TX",https://doorstead.breezy.hr/p/7313b6ed2ebd-real-estate-agents-get-paid-to-show-rentals,2026-10-06,no,https://jobs.doorstead.com/?_gl=1*1eutnse*_gcl_au*MTI1MTQ3NTIzMC4xNzkxMzE1NzYx*_ga*NTAwNTE0ODI1LjE3OTEzMTU3NjE.*_ga_3D97ER7HGT*czE3OTEzMTU3NjEkbzEkZzAkdDE3OTEzMTU3NjEkajYwJGwwJGgw
Doorstead,Real Estate Agents - Get Paid to Show Rentals,"Galveston, TX",https://doorstead.breezy.hr/p/9610b8cf2790-real-estate-agents-get-paid-to-show-rentals,2026-02-20,no,https://jobs.doorstead.com/?_gl=1*1eutnse*_gcl_au*MTI1MTQ3NTIzMC4xNzkxMzE1NzYx*_ga*NTAwNTE0ODI1LjE3OTEzMTU3NjE.*_ga_3D97ER7HGT*czE3OTEzMTU3NjEkbzEkZzAkdDE3OTEzMTU3NjEkajYwJGwwJGgw
Doorstead,Showing Agent - Rental Property Showings,"Cleveland, OH",https://doorstead.breezy.hr/p/8b7f55087e0e-showing-agent-rental-property-showings,2026-09-22,no,https://jobs.doorstead.com/?_gl=1*1eutnse*_gcl_au*MTI1MTQ3NTIzMC4xNzkxMzE1NzYx*_ga*NTAwNTE0ODI1LjE3OTEzMTU3NjE.*_ga_3D97ER7HGT*czE3OTEzMTU3NjEkbzEkZzAkdDE3OTEzMTU3NjEkajYwJGwwJGgw
Doorstead,Showing Agent - Rental Property Showings,"El Paso, TX",https://doorstead.breezy.hr/p/fa55060cfb92-showing-agent-rental-property-showings,2025-08-12,no,https://jobs.doorstead.com/?_gl=1*1eutnse*_gcl_au*MTI1MTQ3NTIzMC4xNzkxMzE1NzYx*_ga*NTAwNTE0ODI1LjE3OTEzMTU3NjE.*_ga_3D97ER7HGT*czE3OTEzMTU3NjEkbzEkZzAkdDE3OTEzMTU3NjEkajYwJGwwJGgw
Doorstead,Showing Agent - Rental Property Showings,"Hampton Roads, VA",https://doorstead.breezy.hr/p/e2e414ae82e7-showing-agent-rental-property-showings,2025-07-23,no,https://jobs.doorstead.com/?_gl=1*1eutnse*_gcl_au*MTI1MTQ3NTIzMC4xNzkxMzE1NzYx*_ga*NTAwNTE0ODI1LjE3OTEzMTU3NjE.*_ga_3D97ER7HGT*czE3OTEzMTU3NjEkbzEkZzAkdDE3OTEzMTU3NjEkajYwJGwwJGgw
Doorstead,Showing Agent - Rental Property Showings,"Newport News, VA",https://doorstead.breezy.hr/p/99e6cfe9c830-showing-agent-rental-property-showings,2025-07-28,no,https://jobs.doorstead.com/?_gl=1*1eutnse*_gcl_au*MTI1MTQ3NTIzMC4xNzkxMzE1NzYx*_ga*NTAwNTE0ODI1LjE3OTEzMTU3NjE.*_ga_3D97ER7HGT*czE3OTEzMTU3NjEkbzEkZzAkdDE3OTEzMTU3NjEkajYwJGwwJGgw
Doorstead,Showing Agent - Rental Property Showings,"El Paso, TX",https://doorstead.breezy.hr/p/080dd9ac5712-showing-agent-rental-property-showings,2025-11-06,no,https://jobs.doorstead.com/?_gl=1*1eutnse*_gcl_au*MTI1MTQ3NTIzMC4xNzkxMzE1NzYx*_ga*NTAwNTE0ODI1LjE3OTEzMTU3NjE.*_ga_3D97ER7HGT*czE3OTEzMTU3NjEkbzEkZzAkdDE3OTEzMTU3NjEkajYwJGwwJGgw
Doorstead,Showing Agent - Rental Property Showings,"San Francisco, CA",https://doorstead.breezy.hr/p/4cb13c42195a-showing-agent-rental-property-showings,2026-08-21,no,https://jobs.doorstead.com/?_gl=1*1eutnse*_gcl_au*MTI1MTQ3NTIzMC4xNzkxMzE1NzYx*_ga*NTAwNTE0ODI1LjE3OTEzMTU3NjE.*_ga_3D97ER7HGT*czE3OTEzMTU3NjEkbzEkZzAkdDE3OTEzMTU3NjEkajYwJGwwJGgw
Doorstead,Showing Agent - Rental Property Showings,"Salisbury, NC",https://doorstead.breezy.hr/p/8de82959ab56-showing-agent-rental-property-showings,2026-08-20,no,https://jobs.doorstead.com/?_gl=1*1eutnse*_gcl_au*MTI1MTQ3NTIzMC4xNzkxMzE1NzYx*_ga*NTAwNTE0ODI1LjE3OTEzMTU3NjE.*_ga_3D97ER7HGT*czE3OTEzMTU3NjEkbzEkZzAkdDE3OTEzMTU3NjEkajYwJGwwJGgw
Doorstead,Showing Agent - Rental Property Showings,"Irvine, CA",https://doorstead.breezy.hr/p/cab059201d00-showing-agent-rental-property-showings,2026-08-20,no,https://jobs.doorstead.com/?_gl=1*1eutnse*_gcl_au*MTI1MTQ3NTIzMC4xNzkxMzE1NzYx*_ga*NTAwNTE0ODI1LjE3OTEzMTU3NjE.*_ga_3D97ER7HGT*czE3OTEzMTU3NjEkbzEkZzAkdDE3OTEzMTU3NjEkajYwJGwwJGgw
Doorstead,Showing Agent - Rental Property Showings,"Tampa, FL",https://doorstead.breezy.hr/p/912c6a640ab1-showing-agent-rental-property-showings,2026-05-26,no,https://jobs.doorstead.com/?_gl=1*1eutnse*_gcl_au*MTI1MTQ3NTIzMC4xNzkxMzE1NzYx*_ga*NTAwNTE0ODI1LjE3OTEzMTU3NjE.*_ga_3D97ER7HGT*czE3OTEzMTU3NjEkbzEkZzAkdDE3OTEzMTU3NjEkajYwJGwwJGgw
Doorstead,Showing Agent - Rental Property Showings,"Cincinnati, OH",https://doorstead.breezy.hr/p/e80853a2371b-showing-agent-rental-property-showings,2026-04-27,no,https://jobs.doorstead.com/?_gl=1*1eutnse*_gcl_au*MTI1MTQ3NTIzMC4xNzkxMzE1NzYx*_ga*NTAwNTE0ODI1LjE3OTEzMTU3NjE.*_ga_3D97ER7HGT*czE3OTEzMTU3NjEkbzEkZzAkdDE3OTEzMTU3NjEkajYwJGwwJGgw
Doorstead,Showing Agent - Rental Property Showings,"Columbus, OH",https://doorstead.breezy.hr/p/5e88163a60a0-showing-agent-rental-property-showings,2026-08-31,no,https://jobs.doorstead.com/?_gl=1*1eutnse*_gcl_au*MTI1MTQ3NTIzMC4xNzkxMzE1NzYx*_ga*NTAwNTE0ODI1LjE3OTEzMTU3NjE.*_ga_3D97ER7HGT*czE3OTEzMTU3NjEkbzEkZzAkdDE3OTEzMTU3NjEkajYwJGwwJGgw
Doorstead,Showing Agent - Rental Property Showings,"Durham, NC",https://doorstead.breezy.hr/p/53e38aeba2d8-showing-agent-rental-property-showings,2025-12-09,no,https://jobs.doorstead.com/?_gl=1*1eutnse*_gcl_au*MTI1MTQ3NTIzMC4xNzkxMzE1NzYx*_ga*NTAwNTE0ODI1LjE3OTEzMTU3NjE.*_ga_3D97ER7HGT*czE3OTEzMTU3NjEkbzEkZzAkdDE3OTEzMTU3NjEkajYwJGwwJGgw
Doorstead,Showing Agent - Rental Property Showings,"Naples, FL",https://doorstead.breezy.hr/p/83a7ef853e83-showing-agent-rental-property-showings,2026-06-30,no,https://jobs.doorstead.com/?_gl=1*1eutnse*_gcl_au*MTI1MTQ3NTIzMC4xNzkxMzE1NzYx*_ga*NTAwNTE0ODI1LjE3OTEzMTU3NjE.*_ga_3D97ER7HGT*czE3OTEzMTU3NjEkbzEkZzAkdDE3OTEzMTU3NjEkajYwJGwwJGgw
Doorstead,Showing Agent - Rental Property Showings,"Fort Myers, FL",https://doorstead.breezy.hr/p/d500c2444e4a-showing-agent-rental-property-showings,2026-06-30,no,https://jobs.doorstead.com/?_gl=1*1eutnse*_gcl_au*MTI1MTQ3NTIzMC4xNzkxMzE1NzYx*_ga*NTAwNTE0ODI1LjE3OTEzMTU3NjE.*_ga_3D97ER7HGT*czE3OTEzMTU3NjEkbzEkZzAkdDE3OTEzMTU3NjEkajYwJGwwJGgw
Doorstead,Showing Agent - Rental Property Showings,"Fresno, CA",https://doorstead.breezy.hr/p/97716a497730-showing-agent-rental-property-showings,2025-12-04,no,https://jobs.doorstead.com/?_gl=1*1eutnse*_gcl_au*MTI1MTQ3NTIzMC4xNzkxMzE1NzYx*_ga*NTAwNTE0ODI1LjE3OTEzMTU3NjE.*_ga_3D97ER7HGT*czE3OTEzMTU3NjEkbzEkZzAkdDE3OTEzMTU3NjEkajYwJGwwJGgw
Doorstead,Showing Agent - Rental Property Showings,"Bakersfield, CA",https://doorstead.breezy.hr/p/2629541d8d70-showing-agent-rental-property-showings,2026-08-20,no,https://jobs.doorstead.com/?_gl=1*1eutnse*_gcl_au*MTI1MTQ3NTIzMC4xNzkxMzE1NzYx*_ga*NTAwNTE0ODI1LjE3OTEzMTU3NjE.*_ga_3D97ER7HGT*czE3OTEzMTU3NjEkbzEkZzAkdDE3OTEzMTU3NjEkajYwJGwwJGgw
Doorstead,Showing Agent - Rental Property Showings,"San Jose, CA",https://doorstead.breezy.hr/p/2d18fe6dfc2e-showing-agent-rental-property-showings,2026-09-25,no,https://jobs.doorstead.com/?_gl=1*1eutnse*_gcl_au*MTI1MTQ3NTIzMC4xNzkxMzE1NzYx*_ga*NTAwNTE0ODI1LjE3OTEzMTU3NjE.*_ga_3D97ER7HGT*czE3OTEzMTU3NjEkbzEkZzAkdDE3OTEzMTU3NjEkajYwJGwwJGgw
Doorstead,Showing Agent - Rental Property Showings,"Everett, WA",https://doorstead.breezy.hr/p/58d1a1ef782b-showing-agent-rental-property-showings,2026-09-25,no,https://jobs.doorstead.com/?_gl=1*1eutnse*_gcl_au*MTI1MTQ3NTIzMC4xNzkxMzE1NzYx*_ga*NTAwNTE0ODI1LjE3OTEzMTU3NjE.*_ga_3D97ER7HGT*czE3OTEzMTU3NjEkbzEkZzAkdDE3OTEzMTU3NjEkajYwJGwwJGgw
Doorstead,Showing Agent - Rental Property Showings,"Orlando, FL",https://doorstead.breezy.hr/p/433ef5d681a8-showing-agent-rental-property-showings,2026-09-26,no,https://jobs.doorstead.com/?_gl=1*1eutnse*_gcl_au*MTI1MTQ3NTIzMC4xNzkxMzE1NzYx*_ga*NTAwNTE0ODI1LjE3OTEzMTU3NjE.*_ga_3D97ER7HGT*czE3OTEzMTU3NjEkbzEkZzAkdDE3OTEzMTU3NjEkajYwJGwwJGgw
Doorstead,Showing Agent - Rental Property Showings,"Corpus Christi, TX",https://doorstead.breezy.hr/p/3b6c76b5c5c0-showing-agent-rental-property-showings,2026-10-06,no,https://jobs.doorstead.com/?_gl=1*1eutnse*_gcl_au*MTI1MTQ3NTIzMC4xNzkxMzE1NzYx*_ga*NTAwNTE0ODI1LjE3OTEzMTU3NjE.*_ga_3D97ER7HGT*czE3OTEzMTU3NjEkbzEkZzAkdDE3OTEzMTU3NjEkajYwJGwwJGgw
Doorstead,Showing Agent - Rental Property Showings,"Seattle, WA",https://doorstead.breezy.hr/p/89c1f43cb263-showing-agent-rental-property-showings,2026-09-25,no,https://jobs.doorstead.com/?_gl=1*1eutnse*_gcl_au*MTI1MTQ3NTIzMC4xNzkxMzE1NzYx*_ga*NTAwNTE0ODI1LjE3OTEzMTU3NjE.*_ga_3D97ER7HGT*czE3OTEzMTU3NjEkbzEkZzAkdDE3OTEzMTU3NjEkajYwJGwwJGgw
Doorstead,Showing Agent - Rental Property Showings,"Raleigh, NC",https://doorstead.breezy.hr/p/88d3d73a1193-showing-agent-rental-property-showings,2026-09-10,no,https://jobs.doorstead.com/?_gl=1*1eutnse*_gcl_au*MTI1MTQ3NTIzMC4xNzkxMzE1NzYx*_ga*NTAwNTE0ODI1LjE3OTEzMTU3NjE.*_ga_3D97ER7HGT*czE3OTEzMTU3NjEkbzEkZzAkdDE3OTEzMTU3NjEkajYwJGwwJGgw
Doorstead,Showing Agent - Rental Property Showings,"Greensboro, NC",https://doorstead.breezy.hr/p/ef255ecfda97-showing-agent-rental-property-showings,2026-04-21,no,https://jobs.doorstead.com/?_gl=1*1eutnse*_gcl_au*MTI1MTQ3NTIzMC4xNzkxMzE1NzYx*_ga*NTAwNTE0ODI1LjE3OTEzMTU3NjE.*_ga_3D97ER7HGT*czE3OTEzMTU3NjEkbzEkZzAkdDE3OTEzMTU3NjEkajYwJGwwJGgw
Doorstead,Showing Agent - Rental Property Showings,"Puyallup, WA",https://doorstead.breezy.hr/p/da3b9351a403-showing-agent-rental-property-showings,2026-08-05,no,https://jobs.doorstead.com/?_gl=1*1eutnse*_gcl_au*MTI1MTQ3NTIzMC4xNzkxMzE1NzYx*_ga*NTAwNTE0ODI1LjE3OTEzMTU3NjE.*_ga_3D97ER7HGT*czE3OTEzMTU3NjEkbzEkZzAkdDE3OTEzMTU3NjEkajYwJGwwJGgw
Doorstead,Showing Agent - Rental Property Showings,"Greenville, SC",https://doorstead.breezy.hr/p/4d5c7ec5c96d-showing-agent-rental-property-showings,2026-03-16,no,https://jobs.doorstead.com/?_gl=1*1eutnse*_gcl_au*MTI1MTQ3NTIzMC4xNzkxMzE1NzYx*_ga*NTAwNTE0ODI1LjE3OTEzMTU3NjE.*_ga_3D97ER7HGT*czE3OTEzMTU3NjEkbzEkZzAkdDE3OTEzMTU3NjEkajYwJGwwJGgw
Doorstead,Showing Agent - Rental Property Showings,"Rock Hill, SC",https://doorstead.breezy.hr/p/6b8738e6bab1-showing-agent-rental-property-showings,2026-02-18,no,https://jobs.doorstead.com/?_gl=1*1eutnse*_gcl_au*MTI1MTQ3NTIzMC4xNzkxMzE1NzYx*_ga*NTAwNTE0ODI1LjE3OTEzMTU3NjE.*_ga_3D97ER7HGT*czE3OTEzMTU3NjEkbzEkZzAkdDE3OTEzMTU3NjEkajYwJGwwJGgw
Doorstead,Showing Agent - Rental Property Showings,"Boca Raton, FL",https://doorstead.breezy.hr/p/f698465f599c-showing-agent-rental-property-showings,2025-11-09,no,https://jobs.doorstead.com/?_gl=1*1eutnse*_gcl_au*MTI1MTQ3NTIzMC4xNzkxMzE1NzYx*_ga*NTAwNTE0ODI1LjE3OTEzMTU3NjE.*_ga_3D97ER7HGT*czE3OTEzMTU3NjEkbzEkZzAkdDE3OTEzMTU3NjEkajYwJGwwJGgw
Doorstead,Showing Agent - Rental Property Showings,"Burlington, NC",https://doorstead.breezy.hr/p/fa31a9e3b3a8-showing-agent-rental-property-showings,2026-04-20,no,https://jobs.doorstead.com/?_gl=1*1eutnse*_gcl_au*MTI1MTQ3NTIzMC4xNzkxMzE1NzYx*_ga*NTAwNTE0ODI1LjE3OTEzMTU3NjE.*_ga_3D97ER7HGT*czE3OTEzMTU3NjEkbzEkZzAkdDE3OTEzMTU3NjEkajYwJGwwJGgw
Doorstead,Showing Agent - Rental Property Showings,"Charlotte, NC",https://doorstead.breezy.hr/p/1994e7e73e85-showing-agent-rental-property-showings,2025-09-26,no,https://jobs.doorstead.com/?_gl=1*1eutnse*_gcl_au*MTI1MTQ3NTIzMC4xNzkxMzE1NzYx*_ga*NTAwNTE0ODI1LjE3OTEzMTU3NjE.*_ga_3D97ER7HGT*czE3OTEzMTU3NjEkbzEkZzAkdDE3OTEzMTU3NjEkajYwJGwwJGgw
Doorstead,Showing Agent - Rental Property Showings,"Charleston, SC",https://doorstead.breezy.hr/p/32a13c7db08f-showing-agent-rental-property-showings,2026-05-07,no,https://jobs.doorstead.com/?_gl=1*1eutnse*_gcl_au*MTI1MTQ3NTIzMC4xNzkxMzE1NzYx*_ga*NTAwNTE0ODI1LjE3OTEzMTU3NjE.*_ga_3D97ER7HGT*czE3OTEzMTU3NjEkbzEkZzAkdDE3OTEzMTU3NjEkajYwJGwwJGgw
Doorstead,Showing Agent - Rental Property Showings,"Austin, TX",https://doorstead.breezy.hr/p/12bbb161ffdf-showing-agent-rental-property-showings,2025-10-22,no,https://jobs.doorstead.com/?_gl=1*1eutnse*_gcl_au*MTI1MTQ3NTIzMC4xNzkxMzE1NzYx*_ga*NTAwNTE0ODI1LjE3OTEzMTU3NjE.*_ga_3D97ER7HGT*czE3OTEzMTU3NjEkbzEkZzAkdDE3OTEzMTU3NjEkajYwJGwwJGgw
Doorstead,Showing Agent - Rental Property Showings,"Inland Empire, CA",https://doorstead.breezy.hr/p/633cf0994505-showing-agent-rental-property-showings,2025-10-21,no,https://jobs.doorstead.com/?_gl=1*1eutnse*_gcl_au*MTI1MTQ3NTIzMC4xNzkxMzE1NzYx*_ga*NTAwNTE0ODI1LjE3OTEzMTU3NjE.*_ga_3D97ER7HGT*czE3OTEzMTU3NjEkbzEkZzAkdDE3OTEzMTU3NjEkajYwJGwwJGgw
Doorstead,Showing Agent - Rental Property Showings,"Dallas, TX",https://doorstead.breezy.hr/p/99c1357493b8-showing-agent-rental-property-showings,2026-05-13,no,https://jobs.doorstead.com/?_gl=1*1eutnse*_gcl_au*MTI1MTQ3NTIzMC4xNzkxMzE1NzYx*_ga*NTAwNTE0ODI1LjE3OTEzMTU3NjE.*_ga_3D97ER7HGT*czE3OTEzMTU3NjEkbzEkZzAkdDE3OTEzMTU3NjEkajYwJGwwJGgw
Doorstead,Showing Agent - Rental Property Showings,"Palm Beach, FL",https://doorstead.breezy.hr/p/3ef270119b11-showing-agent-rental-property-showings,2026-05-15,no,https://jobs.doorstead.com/?_gl=1*1eutnse*_gcl_au*MTI1MTQ3NTIzMC4xNzkxMzE1NzYx*_ga*NTAwNTE0ODI1LjE3OTEzMTU3NjE.*_ga_3D97ER7HGT*czE3OTEzMTU3NjEkbzEkZzAkdDE3OTEzMTU3NjEkajYwJGwwJGgw
Doorstead,Showing Agent - Rental Property Showings,"Thousand Oaks, CA",https://doorstead.breezy.hr/p/6fed5784a9db-showing-agent-rental-property-showings,2026-05-21,no,https://jobs.doorstead.com/?_gl=1*1eutnse*_gcl_au*MTI1MTQ3NTIzMC4xNzkxMzE1NzYx*_ga*NTAwNTE0ODI1LjE3OTEzMTU3NjE.*_ga_3D97ER7HGT*czE3OTEzMTU3NjEkbzEkZzAkdDE3OTEzMTU3NjEkajYwJGwwJGgw
Doorstead,Showing Agent - Rental Property Showings,"Antioch, CA",https://doorstead.breezy.hr/p/f14ddf3d197f-showing-agent-rental-property-showings,2026-05-26,no,https://jobs.doorstead.com/?_gl=1*1eutnse*_gcl_au*MTI1MTQ3NTIzMC4xNzkxMzE1NzYx*_ga*NTAwNTE0ODI1LjE3OTEzMTU3NjE.*_ga_3D97ER7HGT*czE3OTEzMTU3NjEkbzEkZzAkdDE3OTEzMTU3NjEkajYwJGwwJGgw
Doorstead,Showing Agent - Rental Property Showings,"Miami, FL",https://doorstead.breezy.hr/p/1b93b447dc8a-showing-agent-rental-property-showings,2026-06-03,no,https://jobs.doorstead.com/?_gl=1*1eutnse*_gcl_au*MTI1MTQ3NTIzMC4xNzkxMzE1NzYx*_ga*NTAwNTE0ODI1LjE3OTEzMTU3NjE.*_ga_3D97ER7HGT*czE3OTEzMTU3NjEkbzEkZzAkdDE3OTEzMTU3NjEkajYwJGwwJGgw
Doorstead,Showing Agent - Rental Property Showings,"Fort Lauderdale, FL",https://doorstead.breezy.hr/p/2514e23c28f7-showing-agent-rental-property-showings,2026-06-03,no,https://jobs.doorstead.com/?_gl=1*1eutnse*_gcl_au*MTI1MTQ3NTIzMC4xNzkxMzE1NzYx*_ga*NTAwNTE0ODI1LjE3OTEzMTU3NjE.*_ga_3D97ER7HGT*czE3OTEzMTU3NjEkbzEkZzAkdDE3OTEzMTU3NjEkajYwJGwwJGgw
Doorstead,Showing Agent - Rental Property Showings,"Jacksonville, FL",https://doorstead.breezy.hr/p/b3db9a456742-showing-agent-rental-property-showings,2026-06-10,no,https://jobs.doorstead.com/?_gl=1*1eutnse*_gcl_au*MTI1MTQ3NTIzMC4xNzkxMzE1NzYx*_ga*NTAwNTE0ODI1LjE3OTEzMTU3NjE.*_ga_3D97ER7HGT*czE3OTEzMTU3NjEkbzEkZzAkdDE3OTEzMTU3NjEkajYwJGwwJGgw
Doorstead,Showing Agent - Rental Property Showings,"Long Beach, CA",https://doorstead.breezy.hr/p/99c791579ca8-showing-agent-rental-property-showings,2026-03-09,no,https://jobs.doorstead.com/?_gl=1*1eutnse*_gcl_au*MTI1MTQ3NTIzMC4xNzkxMzE1NzYx*_ga*NTAwNTE0ODI1LjE3OTEzMTU3NjE.*_ga_3D97ER7HGT*czE3OTEzMTU3NjEkbzEkZzAkdDE3OTEzMTU3NjEkajYwJGwwJGgw
Doorstead,Showing Agent - Rental Property Showings,"Los Angeles, CA",https://doorstead.breezy.hr/p/16ff2c2ac70e-showing-agent-rental-property-showings,2025-10-08,no,https://jobs.doorstead.com/?_gl=1*1eutnse*_gcl_au*MTI1MTQ3NTIzMC4xNzkxMzE1NzYx*_ga*NTAwNTE0ODI1LjE3OTEzMTU3NjE.*_ga_3D97ER7HGT*czE3OTEzMTU3NjEkbzEkZzAkdDE3OTEzMTU3NjEkajYwJGwwJGgw
Doorstead,Showing Agent - Rental Property Showings,"Suffolk, VA",https://doorstead.breezy.hr/p/f3f161a857c7-showing-agent-rental-property-showings,2025-10-02,no,https://jobs.doorstead.com/?_gl=1*1eutnse*_gcl_au*MTI1MTQ3NTIzMC4xNzkxMzE1NzYx*_ga*NTAwNTE0ODI1LjE3OTEzMTU3NjE.*_ga_3D97ER7HGT*czE3OTEzMTU3NjEkbzEkZzAkdDE3OTEzMTU3NjEkajYwJGwwJGgw
Doorstead,Showing Agent - Rental Property Showings,"Myrtle Beach, SC",https://doorstead.breezy.hr/p/c34db6040391-showing-agent-rental-property-showings,2026-08-05,no,https://jobs.doorstead.com/?_gl=1*1eutnse*_gcl_au*MTI1MTQ3NTIzMC4xNzkxMzE1NzYx*_ga*NTAwNTE0ODI1LjE3OTEzMTU3NjE.*_ga_3D97ER7HGT*czE3OTEzMTU3NjEkbzEkZzAkdDE3OTEzMTU3NjEkajYwJGwwJGgw
Doorstead,Showing Agent - Rental Property Showings,"Boston, MA",https://doorstead.breezy.hr/p/5c4cbfa11361-showing-agent-rental-property-showings,2026-08-10,no,https://jobs.doorstead.com/?_gl=1*1eutnse*_gcl_au*MTI1MTQ3NTIzMC4xNzkxMzE1NzYx*_ga*NTAwNTE0ODI1LjE3OTEzMTU3NjE.*_ga_3D97ER7HGT*czE3OTEzMTU3NjEkbzEkZzAkdDE3OTEzMTU3NjEkajYwJGwwJGgw
Doorstead,Showing Agent - Rental Property Showings - Paid per showing,"San Antonio, TX",https://doorstead.breezy.hr/p/c2067f818330-showing-agent-rental-property-showings--paid-per-showing,2026-10-01,no,https://jobs.doorstead.com/?_gl=1*1eutnse*_gcl_au*MTI1MTQ3NTIzMC4xNzkxMzE1NzYx*_ga*NTAwNTE0ODI1LjE3OTEzMTU3NjE.*_ga_3D97ER7HGT*czE3OTEzMTU3NjEkbzEkZzAkdDE3OTEzMTU3NjEkajYwJGwwJGgw
Doorstead,Showing Agent - Rental Property Showings - Paid per showing,"Alexandria, VA",https://doorstead.breezy.hr/p/893cd2fbb9bd-showing-agent-rental-property-showings--paid-per-showing,2026-09-09,no,https://jobs.doorstead.com/?_gl=1*1eutnse*_gcl_au*MTI1MTQ3NTIzMC4xNzkxMzE1NzYx*_ga*NTAwNTE0ODI1LjE3OTEzMTU3NjE.*_ga_3D97ER7HGT*czE3OTEzMTU3NjEkbzEkZzAkdDE3OTEzMTU3NjEkajYwJGwwJGgw
Doorstead,Showing Agent - Rental Property Showings - Paid per showing,"Columbia, SC",https://doorstead.breezy.hr/p/86f543b5315c-showing-agent-rental-property-showings--paid-per-showing,2026-05-07,no,https://jobs.doorstead.com/?_gl=1*1eutnse*_gcl_au*MTI1MTQ3NTIzMC4xNzkxMzE1NzYx*_ga*NTAwNTE0ODI1LjE3OTEzMTU3NjE.*_ga_3D97ER7HGT*czE3OTEzMTU3NjEkbzEkZzAkdDE3OTEzMTU3NjEkajYwJGwwJGgw
Doorstead,Showing Agent - Rental Property Showings - Paid per showing,"Worcester, MA",https://doorstead.breezy.hr/p/fa03783c0319-showing-agent-rental-property-showings-paid-per-showing,2026-10-09,no,https://jobs.doorstead.com/?_gl=1*1eutnse*_gcl_au*MTI1MTQ3NTIzMC4xNzkxMzE1NzYx*_ga*NTAwNTE0ODI1LjE3OTEzMTU3NjE.*_ga_3D97ER7HGT*czE3OTEzMTU3NjEkbzEkZzAkdDE3OTEzMTU3NjEkajYwJGwwJGgw
EPR Properties,Property Accountant,"Kansas City, Missouri",https://eprproperties.bamboohr.com/careers/43,,no,https://eprproperties.bamboohr.com/careers
EastGroup Properties,Property Manager,"Atlanta Office - Atlanta, GA 30305",https://phx.us-west.paycomonline.net/v4/ats/web.php/portal/FF95F1D079994D46C22FCB801D0A2C8F/jobs/35523,,no,https://phx.us-west.paycomonline.net/v4/ats/web.php/portal/FF95F1D079994D46C22FCB801D0A2C8F/career-page
EastGroup Properties,Property Manager,"Dallas Office - Irving, TX 75039",https://phx.us-west.paycomonline.net/v4/ats/web.php/portal/FF95F1D079994D46C22FCB801D0A2C8F/jobs/31063,,no,https://phx.us-west.paycomonline.net/v4/ats/web.php/portal/FF95F1D079994D46C22FCB801D0A2C8F/career-page
Evergreen Residential,Acquisitions Closing Analyst,"Dallas, TX",https://evergreenresi.com/careers/openings/?gh_jid=4737350005,2026-09-23,no,https://evergreenresi.com/careers/openings/
Evergreen Residential,"Analyst, SFR Asset Management","Dallas, TX",https://evergreenresi.com/careers/openings/?gh_jid=4727583005,2026-08-25,no,https://evergreenresi.com/careers/openings/
Evergreen Residential,"Associate, SFR Revenue Management & Underwriting","New York City, NY",https://evergreenresi.com/careers/openings/?gh_jid=4724622005,2026-08-20,yes,https://evergreenresi.com/careers/openings/
Evergreen Residential,"Community Maintenance Tech - Charlotte, North Carolina","Charlotte, North Carolina",https://evergreenresi.com/careers/openings/?gh_jid=4741492005,2026-10-07,no,https://evergreenresi.com/careers/openings/
Evergreen Residential,"Community Maintenance Tech - Kansas City, Missouri","Kansas City, Missouri",https://evergreenresi.com/careers/openings/?gh_jid=4741497005,2026-10-07,no,https://evergreenresi.com/careers/openings/
Evergreen Residential,"Community Maintenance Tech - Myrtle Beach, South Carolina","Myrtle Beach, South Carolina",https://evergreenresi.com/careers/openings/?gh_jid=4741500005,2026-10-07,no,https://evergreenresi.com/careers/openings/
Evergreen Residential,"Community Maintenance Tech - Nashville, Tennessee","Nashville, Tennessee",https://evergreenresi.com/careers/openings/?gh_jid=4741504005,2026-10-07,no,https://evergreenresi.com/careers/openings/
Evergreen Residential,"Community Maintenance Tech - Phoenix, Arizona","Phoenix, Arizona",https://evergreenresi.com/careers/openings/?gh_jid=4741509005,2026-10-07,no,https://evergreenresi.com/careers/openings/
Evergreen Residential,"Community Maintenance Tech - Raeford, North Carolina","Raeford, North Carolina",https://evergreenresi.com/careers/openings/?gh_jid=4741513005,2026-10-07,no,https://evergreenresi.com/careers/openings/
Evergreen Residential,Construction Operations Specialist,"Dallas, TX",https://evergreenresi.com/careers/openings/?gh_jid=4724018005,2026-08-13,no,https://evergreenresi.com/careers/openings/
Evergreen Residential,Corporate Paralegal,"Dallas, TX",https://evergreenresi.com/careers/openings/?gh_jid=4721085005,2026-09-08,no,https://evergreenresi.com/careers/openings/
Evergreen Residential,Customer Service Coordinator,"Dallas, TX",https://evergreenresi.com/careers/openings/?gh_jid=4740588005,2026-10-05,no,https://evergreenresi.com/careers/openings/
Evergreen Residential,Customer Service Specialist,"Dallas, TX",https://evergreenresi.com/careers/openings/?gh_jid=4712239005,2026-07-06,no,https://evergreenresi.com/careers/openings/
Evergreen Residential,Eviction Specialist,"Charlotte, NC",https://evergreenresi.com/careers/openings/?gh_jid=4742053005,2026-10-08,no,https://evergreenresi.com/careers/openings/
Evergreen Residential,"Field Services Technician - Little Rock, Arkansas","Little Rock, Arkansas",https://evergreenresi.com/careers/openings/?gh_jid=4741464005,2026-10-07,no,https://evergreenresi.com/careers/openings/
Evergreen Residential,HOA Specialist,"Dallas, TX",https://evergreenresi.com/careers/openings/?gh_jid=4717745005,2026-07-22,no,https://evergreenresi.com/careers/openings/
Evergreen Residential,"Inventory Specialist, Fleet Admin","Dallas, TX",https://evergreenresi.com/careers/openings/?gh_jid=4712518005,2026-07-07,no,https://evergreenresi.com/careers/openings/
Evergreen Residential,Leasing Agent (Kansas City) - RE License Required,"Kansas City, Missouri",https://evergreenresi.com/careers/openings/?gh_jid=4737145005,2026-09-23,no,https://evergreenresi.com/careers/openings/
Evergreen Residential,"Leasing Agent - Single Family Resident - Oklahoma City, OK (RE licensed required)","Oklahoma City, OK",https://evergreenresi.com/careers/openings/?gh_jid=4737352005,2026-09-23,no,https://evergreenresi.com/careers/openings/
Evergreen Residential,"Leasing Agent - St. Louis, Missouri","St. Louis, Missouri",https://evergreenresi.com/careers/openings/?gh_jid=4730773005,2026-09-03,no,https://evergreenresi.com/careers/openings/
Evergreen Residential,Legal Counsel,"Dallas, TX",https://evergreenresi.com/careers/openings/?gh_jid=4736403005,2026-09-21,no,https://evergreenresi.com/careers/openings/
Evergreen Residential,Maintenance Coordinator - Real Estate,"Dallas, TX",https://evergreenresi.com/careers/openings/?gh_jid=4730759005,2026-09-03,no,https://evergreenresi.com/careers/openings/
Evergreen Residential,"Maintenance Field Tech - Birmingham, Alabama","Birmingham, Alabama",https://evergreenresi.com/careers/openings/?gh_jid=4726998005,2026-08-24,no,https://evergreenresi.com/careers/openings/
Evergreen Residential,"Maintenance Field Tech - Charlotte, North Carolina","Charlotte, North Carolina",https://evergreenresi.com/careers/openings/?gh_jid=4696427005,2026-05-18,no,https://evergreenresi.com/careers/openings/
Evergreen Residential,"Maintenance Field Tech - Cincinnati, Ohio","Cincinnati, Ohio",https://evergreenresi.com/careers/openings/?gh_jid=4735501005,2026-09-18,no,https://evergreenresi.com/careers/openings/
Evergreen Residential,"Maintenance Field Tech - Dayton, Ohio","Dayton, Ohio",https://evergreenresi.com/careers/openings/?gh_jid=4683447005,2026-04-17,no,https://evergreenresi.com/careers/openings/
Evergreen Residential,"Maintenance Field Tech - Jackson, Mississippi","Jackson, Mississippi",https://evergreenresi.com/careers/openings/?gh_jid=4735504005,2026-09-18,no,https://evergreenresi.com/careers/openings/
Evergreen Residential,"Maintenance Field Tech - Jacksonville, Florida","Jacksonville, Florida",https://evergreenresi.com/careers/openings/?gh_jid=4721659005,2026-08-05,no,https://evergreenresi.com/careers/openings/
Evergreen Residential,"Maintenance Field Tech - Memphis, Tennessee","Memphis, Tennessee",https://evergreenresi.com/careers/openings/?gh_jid=4735516005,2026-09-18,no,https://evergreenresi.com/careers/openings/
Evergreen Residential,"Maintenance Field Tech - Milwaukee, Wisconsin","Milwaukee, Wisconsin",https://evergreenresi.com/careers/openings/?gh_jid=4735512005,2026-09-18,no,https://evergreenresi.com/careers/openings/
Evergreen Residential,"Maintenance Field Tech - Minneapolis, Minnesota","Minneapolis, Minnesota",https://evergreenresi.com/careers/openings/?gh_jid=4738507005,2026-09-28,no,https://evergreenresi.com/careers/openings/
Evergreen Residential,"Maintenance Field Tech - Phoenix, Arizona","Phoenix, Arizona",https://evergreenresi.com/careers/openings/?gh_jid=4735510005,2026-09-18,no,https://evergreenresi.com/careers/openings/
Evergreen Residential,"Maintenance Field Tech - St. Louis, Missouri","St. Louis, Missouri",https://evergreenresi.com/careers/openings/?gh_jid=4703882005,2026-06-08,no,https://evergreenresi.com/careers/openings/
Evergreen Residential,"Project Manager Construction - Cincinnati, Ohio","Cincinnati, Ohio",https://evergreenresi.com/careers/openings/?gh_jid=4738438005,2026-09-28,no,https://evergreenresi.com/careers/openings/
Evergreen Residential,"Project Manager (Construction) - Greenville, SC","Greenville, South Carolina",https://evergreenresi.com/careers/openings/?gh_jid=4728979005,2026-08-28,no,https://evergreenresi.com/careers/openings/
Evergreen Residential,"Project Manager (Construction) - Indianapolis, Indiana","Indianapolis, IN",https://evergreenresi.com/careers/openings/?gh_jid=4740465005,2026-10-05,no,https://evergreenresi.com/careers/openings/
Evergreen Residential,"Real Estate - Leasing Agent - Phoenix, AZ","Phoenix, AZ",https://evergreenresi.com/careers/openings/?gh_jid=4741533005,2026-10-07,no,https://evergreenresi.com/careers/openings/
Evergreen Residential,Residential Retention Specialist,"Dallas, TX",https://evergreenresi.com/careers/openings/?gh_jid=4741672005,2026-10-07,no,https://evergreenresi.com/careers/openings/
Evergreen Residential,Senior Accountant,"Dallas, TX",https://evergreenresi.com/careers/openings/?gh_jid=4701128005,2026-05-29,no,https://evergreenresi.com/careers/openings/
Evergreen Residential,"Supervisor, Maintenance Dispatch, Dallas, TX","Dallas, TX",https://evergreenresi.com/careers/openings/?gh_jid=4728896005,2026-08-28,no,https://evergreenresi.com/careers/openings/
Evergreen Residential,Utility Specialist - Single Family Rental Property Operations,"Dallas, TX",https://evergreenresi.com/careers/openings/?gh_jid=4721822005,2026-08-05,no,https://evergreenresi.com/careers/openings/
Evergreen Residential,VP of Field Services (Construction),"Dallas, TX",https://evergreenresi.com/careers/openings/?gh_jid=4685535005,2026-04-15,yes,https://evergreenresi.com/careers/openings/
Evernest Property Management,Assistant Property Manager,Philippines,https://jobs.lever.co/evernest/5ca4424a-bd4b-4d21-9dd3-964fb3072622,2026-09-09,no,https://www.evernest.co/careers
Evernest Property Management,Assistant Property Manager,Mexico,https://jobs.lever.co/evernest/d2cb0454-34d7-4b5d-8fc5-858feb126a8f,2026-09-09,no,https://www.evernest.co/careers
Evernest Property Management,Director of Property Accounting,United States,https://jobs.lever.co/evernest/015b61b0-72ac-454f-81c6-9ac646c03386,2026-10-02,no,https://www.evernest.co/careers
Evernest Property Management,Investor Real Estate Specialist,"Cleveland, OH",https://jobs.lever.co/evernest/1abea67d-9690-4820-9ca7-bc94bafe1c60,2026-08-27,no,https://www.evernest.co/careers
Evernest Property Management,Investor Real Estate Specialist,"Columbus, OH",https://jobs.lever.co/evernest/317037eb-5d27-444a-8915-a28380bbf633,2026-07-21,no,https://www.evernest.co/careers
Evernest Property Management,Investor Real Estate Specialist,"Little Rock, AR",https://jobs.lever.co/evernest/b855eda4-96a0-4604-92f7-cce9ccd87efc,2026-08-26,no,https://www.evernest.co/careers
Evernest Property Management,ITM Leasing Coordinator,Philippines,https://jobs.lever.co/evernest/c1860762-c79e-4f72-95f2-088db4ab51ee,2026-09-17,no,https://www.evernest.co/careers
Evernest Property Management,ITM Leasing Coordinator,Mexico,https://jobs.lever.co/evernest/e62c1890-edaa-4e82-82cd-9b93404c5eee,2026-09-17,no,https://www.evernest.co/careers
Evernest Property Management,ITM Resident Services Coordinator,Mexico,https://jobs.lever.co/evernest/3286cdcc-2fc4-4bb3-ac25-b2f493bf7b68,2026-09-18,no,https://www.evernest.co/careers
Evernest Property Management,ITM Resident Services Coordinator,Philippines,https://jobs.lever.co/evernest/dece7f58-118c-441e-990b-09ffd7c59fd5,2026-09-18,no,https://www.evernest.co/careers
Evernest Property Management,Multi-Family Property Manager,"Richmond, VA",https://jobs.lever.co/evernest/95c5e38f-cb5c-40c4-9725-d2682e1c3479,2026-08-26,no,https://www.evernest.co/careers
Evernest Property Management,Property Maintenance Coordinator (Virtual/Remote),Mexico,https://jobs.lever.co/evernest/c868458c-9805-4995-be7c-ffbe25d1c88d,2026-08-24,no,https://www.evernest.co/careers
Evernest Property Management,Property Maintenance Coordinator (Virtual/Remote),Philippines,https://jobs.lever.co/evernest/eb3ca9e4-94cb-4268-9dd4-bb5d79285587,2026-08-24,no,https://www.evernest.co/careers
Evernest Property Management,Property Manager,"Houston, TX",https://jobs.lever.co/evernest/d97a0e6c-40f6-49b1-8173-09655b242065,2026-08-28,no,https://www.evernest.co/careers
Evernest Property Management,Senior Maintenance Coordinator (Virtual/Remote),Mexico,https://jobs.lever.co/evernest/82b02a6c-d29c-4be9-9921-d2e585e7e785,2026-07-17,no,https://www.evernest.co/careers
Flock Homes,Exchange Director (Multifamily + Single Family),"Denver, New York, or San Francisco",https://job-boards.greenhouse.io/flockhomes/jobs/4701569005,2026-06-01,no,https://www.flockhomes.com/careers
Flock Homes,Full Stack Software Engineer,San Franciso or Denver,https://job-boards.greenhouse.io/flockhomes/jobs/4719723005,2026-07-29,yes,https://www.flockhomes.com/careers
Greystar,Property Accounting Intern,"Phoenix, Arizona, Arizona, Remote",https://jobs.greystar.com/job/phoenix/property-accounting-intern/35302/99858700176,,no,https://jobs.greystar.com/
Greystar,Service Technician - Verano Townhomes,"Phoenix, Arizona",https://jobs.greystar.com/job/phoenix/service-technician-verano-townhomes/35302/99724068464,,no,https://jobs.greystar.com/
Greystar,Service Technician - Monterey Village,"Phoenix, Arizona",https://jobs.greystar.com/job/phoenix/service-technician-monterey-village/35302/99562086592,,no,https://jobs.greystar.com/
Highwoods Properties,Parking Operations Specialist,"Raleigh, NC",https://recruiting.ultipro.com/HIG1001HIW/JobBoard/cf2a3a89-ceb7-4bb7-aa13-3167c6417621/OpportunityDetail?opportunityId=f2bf1404-a3e3-42ec-b962-95da19b84763,2026-10-02,no,https://www.highwoods.com/careers
Highwoods Properties,Senior Maintenance Technician,"Tampa, FL",https://recruiting.ultipro.com/HIG1001HIW/JobBoard/cf2a3a89-ceb7-4bb7-aa13-3167c6417621/OpportunityDetail?opportunityId=f5a164c5-fd95-40a0-8c5f-1172ac0ff3c5,2026-09-25,no,https://www.highwoods.com/careers
Highwoods Properties,Maintenance Technician,"Nashville, TN",https://recruiting.ultipro.com/HIG1001HIW/JobBoard/cf2a3a89-ceb7-4bb7-aa13-3167c6417621/OpportunityDetail?opportunityId=0b02a3d2-a69d-49b5-9b33-92b48d147fef,2026-09-10,no,https://www.highwoods.com/careers
Highwoods Properties,Senior Financial Analyst,"Raleigh, NC",https://recruiting.ultipro.com/HIG1001HIW/JobBoard/cf2a3a89-ceb7-4bb7-aa13-3167c6417621/OpportunityDetail?opportunityId=b711a300-aaa0-46c7-a7ea-16ed677d9787,2026-09-10,no,https://www.highwoods.com/careers
Highwoods Properties,Maintenance Technician,"Raleigh, NC",https://recruiting.ultipro.com/HIG1001HIW/JobBoard/cf2a3a89-ceb7-4bb7-aa13-3167c6417621/OpportunityDetail?opportunityId=fa402171-f196-4ceb-a293-bb5706876040,2026-07-24,no,https://www.highwoods.com/careers
Industrious,Member Experience Manager - San Francisco,San Francisco,https://jobs.ashbyhq.com/industrious/8b346120-fc47-4eba-b3f3-9a701d93d3c9,2026-06-26,no,https://www.industriousoffice.com/careers#open-positions
Industrious,Member Experience Associate - San Francisco,San Francisco,https://jobs.ashbyhq.com/industrious/0acc7c37-87a8-4178-a9d9-fa6ff4295d76,2026-06-18,no,https://www.industriousoffice.com/careers#open-positions
Industrious,Member Experience Manager - Plano,Plano - 7250 Dallas Parkway,https://jobs.ashbyhq.com/industrious/e205050c-7f02-438e-9e5a-d940c3c9c6e1,2026-10-01,no,https://www.industriousoffice.com/careers#open-positions
Industrious,Drop a Resume,New York City,https://jobs.ashbyhq.com/industrious/ec2fc151-14a9-4517-ac74-641f416a3381,2019-10-08,no,https://www.industriousoffice.com/careers#open-positions
Industrious,Member Experience Associate - New York City,New York City,https://jobs.ashbyhq.com/industrious/5c89cd18-6da5-4e2e-af0b-201debb226f9,2025-08-01,no,https://www.industriousoffice.com/careers#open-positions
Industrious,Member Experience Associate (Part-Time) - New York City,New York City,https://jobs.ashbyhq.com/industrious/826c0067-7458-4522-a986-5cdb251388d2,2025-08-01,no,https://www.industriousoffice.com/careers#open-positions
Industrious,Member Experience Associate (Part-Time) - Atlanta,Atlanta,https://jobs.ashbyhq.com/industrious/026b3bb8-50e4-4b4c-8670-c5a594bd0996,2026-02-24,no,https://www.industriousoffice.com/careers#open-positions
Industrious,Member Experience Manager - London,London,https://jobs.ashbyhq.com/industrious/7e11d0bb-afc5-4c1b-8820-1fe727c13abe,2026-07-22,no,https://www.industriousoffice.com/careers#open-positions
Industrious,Member Experience Associate - London,London,https://jobs.ashbyhq.com/industrious/45dca304-5a44-489d-b743-d6617bd23bff,2026-07-22,no,https://www.industriousoffice.com/careers#open-positions
Industrious,Assistant General Manager - Indianapolis,Indianapolis - 350 Massachusetts Ave,https://jobs.ashbyhq.com/industrious/099ee3ec-179a-4ef9-9e15-378498066778,2026-06-17,no,https://www.industriousoffice.com/careers#open-positions
Industrious,Member Experience Associate - Berlin,Berlin,https://jobs.ashbyhq.com/industrious/3a60619c-98ca-491a-82d5-a9f2eee2ec22,2025-12-05,no,https://www.industriousoffice.com/careers#open-positions
Industrious,Member Experience Associate (Part-Time) - Chicago,Chicago,https://jobs.ashbyhq.com/industrious/9ee3db2f-70b4-484c-b935-22b0501da3c3,2026-02-12,no,https://www.industriousoffice.com/careers#open-positions
Industrious,Member Experience Associate - Boston,Boston,https://jobs.ashbyhq.com/industrious/b8ebe87c-7f29-45b5-8d0c-8b85591b48a6,2026-02-12,no,https://www.industriousoffice.com/careers#open-positions
Industrious,Member Experience Manager - Chicago,Chicago,https://jobs.ashbyhq.com/industrious/e250a75d-fe52-4262-9392-13c3d642d26c,2026-02-12,no,https://www.industriousoffice.com/careers#open-positions
Industrious,Member Experience Manager - Boston,Boston,https://jobs.ashbyhq.com/industrious/235b40fb-5159-4244-a7d2-3756df828922,2026-02-12,no,https://www.industriousoffice.com/careers#open-positions
Industrious,Member Experience Associate (Part-Time) - Los Angeles,Los Angeles,https://jobs.ashbyhq.com/industrious/2020bcc3-ab39-42d9-b807-cd3c5a3912a7,2026-02-23,no,https://www.industriousoffice.com/careers#open-positions
Industrious,Member Experience Manager - Los Angeles,Los Angeles,https://jobs.ashbyhq.com/industrious/5ecbef0a-2078-46c6-bdd1-c852165e296e,2026-03-10,no,https://www.industriousoffice.com/careers#open-positions
Industrious,Member Experience Associate - Aventura,Aventura - 1010 S Federal Hwy (Onyx Tower),https://jobs.ashbyhq.com/industrious/ec5468e9-a475-4423-985a-87dab0a79270,2026-03-10,no,https://www.industriousoffice.com/careers#open-positions
Industrious,Member Experience Manager - East Los Angeles,Los Angeles,https://jobs.ashbyhq.com/industrious/3cf2eaaa-aefa-4c23-aa95-691af3a778bc,2026-03-17,no,https://www.industriousoffice.com/careers#open-positions
Industrious,Member Experience Manager - Dallas,Dallas,https://jobs.ashbyhq.com/industrious/1ed5fdd0-eb7a-4731-95f3-243f89aae7fb,2026-03-17,no,https://www.industriousoffice.com/careers#open-positions
Industrious,Member Experience Manager - Houston,Houston,https://jobs.ashbyhq.com/industrious/763ce284-145c-46b9-849d-d829e5b1a863,2026-03-30,no,https://www.industriousoffice.com/careers#open-positions
Industrious,Member Experience Manager - Austin,Austin,https://jobs.ashbyhq.com/industrious/1a0d35bf-e8cb-4d1f-95b7-d0864ebdc574,2026-03-17,no,https://www.industriousoffice.com/careers#open-positions
Industrious,Member Experience Associate - Reception host - Amsterdam,Amsterdam - Herengracht 206-216 (The Gent),https://jobs.ashbyhq.com/industrious/ac8c9550-dd56-440d-8ee5-50b7307b4fa2,2026-09-29,no,https://www.industriousoffice.com/careers#open-positions
Industrious,Member Experience Associate - Dedham,Dedham - 770 Legacy Place (Legacy Place),https://jobs.ashbyhq.com/industrious/bc2af949-7267-4794-81ee-3d4ccc2f59ac,2026-03-25,no,https://www.industriousoffice.com/careers#open-positions
Industrious,Member Experience Associate -Austin,Austin - 201 W 5th St (5th and Colorado),https://jobs.ashbyhq.com/industrious/75330a6b-8a6e-43fb-ae4c-bdfcfc0b85d7,2026-03-30,no,https://www.industriousoffice.com/careers#open-positions
Industrious,Member Experience Associate (Part-Time) - Scottsdale,Scottsdale - 4250 Drinkwater Blvd (Old Town),https://jobs.ashbyhq.com/industrious/5e2c2e6c-aa72-4c8a-84b3-fb36a6a015a9,2026-04-24,no,https://www.industriousoffice.com/careers#open-positions
Industrious,Member Experience Associate - Sherman Oaks,Los Angeles - 15301 Ventura Blvd (Sherman Oaks),https://jobs.ashbyhq.com/industrious/52fbe74f-1f76-42cf-aa79-136b55d79e02,2026-05-06,no,https://www.industriousoffice.com/careers#open-positions
Industrious,Member Experience Associate - Miami,Miami,https://jobs.ashbyhq.com/industrious/f29ce4eb-b3b5-4ea6-8ea7-6f83d0f75892,2026-05-07,no,https://www.industriousoffice.com/careers#open-positions
Industrious,"Tech Lead, DevOps Engineer",NYC - 12 E 49th St (Tower 49),https://jobs.ashbyhq.com/industrious/a750a9f3-7a16-4e0e-ae14-0260eabd3e07,2026-09-09,yes,https://www.industriousoffice.com/careers#open-positions
Industrious,Assistant Regional Sales Manager,Los Angeles - 1925 Century Park E (Century City),https://jobs.ashbyhq.com/industrious/7490c8f9-5cc8-4493-875b-864d9c96b33f,2026-09-08,yes,https://www.industriousoffice.com/careers#open-positions
Industrious,Workplace Experience Manager - Austin,Austin - 201 W 5th St (5th and Colorado),https://jobs.ashbyhq.com/industrious/a91efc41-efb9-4e29-b286-7926d40e7fda,2026-07-22,no,https://www.industriousoffice.com/careers#open-positions
Industrious,Member Experience Manager - Coral Gables,South Florida - 255 Alhambra Circle (Coral Gables),https://jobs.ashbyhq.com/industrious/c87bca19-c92e-4b7e-a005-b0e68fe256de,2026-07-08,no,https://www.industriousoffice.com/careers#open-positions
Industrious,Member Experience Associate - Seattle,Seattle,https://jobs.ashbyhq.com/industrious/112f4903-bdab-4d55-98a5-18b618b80016,2026-07-02,no,https://www.industriousoffice.com/careers#open-positions
Industrious,Member Experience Manager - Denver,Denver,https://jobs.ashbyhq.com/industrious/a273fb34-635c-453e-a993-48d6097fced3,2026-07-02,no,https://www.industriousoffice.com/careers#open-positions
Industrious,Member Experience Associate - Denver,Denver,https://jobs.ashbyhq.com/industrious/5984a65f-1c81-4bc1-ae9a-b1500a167659,2026-07-02,no,https://www.industriousoffice.com/careers#open-positions
Industrious,Member Experience Manager - Seattle,Seattle,https://jobs.ashbyhq.com/industrious/6099aefb-8b4b-460f-9dff-79fe69a6f871,2026-07-02,no,https://www.industriousoffice.com/careers#open-positions
Industrious,Hospitality Associate - NYC,NYC - 390 Park Ave (Lever House),https://jobs.ashbyhq.com/industrious/c4c6bc6b-8370-4765-9017-22f893509c9d,2026-07-07,no,https://www.industriousoffice.com/careers#open-positions
Industrious,Member Experience Manager - Delray Beach,South Florida - 22 W Atlantic Avenue (Delray Beach),https://jobs.ashbyhq.com/industrious/a1fd62fc-ec47-41c4-bf1f-94a3707c6617,2026-08-24,no,https://www.industriousoffice.com/careers#open-positions
Industrious,Member Experience Associate - Houston,Houston - 4201 Main St (Ion),https://jobs.ashbyhq.com/industrious/8208a8f5-12ce-4f57-8618-0d5e71641f94,2026-07-27,no,https://www.industriousoffice.com/careers#open-positions
Industrious,Member Experience Manager - Aventura,Aventura - 1010 S Federal Hwy (Onyx Tower),https://jobs.ashbyhq.com/industrious/382af7b5-719f-4c20-ba0a-9550a8dfe991,2026-07-28,no,https://www.industriousoffice.com/careers#open-positions
Industrious,Member Experience Manager - Phoenix/Scottsdale,Phoenix,https://jobs.ashbyhq.com/industrious/5677b729-d1c1-45a4-9614-03823c465d9f,2026-10-06,no,https://www.industriousoffice.com/careers#open-positions
Industrious,"Senior Manager, Enterprise Solutions",London - 15 Fitzroy Street (Fitzroy),https://jobs.ashbyhq.com/industrious/0285fc46-a965-42a9-87c6-67778d89bf1e,2026-08-13,no,https://www.industriousoffice.com/careers#open-positions
Industrious,Member Experience Associate - Houston,Houston - 4201 Main St (Ion),https://jobs.ashbyhq.com/industrious/1effb252-a1a1-4ae9-ab9d-ef7be8c0eade,2026-08-05,no,https://www.industriousoffice.com/careers#open-positions
Industrious,Member Experience Manager - New York City,New York City,https://jobs.ashbyhq.com/industrious/f643bcba-b636-4857-a94a-a5e1124ecc04,2026-10-07,no,https://www.industriousoffice.com/careers#open-positions
Industrious,Member Experience Associate (Part-Time) - Austin,Austin - 924 E 7th St,https://jobs.ashbyhq.com/industrious/f341f27e-37d5-410e-8dd6-d28c6077f1f9,2026-08-07,no,https://www.industriousoffice.com/careers#open-positions
Industrious,Member Experience Associate - Boulder,Boulder - 1919 14th St (Pearl Street),https://jobs.ashbyhq.com/industrious/e94bae38-3bd6-4924-9cb0-72efa5513941,2026-08-17,no,https://www.industriousoffice.com/careers#open-positions
Industrious,"Member Experience Associate (Part-Time) - Tysons, VA",McLean - 1660 International Dr (Tysons),https://jobs.ashbyhq.com/industrious/69ad941a-087e-4539-8574-b4493624ea55,2026-08-24,no,https://www.industriousoffice.com/careers#open-positions
Industrious,Member Experience Manager - Los Angeles,Los Angeles - 6060 Center Dr (Playa District),https://jobs.ashbyhq.com/industrious/6fd14151-50de-452f-a5a3-768cc81602c9,2026-08-17,no,https://www.industriousoffice.com/careers#open-positions
Industrious,Community Manager,New York City,https://jobs.ashbyhq.com/industrious/604bb520-7510-42cc-8642-a046d4dc249d,2026-08-20,no,https://www.industriousoffice.com/careers#open-positions
Industrious,General Manager - NYC,New York City,https://jobs.ashbyhq.com/industrious/52b84c0f-633a-42e5-aa52-cc9aeac0b251,2026-09-09,no,https://www.industriousoffice.com/careers#open-positions
Industrious,Senior Backend Engineer,NYC - 12 E 49th St (Tower 49),https://jobs.ashbyhq.com/industrious/04849166-225c-4330-822a-297776431f83,2026-09-11,yes,https://www.industriousoffice.com/careers#open-positions
Industrious,Member Experience Manager - Atlanta,Atlanta - 1 Concourse Pkwy (Concourse Plaza),https://jobs.ashbyhq.com/industrious/afdd4a4a-8ffa-419b-a78c-e6bb1008c9d5,2026-09-24,no,https://www.industriousoffice.com/careers#open-positions
Industrious,Campus Experience Manager,New York City,https://jobs.ashbyhq.com/industrious/a009398f-129f-4fdf-bed1-ef325e00e5f9,2026-09-10,no,https://www.industriousoffice.com/careers#open-positions
Industrious,Senior Community and Marketing Manager,New York City,https://jobs.ashbyhq.com/industrious/28a7e2ab-955f-4f62-a09e-db8561a1fd23,2026-10-05,yes,https://www.industriousoffice.com/careers#open-positions
Industrious,Senior Meeting & Events Manager,NYC - 12 E 49th St (Tower 49),https://jobs.ashbyhq.com/industrious/98390bba-6a5b-40fc-8bea-3311afcdf67d,2026-09-10,no,https://www.industriousoffice.com/careers#open-positions
Industrious,Workplace Experience Manager - Dallas,Dallas - 14785 Preston Rd (Indy Prestonwood),https://jobs.ashbyhq.com/industrious/17a639e9-3653-41b9-909b-7464f41fd3ee,2026-09-15,no,https://www.industriousoffice.com/careers#open-positions
Industrious,Assistant General Manager- San Francisco,San Francisco - 345 California St (FiDi),https://jobs.ashbyhq.com/industrious/c24719c2-83d6-4fc8-bf68-feb8597ccf2b,2026-09-21,no,https://www.industriousoffice.com/careers#open-positions
Industrious,Member Experience Manager - Silicon Valley,San Francisco - 950 Tower Lane (Foster City),https://jobs.ashbyhq.com/industrious/f2556832-8d15-41c5-b33c-8ec65b17723f,2026-10-01,no,https://www.industriousoffice.com/careers#open-positions
Industrious,Member Experience Associate -Austin,Austin - 823 Congress Ave (9th and Congress),https://jobs.ashbyhq.com/industrious/f068375b-9072-4a09-8a32-124c7709105c,2026-10-08,no,https://www.industriousoffice.com/careers#open-positions
Industrious,Real Estate Associate,NYC - 12 E 49th St (Tower 49),https://jobs.ashbyhq.com/industrious/eacfe0c9-83aa-419f-82ec-dbc2ebd0c331,2026-10-07,no,https://www.industriousoffice.com/careers#open-positions
Industrious,Lobby Ambassador,NYC - 12 E 49th St (Tower 49),https://jobs.ashbyhq.com/industrious/16eaf523-43d9-4590-a8b9-d0d322ef41c3,2026-10-09,no,https://www.industriousoffice.com/careers#open-positions
Kasa Living,Area Sales Manager - West,Remote (United States),https://job-boards.greenhouse.io/kasa/jobs/7985822003,2026-09-08,yes,https://www.kasa.com/careers
Kasa Living,"Associate Director, National & Regional Sales",Remote (United States),https://job-boards.greenhouse.io/kasa/jobs/7978071003,2026-09-02,yes,https://www.kasa.com/careers
Kasa Living,Billing Specialist,Remote (Philippines),https://job-boards.greenhouse.io/kasa/jobs/7997354003,2026-09-18,no,https://www.kasa.com/careers
Kasa Living,Hospitality Associate,"Chicago, Illinois",https://job-boards.greenhouse.io/kasa/jobs/8013342003,2026-10-05,no,https://www.kasa.com/careers
Kasa Living,Hospitality Associate,"Nashville, Tennessee",https://job-boards.greenhouse.io/kasa/jobs/8015660003,2026-10-07,no,https://www.kasa.com/careers
Kasa Living,Maintenance Technician,"Chicago, Illinois",https://job-boards.greenhouse.io/kasa/jobs/7932028003,2026-08-21,no,https://www.kasa.com/careers
Kasa Living,National Sales Manager,Remote,https://job-boards.greenhouse.io/kasa/jobs/7978069003,2026-09-03,yes,https://www.kasa.com/careers
Kasa Living,Overnight Hospitality Associate,Washington D.C.,https://job-boards.greenhouse.io/kasa/jobs/8013478003,2026-10-07,no,https://www.kasa.com/careers
Kasa Living,Portfolio Revenue Manager,Remote,https://job-boards.greenhouse.io/kasa/jobs/7811738003,2026-07-22,yes,https://www.kasa.com/careers
Kasa Living,Program Associate,Remote (United States),https://job-boards.greenhouse.io/kasa/jobs/7822768003,2026-08-04,no,https://www.kasa.com/careers
Kasa Living,Property Operations Lead,"Chicago, Illinois",https://job-boards.greenhouse.io/kasa/jobs/8016953003,2026-10-08,no,https://www.kasa.com/careers
Kasa Living,Property Operations Lead,"Austin, Texas",https://job-boards.greenhouse.io/kasa/jobs/7793147003,2026-07-07,no,https://www.kasa.com/careers
Kasa Living,Property Operations Maintenance Lead,"Boston, Massachusetts",https://job-boards.greenhouse.io/kasa/jobs/7849273003,2026-08-10,no,https://www.kasa.com/careers
Kasa Living,Property Portfolio Finance Manager,Remote,https://job-boards.greenhouse.io/kasa/jobs/7776262003,2026-06-17,no,https://www.kasa.com/careers
Kasa Living,Sales Manager,"Los Angeles, CA",https://job-boards.greenhouse.io/kasa/jobs/8002784003,2026-09-25,yes,https://www.kasa.com/careers
Kasa Living,Senior Operations Manager,"Denver, Colorado",https://job-boards.greenhouse.io/kasa/jobs/7978230003,2026-08-26,no,https://www.kasa.com/careers
Lamar Advertising Company,Construction - Billboard Installer,"PRINCETON, WV",https://recruiting2.ultipro.com/LAM1000LAC/JobBoard/82898216-ca7a-4621-b01b-bf3410c919b2/OpportunityDetail?opportunityId=d611df1e-a4da-4266-98cc-b449a70d4699,2026-10-09,no,https://recruiting2.ultipro.com/LAM1000LAC/JobBoard/82898216-ca7a-4621-b01b-bf3410c919b2/?q=&o=postedDateDesc
Lamar Advertising Company,Sales Account Executive,"MUSKEGON, MI",https://recruiting2.ultipro.com/LAM1000LAC/JobBoard/82898216-ca7a-4621-b01b-bf3410c919b2/OpportunityDetail?opportunityId=c703d37c-6f0c-4ab0-b1d2-09073e9cb76f,2026-10-08,yes,https://recruiting2.ultipro.com/LAM1000LAC/JobBoard/82898216-ca7a-4621-b01b-bf3410c919b2/?q=&o=postedDateDesc
Lamar Advertising Company,Construction - Billboard Installer,"MUSKEGON, MI",https://recruiting2.ultipro.com/LAM1000LAC/JobBoard/82898216-ca7a-4621-b01b-bf3410c919b2/OpportunityDetail?opportunityId=87119c0e-e34e-440a-8bd4-44cf99d4d9b5,2026-10-08,no,https://recruiting2.ultipro.com/LAM1000LAC/JobBoard/82898216-ca7a-4621-b01b-bf3410c919b2/?q=&o=postedDateDesc
Lamar Advertising Company,Construction - Billboard Installer,"URBANDALE, IA",https://recruiting2.ultipro.com/LAM1000LAC/JobBoard/82898216-ca7a-4621-b01b-bf3410c919b2/OpportunityDetail?opportunityId=b1c616ec-cc57-4a16-b93e-2be8ba40156e,2026-10-06,no,https://recruiting2.ultipro.com/LAM1000LAC/JobBoard/82898216-ca7a-4621-b01b-bf3410c919b2/?q=&o=postedDateDesc
Lamar Advertising Company,Billboard Construction Crew Member,"Cheyenne, WY",https://recruiting2.ultipro.com/LAM1000LAC/JobBoard/82898216-ca7a-4621-b01b-bf3410c919b2/OpportunityDetail?opportunityId=bc2c613f-a524-4e44-84bd-64d2ec0c4bcd,2026-10-06,no,https://recruiting2.ultipro.com/LAM1000LAC/JobBoard/82898216-ca7a-4621-b01b-bf3410c919b2/?q=&o=postedDateDesc
Lamar Advertising Company,Sales Account Executive,"Raleigh, NC",https://recruiting2.ultipro.com/LAM1000LAC/JobBoard/82898216-ca7a-4621-b01b-bf3410c919b2/OpportunityDetail?opportunityId=55c24115-e3bf-4607-805c-a5a4512cff99,2026-10-05,yes,https://recruiting2.ultipro.com/LAM1000LAC/JobBoard/82898216-ca7a-4621-b01b-bf3410c919b2/?q=&o=postedDateDesc
Lamar Advertising Company,Logos Assistant General Manager,"NORCROSS, GA",https://recruiting2.ultipro.com/LAM1000LAC/JobBoard/82898216-ca7a-4621-b01b-bf3410c919b2/OpportunityDetail?opportunityId=928925e3-26f9-4718-b677-e13f76ea3d88,2026-10-05,no,https://recruiting2.ultipro.com/LAM1000LAC/JobBoard/82898216-ca7a-4621-b01b-bf3410c919b2/?q=&o=postedDateDesc
Lamar Advertising Company,Construction - Billboard Installer,"MONROE, LA",https://recruiting2.ultipro.com/LAM1000LAC/JobBoard/82898216-ca7a-4621-b01b-bf3410c919b2/OpportunityDetail?opportunityId=485c7349-239f-4755-b6db-1730222331b2,2026-10-05,no,https://recruiting2.ultipro.com/LAM1000LAC/JobBoard/82898216-ca7a-4621-b01b-bf3410c919b2/?q=&o=postedDateDesc
Lamar Advertising Company,Billboard Construction Crew Member,"Duluth, MN",https://recruiting2.ultipro.com/LAM1000LAC/JobBoard/82898216-ca7a-4621-b01b-bf3410c919b2/OpportunityDetail?opportunityId=1f98e9be-7107-428b-b1f3-cd9076fe3650,2026-10-01,no,https://recruiting2.ultipro.com/LAM1000LAC/JobBoard/82898216-ca7a-4621-b01b-bf3410c919b2/?q=&o=postedDateDesc
Lamar Advertising Company,Sales Account Executive,"LATHAM, NY",https://recruiting2.ultipro.com/LAM1000LAC/JobBoard/82898216-ca7a-4621-b01b-bf3410c919b2/OpportunityDetail?opportunityId=fd659fbd-0fd8-442f-825b-6bb978a75953,2026-10-01,yes,https://recruiting2.ultipro.com/LAM1000LAC/JobBoard/82898216-ca7a-4621-b01b-bf3410c919b2/?q=&o=postedDateDesc
Lamar Advertising Company,Construction - Billboard Installer,"HAMMOND, LA",https://recruiting2.ultipro.com/LAM1000LAC/JobBoard/82898216-ca7a-4621-b01b-bf3410c919b2/OpportunityDetail?opportunityId=22272400-3c38-4e33-8109-5508cc099356,2026-10-01,no,https://recruiting2.ultipro.com/LAM1000LAC/JobBoard/82898216-ca7a-4621-b01b-bf3410c919b2/?q=&o=postedDateDesc
Lamar Advertising Company,Inside Sales Account Manager,"WESTLAND, MI",https://recruiting2.ultipro.com/LAM1000LAC/JobBoard/82898216-ca7a-4621-b01b-bf3410c919b2/OpportunityDetail?opportunityId=2d51a2cb-27fc-42ad-b80a-dab70c61fb93,2026-09-30,yes,https://recruiting2.ultipro.com/LAM1000LAC/JobBoard/82898216-ca7a-4621-b01b-bf3410c919b2/?q=&o=postedDateDesc
Lamar Advertising Company,Sales Account Executive,"WESTLAND, MI",https://recruiting2.ultipro.com/LAM1000LAC/JobBoard/82898216-ca7a-4621-b01b-bf3410c919b2/OpportunityDetail?opportunityId=b40fea45-7707-4feb-9655-7efcfd85e040,2026-09-30,yes,https://recruiting2.ultipro.com/LAM1000LAC/JobBoard/82898216-ca7a-4621-b01b-bf3410c919b2/?q=&o=postedDateDesc
Lamar Advertising Company,Sales Account Executive,"RENO, NV",https://recruiting2.ultipro.com/LAM1000LAC/JobBoard/82898216-ca7a-4621-b01b-bf3410c919b2/OpportunityDetail?opportunityId=480b2b9a-4b49-482c-91f1-b7730d521c71,2026-09-30,yes,https://recruiting2.ultipro.com/LAM1000LAC/JobBoard/82898216-ca7a-4621-b01b-bf3410c919b2/?q=&o=postedDateDesc
Lamar Advertising Company,Programmatic Intern,"BATON ROUGE, LA",https://recruiting2.ultipro.com/LAM1000LAC/JobBoard/82898216-ca7a-4621-b01b-bf3410c919b2/OpportunityDetail?opportunityId=c6aab69a-d9da-4dcc-9997-7d711d7571e8,2026-09-30,no,https://recruiting2.ultipro.com/LAM1000LAC/JobBoard/82898216-ca7a-4621-b01b-bf3410c919b2/?q=&o=postedDateDesc
Lamar Advertising Company,Construction - Billboard Installer,"GRANITE FALLS, NC",https://recruiting2.ultipro.com/LAM1000LAC/JobBoard/82898216-ca7a-4621-b01b-bf3410c919b2/OpportunityDetail?opportunityId=87be010a-7c48-44fe-a0e0-85606efe1eae,2026-09-30,no,https://recruiting2.ultipro.com/LAM1000LAC/JobBoard/82898216-ca7a-4621-b01b-bf3410c919b2/?q=&o=postedDateDesc
Lamar Advertising Company,Construction - Billboard Installer,"WINDSOR, CT",https://recruiting2.ultipro.com/LAM1000LAC/JobBoard/82898216-ca7a-4621-b01b-bf3410c919b2/OpportunityDetail?opportunityId=d77c1f1c-d298-4aaa-938e-ce673ff5abad,2026-09-30,no,https://recruiting2.ultipro.com/LAM1000LAC/JobBoard/82898216-ca7a-4621-b01b-bf3410c919b2/?q=&o=postedDateDesc
Lamar Advertising Company,Construction - Billboard Installer,"Bridgeport, CT",https://recruiting2.ultipro.com/LAM1000LAC/JobBoard/82898216-ca7a-4621-b01b-bf3410c919b2/OpportunityDetail?opportunityId=2d30b5ac-7a08-40f5-8fdf-c8ad7584b892,2026-09-30,no,https://recruiting2.ultipro.com/LAM1000LAC/JobBoard/82898216-ca7a-4621-b01b-bf3410c919b2/?q=&o=postedDateDesc
Lamar Advertising Company,Billboard Construction Crew Member,"ARLINGTON, TX",https://recruiting2.ultipro.com/LAM1000LAC/JobBoard/82898216-ca7a-4621-b01b-bf3410c919b2/OpportunityDetail?opportunityId=45aaba4b-04ca-48cf-976a-64e8aefa314f,2026-09-30,no,https://recruiting2.ultipro.com/LAM1000LAC/JobBoard/82898216-ca7a-4621-b01b-bf3410c919b2/?q=&o=postedDateDesc
Lamar Advertising Company,Sales and Campaign Coordinator,"Fort Wayne, IN",https://recruiting2.ultipro.com/LAM1000LAC/JobBoard/82898216-ca7a-4621-b01b-bf3410c919b2/OpportunityDetail?opportunityId=482cefd9-7bdc-4a15-82eb-52db9bae6dcb,2026-09-30,yes,https://recruiting2.ultipro.com/LAM1000LAC/JobBoard/82898216-ca7a-4621-b01b-bf3410c919b2/?q=&o=postedDateDesc
Lamar Advertising Company,Assistant Sales Manager,"PITTSBURGH, PA",https://recruiting2.ultipro.com/LAM1000LAC/JobBoard/82898216-ca7a-4621-b01b-bf3410c919b2/OpportunityDetail?opportunityId=33032d39-7fd8-4656-a8e8-dd638a787213,2026-09-30,yes,https://recruiting2.ultipro.com/LAM1000LAC/JobBoard/82898216-ca7a-4621-b01b-bf3410c919b2/?q=&o=postedDateDesc
Lamar Advertising Company,Sales Account Executive,"LANCASTER, CA",https://recruiting2.ultipro.com/LAM1000LAC/JobBoard/82898216-ca7a-4621-b01b-bf3410c919b2/OpportunityDetail?opportunityId=243ec492-3bd6-4c93-a5a9-6176c25e0966,2026-09-30,yes,https://recruiting2.ultipro.com/LAM1000LAC/JobBoard/82898216-ca7a-4621-b01b-bf3410c919b2/?q=&o=postedDateDesc
Lamar Advertising Company,Construction - Billboard Installer,"Asheville, NC",https://recruiting2.ultipro.com/LAM1000LAC/JobBoard/82898216-ca7a-4621-b01b-bf3410c919b2/OpportunityDetail?opportunityId=c4eb336f-e52c-41b3-895c-1341b657048f,2026-09-30,no,https://recruiting2.ultipro.com/LAM1000LAC/JobBoard/82898216-ca7a-4621-b01b-bf3410c919b2/?q=&o=postedDateDesc
Lamar Advertising Company,Logos Field Technician,"Janesville, WI",https://recruiting2.ultipro.com/LAM1000LAC/JobBoard/82898216-ca7a-4621-b01b-bf3410c919b2/OpportunityDetail?opportunityId=472f4327-61ad-46f1-ac75-a358dae0b1ab,2026-09-29,no,https://recruiting2.ultipro.com/LAM1000LAC/JobBoard/82898216-ca7a-4621-b01b-bf3410c919b2/?q=&o=postedDateDesc
Lamar Advertising Company,Construction - Billboard Installer,"TEMPLE, TX",https://recruiting2.ultipro.com/LAM1000LAC/JobBoard/82898216-ca7a-4621-b01b-bf3410c919b2/OpportunityDetail?opportunityId=7dc003aa-c13c-414a-99d3-0e38af461d81,2026-09-29,no,https://recruiting2.ultipro.com/LAM1000LAC/JobBoard/82898216-ca7a-4621-b01b-bf3410c919b2/?q=&o=postedDateDesc
Lamar Advertising Company,Construction - Billboard Installer,"TOPEKA, KS",https://recruiting2.ultipro.com/LAM1000LAC/JobBoard/82898216-ca7a-4621-b01b-bf3410c919b2/OpportunityDetail?opportunityId=76c00421-479f-43e4-b702-3abf07a44c17,2026-09-29,no,https://recruiting2.ultipro.com/LAM1000LAC/JobBoard/82898216-ca7a-4621-b01b-bf3410c919b2/?q=&o=postedDateDesc
Lamar Advertising Company,Construction - Billboard Installer,"Waite Park, MN",https://recruiting2.ultipro.com/LAM1000LAC/JobBoard/82898216-ca7a-4621-b01b-bf3410c919b2/OpportunityDetail?opportunityId=32cd2a96-c24e-43a3-929d-34cf6f88e1ae,2026-09-29,no,https://recruiting2.ultipro.com/LAM1000LAC/JobBoard/82898216-ca7a-4621-b01b-bf3410c919b2/?q=&o=postedDateDesc
Lamar Advertising Company,Construction - Billboard Installer,"GULFPORT, MS",https://recruiting2.ultipro.com/LAM1000LAC/JobBoard/82898216-ca7a-4621-b01b-bf3410c919b2/OpportunityDetail?opportunityId=5fbec2b6-0b51-451c-82fd-c4f07a5189ac,2026-09-28,no,https://recruiting2.ultipro.com/LAM1000LAC/JobBoard/82898216-ca7a-4621-b01b-bf3410c919b2/?q=&o=postedDateDesc
Lamar Advertising Company,Network Operations Center (NOC) Administrator,"BATON ROUGE, LA",https://recruiting2.ultipro.com/LAM1000LAC/JobBoard/82898216-ca7a-4621-b01b-bf3410c919b2/OpportunityDetail?opportunityId=43a8c569-231f-43a9-90ea-ccb58213c951,2026-09-28,no,https://recruiting2.ultipro.com/LAM1000LAC/JobBoard/82898216-ca7a-4621-b01b-bf3410c919b2/?q=&o=postedDateDesc
Lamar Advertising Company,National Advertising Campaign Specialist,"BATON ROUGE, LA",https://recruiting2.ultipro.com/LAM1000LAC/JobBoard/82898216-ca7a-4621-b01b-bf3410c919b2/OpportunityDetail?opportunityId=586eed41-5170-429d-8335-84366f680882,2026-09-25,no,https://recruiting2.ultipro.com/LAM1000LAC/JobBoard/82898216-ca7a-4621-b01b-bf3410c919b2/?q=&o=postedDateDesc
Lamar Advertising Company,Advertising Inventory Coordinator,"Phoenix, AZ",https://recruiting2.ultipro.com/LAM1000LAC/JobBoard/82898216-ca7a-4621-b01b-bf3410c919b2/OpportunityDetail?opportunityId=daa59c4b-f2d8-4d7b-8e03-03cec916d7bf,2026-09-25,no,https://recruiting2.ultipro.com/LAM1000LAC/JobBoard/82898216-ca7a-4621-b01b-bf3410c919b2/?q=&o=postedDateDesc
Lamar Advertising Company,Construction - Billboard Installer,"Albuquerque, NM",https://recruiting2.ultipro.com/LAM1000LAC/JobBoard/82898216-ca7a-4621-b01b-bf3410c919b2/OpportunityDetail?opportunityId=71041609-20b2-4e59-a313-46daf94b1f17,2026-09-25,no,https://recruiting2.ultipro.com/LAM1000LAC/JobBoard/82898216-ca7a-4621-b01b-bf3410c919b2/?q=&o=postedDateDesc
Lamar Advertising Company,Construction - Billboard Installer,"TYLER, TX",https://recruiting2.ultipro.com/LAM1000LAC/JobBoard/82898216-ca7a-4621-b01b-bf3410c919b2/OpportunityDetail?opportunityId=144e0a03-532e-4f05-8af3-782128cf7134,2026-09-24,no,https://recruiting2.ultipro.com/LAM1000LAC/JobBoard/82898216-ca7a-4621-b01b-bf3410c919b2/?q=&o=postedDateDesc
Lamar Advertising Company,Construction Worker,"Pearls, MS",https://recruiting2.ultipro.com/LAM1000LAC/JobBoard/82898216-ca7a-4621-b01b-bf3410c919b2/OpportunityDetail?opportunityId=32e4f1fa-e1a1-43cc-ab2c-5c8a47b865b7,2026-09-24,no,https://recruiting2.ultipro.com/LAM1000LAC/JobBoard/82898216-ca7a-4621-b01b-bf3410c919b2/?q=&o=postedDateDesc
Lamar Advertising Company,Sales Account Executive,"BRIDGEPORT, WV",https://recruiting2.ultipro.com/LAM1000LAC/JobBoard/82898216-ca7a-4621-b01b-bf3410c919b2/OpportunityDetail?opportunityId=52ea578b-ccb7-41e3-9c9c-a62e4c15015d,2026-09-23,yes,https://recruiting2.ultipro.com/LAM1000LAC/JobBoard/82898216-ca7a-4621-b01b-bf3410c919b2/?q=&o=postedDateDesc
Lamar Advertising Company,Construction - Billboard Installer,"Athens, GA",https://recruiting2.ultipro.com/LAM1000LAC/JobBoard/82898216-ca7a-4621-b01b-bf3410c919b2/OpportunityDetail?opportunityId=744d0993-82cf-4389-bbff-4bbfde931667,2026-09-21,no,https://recruiting2.ultipro.com/LAM1000LAC/JobBoard/82898216-ca7a-4621-b01b-bf3410c919b2/?q=&o=postedDateDesc
Lamar Advertising Company,Sales Account Executive,"HATTIESBURG, MS",https://recruiting2.ultipro.com/LAM1000LAC/JobBoard/82898216-ca7a-4621-b01b-bf3410c919b2/OpportunityDetail?opportunityId=be59d660-ef05-4b6a-ae59-113fd0fc64b9,2026-09-21,yes,https://recruiting2.ultipro.com/LAM1000LAC/JobBoard/82898216-ca7a-4621-b01b-bf3410c919b2/?q=&o=postedDateDesc
Lamar Advertising Company,Administrative Specialist,"DUNCANSVILLE, PA",https://recruiting2.ultipro.com/LAM1000LAC/JobBoard/82898216-ca7a-4621-b01b-bf3410c919b2/OpportunityDetail?opportunityId=7fc45504-26b3-4f90-8a02-de7d5f5a5b9e,2026-09-18,no,https://recruiting2.ultipro.com/LAM1000LAC/JobBoard/82898216-ca7a-4621-b01b-bf3410c919b2/?q=&o=postedDateDesc
Lamar Advertising Company,Sales and Campaign Coordinator,"VICTORIA, TX",https://recruiting2.ultipro.com/LAM1000LAC/JobBoard/82898216-ca7a-4621-b01b-bf3410c919b2/OpportunityDetail?opportunityId=6b3b1af0-a3ee-498e-aba0-235f94e1e266,2026-09-18,yes,https://recruiting2.ultipro.com/LAM1000LAC/JobBoard/82898216-ca7a-4621-b01b-bf3410c919b2/?q=&o=postedDateDesc
Lamar Advertising Company,Sales Account Executive,"Sioux City, IA",https://recruiting2.ultipro.com/LAM1000LAC/JobBoard/82898216-ca7a-4621-b01b-bf3410c919b2/OpportunityDetail?opportunityId=625d60d0-4c75-4f72-8fcc-814e54c8f3aa,2026-09-18,yes,https://recruiting2.ultipro.com/LAM1000LAC/JobBoard/82898216-ca7a-4621-b01b-bf3410c919b2/?q=&o=postedDateDesc
Lamar Advertising Company,Construction - Billboard Installer,"SHREVEPORT, LA",https://recruiting2.ultipro.com/LAM1000LAC/JobBoard/82898216-ca7a-4621-b01b-bf3410c919b2/OpportunityDetail?opportunityId=efe3513a-0426-4581-9dc3-f371d40aad3d,2026-09-17,no,https://recruiting2.ultipro.com/LAM1000LAC/JobBoard/82898216-ca7a-4621-b01b-bf3410c919b2/?q=&o=postedDateDesc
Lamar Advertising Company,Construction - Billboard Installer,"Sioux Falls, SD",https://recruiting2.ultipro.com/LAM1000LAC/JobBoard/82898216-ca7a-4621-b01b-bf3410c919b2/OpportunityDetail?opportunityId=a0fe1075-dbb7-4b76-97c0-636ae077dd0e,2026-09-17,no,https://recruiting2.ultipro.com/LAM1000LAC/JobBoard/82898216-ca7a-4621-b01b-bf3410c919b2/?q=&o=postedDateDesc
Lamar Advertising Company,Sales and Campaign Coordinator,"COLUMBIA, SC",https://recruiting2.ultipro.com/LAM1000LAC/JobBoard/82898216-ca7a-4621-b01b-bf3410c919b2/OpportunityDetail?opportunityId=c15abcdf-9847-4b16-8bf5-e72b7e947657,2026-09-16,yes,https://recruiting2.ultipro.com/LAM1000LAC/JobBoard/82898216-ca7a-4621-b01b-bf3410c919b2/?q=&o=postedDateDesc
Lamar Advertising Company,Construction - Billboard Installer,"BRIDGEPORT, WV",https://recruiting2.ultipro.com/LAM1000LAC/JobBoard/82898216-ca7a-4621-b01b-bf3410c919b2/OpportunityDetail?opportunityId=7901438b-620e-418a-af6d-9cd44f9c39cd,2026-09-16,no,https://recruiting2.ultipro.com/LAM1000LAC/JobBoard/82898216-ca7a-4621-b01b-bf3410c919b2/?q=&o=postedDateDesc
Lamar Advertising Company,Construction - Billboard Installer,"BRYAN, TX",https://recruiting2.ultipro.com/LAM1000LAC/JobBoard/82898216-ca7a-4621-b01b-bf3410c919b2/OpportunityDetail?opportunityId=5bffc0b7-001d-4521-a678-a96888048e2d,2026-09-16,no,https://recruiting2.ultipro.com/LAM1000LAC/JobBoard/82898216-ca7a-4621-b01b-bf3410c919b2/?q=&o=postedDateDesc
Lamar Advertising Company,Transit Vinyl Installer,"Phoenix, AZ",https://recruiting2.ultipro.com/LAM1000LAC/JobBoard/82898216-ca7a-4621-b01b-bf3410c919b2/OpportunityDetail?opportunityId=9a81ae82-1031-497a-b3c9-eef01c4b751a,2026-09-16,no,https://recruiting2.ultipro.com/LAM1000LAC/JobBoard/82898216-ca7a-4621-b01b-bf3410c919b2/?q=&o=postedDateDesc
Lamar Advertising Company,Billboard Construction Crew Member,"North Chesterfield, VA",https://recruiting2.ultipro.com/LAM1000LAC/JobBoard/82898216-ca7a-4621-b01b-bf3410c919b2/OpportunityDetail?opportunityId=9dad89ff-0d21-4a92-b8bc-b1fff77326ec,2026-09-15,no,https://recruiting2.ultipro.com/LAM1000LAC/JobBoard/82898216-ca7a-4621-b01b-bf3410c919b2/?q=&o=postedDateDesc
Lamar Advertising Company,Sales Account Executive,"MEMPHIS, TN",https://recruiting2.ultipro.com/LAM1000LAC/JobBoard/82898216-ca7a-4621-b01b-bf3410c919b2/OpportunityDetail?opportunityId=9bb7eec4-9bec-45fd-b520-574f4bc6218d,2026-09-15,yes,https://recruiting2.ultipro.com/LAM1000LAC/JobBoard/82898216-ca7a-4621-b01b-bf3410c919b2/?q=&o=postedDateDesc
Lamar Advertising Company,Sales Account Executive,"BAKERSFIELD, CA",https://recruiting2.ultipro.com/LAM1000LAC/JobBoard/82898216-ca7a-4621-b01b-bf3410c919b2/OpportunityDetail?opportunityId=a621a92e-7d98-404a-9640-3370c62fe99c,2026-09-14,yes,https://recruiting2.ultipro.com/LAM1000LAC/JobBoard/82898216-ca7a-4621-b01b-bf3410c919b2/?q=&o=postedDateDesc
Lamar Advertising Company,Operations Manager,"OSAGE BEACH, MO",https://recruiting2.ultipro.com/LAM1000LAC/JobBoard/82898216-ca7a-4621-b01b-bf3410c919b2/OpportunityDetail?opportunityId=3debc32c-83da-4e4b-a10b-e5d936e88b23,2026-09-14,no,https://recruiting2.ultipro.com/LAM1000LAC/JobBoard/82898216-ca7a-4621-b01b-bf3410c919b2/?q=&o=postedDateDesc
Lamar Advertising Company,National Sales Intern,"BATON ROUGE, LA",https://recruiting2.ultipro.com/LAM1000LAC/JobBoard/82898216-ca7a-4621-b01b-bf3410c919b2/OpportunityDetail?opportunityId=0b3279eb-737d-403b-8fe3-b2e685228f6e,2026-09-14,no,https://recruiting2.ultipro.com/LAM1000LAC/JobBoard/82898216-ca7a-4621-b01b-bf3410c919b2/?q=&o=postedDateDesc
Lamar Advertising Company,Construction - Billboard Installer,"SYRACUSE, NY",https://recruiting2.ultipro.com/LAM1000LAC/JobBoard/82898216-ca7a-4621-b01b-bf3410c919b2/OpportunityDetail?opportunityId=44135e45-5835-4c24-ae20-01630cbf098a,2026-09-11,no,https://recruiting2.ultipro.com/LAM1000LAC/JobBoard/82898216-ca7a-4621-b01b-bf3410c919b2/?q=&o=postedDateDesc
Lamar Advertising Company,Sales Account Executive,"Philadelphia, PA",https://recruiting2.ultipro.com/LAM1000LAC/JobBoard/82898216-ca7a-4621-b01b-bf3410c919b2/OpportunityDetail?opportunityId=45641691-22d9-413a-8cc8-9b1986133593,2026-09-11,yes,https://recruiting2.ultipro.com/LAM1000LAC/JobBoard/82898216-ca7a-4621-b01b-bf3410c919b2/?q=&o=postedDateDesc
Lamar Advertising Company,Construction - Billboard Installer,"SAVANNAH, GA",https://recruiting2.ultipro.com/LAM1000LAC/JobBoard/82898216-ca7a-4621-b01b-bf3410c919b2/OpportunityDetail?opportunityId=4ab47331-8788-47d7-99cb-863afb51c06a,2026-09-10,no,https://recruiting2.ultipro.com/LAM1000LAC/JobBoard/82898216-ca7a-4621-b01b-bf3410c919b2/?q=&o=postedDateDesc
Lamar Advertising Company,Construction - Billboard Installer,"GIRARD, OH",https://recruiting2.ultipro.com/LAM1000LAC/JobBoard/82898216-ca7a-4621-b01b-bf3410c919b2/OpportunityDetail?opportunityId=682d4abb-f641-4209-84d4-c4be0102716e,2026-09-10,no,https://recruiting2.ultipro.com/LAM1000LAC/JobBoard/82898216-ca7a-4621-b01b-bf3410c919b2/?q=&o=postedDateDesc
Lamar Advertising Company,Construction - Billboard Installer,"DEPERE, WI",https://recruiting2.ultipro.com/LAM1000LAC/JobBoard/82898216-ca7a-4621-b01b-bf3410c919b2/OpportunityDetail?opportunityId=5b151d2e-2bd9-4697-b634-0cf191e4b922,2026-09-09,no,https://recruiting2.ultipro.com/LAM1000LAC/JobBoard/82898216-ca7a-4621-b01b-bf3410c919b2/?q=&o=postedDateDesc
Lamar Advertising Company,Construction - Billboard Installer (Installation Crew Member I),"AUSTIN, TX",https://recruiting2.ultipro.com/LAM1000LAC/JobBoard/82898216-ca7a-4621-b01b-bf3410c919b2/OpportunityDetail?opportunityId=0c168697-c617-4a69-9085-a391972c964d,2026-09-06,no,https://recruiting2.ultipro.com/LAM1000LAC/JobBoard/82898216-ca7a-4621-b01b-bf3410c919b2/?q=&o=postedDateDesc
Lamar Advertising Company,Sales Account Executive,"Phoenix, AZ",https://recruiting2.ultipro.com/LAM1000LAC/JobBoard/82898216-ca7a-4621-b01b-bf3410c919b2/OpportunityDetail?opportunityId=64bee7c0-6c4a-41bf-be5f-e058b1e20ebd,2026-09-04,yes,https://recruiting2.ultipro.com/LAM1000LAC/JobBoard/82898216-ca7a-4621-b01b-bf3410c919b2/?q=&o=postedDateDesc
Lamar Advertising Company,Sales Account Executive,"Asheville, NC",https://recruiting2.ultipro.com/LAM1000LAC/JobBoard/82898216-ca7a-4621-b01b-bf3410c919b2/OpportunityDetail?opportunityId=2c1222a2-6059-405e-b585-2dba575cc56e,2026-09-03,yes,https://recruiting2.ultipro.com/LAM1000LAC/JobBoard/82898216-ca7a-4621-b01b-bf3410c919b2/?q=&o=postedDateDesc
Lamar Advertising Company,Construction - Billboard Installer,"PITTSBURGH, PA",https://recruiting2.ultipro.com/LAM1000LAC/JobBoard/82898216-ca7a-4621-b01b-bf3410c919b2/OpportunityDetail?opportunityId=5a20b665-8d74-4575-a4ae-71dfc21f30f4,2026-09-03,no,https://recruiting2.ultipro.com/LAM1000LAC/JobBoard/82898216-ca7a-4621-b01b-bf3410c919b2/?q=&o=postedDateDesc
Lamar Advertising Company,Construction - Billboard Installer,"MEMPHIS, TN",https://recruiting2.ultipro.com/LAM1000LAC/JobBoard/82898216-ca7a-4621-b01b-bf3410c919b2/OpportunityDetail?opportunityId=efc59189-2695-4d08-ad59-d012d03f183a,2026-09-02,no,https://recruiting2.ultipro.com/LAM1000LAC/JobBoard/82898216-ca7a-4621-b01b-bf3410c919b2/?q=&o=postedDateDesc
Lamar Advertising Company,Real Estate Manager,"WESTLAND, MI",https://recruiting2.ultipro.com/LAM1000LAC/JobBoard/82898216-ca7a-4621-b01b-bf3410c919b2/OpportunityDetail?opportunityId=c7bf958f-7714-413c-a546-98f1b931ccfb,2026-09-02,no,https://recruiting2.ultipro.com/LAM1000LAC/JobBoard/82898216-ca7a-4621-b01b-bf3410c919b2/?q=&o=postedDateDesc
Lamar Advertising Company,Construction Worker,"NORCROSS, GA",https://recruiting2.ultipro.com/LAM1000LAC/JobBoard/82898216-ca7a-4621-b01b-bf3410c919b2/OpportunityDetail?opportunityId=5e3871c0-8443-48bb-a3cc-f8169958aedd,2026-09-02,no,https://recruiting2.ultipro.com/LAM1000LAC/JobBoard/82898216-ca7a-4621-b01b-bf3410c919b2/?q=&o=postedDateDesc
Lamar Advertising Company,Construction - Billboard Installer,"DUNCANSVILLE, PA",https://recruiting2.ultipro.com/LAM1000LAC/JobBoard/82898216-ca7a-4621-b01b-bf3410c919b2/OpportunityDetail?opportunityId=74ab27fd-73e8-4e0b-ac0f-3e715b5b09af,2026-09-02,no,https://recruiting2.ultipro.com/LAM1000LAC/JobBoard/82898216-ca7a-4621-b01b-bf3410c919b2/?q=&o=postedDateDesc
Lamar Advertising Company,Construction - Billboard Installer,"Oklahoma City, OK",https://recruiting2.ultipro.com/LAM1000LAC/JobBoard/82898216-ca7a-4621-b01b-bf3410c919b2/OpportunityDetail?opportunityId=f6660ada-39c7-4a34-a1b7-97beb61ec8c0,2026-08-31,no,https://recruiting2.ultipro.com/LAM1000LAC/JobBoard/82898216-ca7a-4621-b01b-bf3410c919b2/?q=&o=postedDateDesc
Lamar Advertising Company,Construction - Billboard Installer,"KANSAS CITY, MO",https://recruiting2.ultipro.com/LAM1000LAC/JobBoard/82898216-ca7a-4621-b01b-bf3410c919b2/OpportunityDetail?opportunityId=f91b9575-2cb8-47fd-bd18-321632193049,2026-08-31,no,https://recruiting2.ultipro.com/LAM1000LAC/JobBoard/82898216-ca7a-4621-b01b-bf3410c919b2/?q=&o=postedDateDesc
Lamar Advertising Company,Airport Area Project Manager,"Charlotte, NC",https://recruiting2.ultipro.com/LAM1000LAC/JobBoard/82898216-ca7a-4621-b01b-bf3410c919b2/OpportunityDetail?opportunityId=7ea8753c-6361-466f-afdf-909db64feed6,2026-08-28,no,https://recruiting2.ultipro.com/LAM1000LAC/JobBoard/82898216-ca7a-4621-b01b-bf3410c919b2/?q=&o=postedDateDesc
Lamar Advertising Company,Airport Area Project Manager,"Las Vegas, NV",https://recruiting2.ultipro.com/LAM1000LAC/JobBoard/82898216-ca7a-4621-b01b-bf3410c919b2/OpportunityDetail?opportunityId=52cde2fa-0015-403c-8a7e-387d279947c2,2026-08-28,no,https://recruiting2.ultipro.com/LAM1000LAC/JobBoard/82898216-ca7a-4621-b01b-bf3410c919b2/?q=&o=postedDateDesc
Lamar Advertising Company,Director of Airport Projects,"Las Vegas, NV",https://recruiting2.ultipro.com/LAM1000LAC/JobBoard/82898216-ca7a-4621-b01b-bf3410c919b2/OpportunityDetail?opportunityId=f8b740b1-eee9-47c2-9a3a-4c602569ecec,2026-08-28,no,https://recruiting2.ultipro.com/LAM1000LAC/JobBoard/82898216-ca7a-4621-b01b-bf3410c919b2/?q=&o=postedDateDesc
Lamar Advertising Company,Sales Account Executive,"MONTGOMERY, AL",https://recruiting2.ultipro.com/LAM1000LAC/JobBoard/82898216-ca7a-4621-b01b-bf3410c919b2/OpportunityDetail?opportunityId=506b5c0d-25d3-4174-b408-451f1bf8dd95,2026-08-27,yes,https://recruiting2.ultipro.com/LAM1000LAC/JobBoard/82898216-ca7a-4621-b01b-bf3410c919b2/?q=&o=postedDateDesc
Lamar Advertising Company,Construction - Billboard Installer,"Kenova, WV",https://recruiting2.ultipro.com/LAM1000LAC/JobBoard/82898216-ca7a-4621-b01b-bf3410c919b2/OpportunityDetail?opportunityId=f516255c-cee9-465f-b7c1-3a2f1376baa4,2026-08-27,no,https://recruiting2.ultipro.com/LAM1000LAC/JobBoard/82898216-ca7a-4621-b01b-bf3410c919b2/?q=&o=postedDateDesc
Lamar Advertising Company,Construction - Billboard Installer,"LAS VEGAS, NV",https://recruiting2.ultipro.com/LAM1000LAC/JobBoard/82898216-ca7a-4621-b01b-bf3410c919b2/OpportunityDetail?opportunityId=ea36d2b2-6eb0-4f3b-8dcb-db7130114581,2026-08-27,no,https://recruiting2.ultipro.com/LAM1000LAC/JobBoard/82898216-ca7a-4621-b01b-bf3410c919b2/?q=&o=postedDateDesc
Lamar Advertising Company,Construction - Billboard Installer,"ALLENTOWN, PA",https://recruiting2.ultipro.com/LAM1000LAC/JobBoard/82898216-ca7a-4621-b01b-bf3410c919b2/OpportunityDetail?opportunityId=85c512c9-8c93-4b0e-ac74-f63091f31fa1,2026-08-25,no,https://recruiting2.ultipro.com/LAM1000LAC/JobBoard/82898216-ca7a-4621-b01b-bf3410c919b2/?q=&o=postedDateDesc
Lamar Advertising Company,Sales Account Executive,"ROCHESTER, NY",https://recruiting2.ultipro.com/LAM1000LAC/JobBoard/82898216-ca7a-4621-b01b-bf3410c919b2/OpportunityDetail?opportunityId=9a3327e7-7936-46c8-844a-88d58d0cbe9d,2026-08-24,yes,https://recruiting2.ultipro.com/LAM1000LAC/JobBoard/82898216-ca7a-4621-b01b-bf3410c919b2/?q=&o=postedDateDesc
Lamar Advertising Company,Airport Advertising Manager,"Des Moines, IA",https://recruiting2.ultipro.com/LAM1000LAC/JobBoard/82898216-ca7a-4621-b01b-bf3410c919b2/OpportunityDetail?opportunityId=6f14643e-1979-4feb-bb83-8c337813e900,2026-08-22,no,https://recruiting2.ultipro.com/LAM1000LAC/JobBoard/82898216-ca7a-4621-b01b-bf3410c919b2/?q=&o=postedDateDesc
Lamar Advertising Company,Construction - Billboard Installer,"WILLIAMSPORT, PA",https://recruiting2.ultipro.com/LAM1000LAC/JobBoard/82898216-ca7a-4621-b01b-bf3410c919b2/OpportunityDetail?opportunityId=9df62419-65e6-4b22-9621-64769248309f,2026-08-21,no,https://recruiting2.ultipro.com/LAM1000LAC/JobBoard/82898216-ca7a-4621-b01b-bf3410c919b2/?q=&o=postedDateDesc
Lamar Advertising Company,Construction - Billboard Installer,"MONTGOMERY, AL",https://recruiting2.ultipro.com/LAM1000LAC/JobBoard/82898216-ca7a-4621-b01b-bf3410c919b2/OpportunityDetail?opportunityId=dc9d6a97-725c-4471-b404-4279578bd525,2026-08-20,no,https://recruiting2.ultipro.com/LAM1000LAC/JobBoard/82898216-ca7a-4621-b01b-bf3410c919b2/?q=&o=postedDateDesc
Lamar Advertising Company,Sales Account Executive,"EAST PROVIDENCE, RI",https://recruiting2.ultipro.com/LAM1000LAC/JobBoard/82898216-ca7a-4621-b01b-bf3410c919b2/OpportunityDetail?opportunityId=e158622f-cfa2-4664-819f-4b23fb370ce7,2026-08-20,yes,https://recruiting2.ultipro.com/LAM1000LAC/JobBoard/82898216-ca7a-4621-b01b-bf3410c919b2/?q=&o=postedDateDesc
Lamar Advertising Company,Real Estate Representative,"TOPEKA, KS",https://recruiting2.ultipro.com/LAM1000LAC/JobBoard/82898216-ca7a-4621-b01b-bf3410c919b2/OpportunityDetail?opportunityId=0d3c0831-4fc9-4470-8da2-f8a998f9e407,2026-08-18,no,https://recruiting2.ultipro.com/LAM1000LAC/JobBoard/82898216-ca7a-4621-b01b-bf3410c919b2/?q=&o=postedDateDesc
Lamar Advertising Company,Construction - Billboard Installer,"JACKSON, TN",https://recruiting2.ultipro.com/LAM1000LAC/JobBoard/82898216-ca7a-4621-b01b-bf3410c919b2/OpportunityDetail?opportunityId=2cc01d46-e634-4f08-84d6-da8bf36d3d43,2026-08-18,no,https://recruiting2.ultipro.com/LAM1000LAC/JobBoard/82898216-ca7a-4621-b01b-bf3410c919b2/?q=&o=postedDateDesc
Lamar Advertising Company,Sales Account Executive,"MIDLAND, TX",https://recruiting2.ultipro.com/LAM1000LAC/JobBoard/82898216-ca7a-4621-b01b-bf3410c919b2/OpportunityDetail?opportunityId=e6d7597f-dbb9-40b9-bfe5-73d8e2824739,2026-08-17,yes,https://recruiting2.ultipro.com/LAM1000LAC/JobBoard/82898216-ca7a-4621-b01b-bf3410c919b2/?q=&o=postedDateDesc
Lamar Advertising Company,Construction - Billboard Installer,"PADUCAH, KY",https://recruiting2.ultipro.com/LAM1000LAC/JobBoard/82898216-ca7a-4621-b01b-bf3410c919b2/OpportunityDetail?opportunityId=f84e183a-0f8e-41f5-a6bc-8d534ee7488e,2026-08-13,no,https://recruiting2.ultipro.com/LAM1000LAC/JobBoard/82898216-ca7a-4621-b01b-bf3410c919b2/?q=&o=postedDateDesc
Lamar Advertising Company,Sales Account Executive,"Saint Charles, MO",https://recruiting2.ultipro.com/LAM1000LAC/JobBoard/82898216-ca7a-4621-b01b-bf3410c919b2/OpportunityDetail?opportunityId=39e98db0-ea26-49af-9771-c723ff5a3cc9,2026-08-06,yes,https://recruiting2.ultipro.com/LAM1000LAC/JobBoard/82898216-ca7a-4621-b01b-bf3410c919b2/?q=&o=postedDateDesc
Lamar Advertising Company,Construction - Billboard Installer,"ABILENE, TX",https://recruiting2.ultipro.com/LAM1000LAC/JobBoard/82898216-ca7a-4621-b01b-bf3410c919b2/OpportunityDetail?opportunityId=96fe0514-4962-4770-9c84-4d9a4a7747ac,2026-08-04,no,https://recruiting2.ultipro.com/LAM1000LAC/JobBoard/82898216-ca7a-4621-b01b-bf3410c919b2/?q=&o=postedDateDesc
Lamar Advertising Company,Sales Account Executive,"NASHVILLE, TN",https://recruiting2.ultipro.com/LAM1000LAC/JobBoard/82898216-ca7a-4621-b01b-bf3410c919b2/OpportunityDetail?opportunityId=27d028bf-c025-4414-8fd0-ca2f7120964e,2026-08-03,yes,https://recruiting2.ultipro.com/LAM1000LAC/JobBoard/82898216-ca7a-4621-b01b-bf3410c919b2/?q=&o=postedDateDesc
Lamar Advertising Company,Construction - Billboard Installer,"OSAGE BEACH, MO",https://recruiting2.ultipro.com/LAM1000LAC/JobBoard/82898216-ca7a-4621-b01b-bf3410c919b2/OpportunityDetail?opportunityId=f6b695ee-e7ad-42d7-8a77-f9ed0ea5aeef,2026-07-28,no,https://recruiting2.ultipro.com/LAM1000LAC/JobBoard/82898216-ca7a-4621-b01b-bf3410c919b2/?q=&o=postedDateDesc
Lamar Advertising Company,Sales Account Executive,"PEARL, MS",https://recruiting2.ultipro.com/LAM1000LAC/JobBoard/82898216-ca7a-4621-b01b-bf3410c919b2/OpportunityDetail?opportunityId=570af94b-faa4-448d-b518-a79a9b45c931,2026-07-24,yes,https://recruiting2.ultipro.com/LAM1000LAC/JobBoard/82898216-ca7a-4621-b01b-bf3410c919b2/?q=&o=postedDateDesc
Lamar Advertising Company,Sales Account Executive,"SAVANNAH, GA",https://recruiting2.ultipro.com/LAM1000LAC/JobBoard/82898216-ca7a-4621-b01b-bf3410c919b2/OpportunityDetail?opportunityId=c2a75c1c-96d6-4a8d-ad6f-f52ee59a9da1,2026-07-23,yes,https://recruiting2.ultipro.com/LAM1000LAC/JobBoard/82898216-ca7a-4621-b01b-bf3410c919b2/?q=&o=postedDateDesc
Lamar Advertising Company,Construction - Billboard Installer,"Columbus, OH",https://recruiting2.ultipro.com/LAM1000LAC/JobBoard/82898216-ca7a-4621-b01b-bf3410c919b2/OpportunityDetail?opportunityId=6b2bb105-602d-4b02-95d5-eca79a028c26,2026-07-13,no,https://recruiting2.ultipro.com/LAM1000LAC/JobBoard/82898216-ca7a-4621-b01b-bf3410c919b2/?q=&o=postedDateDesc
Lamar Advertising Company,Construction - Billboard Installer,"DUBUQUE, IA",https://recruiting2.ultipro.com/LAM1000LAC/JobBoard/82898216-ca7a-4621-b01b-bf3410c919b2/OpportunityDetail?opportunityId=16c42e7a-390c-4b5d-9291-d799f6f91286,2026-07-09,no,https://recruiting2.ultipro.com/LAM1000LAC/JobBoard/82898216-ca7a-4621-b01b-bf3410c919b2/?q=&o=postedDateDesc
Lamar Advertising Company,Sales Account Executive,"Buckhannon, WV",https://recruiting2.ultipro.com/LAM1000LAC/JobBoard/82898216-ca7a-4621-b01b-bf3410c919b2/OpportunityDetail?opportunityId=2f2ca29d-125d-4dda-b927-2f5cd16c17ab,2026-06-26,yes,https://recruiting2.ultipro.com/LAM1000LAC/JobBoard/82898216-ca7a-4621-b01b-bf3410c919b2/?q=&o=postedDateDesc
Lamar Advertising Company,Construction - Billboard Installer,"GIRARD, OH",https://recruiting2.ultipro.com/LAM1000LAC/JobBoard/82898216-ca7a-4621-b01b-bf3410c919b2/OpportunityDetail?opportunityId=634900a4-590e-4dc6-9438-063f5a9e484e,2026-06-24,no,https://recruiting2.ultipro.com/LAM1000LAC/JobBoard/82898216-ca7a-4621-b01b-bf3410c919b2/?q=&o=postedDateDesc
Lamar Advertising Company,Advertising Installer,"Phoenix, AZ",https://recruiting2.ultipro.com/LAM1000LAC/JobBoard/82898216-ca7a-4621-b01b-bf3410c919b2/OpportunityDetail?opportunityId=409c95cc-0238-490e-974d-cf6b8d22f3f9,2026-06-24,no,https://recruiting2.ultipro.com/LAM1000LAC/JobBoard/82898216-ca7a-4621-b01b-bf3410c919b2/?q=&o=postedDateDesc
Lamar Advertising Company,Airport Advertising Manager,"Morrisville, NC",https://recruiting2.ultipro.com/LAM1000LAC/JobBoard/82898216-ca7a-4621-b01b-bf3410c919b2/OpportunityDetail?opportunityId=2ea0954e-97b1-4624-b83d-61f1c52c9096,2026-06-22,no,https://recruiting2.ultipro.com/LAM1000LAC/JobBoard/82898216-ca7a-4621-b01b-bf3410c919b2/?q=&o=postedDateDesc
Lamar Advertising Company,Construction - Billboard Installer,"TULSA, OK",https://recruiting2.ultipro.com/LAM1000LAC/JobBoard/82898216-ca7a-4621-b01b-bf3410c919b2/OpportunityDetail?opportunityId=ba03f6a5-5840-4d8f-85df-e14c33f82601,2026-06-18,no,https://recruiting2.ultipro.com/LAM1000LAC/JobBoard/82898216-ca7a-4621-b01b-bf3410c919b2/?q=&o=postedDateDesc
Lamar Advertising Company,Graphic Designer,"TULSA, OK",https://recruiting2.ultipro.com/LAM1000LAC/JobBoard/82898216-ca7a-4621-b01b-bf3410c919b2/OpportunityDetail?opportunityId=43264cf3-c644-4d67-bf41-c3c01b450234,2026-06-18,no,https://recruiting2.ultipro.com/LAM1000LAC/JobBoard/82898216-ca7a-4621-b01b-bf3410c919b2/?q=&o=postedDateDesc
Lamar Advertising Company,Construction - Billboard Installer,"LATHAM, NY",https://recruiting2.ultipro.com/LAM1000LAC/JobBoard/82898216-ca7a-4621-b01b-bf3410c919b2/OpportunityDetail?opportunityId=3615b4cc-19a9-4773-b2f2-9160e8140011,2026-05-04,no,https://recruiting2.ultipro.com/LAM1000LAC/JobBoard/82898216-ca7a-4621-b01b-bf3410c919b2/?q=&o=postedDateDesc
Lamar Advertising Company,Sales Account Executive,"WOLFFORTH, TX",https://recruiting2.ultipro.com/LAM1000LAC/JobBoard/82898216-ca7a-4621-b01b-bf3410c919b2/OpportunityDetail?opportunityId=9218fa9a-24ad-40b4-85a1-0d8a7e6b6b6c,2026-04-16,yes,https://recruiting2.ultipro.com/LAM1000LAC/JobBoard/82898216-ca7a-4621-b01b-bf3410c919b2/?q=&o=postedDateDesc
Lamar Advertising Company,Sales Account Executive,"DUNCANSVILLE, PA",https://recruiting2.ultipro.com/LAM1000LAC/JobBoard/82898216-ca7a-4621-b01b-bf3410c919b2/OpportunityDetail?opportunityId=dbb18298-b04a-48f7-832d-0cd8d0b3c8ef,2026-04-15,yes,https://recruiting2.ultipro.com/LAM1000LAC/JobBoard/82898216-ca7a-4621-b01b-bf3410c919b2/?q=&o=postedDateDesc
Lamar Advertising Company,Sales Account Executive,"READING, PA",https://recruiting2.ultipro.com/LAM1000LAC/JobBoard/82898216-ca7a-4621-b01b-bf3410c919b2/OpportunityDetail?opportunityId=4ca8dcf9-964c-4e42-be83-39ba313ea072,2026-03-23,yes,https://recruiting2.ultipro.com/LAM1000LAC/JobBoard/82898216-ca7a-4621-b01b-bf3410c919b2/?q=&o=postedDateDesc
Lamar Advertising Company,Transit Sales Account Executive,"Phoenix, AZ",https://recruiting2.ultipro.com/LAM1000LAC/JobBoard/82898216-ca7a-4621-b01b-bf3410c919b2/OpportunityDetail?opportunityId=90ff5ac0-834c-46f9-87fe-bc10b42b4d4e,2026-01-30,yes,https://recruiting2.ultipro.com/LAM1000LAC/JobBoard/82898216-ca7a-4621-b01b-bf3410c919b2/?q=&o=postedDateDesc
Lamar Advertising Company,Sales Account Executive,"READING, PA",https://recruiting2.ultipro.com/LAM1000LAC/JobBoard/82898216-ca7a-4621-b01b-bf3410c919b2/OpportunityDetail?opportunityId=35c27127-185b-40aa-8d25-d7c472f962df,2025-12-30,yes,https://recruiting2.ultipro.com/LAM1000LAC/JobBoard/82898216-ca7a-4621-b01b-bf3410c919b2/?q=&o=postedDateDesc
Medical Properties Trust,"Senior of Accounting, International","Birmingham, AL",https://www.medicalpropertiestrust.com/job-listing/senior-of-accounting-international,,no,https://www.medicalpropertiestrust.com/careers
Medical Properties Trust,"Senior of Accounting, Domestic","Birmingham, AL",https://www.medicalpropertiestrust.com/job-listing/senior-of-accounting-domestic,,no,https://www.medicalpropertiestrust.com/careers
Medical Properties Trust,Corporate Accountant,"Birmingham, AL",https://www.medicalpropertiestrust.com/job-listing/corporate-accountant,,no,https://www.medicalpropertiestrust.com/careers
Mynd,Accounting Manager,"Oakland, California, United States",https://job-boards.greenhouse.io/roofstock/jobs/8821792002,2026-09-18,no,https://www.mynd.co/talent-and-culture
Mynd,Assistant Property Manager,"Portland, Oregon, United States; Salt Lake City, Utah, United States",https://job-boards.greenhouse.io/roofstock/jobs/8647520002,2026-07-24,no,https://www.mynd.co/talent-and-culture
Mynd,Maintenance Technician,"Columbia, South Carolina, United States",https://job-boards.greenhouse.io/roofstock/jobs/8811638002,2026-09-17,no,https://www.mynd.co/talent-and-culture
Mynd,Maintenance Technician,"Birmingham, Alabama, United States",https://job-boards.greenhouse.io/roofstock/jobs/8872718002,2026-10-06,no,https://www.mynd.co/talent-and-culture
Mynd,Portfolio Asset Manager,"Atlanta, Georgia, United States; Charlotte, North Carolina, United States; Dallas, Texas, United States; Las Vegas, Nevada, United States; Oakland, California, United States; Phoenix, Arizona, United States",https://job-boards.greenhouse.io/roofstock/jobs/8558888002,2026-05-21,no,https://www.mynd.co/talent-and-culture
Mynd,"Property Accountant, Retail","Dallas, Texas, United States",https://job-boards.greenhouse.io/roofstock/jobs/8845806002,2026-09-28,no,https://www.mynd.co/talent-and-culture
Mynd,Senior Legal Operations Manager,"Dallas, Texas, United States",https://job-boards.greenhouse.io/roofstock/jobs/8686159002,2026-09-23,no,https://www.mynd.co/talent-and-culture
PMI,Leasing Services Coordinator,,https://property-mangement-inc-careers.careerplug.com/jobs/3634154?embed=1,,no,https://www.propertymanagementinc.com/careers
PMI,Community Association Manager,Hybrid - US,https://property-mangement-inc-careers.careerplug.com/jobs/3632910?embed=1,,no,https://www.propertymanagementinc.com/careers
PMI,Community Association Manager,Hybrid - US,https://property-mangement-inc-careers.careerplug.com/jobs/3619139?embed=1,,no,https://www.propertymanagementinc.com/careers
PMI,Licensed Real Estate Agent & Business Development Manager,Hybrid - US,https://property-mangement-inc-careers.careerplug.com/jobs/3627454?embed=1,,yes,https://www.propertymanagementinc.com/careers
PMI,Real Estate Salesperson,Hybrid - US,https://property-mangement-inc-careers.careerplug.com/jobs/3607886?embed=1,,no,https://www.propertymanagementinc.com/careers
PMI,Residential Maintenance Technician,,https://property-mangement-inc-careers.careerplug.com/jobs/3557905?embed=1,,no,https://www.propertymanagementinc.com/careers
PMI,Residential Maintenance Technician,,https://property-mangement-inc-careers.careerplug.com/jobs/3495166?embed=1,,no,https://www.propertymanagementinc.com/careers
PMI,Residential Maintenance Technician,,https://property-mangement-inc-careers.careerplug.com/jobs/3468602?embed=1,,no,https://www.propertymanagementinc.com/careers
PMI,Real Estate Agent,,https://property-mangement-inc-careers.careerplug.com/jobs/2588988?embed=1,,no,https://www.propertymanagementinc.com/careers
PMI,Leasing Agent - Licensed,Hybrid - US,https://property-mangement-inc-careers.careerplug.com/jobs/3550669?embed=1,,no,https://www.propertymanagementinc.com/careers
PMI,Residential Maintenance Technician,,https://property-mangement-inc-careers.careerplug.com/jobs/3443343?embed=1,,no,https://www.propertymanagementinc.com/careers
PMI,Maintenance Technician,,https://property-mangement-inc-careers.careerplug.com/jobs/2346995?embed=1,,no,https://www.propertymanagementinc.com/careers
PMI,Business Development Manager,,https://property-mangement-inc-careers.careerplug.com/jobs/2782406?embed=1,,yes,https://www.propertymanagementinc.com/careers
PMI,Community Association Professional,,https://property-mangement-inc-careers.careerplug.com/jobs/2812225?embed=1,,no,https://www.propertymanagementinc.com/careers
PMI,Independent Marketing Agent,Hybrid - US,https://property-mangement-inc-careers.careerplug.com/jobs/2666489?embed=1,,yes,https://www.propertymanagementinc.com/careers
PMI,Operations Manager,,https://property-mangement-inc-careers.careerplug.com/jobs/1509482?embed=1,,no,https://www.propertymanagementinc.com/careers
PMI,Community Association Manager,,https://property-mangement-inc-careers.careerplug.com/jobs/1138256?embed=1,,no,https://www.propertymanagementinc.com/careers
PMI,Real Estate Agent – Licensed | PMI Reno,Hybrid - US,https://property-mangement-inc-careers.careerplug.com/jobs/3173899?embed=1,,no,https://www.propertymanagementinc.com/careers
PMI,Independent Marketing Agent/Business Development Manager,Hybrid - US,https://property-mangement-inc-careers.careerplug.com/jobs/2478204?embed=1,,yes,https://www.propertymanagementinc.com/careers
PMI,Maintenance Technician,,https://property-mangement-inc-careers.careerplug.com/jobs/1212696?embed=1,,no,https://www.propertymanagementinc.com/careers
PMI,Onsite Maintenance Groundskeeper/Porter,,https://property-mangement-inc-careers.careerplug.com/jobs/3161768?embed=1,,no,https://www.propertymanagementinc.com/careers
PMI,Maintenance Tech,,https://property-mangement-inc-careers.careerplug.com/jobs/1777212?embed=1,,no,https://www.propertymanagementinc.com/careers
PMI,Property Manager,,https://property-mangement-inc-careers.careerplug.com/jobs/1138112?embed=1,,no,https://www.propertymanagementinc.com/careers
PMI,Future Opening: Business Development Representative,,https://property-mangement-inc-careers.careerplug.com/jobs/3154907?embed=1,,yes,https://www.propertymanagementinc.com/careers
PURE Homeriver Group,Inside Client Advisor II,Remote,https://workforcenow.adp.com/mascsr/default/mdf/recruitment/recruitment.html?cid=eea42ed6-3dcf-47f3-b99b-29a304948b2b&ccId=9200441095595_2&jobId=9201977953466_1&lang=en_US,2026-10-01,no,https://purehomeriver.com/company/careers/
PURE Homeriver Group,"Multifamily Leasing Specialist - Charlotte, NC","Cornelius, NC",https://workforcenow.adp.com/mascsr/default/mdf/recruitment/recruitment.html?cid=eea42ed6-3dcf-47f3-b99b-29a304948b2b&ccId=9200441095595_2&jobId=9201959521899_1&lang=en_US,2026-10-01,no,https://purehomeriver.com/company/careers/
PURE Homeriver Group,"PHR Way Projects & Programs Manager - Nationwide, US",Remote,https://workforcenow.adp.com/mascsr/default/mdf/recruitment/recruitment.html?cid=eea42ed6-3dcf-47f3-b99b-29a304948b2b&ccId=9200441095595_2&jobId=9201975296811_1&lang=en_US,2026-09-25,no,https://purehomeriver.com/company/careers/
PURE Homeriver Group,"Property Manager - Sacramento, CA","Rancho Cordova, CA",https://workforcenow.adp.com/mascsr/default/mdf/recruitment/recruitment.html?cid=eea42ed6-3dcf-47f3-b99b-29a304948b2b&ccId=9200441095595_2&jobId=9201973906500_1&lang=en_US,2026-09-24,no,https://purehomeriver.com/company/careers/
PURE Homeriver Group,"Property Manager - Missoula, MT","Missoula, MT",https://workforcenow.adp.com/mascsr/default/mdf/recruitment/recruitment.html?cid=eea42ed6-3dcf-47f3-b99b-29a304948b2b&ccId=9200441095595_2&jobId=9201971901408_1&lang=en_US,2026-09-21,no,https://purehomeriver.com/company/careers/
PURE Homeriver Group,"Operations Manager - Los Gatos, CA","Los Gatos, CA",https://workforcenow.adp.com/mascsr/default/mdf/recruitment/recruitment.html?cid=eea42ed6-3dcf-47f3-b99b-29a304948b2b&ccId=9200441095595_2&jobId=9201968794377_1&lang=en_US,2026-09-14,no,https://purehomeriver.com/company/careers/
PURE Homeriver Group,Operations Manager,"Scottsdale, AZ",https://workforcenow.adp.com/mascsr/default/mdf/recruitment/recruitment.html?cid=eea42ed6-3dcf-47f3-b99b-29a304948b2b&ccId=9200441095595_2&jobId=9201956408471_1&lang=en_US,2026-08-20,no,https://purehomeriver.com/company/careers/
PURE Homeriver Group,"Field Support Specialist - Charleston, SC","Summerville, SC",https://workforcenow.adp.com/mascsr/default/mdf/recruitment/recruitment.html?cid=eea42ed6-3dcf-47f3-b99b-29a304948b2b&ccId=9200441095595_2&jobId=9201943683018_1&lang=en_US,2026-07-27,no,https://purehomeriver.com/company/careers/
Picerne Real Estate Group,Maintenance Technician at The Cantera by Picerne,,https://picerne.applytojob.com/apply/HuyJ9KdpuW/Maintenance-Technician-At-The-Cantera-By-Picerne,,no,https://www.picerne.com/careers
Picerne Real Estate Group,Porter at The Cantera by Picerne,,https://picerne.applytojob.com/apply/O1kby11au7/Porter-At-The-Cantera-By-Picerne,,no,https://www.picerne.com/careers
Picerne Real Estate Group,Apartment Community - Maintenance Technician,,https://picerne.applytojob.com/apply/MR7DwC2OML/Apartment-Community-Maintenance-Technician,,no,https://www.picerne.com/careers
Picerne Real Estate Group,Porter at The Preserve by Picerne,,https://picerne.applytojob.com/apply/O6jJAzGhEW/Porter-At-The-Preserve-By-Picerne,,no,https://www.picerne.com/careers
Picerne Real Estate Group,Porter at Loreto and Palacio,,https://picerne.applytojob.com/apply/sQ38Z05G6L/Porter-At-Loreto-And-Palacio,,no,https://www.picerne.com/careers
Picerne Real Estate Group,Apartment Community - Maintenance Technician,,https://picerne.applytojob.com/apply/eibvr5SqSh/Apartment-Community-Maintenance-Technician,,no,https://www.picerne.com/careers
Picerne Real Estate Group,Leasing Specialist at The Cantera Apartments,,https://picerne.applytojob.com/apply/o9DY9MKxaI/Leasing-Specialist-At-The-Cantera-Apartments,,no,https://www.picerne.com/careers
Picerne Real Estate Group,Maintenance Technician at The Belmont by Picerne,,https://picerne.applytojob.com/apply/fmOZkjOEuC/Maintenance-Technician-At-The-Belmont-By-Picerne,,no,https://www.picerne.com/careers
Picerne Real Estate Group,Leasing Specialist at The Passage Apartments,,https://picerne.applytojob.com/apply/9F4Yo9HaRK/Leasing-Specialist-At-The-Passage-Apartments,,no,https://www.picerne.com/careers
Picerne Real Estate Group,Maintenance Supervisor,,https://picerne.applytojob.com/apply/SmUFsIhDly/Maintenance-Supervisor,,no,https://www.picerne.com/careers
Picerne Real Estate Group,Maintenance Technician at The Covington by Picerne,,https://picerne.applytojob.com/apply/u23gg9l0GF/Maintenance-Technician-At-The-Covington-By-Picerne,,no,https://www.picerne.com/careers
Picerne Real Estate Group,Apartment Community Custodian/Cleaner,,https://picerne.applytojob.com/apply/yQRm5ERV3s/Apartment-Community-CustodianCleaner,,no,https://www.picerne.com/careers
Picerne Real Estate Group,Apartment Community Maintenance Technician,,https://picerne.applytojob.com/apply/0zCE9amKQT/Apartment-Community-Maintenance-Technician,,no,https://www.picerne.com/careers
Picerne Real Estate Group,Leasing Specialist at Level 25 at Cactus,,https://picerne.applytojob.com/apply/uDigKB0J2z/Leasing-Specialist-At-Level-25-At-Cactus,,no,https://www.picerne.com/careers
Picerne Real Estate Group,Maintenance Technician at The Preserve by Picerne,,https://picerne.applytojob.com/apply/oljbGopyBn/Maintenance-Technician-At-The-Preserve-By-Picerne,,no,https://www.picerne.com/careers
Picerne Real Estate Group,Maintenance Technician,,https://picerne.applytojob.com/apply/uUJqEdD0CF/Maintenance-Technician,,no,https://www.picerne.com/careers
Picerne Real Estate Group,Leasing Professional,,https://picerne.applytojob.com/apply/hTg0L02vE3/Leasing-Professional,,no,https://www.picerne.com/careers
Picerne Real Estate Group,Maintenance Supervisor,,https://picerne.applytojob.com/apply/9icjp2GrLB/Maintenance-Supervisor,,no,https://www.picerne.com/careers
Picerne Real Estate Group,Custodial/Cleaner,,https://picerne.applytojob.com/apply/iSDSOve5iy/CustodialCleaner,,no,https://www.picerne.com/careers
Picerne Real Estate Group,Custodial/Cleaner,,https://picerne.applytojob.com/apply/g6YFubA5NL/CustodialCleaner,,no,https://www.picerne.com/careers
Picerne Real Estate Group,Maintenance Supervisor,,https://picerne.applytojob.com/apply/XBiKpLLO8X/Maintenance-Supervisor,,no,https://www.picerne.com/careers
Picerne Real Estate Group,Custodial/Cleaner,,https://picerne.applytojob.com/apply/bokcDOuHfO/CustodialCleaner,,no,https://www.picerne.com/careers
Picerne Real Estate Group,Apartment Community - Maintenance Technician,,https://picerne.applytojob.com/apply/SUTfZsgPWp/Apartment-Community-Maintenance-Technician,,no,https://www.picerne.com/careers
Picerne Real Estate Group,Maintenance Technician,,https://picerne.applytojob.com/apply/P8FGP2hL3f/Maintenance-Technician,,no,https://www.picerne.com/careers
Picerne Real Estate Group,Maintenance Technician,,https://picerne.applytojob.com/apply/YxxsVLoe0U/Maintenance-Technician,,no,https://www.picerne.com/careers
Picerne Real Estate Group,Maintenance Technician,,https://picerne.applytojob.com/apply/oGoahPyMIl/Maintenance-Technician,,no,https://www.picerne.com/careers
Picerne Real Estate Group,Maintenance Technician,,https://picerne.applytojob.com/apply/hFyaeM5Zlp/Maintenance-Technician,,no,https://www.picerne.com/careers
Picerne Real Estate Group,Maintenance Technician,,https://picerne.applytojob.com/apply/4rOfViY3cn/Maintenance-Technician,,no,https://www.picerne.com/careers
Picerne Real Estate Group,Custodial/Cleaner,,https://picerne.applytojob.com/apply/iDZeIEMDp1/CustodialCleaner,,no,https://www.picerne.com/careers
Real Property Management,Copia - Técnico de mantenimiento,,https://jobs.realpropertymgt.com/es/copia-técnico-de-mantenimiento/job/7FA2A2073F16F1C092E951CE5189270B,,no,https://jobs.realpropertymgt.com/jobs
Real Property Management,Field Inspector,,https://jobs.realpropertymgt.com/field-inspector/job/E17FD16FEF7F5BB2C5FE3B0FE8179236,,no,https://jobs.realpropertymgt.com/jobs
Real Property Management,Copia - Técnico de mantenimiento,,https://jobs.realpropertymgt.com/es/copia-técnico-de-mantenimiento/job/AD774401E6F92EC8550CD2C37DD6182C,,no,https://jobs.realpropertymgt.com/jobs
Real Property Management,Level I Maintenance Technician,,https://jobs.realpropertymgt.com/level-i-maintenance-technician/job/AE1641C5ED39B5D17FAF24C8285A2D17,,no,https://jobs.realpropertymgt.com/jobs
Real Property Management,Copia - Copia - Técnico de mantenimiento,,https://jobs.realpropertymgt.com/es/copia-copia-técnico-de-mantenimiento/job/CFE4AEBD16A542D8A876589E690AC86C,,no,https://jobs.realpropertymgt.com/jobs
Real Property Management,Assistant Maintenance Manager,,https://jobs.realpropertymgt.com/assistant-maintenance-manager/job/47383717CCFE924895A079A446D61CC3,,no,https://jobs.realpropertymgt.com/jobs
Real Property Management,Copia - Copia - Técnico de mantenimiento,,https://jobs.realpropertymgt.com/es/copia-copia-técnico-de-mantenimiento/job/C9C62468A86A635EC1CC42478B40CCF9,,no,https://jobs.realpropertymgt.com/jobs
Real Property Management,Assistant Maintenance Manager,,https://jobs.realpropertymgt.com/assistant-maintenance-manager/job/651341ABAE7F4AAE0119DEE63FB35F13,,no,https://jobs.realpropertymgt.com/jobs
Real Property Management,General Manager,,https://jobs.realpropertymgt.com/general-manager/job/A46A7D5399A393698A3BE59A8EB81E2A,,no,https://jobs.realpropertymgt.com/jobs
Real Property Management,Maintenance Coordinator,,https://jobs.realpropertymgt.com/maintenance-coordinator/job/B91B29BA64C587593F2287D6FBC87F63,,no,https://jobs.realpropertymgt.com/jobs
Real Property Management,Assistant Property Manager - Entry Level,,https://jobs.realpropertymgt.com/assistant-property-manager-entry-level/job/A19B2C094299E7F49528AC085B4BF9F8,,no,https://jobs.realpropertymgt.com/jobs
Real Property Management,Copia - Técnico de mantenimiento,,https://jobs.realpropertymgt.com/es/copia-técnico-de-mantenimiento/job/FE110CC14C109FC212E935887E489EF7,,no,https://jobs.realpropertymgt.com/jobs
Real Property Management,Handyman - Kansas City Metro,,https://jobs.realpropertymgt.com/handyman-kansas-city-metro/job/3D6DD9C353ACBB184F6508185DDFEC14,,no,https://jobs.realpropertymgt.com/jobs
Real Property Management,Copia - Técnico de mantenimiento,,https://jobs.realpropertymgt.com/es/copia-técnico-de-mantenimiento/job/8C56594AAAFDD1699F2BA0BC0F7FF9EF,,no,https://jobs.realpropertymgt.com/jobs
Real Property Management,Handyman - Kansas City Metro,,https://jobs.realpropertymgt.com/handyman-kansas-city-metro/job/CB845CFCA798ACD820B56F307EC4ECF8,,no,https://jobs.realpropertymgt.com/jobs
Real Property Management,Técnico de mantenimiento,,https://jobs.realpropertymgt.com/es/técnico-de-mantenimiento/job/0C95663F605EBEDA5B96F24DE282ECFA,,no,https://jobs.realpropertymgt.com/jobs
Real Property Management,Property Maintenance Technician,,https://jobs.realpropertymgt.com/property-maintenance-technician/job/63265D5165175221B1AE21D68CB3C146,,no,https://jobs.realpropertymgt.com/jobs
Real Property Management,Técnico de mantenimiento,,https://jobs.realpropertymgt.com/es/técnico-de-mantenimiento/job/78DB52803032FD28689C57FC87B978F2,,no,https://jobs.realpropertymgt.com/jobs
Real Property Management,Property Maintenance Technician,,https://jobs.realpropertymgt.com/property-maintenance-technician/job/0360C414571FFBC3C31E1E23CF07A3C8,,no,https://jobs.realpropertymgt.com/jobs
Real Property Management,Copia - Técnico de mantenimiento,,https://jobs.realpropertymgt.com/es/copia-técnico-de-mantenimiento/job/0A87A73B11067AF6DBB3536E3F70C16D,,no,https://jobs.realpropertymgt.com/jobs
Real Property Management,Maintenance Work Order Coordinator,,https://jobs.realpropertymgt.com/maintenance-work-order-coordinator/job/5B7076246AE0E75B392994A88DD4E7A6,,no,https://jobs.realpropertymgt.com/jobs
Real Property Management,Copia - Técnico de mantenimiento,,https://jobs.realpropertymgt.com/es/copia-técnico-de-mantenimiento/job/BDD552489AEB6440E6ED2DBEF23C9C19,,no,https://jobs.realpropertymgt.com/jobs
Real Property Management,Maintenance Work Order Coordinator,,https://jobs.realpropertymgt.com/maintenance-work-order-coordinator/job/6401F0C7333F5DAC5137F2C150B5DFAF,,no,https://jobs.realpropertymgt.com/jobs
Real Property Management,Copia - Técnico de mantenimiento,,https://jobs.realpropertymgt.com/es/copia-técnico-de-mantenimiento/job/C0EA8269BAAFD3CC0D087EFD6543BADB,,no,https://jobs.realpropertymgt.com/jobs
Real Property Management,Maintenance Work Order Coordinator,,https://jobs.realpropertymgt.com/maintenance-work-order-coordinator/job/ABA5C5ADCB79A017F0683CBF91FC6A8B,,no,https://jobs.realpropertymgt.com/jobs
Real Property Management,Assistant Property Manager,,https://jobs.realpropertymgt.com/assistant-property-manager/job/E7823A19C752D16C23BFF9DE273E3BFB,,no,https://jobs.realpropertymgt.com/jobs
Real Property Management,Técnico de mantenimiento,,https://jobs.realpropertymgt.com/es/técnico-de-mantenimiento/job/6D6FE1F1D540DB75FAF0C8B8EF4CA3D7,,no,https://jobs.realpropertymgt.com/jobs
Real Property Management,Maintenance Technician,,https://jobs.realpropertymgt.com/maintenance-technician/job/0BC9FE06879F29C8E62DCD25E1F566DC,,no,https://jobs.realpropertymgt.com/jobs
Real Property Management,Agente de arrendamiento,,https://jobs.realpropertymgt.com/es/agente-de-arrendamiento/job/F009D0A60CD3E85D56054471E17DC6F3,,no,https://jobs.realpropertymgt.com/jobs
Real Property Management,Leasing Agent,,https://jobs.realpropertymgt.com/leasing-agent/job/BF699FFDC9FA172B8188EF9BE337C2D3,,no,https://jobs.realpropertymgt.com/jobs
Real Property Management,Copia - Técnico de mantenimiento,,https://jobs.realpropertymgt.com/es/copia-técnico-de-mantenimiento/job/F51CA28B606B81B2E567D6E419B3C2E8,,no,https://jobs.realpropertymgt.com/jobs
Real Property Management,Rental Property Support Person,,https://jobs.realpropertymgt.com/rental-property-support-person/job/BE288386AEC7B6E57A96F2CBB7AD4ABD,,no,https://jobs.realpropertymgt.com/jobs
Real Property Management,Administrador de fincas,,https://jobs.realpropertymgt.com/es/administrador-de-fincas/job/221E3692ED9966631426B58CD7A6A8C6,,no,https://jobs.realpropertymgt.com/jobs
Real Property Management,Property Manager,,https://jobs.realpropertymgt.com/property-manager/job/76A8C8631390B6979CDFB6B8E2895590,,no,https://jobs.realpropertymgt.com/jobs
Real Property Management,Copia - Técnico de mantenimiento,,https://jobs.realpropertymgt.com/es/copia-técnico-de-mantenimiento/job/F98697E2AA46F2977E44C636C04314A6,,no,https://jobs.realpropertymgt.com/jobs
Real Property Management,Handyman - Kansas City Metro,,https://jobs.realpropertymgt.com/handyman-kansas-city-metro/job/8F3A20632D1DD9A844CC51C33BD98CE9,,no,https://jobs.realpropertymgt.com/jobs
Real Property Management,Maintenance Technician,,https://jobs.realpropertymgt.com/maintenance-technician/job/F24CE9B64E1275F1BFCC0830FD18D245,,no,https://jobs.realpropertymgt.com/jobs
Real Property Management,Técnico de mantenimiento,,https://jobs.realpropertymgt.com/es/técnico-de-mantenimiento/job/2D3E6AD8BEFF5BDD82AD368E2B614C42,,no,https://jobs.realpropertymgt.com/jobs
Real Property Management,Property Maintenance Technician,,https://jobs.realpropertymgt.com/property-maintenance-technician/job/7ACCF364AB1F897CE3D1CFCF63D55900,,no,https://jobs.realpropertymgt.com/jobs
Real Property Management,Director de Desarrollo Empresarial,,https://jobs.realpropertymgt.com/es/director-de-desarrollo-empresarial/job/C014BED26A3BAFA8030B4AA2FBAF3A98,,no,https://jobs.realpropertymgt.com/jobs
Real Property Management,Business Development Manager- Property Management,,https://jobs.realpropertymgt.com/business-development-manager-property-management/job/05F8B179879EB9CDF2793841F24B72A6,,yes,https://jobs.realpropertymgt.com/jobs
Real Property Management,Business Development & Outside Sales,,https://jobs.realpropertymgt.com/business-development-outside-sales/job/1F4608B7258679D62474783EEBF83E89,,yes,https://jobs.realpropertymgt.com/jobs
Real Property Management,Administrador de fincas,,https://jobs.realpropertymgt.com/es/administrador-de-fincas/job/642AC3026C3B8A1A89C8E64F8BC3FF8E,,no,https://jobs.realpropertymgt.com/jobs
Real Property Management,Property Manager,,https://jobs.realpropertymgt.com/property-manager/job/8CEC696787629AD6394085216F461443,,no,https://jobs.realpropertymgt.com/jobs
Real Property Management,Assistant Property Readiness Coordinator (Entry Level),,https://jobs.realpropertymgt.com/assistant-property-readiness-coordinator-entry-level/job/AFB453ACFBD18FA228C9D7B669C41652,,no,https://jobs.realpropertymgt.com/jobs
Real Property Management,Assistant Property Readiness Coordinator (Entry Level),,https://jobs.realpropertymgt.com/assistant-property-readiness-coordinator-entry-level/job/4B2031E9E49FBDC68CCE48DB62BD5EC4,,no,https://jobs.realpropertymgt.com/jobs
Real Property Management,Assistant Property Readiness Coordinator (Entry Level),,https://jobs.realpropertymgt.com/assistant-property-readiness-coordinator-entry-level/job/152E0EC07FC5435A0D08A0EA3A1559DE,,no,https://jobs.realpropertymgt.com/jobs
Redstone,"Redstone Maintenance Technician - $2,500 Sign On Bonus","Burlington, VT",https://recruiting.paylocity.com/Recruiting/Jobs/Details/4566987,2026-10-07,no,https://www.redstonevt.com/careers
Redstone,Maintenance Scheduler - Residential Properties,"Burlington, VT",https://recruiting.paylocity.com/Recruiting/Jobs/Details/4496795,2026-09-11,no,https://www.redstonevt.com/careers
Redstone,Maintenance Scheduler,"Burlington, VT",https://recruiting.paylocity.com/Recruiting/Jobs/Details/4441915,2026-08-21,no,https://www.redstonevt.com/careers
Renters Warehouse,BUSINESS DEVELOPMENT MANAGER,"Tempe, AZ",https://workforcenow.adp.com/mascsr/default/mdf/recruitment/recruitment.html?cid=0b4acaac-5cd6-4597-9e3b-0cc4e2eba1da&jobId=73284483_1&lang=en_US,2026-10-08,yes,https://www.renterswarehouse.com/careers
Renters Warehouse,PROPERTY ACCOUNTING MANAGER,"Minneapolis, MN",https://workforcenow.adp.com/mascsr/default/mdf/recruitment/recruitment.html?cid=0b4acaac-5cd6-4597-9e3b-0cc4e2eba1da&jobId=25578606_1&lang=en_US,2026-10-08,no,https://www.renterswarehouse.com/careers
Renters Warehouse,Payroll and Accounts Payable Specialist,"Minneapolis, MN",https://workforcenow.adp.com/mascsr/default/mdf/recruitment/recruitment.html?cid=0b4acaac-5cd6-4597-9e3b-0cc4e2eba1da&jobId=68540541_1&lang=en_US,2026-10-06,no,https://www.renterswarehouse.com/careers
Renters Warehouse,Construction Field Manager,"Plano, TX",https://workforcenow.adp.com/mascsr/default/mdf/recruitment/recruitment.html?cid=0b4acaac-5cd6-4597-9e3b-0cc4e2eba1da&jobId=69947405_1&lang=en_US,2026-10-02,no,https://www.renterswarehouse.com/careers
Renters Warehouse,Property Manager,"Tempe, AZ",https://workforcenow.adp.com/mascsr/default/mdf/recruitment/recruitment.html?cid=0b4acaac-5cd6-4597-9e3b-0cc4e2eba1da&jobId=69676871_1&lang=en_US,2026-10-01,no,https://www.renterswarehouse.com/careers
Renters Warehouse,"Leasing Agent, PWA (Dallas, TX)","Plano, TX",https://workforcenow.adp.com/mascsr/default/mdf/recruitment/recruitment.html?cid=0b4acaac-5cd6-4597-9e3b-0cc4e2eba1da&jobId=68706915_1&lang=en_US,2026-09-28,no,https://www.renterswarehouse.com/careers
Renters Warehouse,Acquisitions Field Coordinator,"Mavel, TX",https://workforcenow.adp.com/mascsr/default/mdf/recruitment/recruitment.html?cid=0b4acaac-5cd6-4597-9e3b-0cc4e2eba1da&jobId=65917880_1&lang=en_US,2026-09-28,no,https://www.renterswarehouse.com/careers
Renters Warehouse,Construction Field Coordinator,"Mavel, TX",https://workforcenow.adp.com/mascsr/default/mdf/recruitment/recruitment.html?cid=0b4acaac-5cd6-4597-9e3b-0cc4e2eba1da&jobId=65745302_1&lang=en_US,2026-09-24,no,https://www.renterswarehouse.com/careers
Renters Warehouse,Manager - Corporate Finance,"Minneapolis, MN",https://workforcenow.adp.com/mascsr/default/mdf/recruitment/recruitment.html?cid=0b4acaac-5cd6-4597-9e3b-0cc4e2eba1da&jobId=65347995_1&lang=en_US,2026-09-22,no,https://www.renterswarehouse.com/careers
Renters Warehouse,Talent and Acquisition Manager,"Minneapolis, MN",https://workforcenow.adp.com/mascsr/default/mdf/recruitment/recruitment.html?cid=0b4acaac-5cd6-4597-9e3b-0cc4e2eba1da&jobId=57208511_1&lang=en_US,2026-09-09,no,https://www.renterswarehouse.com/careers
Renters Warehouse,LEASING AGENT,"Chesterfield, MO",https://workforcenow.adp.com/mascsr/default/mdf/recruitment/recruitment.html?cid=0b4acaac-5cd6-4597-9e3b-0cc4e2eba1da&jobId=54050509_1&lang=en_US,2026-09-03,no,https://www.renterswarehouse.com/careers
Renters Warehouse,PROPERTY ACCOUNTANT,"Minneapolis, MN",https://workforcenow.adp.com/mascsr/default/mdf/recruitment/recruitment.html?cid=0b4acaac-5cd6-4597-9e3b-0cc4e2eba1da&jobId=40244350_1&lang=en_US,2026-08-07,no,https://www.renterswarehouse.com/careers
Renters Warehouse,BUSINESS DEVELOPMENT MANAGER,"Minneapolis, MN",https://workforcenow.adp.com/mascsr/default/mdf/recruitment/recruitment.html?cid=0b4acaac-5cd6-4597-9e3b-0cc4e2eba1da&jobId=25863430_1&lang=en_US,2026-06-25,yes,https://www.renterswarehouse.com/careers
Starwood Property Trust,2027 Fund Accounting Summer Intern,"Greenwich, Connecticut",https://jobs.jobvite.com/starwoodcapitalgroup/job/o37TAfwn,,no,https://www.starwoodcapital.com/careers
Starwood Property Trust,2027 Management Company Accounting Summer Intern,"Greenwich, Connecticut",https://jobs.jobvite.com/starwoodcapitalgroup/job/o17TAfwl,,no,https://www.starwoodcapital.com/careers
Starwood Property Trust,Co-Op Accounting Internship (40 hours/week),"Greenwich, Connecticut",https://jobs.jobvite.com/starwoodcapitalgroup/job/oLjUAfwi,,no,https://www.starwoodcapital.com/careers
Starwood Property Trust,Commercial Asset Management Associate,"New York, New York",https://jobs.jobvite.com/starwoodcapitalgroup/job/ownHAfwU,,no,https://www.starwoodcapital.com/careers
Starwood Property Trust,Hotel Asset Management Associate,"New York, New York",https://jobs.jobvite.com/starwoodcapitalgroup/job/oGRRAfwI,,no,https://www.starwoodcapital.com/careers
Starwood Property Trust,"Vice President, Commercial Asset Management","New York, New York",https://jobs.jobvite.com/starwoodcapitalgroup/job/oVCVAfwM,,yes,https://www.starwoodcapital.com/careers
Starwood Property Trust,"Analyst, Starwood Digital Ventures","Washington, District Of Columbia",https://jobs.jobvite.com/starwoodcapitalgroup/job/oBHTzfwu,,no,https://www.starwoodcapital.com/careers
Starwood Property Trust,"Associate, Starwood Digital Ventures","Washington, District Of Columbia",https://jobs.jobvite.com/starwoodcapitalgroup/job/oOgQzfwd,,no,https://www.starwoodcapital.com/careers
Starwood Property Trust,"Associate, Sustainability","London, United Kingdom",https://jobs.jobvite.com/starwoodcapitalgroup/job/ootDAfwO,,no,https://www.starwoodcapital.com/careers
Starwood Property Trust,"VP, Investor Relations",2 Locations,https://jobs.jobvite.com/starwoodcapitalgroup/job/oWpdAfwS,,yes,https://www.starwoodcapital.com/careers
The Lund Company,Commercial Asset Manager,"Omaha, NE 68114",https://www.paycomonline.net/v4/ats/web.php/portal/22F3B8E345D605A83B73F0801EFA9CED/jobs/165285,,no,https://lundco.com/join-our-team/
Uniti Group,Buried Drop Tech,"Uniti | Merkel, TX, US (Onsite) | Full-Time",https://careers.uniti.com/jobs/34546-merkel-tx,,no,https://careers.uniti.com/
Uniti Group,Construction-Line Worker,"Uniti | Rural Hall, NC, US (Onsite) | Full-Time",https://careers.uniti.com/jobs/34533-rural-hall-nc,,no,https://careers.uniti.com/
Uniti Group,Customer Service Tech I/II-FO,"Uniti | Concord, NC, US (Onsite) | Full-Time",https://careers.uniti.com/jobs/34537-concord-nc,,no,https://careers.uniti.com/
Uniti Group,Buried Drop Technician-FO,"Uniti | Hiawassee, GA, US (Onsite) | Full-Time",https://careers.uniti.com/jobs/34541-hiawassee-ga,,no,https://careers.uniti.com/
Uniti Group,Kinetic Buried Drop Tech,"Uniti | Waynesburg, PA, US (Onsite) | Full-Time",https://careers.uniti.com/jobs/34486-waynesburg-pa,,no,https://careers.uniti.com/
Uniti Group,Buried Drop Technician-FO,"Uniti | Cleveland, GA, US (Onsite) | Full-Time",https://careers.uniti.com/jobs/34508-cleveland-ga,,no,https://careers.uniti.com/
Uniti Group,Customer Account Specialist,"Uniti | AR, US (Onsite) | Full-Time",https://careers.uniti.com/jobs/34430-ar,,no,https://careers.uniti.com/
Uniti Group,Sales Support Analyst,"Uniti | Mobile, AL, US (Onsite) | Full-Time",https://careers.uniti.com/jobs/34434-mobile-al,,yes,https://careers.uniti.com/
Uniti Group,Assoc Principal-Whls Solutions,"Uniti | AR, US (Onsite) | Full-Time",https://careers.uniti.com/jobs/34438-ar,,no,https://careers.uniti.com/
Uniti Group,Legal Analyst,"Uniti | Little Rock, AR, US (Onsite) | Full-Time",https://careers.uniti.com/jobs/34460-little-rock-ar,,no,https://careers.uniti.com/
Uniti Group,Buried Drop Tech,"Uniti | Mount Pleasant, IA, US (Onsite) | Full-Time",https://careers.uniti.com/jobs/34464-mount-pleasant-ia,,no,https://careers.uniti.com/
Uniti Group,Customer Service Technician,"Uniti | Birdsboro, PA, US (Onsite) | Full-Time",https://careers.uniti.com/jobs/34474-birdsboro-pa,,no,https://careers.uniti.com/
Uniti Group,Customer Service-Technician,"Uniti | Brookville, PA, US (Onsite) | Full-Time",https://careers.uniti.com/jobs/34480-brookville-pa,,no,https://careers.uniti.com/
Uniti Group,Uniti Wholesale - Assoc Principal Dark Fiber,"Uniti | FL, US (Onsite) | Full-Time",https://careers.uniti.com/jobs/34398-fl,,no,https://careers.uniti.com/
Uniti Group,Enterprise Account Executive,"Uniti | Huntsville, AL, US (Onsite) | Full-Time",https://careers.uniti.com/jobs/34406-huntsville-al,,yes,https://careers.uniti.com/
Uniti Group,Warehouse Specialist,"Uniti | Sugar Hill, GA, US (Onsite) | Full-Time",https://careers.uniti.com/jobs/34408-sugar-hill-ga,,no,https://careers.uniti.com/
Uniti Group,Buried Drop Technician-FO,"Uniti | Rockwell, NC, US (Onsite) | Full-Time",https://careers.uniti.com/jobs/34414-rockwell-nc,,no,https://careers.uniti.com/
Uniti Group,Buried Drop Technician-FO,"Uniti | Matthews, NC, US (Onsite) | Full-Time",https://careers.uniti.com/jobs/34422-matthews-nc,,no,https://careers.uniti.com/
Uniti Group,Buried Drop Technician-FO,"Uniti | Canton, GA, US (Onsite) | Full-Time",https://careers.uniti.com/jobs/34426-canton-ga,,no,https://careers.uniti.com/
Uniti Group,Buried Drop Technician-FO,"Uniti | Folkston, GA, US (Onsite) | Full-Time",https://careers.uniti.com/jobs/34418-folkston-ga,,no,https://careers.uniti.com/
Uniti Group,Buried Drop Tech,"Uniti | Heath, OH, US (Onsite) | Full-Time",https://careers.uniti.com/jobs/34043-heath-oh,,no,https://careers.uniti.com/
Uniti Group,Buried Drop Tech,"Uniti | Chardon, OH, US (Onsite) | Full-Time",https://careers.uniti.com/jobs/34212-chardon-oh,,no,https://careers.uniti.com/
Uniti Group,Materials Coordinator,"Uniti | Fordyce, AR, US (Onsite) | Full-Time",https://careers.uniti.com/jobs/34374-fordyce-ar,,no,https://careers.uniti.com/
Uniti Group,Buried Drop Tech,"Uniti | Kenton, OH, US (Onsite) | Full-Time",https://careers.uniti.com/jobs/34164-kenton-oh,,no,https://careers.uniti.com/
Uniti Group,Kinetic - Buried Drop Tech,"Uniti | Española, NM, US (Onsite) | Full-Time",https://careers.uniti.com/jobs/34347-espa-ola-nm,,no,https://careers.uniti.com/
Uniti Group,Buried Drop Tech,"Uniti | Hilliard, FL, US (Onsite) | Full-Time",https://careers.uniti.com/jobs/34382-hilliard-fl,,no,https://careers.uniti.com/
Uniti Group,Buried Drop Technician-FO,"Uniti | Aberdeen, NC, US (Onsite) | Full-Time",https://careers.uniti.com/jobs/34386-aberdeen-nc,,no,https://careers.uniti.com/
Uniti Group,Outside Plant Engineer I,"Uniti | Lexington, KY, US (Onsite) | Full-Time",https://careers.uniti.com/jobs/34332-lexington-ky,,yes,https://careers.uniti.com/
Uniti Group,Buried Drop Tech,"Uniti | Elyria, OH, US (Onsite) | Full-Time",https://careers.uniti.com/jobs/34049-elyria-oh,,no,https://careers.uniti.com/
Uniti Group,Buried Drop Tech,"Uniti | Ashtabula, OH, US (Onsite) | Full-Time",https://careers.uniti.com/jobs/34172-ashtabula-oh,,no,https://careers.uniti.com/
Uniti Group,Customer Service-Technician,"Uniti | Kittanning, PA, US (Onsite) | Full-Time",https://careers.uniti.com/jobs/34292-kittanning-pa,,no,https://careers.uniti.com/
Uniti Group,Buried Drop Tech,"Uniti | Lancaster, KY, US (Onsite) | Full-Time",https://careers.uniti.com/jobs/34296-lancaster-ky,,no,https://careers.uniti.com/
Uniti Group,Buried Drop Tech,"Uniti | Lexington, KY, US (Onsite) | Full-Time",https://careers.uniti.com/jobs/34302-lexington-ky,,no,https://careers.uniti.com/
Uniti Group,Buried Drop Technician-FO,"Uniti | Ephrata, PA, US (Onsite) | Full-Time",https://careers.uniti.com/jobs/34306-ephrata-pa,,no,https://careers.uniti.com/
Uniti Group,Buried Drop Tech,"Uniti | Birdsboro, PA, US (Onsite) | Full-Time",https://careers.uniti.com/jobs/34316-birdsboro-pa,,no,https://careers.uniti.com/
Uniti Group,Buried Drop Technician,"Uniti | Shepherdsville, KY, US (Onsite) | Full-Time",https://careers.uniti.com/jobs/34320-shepherdsville-ky,,no,https://careers.uniti.com/
Uniti Group,Manager - Local Operations,"Uniti | Muncy, PA, US (Onsite) | Full-Time",https://careers.uniti.com/jobs/34326-muncy-pa,,no,https://careers.uniti.com/
Uniti Group,Manager - Local Operations,"Uniti | Lewisburg, PA, US (Onsite) | Full-Time",https://careers.uniti.com/jobs/34326-lewisburg-pa,,no,https://careers.uniti.com/
Uniti Group,Manager - Local Operations,"Uniti | State College, PA, US (Onsite) | Full-Time",https://careers.uniti.com/jobs/34326-state-college-pa,,no,https://careers.uniti.com/
Uniti Group,Buried Drop Technician-FO,"Uniti | Caneyville, KY, US (Onsite) | Full-Time",https://careers.uniti.com/jobs/34337-caneyville-ky,,no,https://careers.uniti.com/
Uniti Group,Kinetic - Buried Drop Tech,"Uniti | Newton, IA, US (Onsite) | Full-Time",https://careers.uniti.com/jobs/34339-newton-ia,,no,https://careers.uniti.com/
Uniti Group,Buried Drop Technician-FO,"Uniti | Harrison, AR, US (Onsite) | Full-Time",https://careers.uniti.com/jobs/34240-harrison-ar,,no,https://careers.uniti.com/
Uniti Group,Buried Drop Tech,"Uniti | Alachua, FL, US (Onsite) | Full-Time",https://careers.uniti.com/jobs/34246-alachua-fl,,no,https://careers.uniti.com/
Uniti Group,Buried Drop Technician-FO,"Uniti | Dahlonega, GA, US (Onsite) | Full-Time",https://careers.uniti.com/jobs/34255-dahlonega-ga,,no,https://careers.uniti.com/
Uniti Group,Customer Service Tech I-FO,"Uniti | Tryon, NC, US (Onsite) | Full-Time",https://careers.uniti.com/jobs/34259-tryon-nc,,no,https://careers.uniti.com/
Uniti Group,Customer Service Tech I-FO,"Uniti | Comer, GA, US (Onsite) | Full-Time",https://careers.uniti.com/jobs/34263-comer-ga,,no,https://careers.uniti.com/
Uniti Group,Sr Sales Engineer-KB,"Uniti | NC, US (Onsite) | Full-Time",https://careers.uniti.com/jobs/34192-nc,,yes,https://careers.uniti.com/
Uniti Group,Customer Service Technician,"Uniti | Dalton, GA, US (Onsite) | Full-Time",https://careers.uniti.com/jobs/34202-dalton-ga,,no,https://careers.uniti.com/
Uniti Group,Network Analyst NOC,"Uniti | Mobile, AL, US (Onsite) | Full-Time",https://careers.uniti.com/jobs/34204-mobile-al,,no,https://careers.uniti.com/
Uniti Group,Field Service Technician,"Uniti | Fairfield, IA, US (Onsite) | Full-Time",https://careers.uniti.com/jobs/34220-fairfield-ia,,no,https://careers.uniti.com/
Uniti Group,Buried Drop Tech,"Uniti | Jamestown, NY, US (Onsite) | Full-Time",https://careers.uniti.com/jobs/33818-jamestown-ny,,no,https://careers.uniti.com/
Uniti Group,Buried Drop Tech,"Uniti | Fulton, NY, US (Onsite) | Full-Time",https://careers.uniti.com/jobs/33826-fulton-ny,,no,https://careers.uniti.com/
Uniti Group,Buried Drop Tech,"Uniti | Hudson, OH, US (Onsite) | Full-Time",https://careers.uniti.com/jobs/33822-hudson-oh,,no,https://careers.uniti.com/
Uniti Group,Field Service Technician,"Uniti | Osceola, IA, US (Onsite) | Full-Time",https://careers.uniti.com/jobs/34132-osceola-ia,,no,https://careers.uniti.com/
Uniti Group,Construction Tech-Line Worker,"Uniti | Birdsboro, PA, US (Onsite) | Full-Time",https://careers.uniti.com/jobs/34174-birdsboro-pa,,no,https://careers.uniti.com/
Uniti Group,Government Account Executive - SLED,"Uniti | Lincoln, NE, US (Onsite) | Full-Time",https://careers.uniti.com/jobs/34187-lincoln-ne,,yes,https://careers.uniti.com/
Uniti Group,Lead Specialist Consumer Direct Sales,"Uniti | Crockett, TX, US (Onsite) | Full-Time",https://careers.uniti.com/jobs/34091-crockett-tx,,yes,https://careers.uniti.com/
Uniti Group,Senior Analyst Expense Management,Uniti | United States (Virtual) | Full-Time,https://careers.uniti.com/jobs/34093,,no,https://careers.uniti.com/
Uniti Group,Lead Specialist Consumer Direct Sales,"Uniti | Dawson, GA, US (Onsite) | Full-Time",https://careers.uniti.com/jobs/34087-dawson-ga,,yes,https://careers.uniti.com/
Uniti Group,Lead Specialist -Consumer Direct Sales,"Uniti | Ridgway, PA, US (Onsite) | Full-Time",https://careers.uniti.com/jobs/34116-ridgway-pa,,yes,https://careers.uniti.com/
Uniti Group,Lead Specialist -Consumer Direct Sales,"Uniti | Summerfield, NC, US (Onsite) | Full-Time",https://careers.uniti.com/jobs/34118-summerfield-nc,,yes,https://careers.uniti.com/
Uniti Group,Principal-Project Mgmt,"Uniti | AL, US (Onsite) | Full-Time",https://careers.uniti.com/jobs/34122-al,,no,https://careers.uniti.com/
Uniti Group,Buried Drop Tech,"Uniti | Trinity, TX, US (Onsite) | Full-Time",https://careers.uniti.com/jobs/34126-trinity-tx,,no,https://careers.uniti.com/
Uniti Group,Outside Sales Specialist (Residential),"Uniti | State College, PA, US (Onsite) | Full-Time",https://careers.uniti.com/jobs/33904-state-college-pa,,yes,https://careers.uniti.com/
Uniti Group,Outside Sales Specialist (Residential),"Uniti | Muncy, PA, US (Onsite) | Full-Time",https://careers.uniti.com/jobs/33905-muncy-pa,,yes,https://careers.uniti.com/
Uniti Group,Outside Sales Specialist (Residential),"Uniti | Lansford, PA, US (Onsite) | Full-Time",https://careers.uniti.com/jobs/33905-lansford-pa,,yes,https://careers.uniti.com/
Uniti Group,Outside Sales Specialist (Residential),"Uniti | Lexington, NC, US (Onsite) | Full-Time",https://careers.uniti.com/jobs/33906-lexington-nc,,yes,https://careers.uniti.com/
Uniti Group,Outside Sales Specialist (Residential),"Uniti | Summerville, GA, US (Onsite) | Full-Time",https://careers.uniti.com/jobs/33907-summerville-ga,,yes,https://careers.uniti.com/
Uniti Group,Outside Sales Specialist (Residential),"Uniti | Dalton, GA, US (Onsite) | Full-Time",https://careers.uniti.com/jobs/33907-dalton-ga,,yes,https://careers.uniti.com/
Uniti Group,Outside Sales Specialist (Residential),"Uniti | Jamestown, NY, US (Onsite) | Full-Time",https://careers.uniti.com/jobs/33908-jamestown-ny,,yes,https://careers.uniti.com/
Uniti Group,Outside Sales Specialist (Residential),"Uniti | Fulton, NY, US (Onsite) | Full-Time",https://careers.uniti.com/jobs/33909-fulton-ny,,yes,https://careers.uniti.com/
Uniti Group,Outside Sales Specialist (Residential),"Uniti | Cazenovia, NY, US (Onsite) | Full-Time",https://careers.uniti.com/jobs/33909-cazenovia-ny,,yes,https://careers.uniti.com/
Uniti Group,Outside Sales Specialist (Residential),"Uniti | Ridgway, PA, US (Onsite) | Full-Time",https://careers.uniti.com/jobs/33910-ridgway-pa,,yes,https://careers.uniti.com/
Uniti Group,Construction-Splicer,"Uniti | Perry, GA, US (Onsite) | Full-Time",https://careers.uniti.com/jobs/34013-perry-ga,,no,https://careers.uniti.com/
Uniti Group,Sales Support Analyst,"Uniti | Mobile, AL, US (Onsite) | Full-Time",https://careers.uniti.com/jobs/33830-mobile-al,,yes,https://careers.uniti.com/
Uniti Group,Buried Drop Tech,"Uniti | Hobbs, NM, US (Onsite) | Full-Time",https://careers.uniti.com/jobs/33643-hobbs-nm,,no,https://careers.uniti.com/
Uniti Group,Buried Drop Technician-FO,"Uniti | Odenville, AL, US (Onsite) | Full-Time",https://careers.uniti.com/jobs/33803-odenville-al,,no,https://careers.uniti.com/
Uniti Group,RVP-Sales-UF,"Uniti | AL, US (Onsite) | Full-Time",https://careers.uniti.com/jobs/33788-al,,yes,https://careers.uniti.com/
Uniti Group,Buried Drop Tech,"Uniti | Jamestown, NY, US (Onsite) | Full-Time",https://careers.uniti.com/jobs/33790-jamestown-ny,,no,https://careers.uniti.com/
Uniti Group,Paralegal,"Uniti | Little Rock, AR, US (Onsite) | Full-Time",https://careers.uniti.com/jobs/33766-little-rock-ar,,no,https://careers.uniti.com/
Uniti Group,Buried Drop Tech,"Uniti | Nash, TX, US (Onsite) | Full-Time",https://careers.uniti.com/jobs/33784-nash-tx,,no,https://careers.uniti.com/
Uniti Group,Field Account Executive II (Hybrid),"Uniti | Columbus, OH, US (Onsite) | Full-Time",https://careers.uniti.com/jobs/33794-columbus-oh,,yes,https://careers.uniti.com/
Uniti Group,Lead Specialist- Door-Door,"Uniti | State College, PA, US (Onsite) | Full-Time",https://careers.uniti.com/jobs/33799-state-college-pa,,no,https://careers.uniti.com/
Uniti Group,Buried Drop Tech,"Uniti | Brookville, PA, US (Onsite) | Full-Time",https://careers.uniti.com/jobs/33737-brookville-pa,,no,https://careers.uniti.com/
Uniti Group,Buried Drop Tech,"Uniti | Meadville, PA, US (Onsite) | Full-Time",https://careers.uniti.com/jobs/33741-meadville-pa,,no,https://careers.uniti.com/
Uniti Group,IT Tech Support,"Uniti | Little Rock, AR, US (Onsite) | Full-Time",https://careers.uniti.com/jobs/33751-little-rock-ar,,no,https://careers.uniti.com/
Uniti Group,IT Tech Support,"Uniti | Dalton, GA, US (Onsite) | Full-Time",https://careers.uniti.com/jobs/33751-dalton-ga,,no,https://careers.uniti.com/
Uniti Group,IT Tech Support,"Uniti | Mobile, AL, US (Onsite) | Full-Time",https://careers.uniti.com/jobs/33751-mobile-al,,no,https://careers.uniti.com/
Uniti Group,Assoc Principal-Digital Exp,"Uniti | NY, US (Onsite) | Full-Time",https://careers.uniti.com/jobs/33730-ny,,no,https://careers.uniti.com/
Uniti Group,Account Manager (Hybrid),"Uniti | Des Moines, IA, US (Onsite) | Full-Time",https://careers.uniti.com/jobs/33709-des-moines-ia,,yes,https://careers.uniti.com/
Uniti Group,Field Account Executive I (Hybrid),"Uniti | Lexington, KY, US (Onsite) | Full-Time",https://careers.uniti.com/jobs/33701-lexington-ky,,yes,https://careers.uniti.com/
Uniti Group,Buried Drop Technician-FO,"Uniti | Bolivar, MO, US (Onsite) | Full-Time",https://careers.uniti.com/jobs/33705-bolivar-mo,,no,https://careers.uniti.com/
Uniti Group,Gov't Account Executive (Hybrid),"Uniti | NM, US (Onsite) | Full-Time",https://careers.uniti.com/jobs/33683-nm,,yes,https://careers.uniti.com/
Uniti Group,Account Manager (Hybrid),"Uniti | NE, US (Onsite) | Full-Time",https://careers.uniti.com/jobs/33693-ne,,yes,https://careers.uniti.com/
Uniti Group,Field Account Executive I (Hybrid),"Uniti | London, KY, US (Onsite) | Full-Time",https://careers.uniti.com/jobs/33582-london-ky,,yes,https://careers.uniti.com/
Uniti Group,Buried Drop Technician-FO,"Uniti | Concord, NC, US (Onsite) | Full-Time",https://careers.uniti.com/jobs/33592-concord-nc,,no,https://careers.uniti.com/
Uniti Group,Buried Drop Technician-FO,"Uniti | Albemarle, NC, US (Onsite) | Full-Time",https://careers.uniti.com/jobs/33600-albemarle-nc,,no,https://careers.uniti.com/
Uniti Group,Buried Drop Tech,"Uniti | Merkel, TX, US (Onsite) | Full-Time",https://careers.uniti.com/jobs/33604-merkel-tx,,no,https://careers.uniti.com/
Uniti Group,Buried Drop Technician-FO,"Uniti | Big Lake, MN, US (Onsite) | Full-Time",https://careers.uniti.com/jobs/33606-big-lake-mn,,no,https://careers.uniti.com/
Uniti Group,Account Executive (MDU),"Uniti | Little Rock, AR, US (Onsite) | Full-Time",https://careers.uniti.com/jobs/33616-little-rock-ar,,yes,https://careers.uniti.com/
Uniti Group,Account Executive (MDU),"Uniti | Bolivar, MO, US (Onsite) | Full-Time",https://careers.uniti.com/jobs/33616-bolivar-mo,,yes,https://careers.uniti.com/
Uniti Group,Account Executive (MDU),"Uniti | Sheridan, AR, US (Onsite) | Full-Time",https://careers.uniti.com/jobs/33616-sheridan-ar,,yes,https://careers.uniti.com/
Uniti Group,Account Executive (MDU),"Uniti | Fulton, NY, US (Onsite) | Full-Time",https://careers.uniti.com/jobs/33616-fulton-ny,,yes,https://careers.uniti.com/
Uniti Group,Account Executive (MDU),"Uniti | Cazenovia, NY, US (Onsite) | Full-Time",https://careers.uniti.com/jobs/33616-cazenovia-ny,,yes,https://careers.uniti.com/
Uniti Group,Account Executive (MDU),"Uniti | Jamestown, NY, US (Onsite) | Full-Time",https://careers.uniti.com/jobs/33616-jamestown-ny,,yes,https://careers.uniti.com/
Uniti Group,Manager Kinetic Construction,"Uniti | Monroe, NC, US (Onsite) | Full-Time",https://careers.uniti.com/jobs/33498-monroe-nc,,no,https://careers.uniti.com/
Uniti Group,Buried Drop Tech,"Uniti | Kittanning, PA, US (Onsite) | Full-Time",https://careers.uniti.com/jobs/33504-kittanning-pa,,no,https://careers.uniti.com/
Uniti Group,Outside Plant Engineer,"Uniti | MS, US (Onsite) | Full-Time",https://careers.uniti.com/jobs/33567-ms,,yes,https://careers.uniti.com/
Uniti Group,Construction Tech-Splicer,"Uniti | Manchester, IA, US (Onsite) | Full-Time",https://careers.uniti.com/jobs/33515-manchester-ia,,no,https://careers.uniti.com/
Uniti Group,Account Manager (Hybrid),"Uniti | Des Moines, IA, US (Onsite) | Full-Time",https://careers.uniti.com/jobs/33476-des-moines-ia,,yes,https://careers.uniti.com/
Uniti Group,Director - Financial Operations and Inventory Strategy,Uniti | United States (Onsite) | Full-Time,https://careers.uniti.com/jobs/33368,,no,https://careers.uniti.com/
Uniti Group,Enterprise Account Exec-UF,"Uniti | Lafayette, LA, US (Onsite) | Full-Time",https://careers.uniti.com/jobs/33341-lafayette-la,,no,https://careers.uniti.com/
Uniti Group,Regulatory Analyst,Uniti | United States (Virtual) | Full-Time,https://careers.uniti.com/jobs/33296,,no,https://careers.uniti.com/
Uniti Group,Buried Drop Tech,"Uniti | Live Oak, FL, US (Onsite) | Full-Time",https://careers.uniti.com/jobs/33306-live-oak-fl,,no,https://careers.uniti.com/
Uniti Group,Customer Service Tech I-FO,"Uniti | Winder, GA, US (Onsite) | Full-Time",https://careers.uniti.com/jobs/33312-winder-ga,,no,https://careers.uniti.com/
Uniti Group,Field Service Technician,"Uniti | Emmetsburg, IA, US (Onsite) | Full-Time",https://careers.uniti.com/jobs/33256-emmetsburg-ia,,no,https://careers.uniti.com/
Uniti Group,Buried Drop Tech,"Uniti | Jasper, FL, US (Onsite) | Full-Time",https://careers.uniti.com/jobs/32756-jasper-fl,,no,https://careers.uniti.com/
Uniti Group,Network Technician,"Uniti | Paulding, OH, US (Onsite) | Full-Time",https://careers.uniti.com/jobs/32821-paulding-oh,,no,https://careers.uniti.com/
Uniti Group,Network Technician,"Uniti | Delta, OH, US (Onsite) | Full-Time",https://careers.uniti.com/jobs/32821-delta-oh,,no,https://careers.uniti.com/
Uniti Group,Buried Drop Tech,"Uniti | Alachua, FL, US (Onsite) | Full-Time",https://careers.uniti.com/jobs/32747-alachua-fl,,no,https://careers.uniti.com/
Uniti Group,Customer Service Tech I-FO,"Uniti | Matthews, NC, US (Onsite) | Full-Time",https://careers.uniti.com/jobs/33198-matthews-nc,,no,https://careers.uniti.com/
Uniti Group,Buried Drop Tech,"Uniti | Sanford, NC, US (Onsite) | Full-Time",https://careers.uniti.com/jobs/33214-sanford-nc,,no,https://careers.uniti.com/
Uniti Group,Outside Sales Specialist (Residential),"Uniti | Perry, GA, US (Onsite) | Full-Time",https://careers.uniti.com/jobs/33030-perry-ga,,yes,https://careers.uniti.com/
Uniti Group,Outside Sales Specialist (Residential),"Uniti | Milledgeville, GA, US (Onsite) | Full-Time",https://careers.uniti.com/jobs/33030-milledgeville-ga,,yes,https://careers.uniti.com/
Uniti Group,Outside Sales Specialist (Residential),"Uniti | Gray, GA, US (Onsite) | Full-Time",https://careers.uniti.com/jobs/33030-gray-ga,,yes,https://careers.uniti.com/
Uniti Group,Outside Sales Specialist (Residential),"Uniti | Blakely, GA, US (Onsite) | Full-Time",https://careers.uniti.com/jobs/33031-blakely-ga,,yes,https://careers.uniti.com/
Uniti Group,Outside Sales Specialist (Residential),"Uniti | Dawson, GA, US (Onsite) | Full-Time",https://careers.uniti.com/jobs/33031-dawson-ga,,yes,https://careers.uniti.com/
Uniti Group,Outside Sales Specialist (Residential),"Uniti | Bainbridge, GA, US (Onsite) | Full-Time",https://careers.uniti.com/jobs/33031-bainbridge-ga,,yes,https://careers.uniti.com/
Uniti Group,Outside Sales Specialist (Residential),"Uniti | Clyde, TX, US (Onsite) | Full-Time",https://careers.uniti.com/jobs/33032-clyde-tx,,yes,https://careers.uniti.com/
Uniti Group,Outside Sales Specialist (Residential),"Uniti | Seymour, TX, US (Onsite) | Full-Time",https://careers.uniti.com/jobs/33032-seymour-tx,,yes,https://careers.uniti.com/
Uniti Group,Outside Sales Specialist (Residential),"Uniti | Whitney, TX, US (Onsite) | Full-Time",https://careers.uniti.com/jobs/33034-whitney-tx,,yes,https://careers.uniti.com/
Uniti Group,Outside Sales Specialist (Residential),"Uniti | Trinity, TX, US (Onsite) | Full-Time",https://careers.uniti.com/jobs/33036-trinity-tx,,yes,https://careers.uniti.com/
Uniti Group,Outside Sales Specialist (Residential),"Uniti | Crockett, TX, US (Onsite) | Full-Time",https://careers.uniti.com/jobs/33036-crockett-tx,,yes,https://careers.uniti.com/
Uniti Group,Outside Sales Specialist (Residential),"Uniti | Kerrville, TX, US (Onsite) | Full-Time",https://careers.uniti.com/jobs/33037-kerrville-tx,,yes,https://careers.uniti.com/
Uniti Group,Outside Sales Specialist (Residential),"Uniti | Texarkana, TX, US (Onsite) | Full-Time",https://careers.uniti.com/jobs/33038-texarkana-tx,,yes,https://careers.uniti.com/
Uniti Group,Construction-Line Worker,"Uniti | Concord, NC, US (Onsite) | Full-Time",https://careers.uniti.com/jobs/33049-concord-nc,,no,https://careers.uniti.com/
Uniti Group,Manager-Construction,"Uniti | Brookville, PA, US (Onsite) | Full-Time",https://careers.uniti.com/jobs/33055-brookville-pa,,no,https://careers.uniti.com/
Uniti Group,Sales GIS Analyst,"Uniti | FL, US (Onsite) | Full-Time",https://careers.uniti.com/jobs/33127-fl,,yes,https://careers.uniti.com/
Uniti Group,Enterprise Account Manager-UF,"Uniti | AL, US (Onsite) | Full-Time",https://careers.uniti.com/jobs/33145-al,,yes,https://careers.uniti.com/
Uniti Group,Enterprise Account Manager-UF,"Uniti | Augusta, GA, US (Onsite) | Full-Time",https://careers.uniti.com/jobs/33145-augusta-ga,,yes,https://careers.uniti.com/
Uniti Group,Customer Service Tech I-FO,"Uniti | Blakely, GA, US (Onsite) | Full-Time",https://careers.uniti.com/jobs/33129-blakely-ga,,no,https://careers.uniti.com/
Uniti Group,Customer Service Tech I-FO,"Uniti | Donalsonville, GA, US (Onsite) | Full-Time",https://careers.uniti.com/jobs/33133-donalsonville-ga,,no,https://careers.uniti.com/
Uniti Group,Account Manager II (Hybrid),"Uniti | Atlanta, GA, US (Onsite) | Full-Time",https://careers.uniti.com/jobs/32998-atlanta-ga,,yes,https://careers.uniti.com/
Uniti Group,Manager of Field Operations,"Uniti | FL, US (Onsite) | Full-Time",https://careers.uniti.com/jobs/32835-fl,,no,https://careers.uniti.com/
Uniti Group,Manager of Field Operations,"Uniti | Jacksonville, FL, US (Onsite) | Full-Time",https://careers.uniti.com/jobs/32835-jacksonville-fl,,no,https://careers.uniti.com/
Uniti Group,Manager of Field Operations,"Uniti | St. Augustine, FL, US (Onsite) | Full-Time",https://careers.uniti.com/jobs/32835-st-augustine-fl,,no,https://careers.uniti.com/
Uniti Group,Customer Service Tech I-FO,"Uniti | Inman, SC, US (Onsite) | Full-Time",https://careers.uniti.com/jobs/32752-inman-sc,,no,https://careers.uniti.com/
Uniti Group,Sr Principal Revenue Enablement,Uniti | United States (Onsite) | Full-Time,https://careers.uniti.com/jobs/32527,,yes,https://careers.uniti.com/
Uniti Group,Customer Service Tech I-FO,"Uniti | Marshville, NC, US (Onsite) | Full-Time",https://careers.uniti.com/jobs/32638-marshville-nc,,no,https://careers.uniti.com/
Uniti Group,Field Account Executive II (Hybrid),"Uniti | Cleveland, OH, US (Onsite) | Full-Time",https://careers.uniti.com/jobs/32580-cleveland-oh,,yes,https://careers.uniti.com/
Uniti Group,Construction Tech-Splicer,"Uniti | Hobbs, NM, US (Onsite) | Full-Time",https://careers.uniti.com/jobs/32522-hobbs-nm,,no,https://careers.uniti.com/
Uniti Group,Buried Drop Technician-FO,"Uniti | Glennville, GA, US (Onsite) | Full-Time",https://careers.uniti.com/jobs/32471-glennville-ga,,no,https://careers.uniti.com/
Uniti Group,Field Account Executive I (Hybrid),"Uniti | Jamestown, NY, US (Onsite) | Full-Time",https://careers.uniti.com/jobs/32297-jamestown-ny,,yes,https://careers.uniti.com/
Uniti Group,Manager Field Sales,"Uniti | Lexington, KY, US (Onsite) | Full-Time",https://careers.uniti.com/jobs/32247-lexington-ky,,yes,https://careers.uniti.com/
Uniti Group,Wholesale Sales Director,"Uniti | FL, US (Onsite) | Full-Time",https://careers.uniti.com/jobs/32164-fl,,yes,https://careers.uniti.com/
Uniti Group,Strategic Acct Director I,"Uniti | NC, US (Onsite) | Full-Time",https://careers.uniti.com/jobs/32168-nc,,no,https://careers.uniti.com/
Uniti Group,Channel Account Manager,"Uniti | FL, US (Onsite) | Full-Time",https://careers.uniti.com/jobs/32174-fl,,yes,https://careers.uniti.com/
Uniti Group,Channel Manager,"Uniti | IL, US (Onsite) | Full-Time",https://careers.uniti.com/jobs/32178-il,,no,https://careers.uniti.com/
Uniti Group,Buried Drop Technician-FO,"Uniti | Lexington, SC, US (Onsite) | Full-Time",https://careers.uniti.com/jobs/32128-lexington-sc,,no,https://careers.uniti.com/
Uniti Group,Analyst I-Access Off-Net Order Delivery,"Uniti | Mobile, AL, US (Onsite) | Full-Time",https://careers.uniti.com/jobs/32089-mobile-al,,no,https://careers.uniti.com/
Uniti Group,Field Account Executive I (Hybrid),"Uniti | Lincoln, NE, US (Onsite) | Full-Time",https://careers.uniti.com/jobs/31769-lincoln-ne,,yes,https://careers.uniti.com/
Uniti Group,Channel Manager,Uniti | United States (Virtual) | Full-Time,https://careers.uniti.com/jobs/31613,,no,https://careers.uniti.com/
Uniti Group,Channel Manager,"Uniti | NC, US (Onsite) | Full-Time",https://careers.uniti.com/jobs/31613-nc,,no,https://careers.uniti.com/
Uniti Group,Buried Drop Tech,"Uniti | Melrose, FL, US (Onsite) | Full-Time",https://careers.uniti.com/jobs/31130-melrose-fl,,no,https://careers.uniti.com/
Uniti Group,Major Customer Success Mgr,"Uniti | CO, US (Onsite) | Full-Time",https://careers.uniti.com/jobs/31500-co,,yes,https://careers.uniti.com/
Uniti Group,Major Customer Success Mgr,Uniti | United States (Virtual) | Full-Time,https://careers.uniti.com/jobs/31500,,yes,https://careers.uniti.com/
Uniti Group,Software Engineer,Uniti | United States (Virtual) | Full-Time,https://careers.uniti.com/jobs/31384,,yes,https://careers.uniti.com/
Uniti Group,Manager-Consumer Direct Sales,"Uniti | Muncy, PA, US (Onsite) | Full-Time",https://careers.uniti.com/jobs/31398-muncy-pa,,yes,https://careers.uniti.com/
Uniti Group,Manager-Consumer Direct Sales,"Uniti | State College, PA, US (Onsite) | Full-Time",https://careers.uniti.com/jobs/31398-state-college-pa,,yes,https://careers.uniti.com/
Uniti Group,Sales Director Uniti Fiber,"Uniti | Savannah, GA, US (Onsite) | Full-Time",https://careers.uniti.com/jobs/31209-savannah-ga,,yes,https://careers.uniti.com/
Uniti Group,Sales Director-Uniti Fiber,"Uniti | Birmingham, AL, US (Onsite) | Full-Time",https://careers.uniti.com/jobs/31213-birmingham-al,,yes,https://careers.uniti.com/
Uniti Group,Field Account Executive I (Hybrid),"Uniti | Mount Pleasant, IA, US (Onsite) | Full-Time",https://careers.uniti.com/jobs/31328-mount-pleasant-ia,,yes,https://careers.uniti.com/
Uniti Group,Business Systems Tech,"Uniti | State College, PA, US (Onsite) | Full-Time",https://careers.uniti.com/jobs/29923-state-college-pa,,no,https://careers.uniti.com/
Veris Residential,Operations Manager,"East Boston, MA",https://workforcenow.adp.com/mascsr/default/mdf/recruitment/recruitment.html?cid=28860e2c-1615-47c9-9444-c35ba9f7d7d1&ccId=19000101_000003&jobId=9201502722060_1&lang=en_US,2026-10-09,no,https://www.rhoresidential.com/careers/#careers-positions
Veris Residential,Leasing Specialist,"East Boston, MA",https://workforcenow.adp.com/mascsr/default/mdf/recruitment/recruitment.html?cid=28860e2c-1615-47c9-9444-c35ba9f7d7d1&ccId=19000101_000003&jobId=9201502720210_1&lang=en_US,2026-10-09,no,https://www.rhoresidential.com/careers/#careers-positions
Veris Residential,Director Operations,"Bayonne, NJ",https://workforcenow.adp.com/mascsr/default/mdf/recruitment/recruitment.html?cid=28860e2c-1615-47c9-9444-c35ba9f7d7d1&ccId=19000101_000003&jobId=9201502707038_1&lang=en_US,2026-10-09,no,https://www.rhoresidential.com/careers/#careers-positions
Veris Residential,Part-Time Leasing Specialist,"Malden, MA",https://workforcenow.adp.com/mascsr/default/mdf/recruitment/recruitment.html?cid=28860e2c-1615-47c9-9444-c35ba9f7d7d1&ccId=19000101_000003&jobId=9201502704348_1&lang=en_US,2026-10-09,no,https://www.rhoresidential.com/careers/#careers-positions
Veris Residential,Asst. Maintenance Manager,"Marlton, NJ",https://workforcenow.adp.com/mascsr/default/mdf/recruitment/recruitment.html?cid=28860e2c-1615-47c9-9444-c35ba9f7d7d1&ccId=19000101_000003&jobId=9201502671972_1&lang=en_US,2026-10-09,no,https://www.rhoresidential.com/careers/#careers-positions
Veris Residential,Director Operations,"West New York, NJ",https://workforcenow.adp.com/mascsr/default/mdf/recruitment/recruitment.html?cid=28860e2c-1615-47c9-9444-c35ba9f7d7d1&ccId=19000101_000003&jobId=9201502658923_1&lang=en_US,2026-10-09,no,https://www.rhoresidential.com/careers/#careers-positions
Veris Residential,Asst. Maintenance Manager,"West New York, NJ",https://workforcenow.adp.com/mascsr/default/mdf/recruitment/recruitment.html?cid=28860e2c-1615-47c9-9444-c35ba9f7d7d1&ccId=19000101_000003&jobId=9201501718161_1&lang=en_US,2026-10-07,no,https://www.rhoresidential.com/careers/#careers-positions
Veris Residential,Porter,"Weehawken Township, NJ",https://workforcenow.adp.com/mascsr/default/mdf/recruitment/recruitment.html?cid=28860e2c-1615-47c9-9444-c35ba9f7d7d1&ccId=19000101_000003&jobId=9201501716502_1&lang=en_US,2026-10-07,no,https://www.rhoresidential.com/careers/#careers-positions
Veris Residential,Porter,"Jersey City, NJ",https://workforcenow.adp.com/mascsr/default/mdf/recruitment/recruitment.html?cid=28860e2c-1615-47c9-9444-c35ba9f7d7d1&ccId=19000101_000003&jobId=9201501713930_1&lang=en_US,2026-10-07,no,https://www.rhoresidential.com/careers/#careers-positions
Veris Residential,Maintenance Technician,"Jersey City, NJ",https://workforcenow.adp.com/mascsr/default/mdf/recruitment/recruitment.html?cid=28860e2c-1615-47c9-9444-c35ba9f7d7d1&ccId=19000101_000003&jobId=9201501711541_1&lang=en_US,2026-10-07,no,https://www.rhoresidential.com/careers/#careers-positions
Veris Residential,Operations Manager,"Jersey City, NJ",https://workforcenow.adp.com/mascsr/default/mdf/recruitment/recruitment.html?cid=28860e2c-1615-47c9-9444-c35ba9f7d7d1&ccId=19000101_000003&jobId=9201501709721_1&lang=en_US,2026-10-07,no,https://www.rhoresidential.com/careers/#careers-positions
Veris Residential,Maintenance Technician,"Jersey City, NJ",https://workforcenow.adp.com/mascsr/default/mdf/recruitment/recruitment.html?cid=28860e2c-1615-47c9-9444-c35ba9f7d7d1&ccId=19000101_000003&jobId=9201501707896_1&lang=en_US,2026-10-07,no,https://www.rhoresidential.com/careers/#careers-positions
Veris Residential,Floating Maintenance Manager,"Roseland, NJ",https://workforcenow.adp.com/mascsr/default/mdf/recruitment/recruitment.html?cid=28860e2c-1615-47c9-9444-c35ba9f7d7d1&ccId=19000101_000003&jobId=9201501685718_1&lang=en_US,2026-10-07,no,https://www.rhoresidential.com/careers/#careers-positions
Veris Residential,Floating Director Operations,"Roseland, NJ",https://workforcenow.adp.com/mascsr/default/mdf/recruitment/recruitment.html?cid=28860e2c-1615-47c9-9444-c35ba9f7d7d1&ccId=19000101_000003&jobId=9201501683711_1&lang=en_US,2026-10-07,no,https://www.rhoresidential.com/careers/#careers-positions
Veris Residential,Maintenance Technician,"East Boston, MA",https://workforcenow.adp.com/mascsr/default/mdf/recruitment/recruitment.html?cid=28860e2c-1615-47c9-9444-c35ba9f7d7d1&ccId=19000101_000003&jobId=9201501679947_1&lang=en_US,2026-10-07,no,https://www.rhoresidential.com/careers/#careers-positions
Veris Residential,Porter,"Pomona, NY",https://workforcenow.adp.com/mascsr/default/mdf/recruitment/recruitment.html?cid=28860e2c-1615-47c9-9444-c35ba9f7d7d1&ccId=19000101_000003&jobId=9201501676804_1&lang=en_US,2026-10-07,no,https://www.rhoresidential.com/careers/#careers-positions
Veris Residential,Director Operations,"Linden, NJ",https://workforcenow.adp.com/mascsr/default/mdf/recruitment/recruitment.html?cid=28860e2c-1615-47c9-9444-c35ba9f7d7d1&ccId=19000101_000003&jobId=9201489865703_1&lang=en_US,2026-09-15,no,https://www.rhoresidential.com/careers/#careers-positions
Veris Residential,Porter,"Clifton, NJ",https://workforcenow.adp.com/mascsr/default/mdf/recruitment/recruitment.html?cid=28860e2c-1615-47c9-9444-c35ba9f7d7d1&ccId=19000101_000003&jobId=9201489859859_1&lang=en_US,2026-09-15,no,https://www.rhoresidential.com/careers/#careers-positions
Veris Residential,Asst. Maintenance Manager,"Weehawken, NJ",https://workforcenow.adp.com/mascsr/default/mdf/recruitment/recruitment.html?cid=28860e2c-1615-47c9-9444-c35ba9f7d7d1&ccId=19000101_000003&jobId=9201489852935_1&lang=en_US,2026-09-15,no,https://www.rhoresidential.com/careers/#careers-positions
WeWork,"Community Associate, 200 Spectrum Center (Irvine)","Irvine, CA United States of America",https://wework.wd1.myworkdayjobs.com/WeWork/job/Irvine-CA-United-States-of-America/Community-Associate--200-Spectrum-Center--Irvine-_JR-0064243,Posted Yesterday,no,https://wework.wd1.myworkdayjobs.com/WeWork
WeWork,Community Lead,"Mexico City, Mexico",https://wework.wd1.myworkdayjobs.com/WeWork/job/Mexico-City-Mexico/Community-Lead_JR-0064242,Posted Yesterday,no,https://wework.wd1.myworkdayjobs.com/WeWork
WeWork,"Senior Manager, Corporate Communications, UKI","London, United Kingdom",https://wework.wd1.myworkdayjobs.com/WeWork/job/London-United-Kingdom/Senior-Manager--Corporate-Communications--International_JR-0064153,Posted Yesterday,no,https://wework.wd1.myworkdayjobs.com/WeWork
WeWork,"Community Associate, 1201 Wilson Boulevard","Arlington, VA United States of America",https://wework.wd1.myworkdayjobs.com/WeWork/job/Arlington-VA-United-States-of-America/Community-Associate--1201-Wilson-Boulevard_JR-0064231,Posted 2 Days Ago,no,https://wework.wd1.myworkdayjobs.com/WeWork
WeWork,Front Desk Associate,"São Paulo, Brazil",https://wework.wd1.myworkdayjobs.com/WeWork/job/So-Paulo-Brazil/Front-Desk-Associate_JR-0064234,Posted 2 Days Ago,no,https://wework.wd1.myworkdayjobs.com/WeWork
WeWork,"Senior Lead, Payroll, Travel & Expense","New York, NY United States of America",https://wework.wd1.myworkdayjobs.com/WeWork/job/New-York-NY-United-States-of-America/Senior-Lead--Payroll--Travel---Expense_JR-0063575,Posted 2 Days Ago,no,https://wework.wd1.myworkdayjobs.com/WeWork
WeWork,Community Lead,Singapore,https://wework.wd1.myworkdayjobs.com/WeWork/job/Singapore/Community-Lead_JR-0064225,Posted 2 Days Ago,no,https://wework.wd1.myworkdayjobs.com/WeWork
WeWork,Community Lead,"Mexico City, Mexico",https://wework.wd1.myworkdayjobs.com/WeWork/job/Mexico-City-Mexico/Community-Lead_JR-0064226,Posted 3 Days Ago,no,https://wework.wd1.myworkdayjobs.com/WeWork
WeWork,"Art Director, Motion","New York, NY United States of America",https://wework.wd1.myworkdayjobs.com/WeWork/job/New-York-NY-United-States-of-America/Principal-Designer--Motion_JR-0064047-1,Posted 3 Days Ago,no,https://wework.wd1.myworkdayjobs.com/WeWork
WeWork,"Front Desk Associate, 120 West Trinity Place","Atlanta, GA United States of America",https://wework.wd1.myworkdayjobs.com/WeWork/job/Atlanta-GA-United-States-of-America/Front-Desk-Associate--120-West-Trinity-Place_JR-0064228,Posted 3 Days Ago,no,https://wework.wd1.myworkdayjobs.com/WeWork
WeWork,"Community Lead, 2222 Ponce De Leon Blvd","Miami, FL United States of America",https://wework.wd1.myworkdayjobs.com/WeWork/job/Miami-FL-United-States-of-America/Community-Lead--2222-Ponce-De-Leon-Blvd_JR-0063776,Posted 3 Days Ago,no,https://wework.wd1.myworkdayjobs.com/WeWork
WeWork,Community Lead,"Munich, Germany",https://wework.wd1.myworkdayjobs.com/WeWork/job/Munich-Germany/Community-Lead_JR-0064216-1,Posted 3 Days Ago,no,https://wework.wd1.myworkdayjobs.com/WeWork
WeWork,"Community Lead, Sydney","Sydney, Australia",https://wework.wd1.myworkdayjobs.com/WeWork/job/Sydney-Australia/Community-Lead--Sydney_JR-0064212-1,Posted 3 Days Ago,no,https://wework.wd1.myworkdayjobs.com/WeWork
WeWork,"Community Barista Lead, Salesforce Tower","San Francisco, CA United States of America",https://wework.wd1.myworkdayjobs.com/WeWork/job/San-Francisco-CA-United-States-of-America/Community--Barista--San-Francisco-_JR-0064105,Posted 4 Days Ago,no,https://wework.wd1.myworkdayjobs.com/WeWork
WeWork,"Community Associate, 1155 Perimeter Center West","Atlanta, GA United States of America",https://wework.wd1.myworkdayjobs.com/WeWork/job/Atlanta-GA-United-States-of-America/Community-Associate--1155-Perimeter-Center-West_JR-0064198,Posted 7 Days Ago,no,https://wework.wd1.myworkdayjobs.com/WeWork
WeWork,Community Associate,"Buenos Aires, Argentina",https://wework.wd1.myworkdayjobs.com/WeWork/job/Buenos-Aires-Argentina/Community-Associate_JR-0064209,Posted 8 Days Ago,no,https://wework.wd1.myworkdayjobs.com/WeWork
WeWork,"Lead, Email Marketing","Mexico City, Mexico",https://wework.wd1.myworkdayjobs.com/WeWork/job/Mexico-City-Mexico/Lead--Email-Marketing_JR-0064210,Posted 8 Days Ago,yes,https://wework.wd1.myworkdayjobs.com/WeWork
WeWork,Facilities Manager,"Mexico City, Mexico",https://wework.wd1.myworkdayjobs.com/WeWork/job/Mexico-City-Mexico/Facilities-Manager_JR-0064211,Posted 8 Days Ago,no,https://wework.wd1.myworkdayjobs.com/WeWork
WeWork,Front Desk Associate,"Medellín, Colombia",https://wework.wd1.myworkdayjobs.com/WeWork/job/Medelln-Colombia/Front-Desk-Associate_JR-0064215,Posted 8 Days Ago,no,https://wework.wd1.myworkdayjobs.com/WeWork
WeWork,"Front Desk Associate, Brickell City Centre","Miami, FL United States of America",https://wework.wd1.myworkdayjobs.com/WeWork/job/Miami-FL-United-States-of-America/Front-Desk-Associate--Brickell-City-Centre_JR-0064197,Posted 8 Days Ago,no,https://wework.wd1.myworkdayjobs.com/WeWork
WeWork,"Leasing Manager, Boston","Boston, MA United States of America",https://wework.wd1.myworkdayjobs.com/WeWork/job/Boston-MA-United-States-of-America/Leasing-Manager--Boston_JR-0064135-1,Posted 8 Days Ago,no,https://wework.wd1.myworkdayjobs.com/WeWork
WeWork,Community Associate,Singapore,https://wework.wd1.myworkdayjobs.com/WeWork/job/Singapore/Community-Associate_JR-0064199,Posted 9 Days Ago,no,https://wework.wd1.myworkdayjobs.com/WeWork
WeWork,Community Lead,"Mexico City, Mexico",https://wework.wd1.myworkdayjobs.com/WeWork/job/Mexico-City-Mexico/Community-Lead_JR-0064194,Posted 10 Days Ago,no,https://wework.wd1.myworkdayjobs.com/WeWork
WeWork,Analista de Facilities Pleno,"São Paulo, Brazil",https://wework.wd1.myworkdayjobs.com/WeWork/job/So-Paulo-Brazil/Facilities-Lead_JR-0064138,Posted 11 Days Ago,no,https://wework.wd1.myworkdayjobs.com/WeWork
WeWork,"Senior Manager, Security Operations","Mexico City, Mexico",https://wework.wd1.myworkdayjobs.com/WeWork/job/Mexico-City-Mexico/Senior-Manager--Security-Operations_JR-0064192,Posted 11 Days Ago,no,https://wework.wd1.myworkdayjobs.com/WeWork
WeWork,"Community Associate, 901 Woodland St","Nashville, TN United States of America",https://wework.wd1.myworkdayjobs.com/WeWork/job/Nashville-TN-United-States-of-America/Community-Associate--901-Woodland-St_JR-0064181,Posted 11 Days Ago,no,https://wework.wd1.myworkdayjobs.com/WeWork
WeWork,"Senior Manager, Security Operations","São Paulo, Brazil",https://wework.wd1.myworkdayjobs.com/WeWork/job/So-Paulo-Brazil/Senior-Manager--Security-Operations_JR-0064193,Posted 11 Days Ago,no,https://wework.wd1.myworkdayjobs.com/WeWork
WeWork,Leasing Associate,"Bogotá, Colombia",https://wework.wd1.myworkdayjobs.com/WeWork/job/Bogot-Colombia/Leasing-Associate_JR-0064191,Posted 11 Days Ago,no,https://wework.wd1.myworkdayjobs.com/WeWork
WeWork,"Lead, Integrated Marketing","New York, NY United States of America",https://wework.wd1.myworkdayjobs.com/WeWork/job/New-York-NY-United-States-of-America/Lead--Integrated-Marketing_JR-0064161-1,Posted 11 Days Ago,yes,https://wework.wd1.myworkdayjobs.com/WeWork
WeWork,"Project Manager, Creative Operations","New York, NY United States of America",https://wework.wd1.myworkdayjobs.com/WeWork/job/New-York-NY-United-States-of-America/Project-Manager--Creative-Operations_JR-0064032,Posted 11 Days Ago,no,https://wework.wd1.myworkdayjobs.com/WeWork
WeWork,"Community Associate, L'Avenue (Montreal)","Montréal, Quebec Canada",https://wework.wd1.myworkdayjobs.com/WeWork/job/Montral-Quebec-Canada/Community-Associate--L-Avenue--Montreal-_JR-0064187,Posted 14 Days Ago,no,https://wework.wd1.myworkdayjobs.com/WeWork
WeWork,"Community Lead, L'Avenue (Montreal)","Montréal, Quebec Canada",https://wework.wd1.myworkdayjobs.com/WeWork/job/Montral-Quebec-Canada/Community-Lead--L-Avenue--Montreal-_JR-0064188,Posted 14 Days Ago,no,https://wework.wd1.myworkdayjobs.com/WeWork
WeWork,Community Associate,"Medellín, Colombia",https://wework.wd1.myworkdayjobs.com/WeWork/job/Medelln-Colombia/Community-Associate_JR-0064185,Posted 15 Days Ago,no,https://wework.wd1.myworkdayjobs.com/WeWork
WeWork,"Leasing Associate, San Francisco","San Francisco, CA United States of America",https://wework.wd1.myworkdayjobs.com/WeWork/job/San-Francisco-CA-United-States-of-America/Leasing-Associate--West_JR-0064061,Posted 15 Days Ago,no,https://wework.wd1.myworkdayjobs.com/WeWork
WeWork,"Community Lead, Campus at Warner (Woodland Hills)","Woodland Hills, CA United States of America",https://wework.wd1.myworkdayjobs.com/WeWork/job/Woodland-Hills-CA-United-States-of-America/Community-Lead--Campus-at-Warner--Woodland-Hills-_JR-0064183-1,Posted 16 Days Ago,no,https://wework.wd1.myworkdayjobs.com/WeWork
WeWork,"Community Lead, Place Ville Marie (Montreal)","Montréal, Quebec Canada",https://wework.wd1.myworkdayjobs.com/WeWork/job/Montral-Quebec-Canada/Community-Lead--Place-Ville-Marie--Montreal-_JR-0064176,Posted 16 Days Ago,no,https://wework.wd1.myworkdayjobs.com/WeWork
WeWork,"Front Desk Associate, L'Avenue (Montreal)","Montréal, Quebec Canada",https://wework.wd1.myworkdayjobs.com/WeWork/job/Montral-Quebec-Canada/Front-Desk-Associate--L-Avenue--Montreal-_JR-0064175,Posted 17 Days Ago,no,https://wework.wd1.myworkdayjobs.com/WeWork
WeWork,"Community Associate, 511 5th Ave","New York, NY United States of America",https://wework.wd1.myworkdayjobs.com/WeWork/job/New-York-NY-United-States-of-America/Community-Associate--511-5th-Ave_JR-0064171,Posted 17 Days Ago,no,https://wework.wd1.myworkdayjobs.com/WeWork
WeWork,"Community Lead, 901 North Glebe Road","Arlington, VA United States of America",https://wework.wd1.myworkdayjobs.com/WeWork/job/Arlington-VA-United-States-of-America/Community-Lead--901-North-Glebe-Road_JR-0064172,Posted 17 Days Ago,no,https://wework.wd1.myworkdayjobs.com/WeWork
WeWork,Community Associate (FTC),"Madrid, Spain",https://wework.wd1.myworkdayjobs.com/WeWork/job/Madrid-Spain/Community-Associate_JR-0064156,Posted 17 Days Ago,no,https://wework.wd1.myworkdayjobs.com/WeWork
WeWork,Interior Design Lead (Mid-weight Interior Designer),"London, United Kingdom",https://wework.wd1.myworkdayjobs.com/WeWork/job/London-United-Kingdom/Interior-Design-Lead--Mid-weight-Interior-Designer-_JR-0063996,Posted 17 Days Ago,no,https://wework.wd1.myworkdayjobs.com/WeWork
WeWork,"Leasing Manager, Las Vegas","Las Vegas, NV United States of America",https://wework.wd1.myworkdayjobs.com/WeWork/job/Las-Vegas-NV-United-States-of-America/Leasing-Manager--Las-Vegas_JR-0063900,Posted 18 Days Ago,no,https://wework.wd1.myworkdayjobs.com/WeWork
WeWork,"Community Associate, Seoul - 12 months contract","Seoul, Republic of Korea",https://wework.wd1.myworkdayjobs.com/WeWork/job/Seoul-Republic-of-Korea/Community-Associate--Seoul---12-months-contract_JR-0064169,Posted 18 Days Ago,no,https://wework.wd1.myworkdayjobs.com/WeWork
WeWork,"Leasing Associate, London","London, United Kingdom",https://wework.wd1.myworkdayjobs.com/WeWork/job/London-United-Kingdom/Leasing-Associate_JR-0064149,Posted 21 Days Ago,no,https://wework.wd1.myworkdayjobs.com/WeWork
WeWork,"Leasing Manager, Milan","Milan, Italy",https://wework.wd1.myworkdayjobs.com/WeWork/job/Milan-Italy/Leasing-Manager--Milan_JR-0064170,Posted 21 Days Ago,no,https://wework.wd1.myworkdayjobs.com/WeWork
WeWork,Community Associate,"Milan, Italy",https://wework.wd1.myworkdayjobs.com/WeWork/job/Milan-Italy/Community-Associate_JR-0064165,Posted 21 Days Ago,no,https://wework.wd1.myworkdayjobs.com/WeWork
WeWork,"Community Lead, Bentall 2 (Vancouver)","Vancouver, British Columbia Canada",https://wework.wd1.myworkdayjobs.com/WeWork/job/Vancouver-British-Columbia-Canada/Community-Lead--Bentall-2--Vancouver-_JR-0064162,Posted 22 Days Ago,no,https://wework.wd1.myworkdayjobs.com/WeWork
WeWork,"Community Lead, 625 Mass Ave","Cambridge, MA United States of America",https://wework.wd1.myworkdayjobs.com/WeWork/job/Cambridge-MA-United-States-of-America/Community-Lead--625-Mass-Ave_JR-0064163,Posted 22 Days Ago,no,https://wework.wd1.myworkdayjobs.com/WeWork
WeWork,"Community Lead, One Lincoln Street","Boston, MA United States of America",https://wework.wd1.myworkdayjobs.com/WeWork/job/Boston-MA-United-States-of-America/Community-Lead--One-Lincoln-Street_JR-0064164,Posted 22 Days Ago,no,https://wework.wd1.myworkdayjobs.com/WeWork
WeWork,"Part-Time Community Associate, 800 N High Street","Columbus, OH United States of America",https://wework.wd1.myworkdayjobs.com/WeWork/job/Columbus-OH-United-States-of-America/Part-Time-Community-Associate--800-N-High-Street_JR-0064131,Posted 22 Days Ago,no,https://wework.wd1.myworkdayjobs.com/WeWork
WeWork,Sales Development Representative - SEA & Australia (Vietnamese Speaking),Singapore,https://wework.wd1.myworkdayjobs.com/WeWork/job/Singapore/Sales-Development-Representative---SEA---Australia--Vietnamese-Speaking-_JR-0064152,Posted 22 Days Ago,yes,https://wework.wd1.myworkdayjobs.com/WeWork
WeWork,"Contracts Manager, SEA and Australia",Singapore,https://wework.wd1.myworkdayjobs.com/WeWork/job/Singapore/Contracts-Manager--SEA-and-Australia_JR-0064147,Posted 24 Days Ago,no,https://wework.wd1.myworkdayjobs.com/WeWork
WeWork,"Front Desk Associate, Dublin","Dublin, Ireland",https://wework.wd1.myworkdayjobs.com/WeWork/job/Dublin-Ireland/Front-Desk-Associate_JR-0063801,Posted 28 Days Ago,no,https://wework.wd1.myworkdayjobs.com/WeWork
WeWork,"Community Lead, Clearfork (Fort Worth)","Fort Worth, TX United States of America",https://wework.wd1.myworkdayjobs.com/WeWork/job/Fort-Worth-TX-United-States-of-America/Community-Lead--Clearfork--Fort-Worth-_JR-0064116,Posted 29 Days Ago,no,https://wework.wd1.myworkdayjobs.com/WeWork
WeWork,"Community Associate, One Beacon Street","Boston, MA United States of America",https://wework.wd1.myworkdayjobs.com/WeWork/job/Boston-MA-United-States-of-America/Community-Associate--One-Beacon-Street_JR-0064119-1,Posted 29 Days Ago,no,https://wework.wd1.myworkdayjobs.com/WeWork
WeWork,Community Associate,"Rio de Janeiro, Brazil",https://wework.wd1.myworkdayjobs.com/WeWork/job/Rio-de-Janeiro-Brazil/Community-Associate_JR-0064106,Posted 30 Days Ago,no,https://wework.wd1.myworkdayjobs.com/WeWork
WeWork,Community Associate,"Munich, Germany",https://wework.wd1.myworkdayjobs.com/WeWork/job/Munich-Germany/Community-Associate_JR-0064076-1,Posted 30+ Days Ago,no,https://wework.wd1.myworkdayjobs.com/WeWork
WeWork,Community Lead,"Mexico City, Mexico",https://wework.wd1.myworkdayjobs.com/WeWork/job/Mexico-City-Mexico/Community-Lead_JR-0064057,Posted 30+ Days Ago,no,https://wework.wd1.myworkdayjobs.com/WeWork
WeWork,Community Lead,"Mexico City, Mexico",https://wework.wd1.myworkdayjobs.com/WeWork/job/Mexico-City-Mexico/Community-Lead_JR-0063989-1,Posted 30+ Days Ago,no,https://wework.wd1.myworkdayjobs.com/WeWork
WeWork,"Senior Manager, Field Marketing","Mexico City, Mexico",https://wework.wd1.myworkdayjobs.com/WeWork/job/Mexico-City-Mexico/Senior-Manager--Field-Marketing_JR-0064060-1,Posted 30+ Days Ago,yes,https://wework.wd1.myworkdayjobs.com/WeWork
WeWork,Director of Enterprise and Broker programs,"London, United Kingdom",https://wework.wd1.myworkdayjobs.com/WeWork/job/London-United-Kingdom/Director--International-Marketing--Enterprise---Broker-Programs_JR-0063643,Posted 30+ Days Ago,no,https://wework.wd1.myworkdayjobs.com/WeWork
WeWork,Community Lead,"Paris, France",https://wework.wd1.myworkdayjobs.com/WeWork/job/Paris-France/Community-Lead_JR-0063898-1,Posted 30+ Days Ago,no,https://wework.wd1.myworkdayjobs.com/WeWork
WeWork,"Community Associate, Seoul - 12 months contract","Seoul, Republic of Korea",https://wework.wd1.myworkdayjobs.com/WeWork/job/Seoul-Republic-of-Korea/Community-Associate--Seoul---12-months-contract_JR-0063902,Posted 30+ Days Ago,no,https://wework.wd1.myworkdayjobs.com/WeWork
WeWork,Community Lead,"Berlin, Germany",https://wework.wd1.myworkdayjobs.com/WeWork/job/Berlin-Germany/Community-Lead_JR-0063859-1,Posted 30+ Days Ago,no,https://wework.wd1.myworkdayjobs.com/WeWork
WeWork,Leasing Manager,"Amsterdam, Netherlands",https://wework.wd1.myworkdayjobs.com/WeWork/job/Amsterdam-Netherlands/Leasing-Manager_JR-0063599,Posted 30+ Days Ago,no,https://wework.wd1.myworkdayjobs.com/WeWork
WeWork,"Senior Manager, Payroll - EMEA and APAC","London, United Kingdom",https://wework.wd1.myworkdayjobs.com/WeWork/job/London-United-Kingdom/Senior-Manager--Payroll---EMEA-and-APAC_JR-0063463,Posted 30+ Days Ago,no,https://wework.wd1.myworkdayjobs.com/WeWork
WeWork,"Community Lead, Seoul","Seoul, Republic of Korea",https://wework.wd1.myworkdayjobs.com/WeWork/job/Seoul-Republic-of-Korea/Community-Lead--Seoul_JR-0062960,Posted 30+ Days Ago,no,https://wework.wd1.myworkdayjobs.com/WeWork
