company,title,location,url,link_status,link_http,posted_at,first_seen,days_open,role_group,focus,ats,segment,state,tier,job_key
AppFolio,Account Executive - Corporate,"Remote - California, United States",https://jobs.jobvite.com/appfolio-internal/job/ofuzAfwC,live,200,,2026-09-24,6,sales,sales,jobvite,Property Management Software,California,A,jobvite:appfolio-internal:ofuzAfwC
AppFolio,Account Executive - SMB,"Santa Barbara, California",https://jobs.jobvite.com/appfolio-internal/job/obaXyfwA,live,200,,2026-09-24,6,sales,sales,jobvite,Property Management Software,California,A,jobvite:appfolio-internal:obaXyfwA
AppFolio,Account Executive - SMB IM,3 Locations,https://jobs.jobvite.com/appfolio-internal/job/oumCAfwM,live,200,,2026-09-24,6,sales,sales,jobvite,Property Management Software,California,A,jobvite:appfolio-internal:oumCAfwM
AppFolio,Business Development Representative - SMB,"Santa Barbara, California",https://jobs.jobvite.com/appfolio-internal/job/o1Rgzfwr,live,200,,2026-09-24,6,sales,sales,jobvite,Property Management Software,California,A,jobvite:appfolio-internal:o1Rgzfwr
AppFolio,Business Development Representative - SMB,"Dallas, Texas",https://jobs.jobvite.com/appfolio-internal/job/oPPgzfwd,live,200,,2026-09-30,0,sales,sales,jobvite,Property Management Software,California,A,jobvite:appfolio-internal:oPPgzfwd
AppFolio,Business Development Representative - Upmarket,"Dallas, Texas",https://jobs.jobvite.com/appfolio-internal/job/owWhzfw2,live,200,,2026-09-24,6,sales,sales,jobvite,Property Management Software,California,A,jobvite:appfolio-internal:owWhzfw2
AppFolio,Corporate Counsel,"Santa Barbara, California",https://jobs.jobvite.com/appfolio-internal/job/o7QHAfwY,not checked (out of scope),0,,2026-09-24,6,,,jobvite,Property Management Software,California,A,jobvite:appfolio-internal:o7QHAfwY
AppFolio,Data Migration Specialist II,"Remote, United States",https://jobs.jobvite.com/appfolio-internal/job/ou0zAfwn,not checked (out of scope),0,,2026-09-24,6,,,jobvite,Property Management Software,California,A,jobvite:appfolio-internal:ou0zAfwn
AppFolio,Enterprise Account Executive,3 Locations,https://jobs.jobvite.com/appfolio-internal/job/o4KBAfwJ,live,200,,2026-09-24,6,sales,sales,jobvite,Property Management Software,California,A,jobvite:appfolio-internal:o4KBAfwJ
AppFolio,Growth Account Executive - Mid-Market,4 Locations,https://jobs.jobvite.com/appfolio-internal/job/oN6LAfwY,live,200,,2026-09-24,6,sales,sales,jobvite,Property Management Software,California,A,jobvite:appfolio-internal:oN6LAfwY
AppFolio,Growth Account Executive - SMB,3 Locations,https://jobs.jobvite.com/appfolio-internal/job/ojIGzfw0,live,200,,2026-09-24,6,sales,sales,jobvite,Property Management Software,California,A,jobvite:appfolio-internal:ojIGzfw0
AppFolio,Growth Account Executive - Strategic,"Remote, United States",https://jobs.jobvite.com/appfolio-internal/job/oX6LAfw8,live,200,,2026-09-24,6,sales,sales,jobvite,Property Management Software,California,A,jobvite:appfolio-internal:oX6LAfw8
AppFolio,Horizon Business Development Representative,"Dallas, Texas",https://jobs.jobvite.com/appfolio-internal/job/oS6EAfwW,live,200,,2026-09-24,6,sales,sales,jobvite,Property Management Software,California,A,jobvite:appfolio-internal:oS6EAfwW
AppFolio,Inbound Sales Representative,"Columbus, Ohio",https://jobs.jobvite.com/appfolio-internal/job/ows5zfwm,live,200,,2026-09-24,6,sales,sales,jobvite,Property Management Software,California,A,jobvite:appfolio-internal:ows5zfwm
AppFolio,"Manager, Business Development","Dallas, Texas",https://jobs.jobvite.com/appfolio-internal/job/oltHAfwP,live,200,,2026-09-24,6,sales,sales,jobvite,Property Management Software,California,A,jobvite:appfolio-internal:oltHAfwP
AppFolio,"Manager, Growth Sales - Mid-Market",3 Locations,https://jobs.jobvite.com/appfolio-internal/job/om6LAfwx,live,200,,2026-09-24,6,sales,sales,jobvite,Property Management Software,California,A,jobvite:appfolio-internal:om6LAfwx
AppFolio,"Manager, Growth Sales - SMB",3 Locations,https://jobs.jobvite.com/appfolio-internal/job/oc6LAfwn,live,200,,2026-09-24,6,sales,sales,jobvite,Property Management Software,California,A,jobvite:appfolio-internal:oc6LAfwn
AppFolio,"Manager, Upmarket Business Development","Dallas, Texas",https://jobs.jobvite.com/appfolio-internal/job/oQuGAfwk,live,200,,2026-09-24,6,sales,sales,jobvite,Property Management Software,California,A,jobvite:appfolio-internal:oQuGAfwk
AppFolio,Principal Machine Learning Engineer,3 Locations,https://jobs.jobvite.com/appfolio-internal/job/oHM2zfwO,live,200,,2026-09-24,6,engineering,eng,jobvite,Property Management Software,California,A,jobvite:appfolio-internal:oHM2zfwO
AppFolio,Sr. Machine Learning Engineer,9 Locations,https://jobs.jobvite.com/appfolio-internal/job/o2KCAfwI,live,200,,2026-09-24,6,engineering,eng,jobvite,Property Management Software,California,A,jobvite:appfolio-internal:o2KCAfwI
AppFolio,Sr. Product Adoption Specialist (Affordable Housing),3 Locations,https://jobs.jobvite.com/appfolio-internal/job/o6jaAfwT,not checked (out of scope),0,,2026-09-24,6,,,jobvite,Property Management Software,California,A,jobvite:appfolio-internal:o6jaAfwT
AppFolio,Sr. Software Engineer - Affordable Housing,9 Locations,https://jobs.jobvite.com/appfolio-internal/job/of3MAfwo,live,200,,2026-09-24,6,engineering,eng,jobvite,Property Management Software,California,A,jobvite:appfolio-internal:of3MAfwo
AppFolio,Sr. Software Engineer - Platform Permissions,8 Locations,https://jobs.jobvite.com/appfolio-internal/job/oe3MAfwn,live,200,,2026-09-24,6,engineering,eng,jobvite,Property Management Software,California,A,jobvite:appfolio-internal:oe3MAfwn
AppFolio,Staff Machine Learning Engineer,4 Locations,https://jobs.jobvite.com/appfolio-internal/job/onsbAfwk,live,200,,2026-09-24,6,engineering,eng,jobvite,Property Management Software,California,A,jobvite:appfolio-internal:onsbAfwk
AppFolio,Staff Machine Learning Engineer - Leasing,8 Locations,https://jobs.jobvite.com/appfolio-internal/job/oVDkAfwc,not checked (out of scope),0,,2026-09-24,6,,ops,jobvite,Property Management Software,California,A,jobvite:appfolio-internal:oVDkAfwc
AppFolio,Staff Software Engineer - Resident Concierge,9 Locations,https://jobs.jobvite.com/appfolio-internal/job/o0ggzfwP,live,200,,2026-09-24,6,engineering,eng,jobvite,Property Management Software,California,A,jobvite:appfolio-internal:o0ggzfwP
AppFolio,User Experience Designer,9 Locations,https://jobs.jobvite.com/appfolio-internal/job/obtIAfwG,not checked (out of scope),0,,2026-09-24,6,,,jobvite,Property Management Software,California,A,jobvite:appfolio-internal:obtIAfwG
AppFolio,"VP, Total Rewards",9 Locations,https://jobs.jobvite.com/appfolio-internal/job/oMcIAfw0,live,200,,2026-09-24,6,executive,,jobvite,Property Management Software,California,A,jobvite:appfolio-internal:oMcIAfw0
AppFolio,Vulnerability Management Specialist 9 Locations,Sr. Staff IT Enterprise Architect,https://jobs.jobvite.com/appfolio-internal/job/oqDPAfwc,not checked (out of scope),0,,2026-09-28,2,,,jobvite,Property Management Software,California,A,jobvite:appfolio-internal:oqDPAfwc
Belong,Concierge,"Buenos Aires, Buenos Aires, Argentina",https://apply.workable.com/belong-6/j/517F45D424/,not checked (out of scope),0,2026-05-14,2026-09-28,2,,,workable,SFR Property Management,California,A,workable:belong-6:517F45D424
Belong,Escalation Specialist,"Buenos Aires, Buenos Aires, Argentina",https://apply.workable.com/belong-6/j/1A7C43DCAF/,not checked (out of scope),0,2026-06-10,2026-09-28,2,,,workable,SFR Property Management,California,A,workable:belong-6:1A7C43DCAF
Belong,Experience Manager,"Buenos Aires, Buenos Aires, Argentina",https://apply.workable.com/belong-6/j/58A905AB9D/,not checked (out of scope),0,2026-07-08,2026-09-28,2,,,workable,SFR Property Management,California,A,workable:belong-6:58A905AB9D
Belong,"Growth Advisor, Leasing","Buenos Aires, Buenos Aires, Argentina",https://apply.workable.com/belong-6/j/996A05186B/,not checked (out of scope),0,2026-09-30,2026-09-28,2,,ops,workable,SFR Property Management,California,A,workable:belong-6:996A05186B
Belong,People Program Manager,"Buenos Aires, Buenos Aires, Argentina",https://apply.workable.com/belong-6/j/D64BC859B8/,not checked (out of scope),0,2026-09-25,2026-09-28,2,,,workable,SFR Property Management,California,A,workable:belong-6:D64BC859B8
Belong,Senior Accountant,"Buenos Aires, Buenos Aires, Argentina",https://apply.workable.com/belong-6/j/24F57D7BFE/,not checked (out of scope),0,2026-09-17,2026-09-28,2,,,workable,SFR Property Management,California,A,workable:belong-6:24F57D7BFE
Boom,Associate Product Manager,"Austin, TX",https://www.linkedin.com/jobs/view/4441018131/,not checked (out of scope),0,2026-07-21,2026-09-24,6,,product,linkedin,Rent Reporting / Screening / Leasing CRM,Texas,A,linkedin:boompay:4441018131
Boom,Customer Success Manager,"Austin, TX",https://www.linkedin.com/jobs/view/4384724382/,live,200,2026-09-28,2026-09-24,6,gtm,customer,linkedin,Rent Reporting / Screening / Leasing CRM,Texas,A,linkedin:boompay:4384724382
Boom,Director of Support,"Austin, TX",https://www.linkedin.com/jobs/view/4421186535/,not checked (out of scope),0,2026-09-21,2026-09-24,6,,customer,linkedin,Rent Reporting / Screening / Leasing CRM,Texas,A,linkedin:boompay:4421186535
Boom,GTM - Senior Business Development Representative,"Austin, TX",https://www.linkedin.com/jobs/view/4466627132/,live,200,2026-09-17,2026-09-24,6,sales,sales,linkedin,Rent Reporting / Screening / Leasing CRM,Texas,A,linkedin:boompay:4466627132
Boom,Talent Network - don't see the role you are looking for but you're interested in Boom? - apply here!,"Austin, TX",https://www.linkedin.com/jobs/view/4461414227/,not checked (out of scope),0,2026-09-04,2026-09-24,6,,,linkedin,Rent Reporting / Screening / Leasing CRM,Texas,A,linkedin:boompay:4461414227
ButterflyMX,Channel Sales Territory Manager,US Remote ,https://jobs.ashbyhq.com/butterflymx/c453712d-20aa-4834-af5e-c80fb3a294f1,live,200,2026-09-08,2026-09-24,6,sales,sales,ashby,Smart Access / Intercom Systems,New York,A,ashby:butterflymx:c453712d-20aa-4834-af5e-c80fb3a294f1
ButterflyMX,Channel Sales Territory Manager,California ,https://jobs.ashbyhq.com/butterflymx/166085d4-004e-4683-b41c-b55b51652fac,live,200,2026-09-01,2026-09-24,6,sales,sales,ashby,Smart Access / Intercom Systems,New York,A,ashby:butterflymx:166085d4-004e-4683-b41c-b55b51652fac
ButterflyMX,Channel Sales Territory Manager,Denver,https://jobs.ashbyhq.com/butterflymx/039b5261-a185-47ea-9f92-1a096f7e54aa,live,200,2026-09-03,2026-09-24,6,sales,sales,ashby,Smart Access / Intercom Systems,New York,A,ashby:butterflymx:039b5261-a185-47ea-9f92-1a096f7e54aa
ButterflyMX,Channel Sales Territory Manager,Oregon,https://jobs.ashbyhq.com/butterflymx/f61aa023-9534-4e77-ab80-1f103d1d37f4,live,200,2026-09-08,2026-09-24,6,sales,sales,ashby,Smart Access / Intercom Systems,New York,A,ashby:butterflymx:f61aa023-9534-4e77-ab80-1f103d1d37f4
ButterflyMX,Channel Sales Territory Manager,Washington,https://jobs.ashbyhq.com/butterflymx/553ee469-c57d-4179-aa21-9683d85ae967,live,200,2026-09-08,2026-09-24,6,sales,sales,ashby,Smart Access / Intercom Systems,New York,A,ashby:butterflymx:553ee469-c57d-4179-aa21-9683d85ae967
ButterflyMX,Channel Sales Territory Manager,Nevada,https://jobs.ashbyhq.com/butterflymx/4729cd96-7577-41cd-96f9-c980f92069ba,live,200,2026-09-08,2026-09-24,6,sales,sales,ashby,Smart Access / Intercom Systems,New York,A,ashby:butterflymx:4729cd96-7577-41cd-96f9-c980f92069ba
ButterflyMX,Channel Sales Territory Manager,Utah,https://jobs.ashbyhq.com/butterflymx/44343ef2-19aa-425a-a50e-996d7a69ef41,live,200,2026-09-08,2026-09-24,6,sales,sales,ashby,Smart Access / Intercom Systems,New York,A,ashby:butterflymx:44343ef2-19aa-425a-a50e-996d7a69ef41
ButterflyMX,Channel Sales Territory Manager,Arizona,https://jobs.ashbyhq.com/butterflymx/828aa0d3-4fd1-42f3-bb29-ef96aa7e00bb,live,200,2026-09-08,2026-09-24,6,sales,sales,ashby,Smart Access / Intercom Systems,New York,A,ashby:butterflymx:828aa0d3-4fd1-42f3-bb29-ef96aa7e00bb
ButterflyMX,Director of Information Technology,NYC Headquarters ,https://jobs.ashbyhq.com/butterflymx/645df0f0-4002-402c-b17a-8616de18ef92,not checked (out of scope),0,2026-07-17,2026-09-24,6,,leadership,ashby,Smart Access / Intercom Systems,New York,A,ashby:butterflymx:645df0f0-4002-402c-b17a-8616de18ef92
ButterflyMX,"Director, AI Strategy & Transformation",US Remote ,https://jobs.ashbyhq.com/butterflymx/3834c6df-0292-4c85-b035-c16fb1f22541,not checked (out of scope),0,2026-07-21,2026-09-24,6,,leadership,ashby,Smart Access / Intercom Systems,New York,A,ashby:butterflymx:3834c6df-0292-4c85-b035-c16fb1f22541
ButterflyMX,Firmware Engineer,Irvine Office/Warehouse ,https://jobs.ashbyhq.com/butterflymx/6c7e9c7e-e244-4aeb-8d0c-c00aa1154234,live,200,2026-09-15,2026-09-24,6,engineering,eng,ashby,Smart Access / Intercom Systems,New York,A,ashby:butterflymx:6c7e9c7e-e244-4aeb-8d0c-c00aa1154234
ButterflyMX,GRC Engineer,NYC Headquarters ,https://jobs.ashbyhq.com/butterflymx/4cf27e51-ff48-4d42-b764-6725905c41c0,live,200,2026-07-07,2026-09-24,6,engineering,eng,ashby,Smart Access / Intercom Systems,New York,A,ashby:butterflymx:4cf27e51-ff48-4d42-b764-6725905c41c0
ButterflyMX,GRC Engineer,US Remote ,https://jobs.ashbyhq.com/butterflymx/b6fc5622-af7e-4176-a21a-7303846072c0,live,200,2026-08-05,2026-09-24,6,engineering,eng,ashby,Smart Access / Intercom Systems,New York,A,ashby:butterflymx:b6fc5622-af7e-4176-a21a-7303846072c0
ButterflyMX,Hardware Engineering Technician,Irvine Office/Warehouse ,https://jobs.ashbyhq.com/butterflymx/0e377112-e3b2-41cd-8bc5-c5450d6ab2e7,not checked (out of scope),0,2026-09-15,2026-09-24,6,,eng,ashby,Smart Access / Intercom Systems,New York,A,ashby:butterflymx:0e377112-e3b2-41cd-8bc5-c5450d6ab2e7
ButterflyMX,"Manager, Software Engineering",US Remote ,https://jobs.ashbyhq.com/butterflymx/fa4e4dcb-a5e7-432a-a600-858848a21165,live,200,2026-06-15,2026-09-24,6,engineering,eng,ashby,Smart Access / Intercom Systems,New York,A,ashby:butterflymx:fa4e4dcb-a5e7-432a-a600-858848a21165
ButterflyMX,Principal AI-Native Software Engineer,US Remote ,https://jobs.ashbyhq.com/butterflymx/7810fd75-c722-4596-8b43-b2db3da4f490,live,200,2026-08-17,2026-09-24,6,engineering,eng,ashby,Smart Access / Intercom Systems,New York,A,ashby:butterflymx:7810fd75-c722-4596-8b43-b2db3da4f490
ButterflyMX,"Principal Product Manager, Mobile",US Remote ,https://jobs.ashbyhq.com/butterflymx/fbef2dbc-122b-4ae7-b3cc-93f4d427394f,not checked (out of scope),0,2026-09-21,2026-09-24,6,,product,ashby,Smart Access / Intercom Systems,New York,A,ashby:butterflymx:fbef2dbc-122b-4ae7-b3cc-93f4d427394f
ButterflyMX,Sales Account Executive,US Remote ,https://jobs.ashbyhq.com/butterflymx/0726d861-9b50-480e-b74e-f8f02ee613fa,live,200,2026-08-14,2026-09-24,6,sales,sales,ashby,Smart Access / Intercom Systems,New York,A,ashby:butterflymx:0726d861-9b50-480e-b74e-f8f02ee613fa
ButterflyMX,Sales Account Executive (Hybrid),NYC Headquarters ,https://jobs.ashbyhq.com/butterflymx/10d8b77f-ea90-4714-9481-1ab0656fc355,live,200,2026-09-08,2026-09-24,6,sales,sales,ashby,Smart Access / Intercom Systems,New York,A,ashby:butterflymx:10d8b77f-ea90-4714-9481-1ab0656fc355
ButterflyMX,Sr. Security Engineer,NYC Headquarters ,https://jobs.ashbyhq.com/butterflymx/ed40d382-a526-4a00-82b3-737ac1627961,live,200,2026-07-07,2026-09-24,6,engineering,eng,ashby,Smart Access / Intercom Systems,New York,A,ashby:butterflymx:ed40d382-a526-4a00-82b3-737ac1627961
ButterflyMX,Staff Product Designer,US Remote ,https://jobs.ashbyhq.com/butterflymx/5bb10b58-c7ab-4bd0-b24d-b36d7325db15,not checked (out of scope),0,2026-07-15,2026-09-24,6,,,ashby,Smart Access / Intercom Systems,New York,A,ashby:butterflymx:5bb10b58-c7ab-4bd0-b24d-b36d7325db15
ButterflyMX,Vice President of Data,US Remote ,https://jobs.ashbyhq.com/butterflymx/f71674ae-e2e9-4116-91fd-341cccd0407d,live,200,2026-07-23,2026-09-24,6,executive,leadership,ashby,Smart Access / Intercom Systems,New York,A,ashby:butterflymx:f71674ae-e2e9-4116-91fd-341cccd0407d
Cherre,General Role,"New York, New York",https://jobs.lever.co/cherre/8ff8ee51-077c-41eb-b482-bed7fef233a0,not checked (out of scope),0,2022-03-18,2026-09-24,6,,,lever,Real Estate Data Integration Platform,New York,A,lever:cherre:8ff8ee51-077c-41eb-b482-bed7fef233a0
Digible,Account Executive - Digital Marketing,Remote,https://job-boards.greenhouse.io/digible/jobs/6123850004,live,200,2026-07-23,2026-09-24,6,sales,sales,greenhouse,Multifamily Marketing Agency/Tech,Colorado,A,greenhouse:digible:6123850004
Digible,Insights & Analytics Strategist,Remote,https://job-boards.greenhouse.io/digible/jobs/6134867004,not checked (out of scope),0,2026-08-04,2026-09-24,6,,,greenhouse,Multifamily Marketing Agency/Tech,Colorado,A,greenhouse:digible:6134867004
Digible,SEO Strategist,Remote,https://job-boards.greenhouse.io/digible/jobs/6206113004,not checked (out of scope),0,2026-09-22,2026-09-24,6,,,greenhouse,Multifamily Marketing Agency/Tech,Colorado,A,greenhouse:digible:6206113004
Digible,Senior Account Manager,Remote,https://job-boards.greenhouse.io/digible/jobs/6208273004,open per job board; link check failed (HTTP n/a),0,2026-09-24,2026-09-28,2,gtm,customer,greenhouse,Multifamily Marketing Agency/Tech,Colorado,A,greenhouse:digible:6208273004
Digible,Senior Analytics Engineer,Remote,https://job-boards.greenhouse.io/digible/jobs/6134872004,live,200,2026-08-04,2026-09-24,6,engineering,eng,greenhouse,Multifamily Marketing Agency/Tech,Colorado,A,greenhouse:digible:6134872004
Digible,Senior Product Manager,Remote,https://job-boards.greenhouse.io/digible/jobs/6143696004,not checked (out of scope),0,2026-08-13,2026-09-24,6,,product,greenhouse,Multifamily Marketing Agency/Tech,Colorado,A,greenhouse:digible:6143696004
Digible,Staff Software Engineer,Remote,https://job-boards.greenhouse.io/digible/jobs/6128276004,live,200,2026-07-27,2026-09-24,6,engineering,eng,greenhouse,Multifamily Marketing Agency/Tech,Colorado,A,greenhouse:digible:6128276004
Entrata,AI Software Engineer,"Pune, India",https://jobs.lever.co/entrata/02add165-9c1b-460d-854e-deab8e2ceb24,live,200,2026-09-30,2026-09-30,0,engineering,eng,lever,Property Management Software (AI leasing/payments),Utah,A,lever:entrata:02add165-9c1b-460d-854e-deab8e2ceb24
Entrata,Account Manager,"Lehi, Utah",https://jobs.lever.co/entrata/52176cdb-5728-45af-871d-4a76b4de59b1,live,200,2026-08-17,2026-09-24,6,gtm,customer,lever,Property Management Software (AI leasing/payments),Utah,A,lever:entrata:52176cdb-5728-45af-871d-4a76b4de59b1
Entrata,Account Manager  | Central Region,"Dallas, TX",https://jobs.lever.co/entrata/783606d7-d165-4c85-b7c2-9a0c887f50d9,live,200,2026-09-14,2026-09-28,2,gtm,customer,lever,Property Management Software (AI leasing/payments),Utah,A,lever:entrata:783606d7-d165-4c85-b7c2-9a0c887f50d9
Entrata,Background Verification Analyst,United States,https://jobs.lever.co/entrata/8e43b482-7866-4341-80b9-d7ad3f5a7be9,not checked (out of scope),0,2026-05-27,2026-09-24,6,,,lever,Property Management Software (AI leasing/payments),Utah,A,lever:entrata:8e43b482-7866-4341-80b9-d7ad3f5a7be9
Entrata,Background Verification Analyst (Spanish Speaking),United States,https://jobs.lever.co/entrata/becf7d8b-b26c-4532-8ff1-47d386270d4c,not checked (out of scope),0,2025-09-29,2026-09-24,6,,,lever,Property Management Software (AI leasing/payments),Utah,A,lever:entrata:becf7d8b-b26c-4532-8ff1-47d386270d4c
Entrata,Carrier Relations Manager,"Lehi, Utah",https://jobs.lever.co/entrata/8cc8eddf-e43e-4916-b44b-e6c961a5c7cf,not checked (out of scope),0,2026-09-28,2026-09-30,0,,,lever,Property Management Software (AI leasing/payments),Utah,A,lever:entrata:8cc8eddf-e43e-4916-b44b-e6c961a5c7cf
Entrata,Customer Success Manager,"Lehi, Utah",https://jobs.lever.co/entrata/3c71a400-0f1a-4609-94e0-551df38f891f,live,200,2021-12-07,2026-09-28,2,gtm,customer,lever,Property Management Software (AI leasing/payments),Utah,A,lever:entrata:3c71a400-0f1a-4609-94e0-551df38f891f
Entrata,"Director of Engineering, Payments","Lehi, Utah",https://jobs.lever.co/entrata/244e6927-2772-4fa6-8a1f-e053d0ea9810,live,200,2026-08-06,2026-09-24,6,engineering,leadership,lever,Property Management Software (AI leasing/payments),Utah,A,lever:entrata:244e6927-2772-4fa6-8a1f-e053d0ea9810
Entrata,Enterprise Inside Sales Executive,"Lehi, Utah",https://jobs.lever.co/entrata/b5f583d7-97ad-4526-bf5f-640449cf1c04,live,200,2026-07-27,2026-09-24,6,sales,sales,lever,Property Management Software (AI leasing/payments),Utah,A,lever:entrata:b5f583d7-97ad-4526-bf5f-640449cf1c04
Entrata,Implementation Project Manager,United States,https://jobs.lever.co/entrata/8d97730a-3833-449e-8637-a7af26d562fb,not checked (out of scope),0,2023-10-11,2026-09-24,6,,customer,lever,Property Management Software (AI leasing/payments),Utah,A,lever:entrata:8d97730a-3833-449e-8637-a7af26d562fb
Entrata,India Contact Center Professional,"Pune, India",https://jobs.lever.co/entrata/d76ca49c-31ce-44d0-a481-a84d6e9a0d14,not checked (out of scope),0,2025-11-27,2026-09-24,6,,,lever,Property Management Software (AI leasing/payments),Utah,A,lever:entrata:d76ca49c-31ce-44d0-a481-a84d6e9a0d14
Entrata,Invoice Acquisition Specialist,"Lehi, Utah",https://jobs.lever.co/entrata/5f17c8f8-008b-4ec7-bbd1-e3acdb1c9384,not checked (out of scope),0,2021-12-15,2026-09-30,0,,,lever,Property Management Software (AI leasing/payments),Utah,A,lever:entrata:5f17c8f8-008b-4ec7-bbd1-e3acdb1c9384
Entrata,Invoice Acquisition Specialist,"Pune, India",https://jobs.lever.co/entrata/95cb751f-89e1-4b84-a9b9-c52d88f09a9a,not checked (out of scope),0,2023-07-31,2026-09-24,6,,,lever,Property Management Software (AI leasing/payments),Utah,A,lever:entrata:95cb751f-89e1-4b84-a9b9-c52d88f09a9a
Entrata,"Product Manager, Utilities - Sustainability",United States,https://jobs.lever.co/entrata/d4d62702-7a35-4436-a689-97be9da222e1,not checked (out of scope),0,2026-09-14,2026-09-24,6,,product,lever,Property Management Software (AI leasing/payments),Utah,A,lever:entrata:d4d62702-7a35-4436-a689-97be9da222e1
Entrata,"Regional Vice President of Sales, Canada (IC-Enterprise)",Toronto,https://jobs.lever.co/entrata/1fe6b94d-5d86-4e8e-8272-36857a9b342f,live,200,2026-09-10,2026-09-24,6,executive,sales,lever,Property Management Software (AI leasing/payments),Utah,A,lever:entrata:1fe6b94d-5d86-4e8e-8272-36857a9b342f
Entrata,"Regional Vice President of Sales, Central Region (IC-Enterprise)",Missouri,https://jobs.lever.co/entrata/02480379-5daa-43d7-a6b8-396f2b26df39,live,200,2026-05-22,2026-09-24,6,executive,sales,lever,Property Management Software (AI leasing/payments),Utah,A,lever:entrata:02480379-5daa-43d7-a6b8-396f2b26df39
Entrata,"Regional Vice President of Sales, Central Region (IC-Enterprise)","Dallas, TX",https://jobs.lever.co/entrata/ec44b2d5-088f-4f50-9fd1-8f5e7b6796c0,live,200,2024-01-10,2026-09-24,6,executive,sales,lever,Property Management Software (AI leasing/payments),Utah,A,lever:entrata:ec44b2d5-088f-4f50-9fd1-8f5e7b6796c0
Entrata,"Regional Vice President of Sales, East Region (IC-Enterprise)",Maryland,https://jobs.lever.co/entrata/dd699465-497c-49a2-8720-000db1d1feb0,live,200,2026-04-01,2026-09-24,6,executive,sales,lever,Property Management Software (AI leasing/payments),Utah,A,lever:entrata:dd699465-497c-49a2-8720-000db1d1feb0
Entrata,"Regional Vice President of Sales, West Region (IC-Enterprise)",California,https://jobs.lever.co/entrata/8f6b75c0-5157-4db4-b600-6fa18303e16d,live,200,2026-05-18,2026-09-24,6,executive,sales,lever,Property Management Software (AI leasing/payments),Utah,A,lever:entrata:8f6b75c0-5157-4db4-b600-6fa18303e16d
Entrata,Resident Screening Consultant,United States,https://jobs.lever.co/entrata/5266dc43-7f3e-439d-9273-30a0dbbe8bb3,not checked (out of scope),0,2026-09-04,2026-09-24,6,,,lever,Property Management Software (AI leasing/payments),Utah,A,lever:entrata:5266dc43-7f3e-439d-9273-30a0dbbe8bb3
Entrata,Senior Data Scientist,"Lehi, Utah",https://jobs.lever.co/entrata/52b9ae4f-553a-4f10-92cb-90173595ea82,not checked (out of scope),0,2024-02-28,2026-09-24,6,,eng,lever,Property Management Software (AI leasing/payments),Utah,A,lever:entrata:52b9ae4f-553a-4f10-92cb-90173595ea82
Entrata,Senior Machine Learning Engineer,"Lehi, Utah",https://jobs.lever.co/entrata/d579bade-723d-4429-a1cb-565d15f3dff7,live,200,2025-07-24,2026-09-24,6,engineering,eng,lever,Property Management Software (AI leasing/payments),Utah,A,lever:entrata:d579bade-723d-4429-a1cb-565d15f3dff7
Entrata,Senior Payment Specialist,United States,https://jobs.lever.co/entrata/c72997ba-5b1b-4028-88b2-cf5840e4a053,not checked (out of scope),0,2026-04-22,2026-09-24,6,,,lever,Property Management Software (AI leasing/payments),Utah,A,lever:entrata:c72997ba-5b1b-4028-88b2-cf5840e4a053
Entrata,Senior Technical Support Representative,United States,https://jobs.lever.co/entrata/11444128-f2b9-4af6-88a4-109859f182b8,not checked (out of scope),0,2026-03-31,2026-09-28,2,,customer,lever,Property Management Software (AI leasing/payments),Utah,A,lever:entrata:11444128-f2b9-4af6-88a4-109859f182b8
Entrata,Software Engineer,"Pune, India",https://jobs.lever.co/entrata/661bbcc5-3514-4ba3-b616-8838da6c53ec,live,200,2022-05-12,2026-09-24,6,engineering,eng,lever,Property Management Software (AI leasing/payments),Utah,A,lever:entrata:661bbcc5-3514-4ba3-b616-8838da6c53ec
Entrata,Staff Corporate Security Engineer,"Lehi, Utah",https://jobs.lever.co/entrata/f99da18f-74cc-41dd-a208-26116d53bdd7,live,200,2026-09-01,2026-09-24,6,engineering,eng,lever,Property Management Software (AI leasing/payments),Utah,A,lever:entrata:f99da18f-74cc-41dd-a208-26116d53bdd7
Entrata,Technical Support Representative,United States,https://jobs.lever.co/entrata/6f285ba2-ee23-4bc6-898c-e7f83df34bc4,not checked (out of scope),0,2026-05-18,2026-09-24,6,,customer,lever,Property Management Software (AI leasing/payments),Utah,A,lever:entrata:6f285ba2-ee23-4bc6-898c-e7f83df34bc4
Evernest,Assistant Property Manager,Philippines,https://jobs.lever.co/evernest/5ca4424a-bd4b-4d21-9dd3-964fb3072622,not checked (out of scope),0,2026-09-09,2026-09-24,6,,ops,lever,SFR Property Management,Alabama,A,lever:evernest:5ca4424a-bd4b-4d21-9dd3-964fb3072622
Evernest,Assistant Property Manager,Mexico,https://jobs.lever.co/evernest/d2cb0454-34d7-4b5d-8fc5-858feb126a8f,not checked (out of scope),0,2026-09-09,2026-09-24,6,,ops,lever,SFR Property Management,Alabama,A,lever:evernest:d2cb0454-34d7-4b5d-8fc5-858feb126a8f
Evernest,ITM Leasing Coordinator,Philippines,https://jobs.lever.co/evernest/c1860762-c79e-4f72-95f2-088db4ab51ee,not checked (out of scope),0,2026-09-17,2026-09-24,6,,ops,lever,SFR Property Management,Alabama,A,lever:evernest:c1860762-c79e-4f72-95f2-088db4ab51ee
Evernest,ITM Leasing Coordinator,Mexico,https://jobs.lever.co/evernest/e62c1890-edaa-4e82-82cd-9b93404c5eee,not checked (out of scope),0,2026-09-17,2026-09-24,6,,ops,lever,SFR Property Management,Alabama,A,lever:evernest:e62c1890-edaa-4e82-82cd-9b93404c5eee
Evernest,ITM Resident Services Coordinator,Mexico,https://jobs.lever.co/evernest/3286cdcc-2fc4-4bb3-ac25-b2f493bf7b68,not checked (out of scope),0,2026-09-18,2026-09-24,6,,,lever,SFR Property Management,Alabama,A,lever:evernest:3286cdcc-2fc4-4bb3-ac25-b2f493bf7b68
Evernest,ITM Resident Services Coordinator,Philippines,https://jobs.lever.co/evernest/dece7f58-118c-441e-990b-09ffd7c59fd5,not checked (out of scope),0,2026-09-18,2026-09-24,6,,,lever,SFR Property Management,Alabama,A,lever:evernest:dece7f58-118c-441e-990b-09ffd7c59fd5
Evernest,Investor Real Estate Specialist,"Cleveland, OH",https://jobs.lever.co/evernest/1abea67d-9690-4820-9ca7-bc94bafe1c60,not checked (out of scope),0,2026-08-27,2026-09-24,6,,,lever,SFR Property Management,Alabama,A,lever:evernest:1abea67d-9690-4820-9ca7-bc94bafe1c60
Evernest,Investor Real Estate Specialist,"Columbus, OH",https://jobs.lever.co/evernest/317037eb-5d27-444a-8915-a28380bbf633,not checked (out of scope),0,2026-07-21,2026-09-24,6,,,lever,SFR Property Management,Alabama,A,lever:evernest:317037eb-5d27-444a-8915-a28380bbf633
Evernest,Investor Real Estate Specialist,"Little Rock, AR",https://jobs.lever.co/evernest/b855eda4-96a0-4604-92f7-cce9ccd87efc,not checked (out of scope),0,2026-08-26,2026-09-24,6,,,lever,SFR Property Management,Alabama,A,lever:evernest:b855eda4-96a0-4604-92f7-cce9ccd87efc
Evernest,Multi-Family Property Manager,"Richmond, VA",https://jobs.lever.co/evernest/95c5e38f-cb5c-40c4-9725-d2682e1c3479,not checked (out of scope),0,2026-08-26,2026-09-24,6,,ops,lever,SFR Property Management,Alabama,A,lever:evernest:95c5e38f-cb5c-40c4-9725-d2682e1c3479
Evernest,Property Maintenance Coordinator (Virtual/Remote),Mexico,https://jobs.lever.co/evernest/c868458c-9805-4995-be7c-ffbe25d1c88d,not checked (out of scope),0,2026-08-24,2026-09-24,6,,ops,lever,SFR Property Management,Alabama,A,lever:evernest:c868458c-9805-4995-be7c-ffbe25d1c88d
Evernest,Property Maintenance Coordinator (Virtual/Remote),Philippines,https://jobs.lever.co/evernest/eb3ca9e4-94cb-4268-9dd4-bb5d79285587,not checked (out of scope),0,2026-08-24,2026-09-24,6,,ops,lever,SFR Property Management,Alabama,A,lever:evernest:eb3ca9e4-94cb-4268-9dd4-bb5d79285587
Evernest,Property Manager,Colorado,https://jobs.lever.co/evernest/8b0baa9b-d3bb-4fbc-8d28-f3388be32d93,not checked (out of scope),0,2026-09-24,2026-09-28,2,,ops,lever,SFR Property Management,Alabama,A,lever:evernest:8b0baa9b-d3bb-4fbc-8d28-f3388be32d93
Evernest,Property Manager,"Houston, TX",https://jobs.lever.co/evernest/d97a0e6c-40f6-49b1-8173-09655b242065,not checked (out of scope),0,2026-08-28,2026-09-24,6,,ops,lever,SFR Property Management,Alabama,A,lever:evernest:d97a0e6c-40f6-49b1-8173-09655b242065
Evernest,Senior Maintenance Coordinator (Virtual/Remote),Mexico,https://jobs.lever.co/evernest/82b02a6c-d29c-4be9-9921-d2e585e7e785,not checked (out of scope),0,2026-07-17,2026-09-24,6,,ops,lever,SFR Property Management,Alabama,A,lever:evernest:82b02a6c-d29c-4be9-9921-d2e585e7e785
Flock Homes,Exchange Director (Multifamily + Single Family),"Denver, New York, or San Francisco",https://job-boards.greenhouse.io/flockhomes/jobs/4701569005,not checked (out of scope),0,2026-06-01,2026-09-24,6,,leadership,greenhouse,SFR 1031 Exchange Platform,California,A,greenhouse:flockhomes:4701569005
Flock Homes,Full Stack Software Engineer,San Franciso or Denver,https://job-boards.greenhouse.io/flockhomes/jobs/4719723005,live,200,2026-07-29,2026-09-24,6,engineering,eng,greenhouse,SFR 1031 Exchange Platform,California,A,greenhouse:flockhomes:4719723005
Funnel Leasing,Client Solutions Specialist,United States,https://jobs.ret.vc/companies/funnel-leasing-2/jobs/94461849-94461849-client-solutions-specialist,not checked (out of scope),0,2026-09-23,2026-09-30,0,,,vc:RET Ventures,Multifamily Leasing CRM,New York,A,getro:RET Ventures:94461849
GetCovered,Support Specialist | Revyse,United States; Remote,https://jobs.ret.vc/companies/get-covered/jobs/93452329-93452329-support-specialist-revyse,not checked (out of scope),0,2026-09-17,2026-09-30,0,,customer,vc:RET Ventures,Renters Insurance / PropTech-Insurtech,Colorado,A,getro:RET Ventures:93452329
Greystar,1st Party Debt Collection Specialist,"Remote, United States",https://greystar.wd1.myworkdayjobs.com/External/job/Remote-United-States/XMLNAME-1st-Party-Debt-Collection-Specialist_R0159620,not checked (out of scope),0,,2026-09-24,6,,,workday,Multifamily Property Manager,South Carolina,A,workday:greystar:/job/Remote-United-States/XMLNAME-1st-Party-Debt-Collection-Specialist_R0159620
Greystar,"Analyst, Corporate Finance","City Office Charleston, Charleston, SC",https://greystar.wd1.myworkdayjobs.com/External/job/City-Office-Charleston-Charleston-SC/Analyst--Corporate-Finance_R0198482,not checked (out of scope),0,,2026-09-24,6,,,workday,Multifamily Property Manager,South Carolina,A,workday:greystar:/job/City-Office-Charleston-Charleston-SC/Analyst--Corporate-Finance_R0198482
Greystar,Anaplan COE Model Builder,"Remote, United States",https://greystar.wd1.myworkdayjobs.com/External/job/Remote-United-States/Finance-Analyst--FP-A-Systems---Applications--Anaplan-COE-Model-Builder-_R0188463,not checked (out of scope),0,,2026-09-24,6,,,workday,Multifamily Property Manager,South Carolina,A,workday:greystar:/job/Remote-United-States/Finance-Analyst--FP-A-Systems---Applications--Anaplan-COE-Model-Builder-_R0188463
Greystar,Assistant Project Manager,"City Office Seattle, Seattle, WA",https://greystar.wd1.myworkdayjobs.com/External/job/City-Office-Seattle-Seattle-WA/Assistant-Project-Manager_R0196954,not checked (out of scope),0,,2026-09-24,6,,,workday,Multifamily Property Manager,South Carolina,A,workday:greystar:/job/City-Office-Seattle-Seattle-WA/Assistant-Project-Manager_R0196954
Greystar,"Associate, Marketing Project Management","Remote, United States",https://greystar.wd1.myworkdayjobs.com/External/job/Remote-United-States/Associate--Marketing-Project-Management_R0201211-1,live,200,,2026-09-28,2,gtm,,workday,Multifamily Property Manager,South Carolina,A,workday:greystar:/job/Remote-United-States/Associate--Marketing-Project-Management_R0201211-1
Greystar,CO Hiring Event Tue Sept 29 & Wed Sept 30,"City Office Greenwood Village, Greenwood Village, CO",https://greystar.wd1.myworkdayjobs.com/External/job/City-Office-Greenwood-Village-Greenwood-Village-CO/CO-Hiring-Event-Tue-Sept-29---Wed-Sept-30_R0201001-1,not checked (out of scope),0,,2026-09-24,6,,,workday,Multifamily Property Manager,South Carolina,A,workday:greystar:/job/City-Office-Greenwood-Village-Greenwood-Village-CO/CO-Hiring-Event-Tue-Sept-29---Wed-Sept-30_R0201001-1
Greystar,"Client Services Analyst - Houston, TX","City Office Houston, Houston, TX",https://greystar.wd1.myworkdayjobs.com/External/job/City-Office-Houston-Houston-TX/Client-Services-Analyst---Houston--TX_R0200015,not checked (out of scope),0,,2026-09-24,6,,,workday,Multifamily Property Manager,South Carolina,A,workday:greystar:/job/City-Office-Houston-Houston-TX/Client-Services-Analyst---Houston--TX_R0200015
Greystar,Cloud Platform Engineer,"Remote, United States",https://greystar.wd1.myworkdayjobs.com/External/job/Remote-United-States/Cloud-Platform-Engineer_R0191955,live,200,,2026-09-24,6,engineering,eng,workday,Multifamily Property Manager,South Carolina,A,workday:greystar:/job/Remote-United-States/Cloud-Platform-Engineer_R0191955
Greystar,Construction Manager,"Remote Arizona, Remote Arizona, AZ",https://greystar.wd1.myworkdayjobs.com/External/job/Remote-Arizona-Remote-Arizona-AZ/Construction-Manager_R0202630,not checked (out of scope),0,,2026-09-30,0,,,workday,Multifamily Property Manager,South Carolina,A,workday:greystar:/job/Remote-Arizona-Remote-Arizona-AZ/Construction-Manager_R0202630
Greystar,"Corporate Counsel, Credit Transactions","City Office Charleston, Charleston, SC",https://greystar.wd1.myworkdayjobs.com/External/job/City-Office-Charleston-Charleston-SC/Corporate-Counsel--Credit-Transactions_R0193547,not checked (out of scope),0,,2026-09-24,6,,,workday,Multifamily Property Manager,South Carolina,A,workday:greystar:/job/City-Office-Charleston-Charleston-SC/Corporate-Counsel--Credit-Transactions_R0193547
Greystar,Data Platform Engineer,"Remote, United States",https://greystar.wd1.myworkdayjobs.com/External/job/Remote-United-States/Data-Platform-Engineer_R0196880,live,200,,2026-09-24,6,engineering,eng,workday,Multifamily Property Manager,South Carolina,A,workday:greystar:/job/Remote-United-States/Data-Platform-Engineer_R0196880
Greystar,DataOps Engineer,"Remote, United States",https://greystar.wd1.myworkdayjobs.com/External/job/Remote-United-States/DataOps-Engineer_R0190735,live,200,,2026-09-24,6,engineering,eng,workday,Multifamily Property Manager,South Carolina,A,workday:greystar:/job/Remote-United-States/DataOps-Engineer_R0190735
Greystar,Development Analyst,"City Office Boston, Boston, MA",https://greystar.wd1.myworkdayjobs.com/External/job/City-Office-Boston-Boston-MA/Development-Analyst_R0200731-1,not checked (out of scope),0,,2026-09-28,2,,,workday,Multifamily Property Manager,South Carolina,A,workday:greystar:/job/City-Office-Boston-Boston-MA/Development-Analyst_R0200731-1
Greystar,Development Analyst,"City Office Excelsior, Excelsior, MN",https://greystar.wd1.myworkdayjobs.com/External/job/City-Office-Excelsior-Excelsior-MN/Development-Analyst_R0197523-1,not checked (out of scope),0,,2026-09-24,6,,,workday,Multifamily Property Manager,South Carolina,A,workday:greystar:/job/City-Office-Excelsior-Excelsior-MN/Development-Analyst_R0197523-1
Greystar,Director of Client Services,"City Office South Florida, Ft. Lauderdale, FL",https://greystar.wd1.myworkdayjobs.com/External/job/City-Office-South-Florida-Ft-Lauderdale-FL/Director-of-Client-Services_R0202670,not checked (out of scope),0,,2026-09-30,0,,leadership,workday,Multifamily Property Manager,South Carolina,A,workday:greystar:/job/City-Office-South-Florida-Ft-Lauderdale-FL/Director-of-Client-Services_R0202670
Greystar,Director of Compliance,2 Locations,https://greystar.wd1.myworkdayjobs.com/External/job/City-Office-Charleston-Charleston-SC/Director-of-Compliance_R0195813-1,not checked (out of scope),0,,2026-09-24,6,,leadership,workday,Multifamily Property Manager,South Carolina,A,workday:greystar:/job/City-Office-Charleston-Charleston-SC/Director-of-Compliance_R0195813-1
Greystar,"Director, Business Security Programs",8 Locations,https://greystar.wd1.myworkdayjobs.com/External/job/City-Office-Dallas-Southlake-Southlake-TX/GMS-Business-Security-Leader_R0185496,not checked (out of scope),0,,2026-09-24,6,,leadership,workday,Multifamily Property Manager,South Carolina,A,workday:greystar:/job/City-Office-Dallas-Southlake-Southlake-TX/GMS-Business-Security-Leader_R0185496
Greystar,"Director, Development","City Office Charlotte, Charlotte, NC",https://greystar.wd1.myworkdayjobs.com/External/job/City-Office-Charlotte-Charlotte-NC/Director--Development_R0199378,not checked (out of scope),0,,2026-09-24,6,,leadership,workday,Multifamily Property Manager,South Carolina,A,workday:greystar:/job/City-Office-Charlotte-Charlotte-NC/Director--Development_R0199378
Greystar,"Director, Development",2 Locations,https://greystar.wd1.myworkdayjobs.com/External/job/City-Office-Sacramento-Sacramento-CA/Director--Development_R0194011-1,not checked (out of scope),0,,2026-09-24,6,,leadership,workday,Multifamily Property Manager,South Carolina,A,workday:greystar:/job/City-Office-Sacramento-Sacramento-CA/Director--Development_R0194011-1
Greystar,"Director, Insurance Captive & Accounting","City Office Charleston, Charleston, SC",https://greystar.wd1.myworkdayjobs.com/External/job/City-Office-Charleston-Charleston-SC/Director--Insurance-Captive---Accounting_R0196478-2,not checked (out of scope),0,,2026-09-24,6,,leadership,workday,Multifamily Property Manager,South Carolina,A,workday:greystar:/job/City-Office-Charleston-Charleston-SC/Director--Insurance-Captive---Accounting_R0196478-2
Greystar,"Director, Maintenance Operations - Houston, TX","City Office Houston, Houston, TX",https://greystar.wd1.myworkdayjobs.com/External/job/City-Office-Houston-Houston-TX/Director--Maintenance-Operations---Houston--TX_R0202588,not checked (out of scope),0,,2026-09-30,0,,leadership,workday,Multifamily Property Manager,South Carolina,A,workday:greystar:/job/City-Office-Houston-Houston-TX/Director--Maintenance-Operations---Houston--TX_R0202588
Greystar,"Director, Preconstruction","City Office South Florida, Ft. Lauderdale, FL",https://greystar.wd1.myworkdayjobs.com/External/job/City-Office-South-Florida-Ft-Lauderdale-FL/Director--Preconstruction_R0193469,not checked (out of scope),0,,2026-09-24,6,,leadership,workday,Multifamily Property Manager,South Carolina,A,workday:greystar:/job/City-Office-South-Florida-Ft-Lauderdale-FL/Director--Preconstruction_R0193469
Greystar,"Director, Procurement Governance & Systems – Operations","Remote, United States",https://greystar.wd1.myworkdayjobs.com/External/job/Remote-United-States/Director--Procurement-Governance---Systems---Operations_R0194662,not checked (out of scope),0,,2026-09-24,6,,leadership,workday,Multifamily Property Manager,South Carolina,A,workday:greystar:/job/Remote-United-States/Director--Procurement-Governance---Systems---Operations_R0194662
Greystar,"Director, Real Estate - Conventional Owned Assets","City Office Nashville/Brentwood, Brentwood, TN",https://greystar.wd1.myworkdayjobs.com/External/job/City-Office-NashvilleBrentwood-Brentwood-TN/Director--Real-Estate---Conventional-Owned-Assets_R0199158-1,not checked (out of scope),0,,2026-09-24,6,,leadership,workday,Multifamily Property Manager,South Carolina,A,workday:greystar:/job/City-Office-NashvilleBrentwood-Brentwood-TN/Director--Real-Estate---Conventional-Owned-Assets_R0199158-1
Greystar,Enablement Coordinator,"Remote, United States",https://greystar.wd1.myworkdayjobs.com/External/job/Remote-United-States/Enablement-Coordinator_R0201772,not checked (out of scope),0,,2026-09-24,6,,,workday,Multifamily Property Manager,South Carolina,A,workday:greystar:/job/Remote-United-States/Enablement-Coordinator_R0201772
Greystar,FP&A Associate,"City Office Charleston, Charleston, SC",https://greystar.wd1.myworkdayjobs.com/External/job/City-Office-Charleston-Charleston-SC/FP-A-Associate_R0200733,not checked (out of scope),0,,2026-09-24,6,,,workday,Multifamily Property Manager,South Carolina,A,workday:greystar:/job/City-Office-Charleston-Charleston-SC/FP-A-Associate_R0200733
Greystar,Industrial Superintendent,"City Office Tampa, Tampa, FL",https://greystar.wd1.myworkdayjobs.com/External/job/City-Office-Tampa-Tampa-FL/Industrial-Superintendent_R0202694,not checked (out of scope),0,,2026-09-30,0,,,workday,Multifamily Property Manager,South Carolina,A,workday:greystar:/job/City-Office-Tampa-Tampa-FL/Industrial-Superintendent_R0202694
Greystar,Industrial Superintendent,"City Office Atlanta, Atlanta, GA",https://greystar.wd1.myworkdayjobs.com/External/job/City-Office-Atlanta-Atlanta-GA/Industrial-Superintendent_R0194943,not checked (out of scope),0,,2026-09-24,6,,,workday,Multifamily Property Manager,South Carolina,A,workday:greystar:/job/City-Office-Atlanta-Atlanta-GA/Industrial-Superintendent_R0194943
Greystar,Manager of Client Services - Austin,"City Office Austin, Austin, TX",https://greystar.wd1.myworkdayjobs.com/External/job/City-Office-Austin-Austin-TX/Manager-of-Client-Services---Austin_R0199906,not checked (out of scope),0,,2026-09-24,6,,,workday,Multifamily Property Manager,South Carolina,A,workday:greystar:/job/City-Office-Austin-Austin-TX/Manager-of-Client-Services---Austin_R0199906
Greystar,Manager of Performance Strategy - San Diego & Orange County,"City Office Escondido, Escondido, CA",https://greystar.wd1.myworkdayjobs.com/External/job/City-Office-Escondido-Escondido-CA/Manager-of-Performance-Strategy---San-Diego---Orange-County_R0198987-1,not checked (out of scope),0,,2026-09-24,6,,,workday,Multifamily Property Manager,South Carolina,A,workday:greystar:/job/City-Office-Escondido-Escondido-CA/Manager-of-Performance-Strategy---San-Diego---Orange-County_R0198987-1
Greystar,"Manager, Marketing Strategy - Owned Assets","Remote Colorado, Remote Colorado, CO",https://greystar.wd1.myworkdayjobs.com/External/job/Remote-Colorado-Remote-Colorado-CO/Manager--Marketing-Strategy---Owned-Assets_R0201339,live,200,,2026-09-24,6,gtm,,workday,Multifamily Property Manager,South Carolina,A,workday:greystar:/job/Remote-Colorado-Remote-Colorado-CO/Manager--Marketing-Strategy---Owned-Assets_R0201339
Greystar,Marketing Associate,"City Office Newport, Newport Beach, CA",https://greystar.wd1.myworkdayjobs.com/External/job/City-Office-Newport-Newport-Beach-CA/Marketing-Associate_R0202088,live,200,,2026-09-24,6,gtm,,workday,Multifamily Property Manager,South Carolina,A,workday:greystar:/job/City-Office-Newport-Newport-Beach-CA/Marketing-Associate_R0202088
Greystar,Marketing Associate,"City Office Nashville/Brentwood, Brentwood, TN",https://greystar.wd1.myworkdayjobs.com/External/job/City-Office-NashvilleBrentwood-Brentwood-TN/Marketing-Associate---Nashville_R0200230,live,200,,2026-09-24,6,gtm,,workday,Multifamily Property Manager,South Carolina,A,workday:greystar:/job/City-Office-NashvilleBrentwood-Brentwood-TN/Marketing-Associate---Nashville_R0200230
Greystar,Marketing Associate - Austin - San Antonio,"City Office San Antonio, San Antonio, TX",https://greystar.wd1.myworkdayjobs.com/External/job/City-Office-San-Antonio-San-Antonio-TX/Marketing-Associate---Austin-San-Antonio_R0199993,live,200,,2026-09-24,6,gtm,,workday,Multifamily Property Manager,South Carolina,A,workday:greystar:/job/City-Office-San-Antonio-San-Antonio-TX/Marketing-Associate---Austin-San-Antonio_R0199993
Greystar,Marketing Manager - Austin,"City Office Austin, Austin, TX",https://greystar.wd1.myworkdayjobs.com/External/job/City-Office-Austin-Austin-TX/Marketing-Manager---Austin_R0199991,live,200,,2026-09-24,6,gtm,,workday,Multifamily Property Manager,South Carolina,A,workday:greystar:/job/City-Office-Austin-Austin-TX/Marketing-Manager---Austin_R0199991
Greystar,Microsoft 365 Automation & AI Developer,"Remote, United States",https://greystar.wd1.myworkdayjobs.com/External/job/Remote-United-States/Enterprise-Automation---AI-Developer_R0190068,live,200,,2026-09-24,6,engineering,eng,workday,Multifamily Property Manager,South Carolina,A,workday:greystar:/job/Remote-United-States/Enterprise-Automation---AI-Developer_R0190068
Greystar,Part-time Administrative Assistant / Receptionist,"City Office Modern Living Factory, Knox, PA",https://greystar.wd1.myworkdayjobs.com/External/job/City-Office-Modern-Living-Factory-Knox-PA/Part-time-Administrative-Assistant---Receptionist_R0202349,not checked (out of scope),0,,2026-09-28,2,,,workday,Multifamily Property Manager,South Carolina,A,workday:greystar:/job/City-Office-Modern-Living-Factory-Knox-PA/Part-time-Administrative-Assistant---Receptionist_R0202349
Greystar,Procure-to-Pay Software Support Specialist,"Remote, United States",https://greystar.wd1.myworkdayjobs.com/External/job/Remote-United-States/Procure-to-Pay-Software-Support-Specialist_R0201313,not checked (out of scope),0,,2026-09-24,6,,customer,workday,Multifamily Property Manager,South Carolina,A,workday:greystar:/job/Remote-United-States/Procure-to-Pay-Software-Support-Specialist_R0201313
Greystar,Project Engineer,"City Office Austin, Austin, TX",https://greystar.wd1.myworkdayjobs.com/External/job/City-Office-Austin-Austin-TX/Project-Engineer_R0186248,not checked (out of scope),0,,2026-09-24,6,,eng,workday,Multifamily Property Manager,South Carolina,A,workday:greystar:/job/City-Office-Austin-Austin-TX/Project-Engineer_R0186248
Greystar,Project Manager,"Remote, United States",https://greystar.wd1.myworkdayjobs.com/External/job/Remote-United-States/Project-Manager_R0197608,not checked (out of scope),0,,2026-09-24,6,,,workday,Multifamily Property Manager,South Carolina,A,workday:greystar:/job/Remote-United-States/Project-Manager_R0197608
Greystar,Project Manager - Industrial Construction,"City Office Atlanta, Atlanta, GA",https://greystar.wd1.myworkdayjobs.com/External/job/City-Office-Atlanta-Atlanta-GA/Project-Manager---Industrial-Construction_R0179414,not checked (out of scope),0,,2026-09-24,6,,,workday,Multifamily Property Manager,South Carolina,A,workday:greystar:/job/City-Office-Atlanta-Atlanta-GA/Project-Manager---Industrial-Construction_R0179414
Greystar,Property Accountant - Third Party,"Remote, United States",https://greystar.wd1.myworkdayjobs.com/External/job/Remote-United-States/Property-Accountant_R0164999,not checked (out of scope),0,,2026-09-24,6,,,workday,Multifamily Property Manager,South Carolina,A,workday:greystar:/job/Remote-United-States/Property-Accountant_R0164999
Greystar,Regional Maintenance Manager,"City Office Tampa, Tampa, FL",https://greystar.wd1.myworkdayjobs.com/External/job/City-Office-Tampa-Tampa-FL/Regional-Maintenance-Manager_R0197122,not checked (out of scope),0,,2026-09-24,6,,ops,workday,Multifamily Property Manager,South Carolina,A,workday:greystar:/job/City-Office-Tampa-Tampa-FL/Regional-Maintenance-Manager_R0197122
Greystar,"Regional Maintenance Manager - Denver, CO (Student Living)","Remote Colorado, Remote Colorado, CO",https://greystar.wd1.myworkdayjobs.com/External/job/Remote-Colorado-Remote-Colorado-CO/Regional-Maintenance-Manager---Denver--CO--Student-Living-_R0201213,not checked (out of scope),0,,2026-09-24,6,,ops,workday,Multifamily Property Manager,South Carolina,A,workday:greystar:/job/Remote-Colorado-Remote-Colorado-CO/Regional-Maintenance-Manager---Denver--CO--Student-Living-_R0201213
Greystar,Regional Maintenance Manager - Northern New Jersey,"City Office New Jersey, Madison, NJ",https://greystar.wd1.myworkdayjobs.com/External/job/City-Office-New-Jersey-Madison-NJ/Regional-Maintenance-Manager---Northern-New-Jersey_R0201214,not checked (out of scope),0,,2026-09-24,6,,ops,workday,Multifamily Property Manager,South Carolina,A,workday:greystar:/job/City-Office-New-Jersey-Madison-NJ/Regional-Maintenance-Manager---Northern-New-Jersey_R0201214
Greystar,Regional Property Manager,"Edmonton, Alberta, Canada",https://greystar.wd1.myworkdayjobs.com/External/job/Edmonton-Alberta-Canada/Regional-Property-Manager_R0202029-1,not checked (out of scope),0,,2026-09-24,6,,ops,workday,Multifamily Property Manager,South Carolina,A,workday:greystar:/job/Edmonton-Alberta-Canada/Regional-Property-Manager_R0202029-1
Greystar,Regional Property Manager,"City Office Las Vegas, Las Vegas, NV",https://greystar.wd1.myworkdayjobs.com/External/job/City-Office-Las-Vegas-Las-Vegas-NV/Regional-Property-Manager_R0201122,not checked (out of scope),0,,2026-09-24,6,,ops,workday,Multifamily Property Manager,South Carolina,A,workday:greystar:/job/City-Office-Las-Vegas-Las-Vegas-NV/Regional-Property-Manager_R0201122
Greystar,Regional Property Manager (Active Adult) - Colorado,"City Office Greenwood Village, Greenwood Village, CO",https://greystar.wd1.myworkdayjobs.com/External/job/City-Office-Greenwood-Village-Greenwood-Village-CO/Regional-Property-Manager--Active-Adult----Colorado_R0202510,not checked (out of scope),0,,2026-09-30,0,,ops,workday,Multifamily Property Manager,South Carolina,A,workday:greystar:/job/City-Office-Greenwood-Village-Greenwood-Village-CO/Regional-Property-Manager--Active-Adult----Colorado_R0202510
Greystar,"Regional Property Manager - Austin, Texas","City Office Austin, Austin, TX",https://greystar.wd1.myworkdayjobs.com/External/job/City-Office-Austin-Austin-TX/Regional-Property-Manager---Austin--Texas_R0201038,not checked (out of scope),0,,2026-09-24,6,,ops,workday,Multifamily Property Manager,South Carolina,A,workday:greystar:/job/City-Office-Austin-Austin-TX/Regional-Property-Manager---Austin--Texas_R0201038
Greystar,Regional Property Manager - Charleston,"City Office Charleston, Charleston, SC",https://greystar.wd1.myworkdayjobs.com/External/job/City-Office-Charleston-Charleston-SC/Regional-Community-Manager---Charleston_R0198741,not checked (out of scope),0,,2026-09-24,6,,ops,workday,Multifamily Property Manager,South Carolina,A,workday:greystar:/job/City-Office-Charleston-Charleston-SC/Regional-Community-Manager---Charleston_R0198741
Greystar,Regional Property Manager - Destin/Fort Walton,"City Office Jacksonville, Jacksonville, FL",https://greystar.wd1.myworkdayjobs.com/External/job/City-Office-Jacksonville-Jacksonville-FL/Regional-Community-Manager---Destin-Fort-Walton_R0198890,not checked (out of scope),0,,2026-09-24,6,,ops,workday,Multifamily Property Manager,South Carolina,A,workday:greystar:/job/City-Office-Jacksonville-Jacksonville-FL/Regional-Community-Manager---Destin-Fort-Walton_R0198890
Greystar,Regional Property Manager - Los Angeles,"City Office Newport, Newport Beach, CA",https://greystar.wd1.myworkdayjobs.com/External/job/City-Office-Newport-Newport-Beach-CA/Regional-Property-Manager---Los-Angeles_R0201965,not checked (out of scope),0,,2026-09-24,6,,ops,workday,Multifamily Property Manager,South Carolina,A,workday:greystar:/job/City-Office-Newport-Newport-Beach-CA/Regional-Property-Manager---Los-Angeles_R0201965
Greystar,Regional Property Manager - San Diego / Inland Empire,"City Office Escondido, Escondido, CA",https://greystar.wd1.myworkdayjobs.com/External/job/City-Office-Escondido-Escondido-CA/Regional-Property-Manager---San-Diego---Inland-Empire_R0201176,not checked (out of scope),0,,2026-09-24,6,,ops,workday,Multifamily Property Manager,South Carolina,A,workday:greystar:/job/City-Office-Escondido-Escondido-CA/Regional-Property-Manager---San-Diego---Inland-Empire_R0201176
Greystar,Regional Property Manager - San Francisco Bay Area,2 Locations,https://greystar.wd1.myworkdayjobs.com/External/job/City-Office-San-Francisco-San-Francisco-CA/Regional-Property-Manager---San-Francisco-Bay-Area_R0196706,not checked (out of scope),0,,2026-09-24,6,,ops,workday,Multifamily Property Manager,South Carolina,A,workday:greystar:/job/City-Office-San-Francisco-San-Francisco-CA/Regional-Property-Manager---San-Francisco-Bay-Area_R0196706
Greystar,Regional Property Manager - Spokane,"Spokane Valley, WA",https://greystar.wd1.myworkdayjobs.com/External/job/Spokane-Valley-WA/Regional-Property-Manager---Spoakne_R0201532,not checked (out of scope),0,,2026-09-24,6,,ops,workday,Multifamily Property Manager,South Carolina,A,workday:greystar:/job/Spokane-Valley-WA/Regional-Property-Manager---Spoakne_R0201532
Greystar,Renovation Specialist - Silver,"City Office San Jose, San Jose, CA",https://greystar.wd1.myworkdayjobs.com/External/job/City-Office-San-Jose-San-Jose-CA/Renovation-Specialist---Silver_R0197963,not checked (out of scope),0,,2026-09-24,6,,,workday,Multifamily Property Manager,South Carolina,A,workday:greystar:/job/City-Office-San-Jose-San-Jose-CA/Renovation-Specialist---Silver_R0197963
Greystar,Resource Center Manager,"City Office Dallas (Cypress Waters), Dallas, TX",https://greystar.wd1.myworkdayjobs.com/External/job/City-Office-Dallas-Cypress-Waters-Dallas-TX/Resource-Center-Manager_R0199638,not checked (out of scope),0,,2026-09-24,6,,,workday,Multifamily Property Manager,South Carolina,A,workday:greystar:/job/City-Office-Dallas-Cypress-Waters-Dallas-TX/Resource-Center-Manager_R0199638
Greystar,Senior Accountant,"Remote, United States",https://greystar.wd1.myworkdayjobs.com/External/job/Remote-United-States/Senior-Accountant_R0200003-1,not checked (out of scope),0,,2026-09-30,0,,,workday,Multifamily Property Manager,South Carolina,A,workday:greystar:/job/Remote-United-States/Senior-Accountant_R0200003-1
Greystar,Senior Accountant,"Remote, United States",https://greystar.wd1.myworkdayjobs.com/External/job/Remote-United-States/Senior-Accountant_R0199544-1,not checked (out of scope),0,,2026-09-24,6,,,workday,Multifamily Property Manager,South Carolina,A,workday:greystar:/job/Remote-United-States/Senior-Accountant_R0199544-1
Greystar,"Senior Associate, Investment Asset Management","City Office Dallas (Old Parkland), Dallas, TX",https://greystar.wd1.myworkdayjobs.com/External/job/City-Office-Dallas-Old-Parkland-Dallas-TX/Director--Asset-Management_R0198308-1,not checked (out of scope),0,,2026-09-24,6,,,workday,Multifamily Property Manager,South Carolina,A,workday:greystar:/job/City-Office-Dallas-Old-Parkland-Dallas-TX/Director--Asset-Management_R0198308-1
Greystar,Senior Cloud Security Engineer,"Remote, United States",https://greystar.wd1.myworkdayjobs.com/External/job/Remote-United-States/Senior-Cloud-Security-Engineer_R0201015-1,live,200,,2026-09-24,6,engineering,eng,workday,Multifamily Property Manager,South Carolina,A,workday:greystar:/job/Remote-United-States/Senior-Cloud-Security-Engineer_R0201015-1
Greystar,"Senior Data Engineer, AI & Data Platform","Remote, United States",https://greystar.wd1.myworkdayjobs.com/External/job/Remote-United-States/Senior-Data-Engineer--AI---Data-Platform_R0196879,live,200,,2026-09-24,6,engineering,eng,workday,Multifamily Property Manager,South Carolina,A,workday:greystar:/job/Remote-United-States/Senior-Data-Engineer--AI---Data-Platform_R0196879
Greystar,"Senior Director, Transaction Counsel","City Office New York, New York, NY",https://greystar.wd1.myworkdayjobs.com/External/job/City-Office-New-York-New-York-NY/Senior-Director--Transaction-Counsel_R0199952,not checked (out of scope),0,,2026-09-24,6,,leadership,workday,Multifamily Property Manager,South Carolina,A,workday:greystar:/job/City-Office-New-York-New-York-NY/Senior-Director--Transaction-Counsel_R0199952
Greystar,"Senior Manager, Learning Delivery & Execution",2 Locations,https://greystar.wd1.myworkdayjobs.com/External/job/City-Office-Greenwood-Village-Greenwood-Village-CO/Sr-Manager--Learning---Development_R0199113,not checked (out of scope),0,,2026-09-24,6,,,workday,Multifamily Property Manager,South Carolina,A,workday:greystar:/job/City-Office-Greenwood-Village-Greenwood-Village-CO/Sr-Manager--Learning---Development_R0199113
Greystar,Senior Marketing Associate,"City Office Atlanta, Atlanta, GA",https://greystar.wd1.myworkdayjobs.com/External/job/City-Office-Atlanta-Atlanta-GA/Senior-Marketing-Associate_R0200636,live,200,,2026-09-24,6,gtm,,workday,Multifamily Property Manager,South Carolina,A,workday:greystar:/job/City-Office-Atlanta-Atlanta-GA/Senior-Marketing-Associate_R0200636
Greystar,Senior Project Manager - Industrial Construction,"City Office DC, Arlington, VA",https://greystar.wd1.myworkdayjobs.com/External/job/City-Office-DC-Arlington-VA/Senior-Project-Manager---Industrial-Construction_R0196534-1,not checked (out of scope),0,,2026-09-24,6,,,workday,Multifamily Property Manager,South Carolina,A,workday:greystar:/job/City-Office-DC-Arlington-VA/Senior-Project-Manager---Industrial-Construction_R0196534-1
Greystar,Software Support Coordinator,"Remote, United States",https://greystar.wd1.myworkdayjobs.com/External/job/Remote-United-States/Software-Support-Coordinator_R0200156-1,not checked (out of scope),0,,2026-09-24,6,,customer,workday,Multifamily Property Manager,South Carolina,A,workday:greystar:/job/Remote-United-States/Software-Support-Coordinator_R0200156-1
Greystar,Source-to-Contract Operations Advocate,"Remote, United States",https://greystar.wd1.myworkdayjobs.com/External/job/Remote-United-States/Source-to-Contract-Operations-Advocate_R0201281,not checked (out of scope),0,,2026-09-24,6,,ops,workday,Multifamily Property Manager,South Carolina,A,workday:greystar:/job/Remote-United-States/Source-to-Contract-Operations-Advocate_R0201281
Greystar,Source-to-Contract Operations Advocate,"Remote, United States",https://greystar.wd1.myworkdayjobs.com/External/job/Remote-United-States/Source-to-Contract-Operations-Advocate_R0200827,not checked (out of scope),0,,2026-09-24,6,,ops,workday,Multifamily Property Manager,South Carolina,A,workday:greystar:/job/Remote-United-States/Source-to-Contract-Operations-Advocate_R0200827
Greystar,Source-to-Contract Software Support Specialist,"Remote, United States",https://greystar.wd1.myworkdayjobs.com/External/job/Remote-United-States/Source-to-Contract-Software-Support-Specialist_R0201319-1,not checked (out of scope),0,,2026-09-24,6,,customer,workday,Multifamily Property Manager,South Carolina,A,workday:greystar:/job/Remote-United-States/Source-to-Contract-Software-Support-Specialist_R0201319-1
Greystar,Sr Data Engineer,"Remote South Carolina, Remote South Carolina, SC",https://greystar.wd1.myworkdayjobs.com/External/job/Remote-South-Carolina-Remote-South-Carolina-SC/Sr-Data-Engineer_R0201748,live,200,,2026-09-24,6,engineering,eng,workday,Multifamily Property Manager,South Carolina,A,workday:greystar:/job/Remote-South-Carolina-Remote-South-Carolina-SC/Sr-Data-Engineer_R0201748
Greystar,Summer Development Analyst,"City Office Seattle, Seattle, WA",https://greystar.wd1.myworkdayjobs.com/External/job/City-Office-Seattle-Seattle-WA/Summer-Development-Analyst_R0199671-1,not checked (out of scope),0,,2026-09-24,6,,,workday,Multifamily Property Manager,South Carolina,A,workday:greystar:/job/City-Office-Seattle-Seattle-WA/Summer-Development-Analyst_R0199671-1
Greystar,Technical Program Manager,"Remote, United States",https://greystar.wd1.myworkdayjobs.com/External/job/Remote-United-States/Technical-Program-Manager_R0180918,not checked (out of scope),0,,2026-09-28,2,,,workday,Multifamily Property Manager,South Carolina,A,workday:greystar:/job/Remote-United-States/Technical-Program-Manager_R0180918
Haven,Founding Engineer,,https://www.ycombinator.com/companies/haven-2/jobs/MUGkU8h-founding-engineer,live,200,,2026-09-24,6,engineering,eng,generic,AI Workforce for Property Management,New York,A,generic:haven-yc:https://www.ycombinator.com/companies/haven-2/jobs/MUGkU8h-founding-engineer
Home365,"Field Agent - Contractor ( Spring Valley, Anthem AZ)",,https://home365.bamboohr.com/careers/88,not checked (out of scope),0,,2026-09-24,6,,,bamboohr,SFR Full-Service Property Management,Nevada,A,bamboohr:home365:88
Home365,"Field Agent - Contractor (Pittsburgh, PA)",,https://home365.bamboohr.com/careers/173,not checked (out of scope),0,,2026-09-24,6,,,bamboohr,SFR Full-Service Property Management,Nevada,A,bamboohr:home365:173
Home365,"Field Agent - Contractor (Reading, PA)",,https://home365.bamboohr.com/careers/209,not checked (out of scope),0,,2026-09-24,6,,,bamboohr,SFR Full-Service Property Management,Nevada,A,bamboohr:home365:209
Home365,"Field Agent - Contractor (Scranton, PA)",,https://home365.bamboohr.com/careers/145,not checked (out of scope),0,,2026-09-24,6,,,bamboohr,SFR Full-Service Property Management,Nevada,A,bamboohr:home365:145
Home365,Field Agent - Contractor(Lancaster/York PA),,https://home365.bamboohr.com/careers/203,not checked (out of scope),0,,2026-09-24,6,,,bamboohr,SFR Full-Service Property Management,Nevada,A,bamboohr:home365:203
Home365,Field Agent - Contractor(Las Vegas),,https://home365.bamboohr.com/careers/206,not checked (out of scope),0,,2026-09-24,6,,,bamboohr,SFR Full-Service Property Management,Nevada,A,bamboohr:home365:206
Home365,"Real Estate Agent Partnership Opportunity (Listing & Resident Placement) Lancaster, York, and Harrisburg",,https://home365.bamboohr.com/careers/194,not checked (out of scope),0,,2026-09-24,6,,,bamboohr,SFR Full-Service Property Management,Nevada,A,bamboohr:home365:194
Home365,"Real Estate Agent Partnership Opportunity (Listing & Resident Placement) Las Vegas, NV",,https://home365.bamboohr.com/careers/208,not checked (out of scope),0,,2026-09-24,6,,,bamboohr,SFR Full-Service Property Management,Nevada,A,bamboohr:home365:208
Home365,"Real Estate Agent Partnership Opportunity (Listing & Resident Placement) Pittsburgh, PA",,https://home365.bamboohr.com/careers/217,not checked (out of scope),0,,2026-09-24,6,,,bamboohr,SFR Full-Service Property Management,Nevada,A,bamboohr:home365:217
Home365,Real Estate Agent Partnership Opportunity (Listing & Resident Placement) Scranton,,https://home365.bamboohr.com/careers/185,not checked (out of scope),0,,2026-09-24,6,,,bamboohr,SFR Full-Service Property Management,Nevada,A,bamboohr:home365:185
Home365,Real Estate Agent Partnership Opportunity (Listing & Resident Placement) Spring Valley/Anthem AZ),,https://home365.bamboohr.com/careers/187,not checked (out of scope),0,,2026-09-24,6,,,bamboohr,SFR Full-Service Property Management,Nevada,A,bamboohr:home365:187
Home365,Real Estate Agent Partnership Opportunity (Listing & Resident Placement) Virginia,,https://home365.bamboohr.com/careers/186,not checked (out of scope),0,,2026-09-24,6,,,bamboohr,SFR Full-Service Property Management,Nevada,A,bamboohr:home365:186
Latch,Associate Account Executive (AAE),"Mission Bay, San Francisco",https://jobs.lever.co/latch/416364ad-d8c9-46b5-a5c1-a988e0f95e09,open per job board; link check failed (HTTP 404),404,2024-03-26,2026-09-24,6,sales,sales,lever,Smart Access for Multifamily,New York,A,lever:latch:416364ad-d8c9-46b5-a5c1-a988e0f95e09
Latch,I don’t see the right role,"Mission Bay, San Francisco",https://jobs.lever.co/latch/31baae46-f8fd-478e-bd92-2867648f6dcb,not checked (out of scope),0,2022-05-28,2026-09-24,6,,,lever,Smart Access for Multifamily,New York,A,lever:latch:31baae46-f8fd-478e-bd92-2867648f6dcb
NetVendor,Bilingual Customer Service Representative,"Tualatin, Oregon",https://netvendor.bamboohr.com/careers/90,not checked (out of scope),0,,2026-09-24,6,,,bamboohr,Vendor Compliance & Insurance Software,Georgia,A,bamboohr:netvendor:90
NetVendor,Customer Service Lead,"Tualatin, Oregon",https://netvendor.bamboohr.com/careers/89,not checked (out of scope),0,,2026-09-24,6,,,bamboohr,Vendor Compliance & Insurance Software,Georgia,A,bamboohr:netvendor:89
NetVendor,Customer Service Lead - Floater,"Tualatin, Oregon",https://netvendor.bamboohr.com/careers/94,not checked (out of scope),0,,2026-09-28,2,,,bamboohr,Vendor Compliance & Insurance Software,Georgia,A,bamboohr:netvendor:94
NetVendor,Customer Service Representative,"Tualatin, Oregon",https://netvendor.bamboohr.com/careers/81,not checked (out of scope),0,,2026-09-24,6,,,bamboohr,Vendor Compliance & Insurance Software,Georgia,A,bamboohr:netvendor:81
NetVendor,Document Processing Supervisor,"Tualatin, Oregon",https://netvendor.bamboohr.com/careers/95,not checked (out of scope),0,,2026-09-30,0,,,bamboohr,Vendor Compliance & Insurance Software,Georgia,A,bamboohr:netvendor:95
NetVendor,Document Processor,"Tualatin, Oregon",https://netvendor.bamboohr.com/careers/93,not checked (out of scope),0,,2026-09-24,6,,,bamboohr,Vendor Compliance & Insurance Software,Georgia,A,bamboohr:netvendor:93
NetVendor,Document Processor Manager,"Tualatin, Oregon",https://netvendor.bamboohr.com/careers/91,not checked (out of scope),0,,2026-09-24,6,,,bamboohr,Vendor Compliance & Insurance Software,Georgia,A,bamboohr:netvendor:91
NetVendor,GTM Engineer,,https://netvendor.bamboohr.com/careers/92,live,200,,2026-09-24,6,gtm,eng,bamboohr,Vendor Compliance & Insurance Software,Georgia,A,bamboohr:netvendor:92
NetVendor,IT Support Specialist,"Tualatin, Oregon",https://netvendor.bamboohr.com/careers/96,not checked (out of scope),0,,2026-09-30,0,,customer,bamboohr,Vendor Compliance & Insurance Software,Georgia,A,bamboohr:netvendor:96
Obie,Come work for Obie!,Remote (United States),https://ats.rippling.com/obie/jobs/64a52508-d9b4-476b-911e-8d04f9624ce0,not checked (out of scope),0,,2026-09-24,6,,,rippling,Landlord Insurance / Insurtech,Illinois,A,rippling:obie:64a52508-d9b4-476b-911e-8d04f9624ce0
Obie,Data Analyst,Remote (United States),https://ats.rippling.com/obie/jobs/1b4d06a3-eef2-4d94-9bb4-98c5256c348d,not checked (out of scope),0,,2026-09-24,6,,,rippling,Landlord Insurance / Insurtech,Illinois,A,rippling:obie:1b4d06a3-eef2-4d94-9bb4-98c5256c348d
Obie,Insurance Program Analyst,Remote (United States),https://ats.rippling.com/obie/jobs/29ea0eaf-dc9f-439a-a946-2a8b693a8509,not checked (out of scope),0,,2026-09-24,6,,,rippling,Landlord Insurance / Insurtech,Illinois,A,rippling:obie:29ea0eaf-dc9f-439a-a946-2a8b693a8509
Obie,Product Manager,Remote (United States),https://ats.rippling.com/obie/jobs/eef384aa-d0ea-41ba-af13-2458aae379c3,not checked (out of scope),0,,2026-09-24,6,,product,rippling,Landlord Insurance / Insurtech,Illinois,A,rippling:obie:eef384aa-d0ea-41ba-af13-2458aae379c3
Obligo,Product Manager - Platform,Tel Aviv,https://job-boards.greenhouse.io/obligo/jobs/5836724004,not checked (out of scope),0,2026-03-26,2026-09-24,6,,product,greenhouse,Security Deposit Alternative,New York,A,greenhouse:obligo:5836724004
Obligo,Product Manager – Renter Growth & Conversion,Tel Aviv,https://job-boards.greenhouse.io/obligo/jobs/6192810004,live,200,2026-09-15,2026-09-24,6,gtm,product,greenhouse,Security Deposit Alternative,New York,A,greenhouse:obligo:6192810004
Obligo,VP Marketing,New York City ,https://job-boards.greenhouse.io/obligo/jobs/5791025004,live,200,2026-02-04,2026-09-24,6,executive,leadership,greenhouse,Security Deposit Alternative,New York,A,greenhouse:obligo:5791025004
PointCentral,Revenue & Operations Associate,"Tysons, Virginia",https://www.pointcentral.com/careers-pointcentral/?gh_jid=8679339002,open per job board; link check failed (HTTP 404),404,2026-08-04,2026-09-24,6,sales,sales,greenhouse,Smart Home for SFR (Alarm.com subsidiary),Arizona,A,greenhouse:pointcentral:8679339002
Reffie,Client Success Manager Austin,,https://careers.reffie.me/client-success-manager-austin,live,200,,2026-09-24,6,gtm,,generic,AI Leasing Workflow,Texas,A,generic:reffie:https://careers.reffie.me/client-success-manager-austin
Rhino,Associate Counsel,,https://rhinolabs.bamboohr.com/careers/75,not checked (out of scope),0,,2026-09-24,6,,,bamboohr,Security Deposit Insurance,New York,A,bamboohr:rhinolabs:75
Rhino,Senior Accountant,,https://rhinolabs.bamboohr.com/careers/74,not checked (out of scope),0,,2026-09-24,6,,,bamboohr,Security Deposit Insurance,New York,A,bamboohr:rhinolabs:74
Rhino,"Senior Manager, Data Engineering",,https://rhinolabs.bamboohr.com/careers/73,live,200,,2026-09-24,6,engineering,eng,bamboohr,Security Deposit Insurance,New York,A,bamboohr:rhinolabs:73
Roofstock,Accounting Manager,"Oakland, California, United States",https://job-boards.greenhouse.io/roofstock/jobs/8821792002,not checked (out of scope),0,2026-09-18,2026-09-24,6,,,greenhouse,SFR Investment Marketplace,California,A,greenhouse:roofstock:8821792002
Roofstock,Assistant Property Manager,"Portland, Oregon, United States; Salt Lake City, Utah, United States",https://job-boards.greenhouse.io/roofstock/jobs/8647520002,not checked (out of scope),0,2026-07-24,2026-09-30,0,,ops,greenhouse,SFR Investment Marketplace,California,A,greenhouse:roofstock:8647520002
Roofstock,Maintenance Technician,"Columbia, South Carolina, United States",https://job-boards.greenhouse.io/roofstock/jobs/8811638002,not checked (out of scope),0,2026-09-17,2026-09-24,6,,ops,greenhouse,SFR Investment Marketplace,California,A,greenhouse:roofstock:8811638002
Roofstock,Portfolio Asset Manager,"Atlanta, Georgia, United States; Charlotte, North Carolina, United States; Dallas, Texas, United States; Las Vegas, Nevada, United States; Oakland, California, United States; Phoenix, Arizona, United States",https://job-boards.greenhouse.io/roofstock/jobs/8558888002,not checked (out of scope),0,2026-05-21,2026-09-24,6,,ops,greenhouse,SFR Investment Marketplace,California,A,greenhouse:roofstock:8558888002
Roofstock,"Property Accountant, Retail","Dallas, Texas, United States",https://job-boards.greenhouse.io/roofstock/jobs/8845806002,not checked (out of scope),0,2026-09-28,2026-09-28,2,,,greenhouse,SFR Investment Marketplace,California,A,greenhouse:roofstock:8845806002
Roofstock,"Recruiter, Operations","Dallas, Texas, United States",https://job-boards.greenhouse.io/roofstock/jobs/8620251002,not checked (out of scope),0,2026-07-03,2026-09-24,6,,ops,greenhouse,SFR Investment Marketplace,California,A,greenhouse:roofstock:8620251002
Roofstock,Senior Legal Operations Manager,"Dallas, Texas, United States",https://job-boards.greenhouse.io/roofstock/jobs/8686159002,not checked (out of scope),0,2026-09-23,2026-09-24,6,,ops,greenhouse,SFR Investment Marketplace,California,A,greenhouse:roofstock:8686159002
Roofstock,"Senior Product Manager, Leasing","New York, United States; Oakland, California, United States",https://job-boards.greenhouse.io/roofstock/jobs/8761411002,not checked (out of scope),0,2026-08-31,2026-09-24,6,,product,greenhouse,SFR Investment Marketplace,California,A,greenhouse:roofstock:8761411002
Roofstock,Service Technician,"Sacramento, California, United States",https://job-boards.greenhouse.io/roofstock/jobs/8737854002,not checked (out of scope),0,2026-08-24,2026-09-24,6,,,greenhouse,SFR Investment Marketplace,California,A,greenhouse:roofstock:8737854002
Roofstock,Strategic Finance and Corporate Development Manager,"Bay Area, CA; New York, United States",https://job-boards.greenhouse.io/roofstock/jobs/8462745002,not checked (out of scope),0,2026-03-24,2026-09-24,6,,,greenhouse,SFR Investment Marketplace,California,A,greenhouse:roofstock:8462745002
Second Nature,Account Executive,"Remote, USA",https://jobs.ashbyhq.com/second-nature/fa47f83c-52db-4df3-960c-7e2125bdccf6,live,200,2026-09-10,2026-09-24,6,sales,sales,ashby,Resident Benefits / Property Management SaaS,Tennessee,A,ashby:second-nature:fa47f83c-52db-4df3-960c-7e2125bdccf6
Second Nature,Customer Support Specialist,"Remote, USA",https://jobs.ashbyhq.com/second-nature/96964abf-0fa8-45a9-a134-77228723797c,not checked (out of scope),0,2026-09-20,2026-09-28,2,,customer,ashby,Resident Benefits / Property Management SaaS,Tennessee,A,ashby:second-nature:96964abf-0fa8-45a9-a134-77228723797c
Second Nature,Director of User Experience,"Remote, USA",https://jobs.ashbyhq.com/second-nature/8cfd0a20-5b07-41d3-a527-286aa7648142,not checked (out of scope),0,2026-09-10,2026-09-24,6,,leadership,ashby,Resident Benefits / Property Management SaaS,Tennessee,A,ashby:second-nature:8cfd0a20-5b07-41d3-a527-286aa7648142
Second Nature,Sales Development Representative,"Remote, USA",https://jobs.ashbyhq.com/second-nature/8f23e4ba-54fc-43ce-8744-8629a09f93ae,live,200,2026-08-03,2026-09-24,6,sales,sales,ashby,Resident Benefits / Property Management SaaS,Tennessee,A,ashby:second-nature:8f23e4ba-54fc-43ce-8744-8629a09f93ae
Second Nature,Staff Software Engineer (Backend-focused),"Remote, USA",https://jobs.ashbyhq.com/second-nature/88fc670b-d2ff-46a9-af53-280037931613,live,200,2026-09-24,2026-09-24,6,engineering,eng,ashby,Resident Benefits / Property Management SaaS,Tennessee,A,ashby:second-nature:88fc670b-d2ff-46a9-af53-280037931613
Second Nature,"Staff Software Engineer, Engineering Systems & Automation","Remote, USA",https://jobs.ashbyhq.com/second-nature/30798d80-7661-4ad4-8c0a-1245b119b317,live,200,2026-08-25,2026-09-24,6,engineering,eng,ashby,Resident Benefits / Property Management SaaS,Tennessee,A,ashby:second-nature:30798d80-7661-4ad4-8c0a-1245b119b317
Second Nature,Technical Implementation Manager,"Remote, USA",https://jobs.ashbyhq.com/second-nature/2d202d9f-aeca-4089-8a9b-c666821d9e4a,not checked (out of scope),0,2026-09-08,2026-09-24,6,,customer,ashby,Resident Benefits / Property Management SaaS,Tennessee,A,ashby:second-nature:2d202d9f-aeca-4089-8a9b-c666821d9e4a
Second Nature,"VP, Product","Remote, USA",https://jobs.ashbyhq.com/second-nature/124ce02b-b6c7-4f93-97ed-aa8787fd20e4,live,200,2026-09-17,2026-09-24,6,executive,,ashby,Resident Benefits / Property Management SaaS,Tennessee,A,ashby:second-nature:124ce02b-b6c7-4f93-97ed-aa8787fd20e4
SmartRent,Advanced Systems Integrator,"Phoenix, Arizona",https://job-boards.greenhouse.io/smartrent/jobs/6167377004,not checked (out of scope),0,2026-09-03,2026-09-24,6,,,greenhouse,Smart Home / Multifamily IoT,Arizona,A,greenhouse:smartrent:6167377004
SmartRent,"Director, Customer Service","Phoenix, Arizona",https://job-boards.greenhouse.io/smartrent/jobs/6111061004,not checked (out of scope),0,2026-07-13,2026-09-24,6,,leadership,greenhouse,Smart Home / Multifamily IoT,Arizona,A,greenhouse:smartrent:6111061004
SmartRent,"Group Product Manager, Data & Analytics","Phoenix, Arizona",https://job-boards.greenhouse.io/smartrent/jobs/6173642004,not checked (out of scope),0,2026-09-09,2026-09-24,6,,product,greenhouse,Smart Home / Multifamily IoT,Arizona,A,greenhouse:smartrent:6173642004
SmartRent,Senior Account Manager,"Phoenix, Arizona",https://job-boards.greenhouse.io/smartrent/jobs/6122956004,live,200,2026-07-23,2026-09-24,6,gtm,customer,greenhouse,Smart Home / Multifamily IoT,Arizona,A,greenhouse:smartrent:6122956004
SmartRent,Senior Software Engineer,"Phoenix, Arizona",https://job-boards.greenhouse.io/smartrent/jobs/6192943004,live,200,2026-09-18,2026-09-24,6,engineering,eng,greenhouse,Smart Home / Multifamily IoT,Arizona,A,greenhouse:smartrent:6192943004
SmartRent,Solutions Architect,"Phoenix, Arizona",https://job-boards.greenhouse.io/smartrent/jobs/5835029004,live,200,2026-08-25,2026-09-24,6,sales,eng,greenhouse,Smart Home / Multifamily IoT,Arizona,A,greenhouse:smartrent:5835029004
SmartRent,"Vice President, Sales",United States,https://job-boards.greenhouse.io/smartrent/jobs/5970930004,live,200,2026-09-29,2026-09-30,0,executive,sales,greenhouse,Smart Home / Multifamily IoT,Arizona,A,greenhouse:smartrent:5970930004
SmartRent,Warehouse Associate,"Avondale, Arizona",https://job-boards.greenhouse.io/smartrent/jobs/6207899004,not checked (out of scope),0,2026-09-24,2026-09-28,2,,,greenhouse,Smart Home / Multifamily IoT,Arizona,A,greenhouse:smartrent:6207899004
Steadily,Accounting Manager,"Austin, TX",https://jobs.ashbyhq.com/steadily/1a2cbedc-b729-44a2-9594-7bda198b01b1,not checked (out of scope),0,2026-03-18,2026-09-24,6,,,ashby,Landlord Insurance,Texas,A,ashby:steadily:1a2cbedc-b729-44a2-9594-7bda198b01b1
Steadily,Actuary,"Overland Park, KS",https://jobs.ashbyhq.com/steadily/d1489154-052c-45de-a780-43fcf25658ee,not checked (out of scope),0,2026-03-18,2026-09-24,6,,,ashby,Landlord Insurance,Texas,A,ashby:steadily:d1489154-052c-45de-a780-43fcf25658ee
Steadily,Agency Success Associate,"Overland Park, KS",https://jobs.ashbyhq.com/steadily/c53f0ce3-ee23-4871-b5e7-18a18364c626,not checked (out of scope),0,2026-03-18,2026-09-24,6,,,ashby,Landlord Insurance,Texas,A,ashby:steadily:c53f0ce3-ee23-4871-b5e7-18a18364c626
Steadily,Agency Success Manager,"Overland Park, KS",https://jobs.ashbyhq.com/steadily/fde229ef-a928-458d-8b02-f31ffa79e897,not checked (out of scope),0,2026-04-28,2026-09-24,6,,,ashby,Landlord Insurance,Texas,A,ashby:steadily:fde229ef-a928-458d-8b02-f31ffa79e897
Steadily,Associate Claims Adjuster,"Overland Park, KS",https://jobs.ashbyhq.com/steadily/13284cc1-501c-45ac-869f-cff914399363,not checked (out of scope),0,2026-03-18,2026-09-24,6,,,ashby,Landlord Insurance,Texas,A,ashby:steadily:13284cc1-501c-45ac-869f-cff914399363
Steadily,Business Development Associate,"Overland Park, KS",https://jobs.ashbyhq.com/steadily/95f22d0e-4f96-4d67-bfb6-30c3e23b55ed,live,200,2026-09-18,2026-09-24,6,sales,sales,ashby,Landlord Insurance,Texas,A,ashby:steadily:95f22d0e-4f96-4d67-bfb6-30c3e23b55ed
Steadily,Business Development Manager,"Overland Park, KS",https://jobs.ashbyhq.com/steadily/4ef70d6a-956f-4e97-b5b0-c84a68890c5c,live,200,2026-06-26,2026-09-24,6,sales,sales,ashby,Landlord Insurance,Texas,A,ashby:steadily:4ef70d6a-956f-4e97-b5b0-c84a68890c5c
Steadily,Claims Adjuster,"Overland Park, KS",https://jobs.ashbyhq.com/steadily/96bb28c7-77fa-4085-b9ab-e7d5348620d9,not checked (out of scope),0,2026-03-18,2026-09-24,6,,,ashby,Landlord Insurance,Texas,A,ashby:steadily:96bb28c7-77fa-4085-b9ab-e7d5348620d9
Steadily,Claims Team Lead,"Overland Park, KS",https://jobs.ashbyhq.com/steadily/29172e49-78aa-461f-afb2-885831b57860,not checked (out of scope),0,2026-09-09,2026-09-24,6,,,ashby,Landlord Insurance,Texas,A,ashby:steadily:29172e49-78aa-461f-afb2-885831b57860
Steadily,Customer Support Specialist,"Overland Park, KS",https://jobs.ashbyhq.com/steadily/e1e3cc1f-8cf6-49e7-9e8b-d49c7ae33552,not checked (out of scope),0,2026-09-25,2026-09-28,2,,customer,ashby,Landlord Insurance,Texas,A,ashby:steadily:e1e3cc1f-8cf6-49e7-9e8b-d49c7ae33552
Steadily,Direct Sales Manager,"Overland Park, KS",https://jobs.ashbyhq.com/steadily/3d8e3b12-ecb6-4c7c-bc48-f2b8da185218,live,200,2026-03-18,2026-09-24,6,sales,sales,ashby,Landlord Insurance,Texas,A,ashby:steadily:3d8e3b12-ecb6-4c7c-bc48-f2b8da185218
Steadily,Director of Reinsurance and Capacity,"Overland Park, KS",https://jobs.ashbyhq.com/steadily/6be9da4d-5b84-4b58-8286-c01422ce940d,not checked (out of scope),0,2026-08-20,2026-09-24,6,,leadership,ashby,Landlord Insurance,Texas,A,ashby:steadily:6be9da4d-5b84-4b58-8286-c01422ce940d
Steadily,Future Graduate Internship Program,"Overland Park, KS",https://jobs.ashbyhq.com/steadily/633e55f8-566f-4ff6-8207-f0fd0d962bcc,not checked (out of scope),0,2026-09-08,2026-09-24,6,,,ashby,Landlord Insurance,Texas,A,ashby:steadily:633e55f8-566f-4ff6-8207-f0fd0d962bcc
Steadily,Head of Revenue Operations,"Overland Park, KS",https://jobs.ashbyhq.com/steadily/6ae3b8c3-3035-4455-b1ce-8c0900b7abd6,live,200,2026-08-28,2026-09-24,6,executive,sales,ashby,Landlord Insurance,Texas,A,ashby:steadily:6ae3b8c3-3035-4455-b1ce-8c0900b7abd6
Steadily,Insurance Coverage and Compliance Analyst,"Overland Park, KS",https://jobs.ashbyhq.com/steadily/83ca9ee8-7070-488b-8afd-54daf07f555b,not checked (out of scope),0,2026-03-18,2026-09-24,6,,,ashby,Landlord Insurance,Texas,A,ashby:steadily:83ca9ee8-7070-488b-8afd-54daf07f555b
Steadily,Insurance Product Analyst,"Overland Park, KS",https://jobs.ashbyhq.com/steadily/8ef15f89-cbde-4f77-9728-2b9baa944b25,not checked (out of scope),0,2026-06-04,2026-09-24,6,,,ashby,Landlord Insurance,Texas,A,ashby:steadily:8ef15f89-cbde-4f77-9728-2b9baa944b25
Steadily,Insurance Product Manager,"Overland Park, KS",https://jobs.ashbyhq.com/steadily/43afcf53-e441-49ed-ade0-b77eca3e1a6e,not checked (out of scope),0,2026-03-19,2026-09-24,6,,product,ashby,Landlord Insurance,Texas,A,ashby:steadily:43afcf53-e441-49ed-ade0-b77eca3e1a6e
Steadily,Insurance Sales Agent,"Overland Park, KS",https://jobs.ashbyhq.com/steadily/75090fab-8a98-4365-83a5-84ae76b326a3,not checked (out of scope),0,2026-03-19,2026-09-24,6,,sales,ashby,Landlord Insurance,Texas,A,ashby:steadily:75090fab-8a98-4365-83a5-84ae76b326a3
Steadily,Insurance Sales Agent Development Program,"Overland Park, KS",https://jobs.ashbyhq.com/steadily/da8908eb-7877-4c7a-8b4e-df9de6d860e6,not checked (out of scope),0,2026-06-10,2026-09-24,6,,sales,ashby,Landlord Insurance,Texas,A,ashby:steadily:da8908eb-7877-4c7a-8b4e-df9de6d860e6
Steadily,New Graduate Sales Accelerator,"Overland Park, KS",https://jobs.ashbyhq.com/steadily/4b3c118a-43bc-4a3c-a700-e2bd1879249e,live,200,2026-04-07,2026-09-24,6,sales,sales,ashby,Landlord Insurance,Texas,A,ashby:steadily:4b3c118a-43bc-4a3c-a700-e2bd1879249e
Steadily,"Principal Account Manager, Enterprise and Partnership","Overland Park, KS",https://jobs.ashbyhq.com/steadily/0e485ee5-9550-495d-8b30-563607aba1f3,live,200,2026-09-24,2026-09-28,2,sales,customer,ashby,Landlord Insurance,Texas,A,ashby:steadily:0e485ee5-9550-495d-8b30-563607aba1f3
Steadily,Principal Machine Learning Engineer,"Austin, TX",https://jobs.ashbyhq.com/steadily/ecf647a7-0b84-4566-bc09-3e2babdac50b,live,200,2026-03-19,2026-09-24,6,engineering,eng,ashby,Landlord Insurance,Texas,A,ashby:steadily:ecf647a7-0b84-4566-bc09-3e2babdac50b
Steadily,Principal Product Manager,"Austin, TX",https://jobs.ashbyhq.com/steadily/50191019-226e-4274-915f-e9e2da68cfa3,not checked (out of scope),0,2026-08-26,2026-09-24,6,,product,ashby,Landlord Insurance,Texas,A,ashby:steadily:50191019-226e-4274-915f-e9e2da68cfa3
Steadily,Recruiter,"Overland Park, KS",https://jobs.ashbyhq.com/steadily/5a3ed4cf-015b-4288-84a6-ca5194abff86,not checked (out of scope),0,2026-07-13,2026-09-24,6,,,ashby,Landlord Insurance,Texas,A,ashby:steadily:5a3ed4cf-015b-4288-84a6-ca5194abff86
Steadily,Sales Representative – Insurance Training Provided,"Overland Park, KS",https://jobs.ashbyhq.com/steadily/259b6448-5a89-44c6-9ecf-783e5b4a6660,live,200,2026-06-10,2026-09-24,6,sales,sales,ashby,Landlord Insurance,Texas,A,ashby:steadily:259b6448-5a89-44c6-9ecf-783e5b4a6660
Steadily,Senior Accounting Analyst,"Austin, TX",https://jobs.ashbyhq.com/steadily/4365404a-7a75-4325-abdc-c1aa2eeef87b,not checked (out of scope),0,2026-03-19,2026-09-24,6,,,ashby,Landlord Insurance,Texas,A,ashby:steadily:4365404a-7a75-4325-abdc-c1aa2eeef87b
Steadily,Senior Insurance Product Analyst,"Overland Park, KS",https://jobs.ashbyhq.com/steadily/bd3f407b-da78-4ca4-adbe-23975880bd1e,not checked (out of scope),0,2026-06-04,2026-09-24,6,,,ashby,Landlord Insurance,Texas,A,ashby:steadily:bd3f407b-da78-4ca4-adbe-23975880bd1e
Steadily,Senior Insurance Product Manager,"Overland Park, KS",https://jobs.ashbyhq.com/steadily/a1c8d633-9816-40c4-8a41-4aa6bb098463,not checked (out of scope),0,2026-06-04,2026-09-24,6,,product,ashby,Landlord Insurance,Texas,A,ashby:steadily:a1c8d633-9816-40c4-8a41-4aa6bb098463
Steadily,Senior Machine Learning Engineer,"Austin, TX",https://jobs.ashbyhq.com/steadily/82f961e2-98d7-4175-ba91-4ee9aeaa79b0,live,200,2026-09-30,2026-09-30,0,engineering,eng,ashby,Landlord Insurance,Texas,A,ashby:steadily:82f961e2-98d7-4175-ba91-4ee9aeaa79b0
Steadily,Senior Software Engineer,"Austin, TX",https://jobs.ashbyhq.com/steadily/da218e31-c3a5-4ec7-805a-5541b2571258,live,200,2026-03-19,2026-09-24,6,engineering,eng,ashby,Landlord Insurance,Texas,A,ashby:steadily:da218e31-c3a5-4ec7-805a-5541b2571258
Steadily,"Senior Software Engineer, Growth","Austin, TX",https://jobs.ashbyhq.com/steadily/f2652ec3-667e-4f4b-8898-c3ce3cfeccda,live,200,2026-03-19,2026-09-24,6,gtm,eng,ashby,Landlord Insurance,Texas,A,ashby:steadily:f2652ec3-667e-4f4b-8898-c3ce3cfeccda
Steadily,Sr. Liability Claims Adjuster,"Overland Park, KS",https://jobs.ashbyhq.com/steadily/c70a71c0-c736-456b-be87-d68dd13f4d3f,not checked (out of scope),0,2026-03-19,2026-09-24,6,,,ashby,Landlord Insurance,Texas,A,ashby:steadily:c70a71c0-c736-456b-be87-d68dd13f4d3f
Steadily,Sr. Property Claims Adjuster,"Overland Park, KS",https://jobs.ashbyhq.com/steadily/514b2392-c837-4db6-b068-6f348333b9d2,not checked (out of scope),0,2026-06-15,2026-09-24,6,,,ashby,Landlord Insurance,Texas,A,ashby:steadily:514b2392-c837-4db6-b068-6f348333b9d2
Steadily,Staff Software Engineer,"Austin, TX",https://jobs.ashbyhq.com/steadily/f11f027c-8904-4f68-97c3-382cd9d18bd0,live,200,2026-03-19,2026-09-24,6,engineering,eng,ashby,Landlord Insurance,Texas,A,ashby:steadily:f11f027c-8904-4f68-97c3-382cd9d18bd0
Steadily,"Stage Zero GTM Sales Leader, Enterprise and Partnerships","Overland Park, KS",https://jobs.ashbyhq.com/steadily/70378de6-ca58-4af5-afe5-2f1cb2f00f4c,live,200,2026-09-15,2026-09-24,6,sales,sales,ashby,Landlord Insurance,Texas,A,ashby:steadily:70378de6-ca58-4af5-afe5-2f1cb2f00f4c
TheGuarantors,AI Solutions Architect,"New York, NY",https://ats.rippling.com/theguarantors-open-positions/jobs/0033b91a-171d-4fed-9ca9-67aabb1a5756,live,200,,2026-09-24,6,sales,eng,rippling,Lease Insurance / Insurtech,New York,A,rippling:theguarantors-open-positions:0033b91a-171d-4fed-9ca9-67aabb1a5756
TheGuarantors,Commercial Strategy Associate - AE Strategy,"New York, NY",https://ats.rippling.com/theguarantors-open-positions/jobs/19d4de81-3c98-481e-9783-c6cf0b77c9cd,live,200,,2026-09-24,6,sales,,rippling,Lease Insurance / Insurtech,New York,A,rippling:theguarantors-open-positions:19d4de81-3c98-481e-9783-c6cf0b77c9cd
TheGuarantors,Commercial Strategy Associate - AM Strategy,"New York, NY",https://ats.rippling.com/theguarantors-open-positions/jobs/cf7b2875-34d8-4261-9709-cf967751a1c7,not checked (out of scope),0,,2026-09-24,6,,,rippling,Lease Insurance / Insurtech,New York,A,rippling:theguarantors-open-positions:cf7b2875-34d8-4261-9709-cf967751a1c7
TheGuarantors,Customer Success Analyst,Remote (United States),https://ats.rippling.com/theguarantors-open-positions/jobs/2fbdc5de-9a2f-4d89-bda7-02d4c1e21e89,live,200,,2026-09-30,0,gtm,customer,rippling,Lease Insurance / Insurtech,New York,A,rippling:theguarantors-open-positions:2fbdc5de-9a2f-4d89-bda7-02d4c1e21e89
TheGuarantors,Customer Success Analyst (Mandarin Speaking),Remote (United States),https://ats.rippling.com/theguarantors-open-positions/jobs/dc16277d-218e-4be3-aced-9f79767c6a2e,live,200,,2026-09-28,2,gtm,customer,rippling,Lease Insurance / Insurtech,New York,A,rippling:theguarantors-open-positions:dc16277d-218e-4be3-aced-9f79767c6a2e
TheGuarantors,"Data Analyst, Insurance","New York, NY",https://ats.rippling.com/theguarantors-open-positions/jobs/c2a1f957-3217-4831-9ce9-e0dded7a4f2f,not checked (out of scope),0,,2026-09-24,6,,,rippling,Lease Insurance / Insurtech,New York,A,rippling:theguarantors-open-positions:c2a1f957-3217-4831-9ce9-e0dded7a4f2f
TheGuarantors,Data Engineer,"New York, NY",https://ats.rippling.com/theguarantors-open-positions/jobs/aeb1fbf7-3348-4f6d-826f-75d6f48cd1fa,live,200,,2026-09-24,6,engineering,eng,rippling,Lease Insurance / Insurtech,New York,A,rippling:theguarantors-open-positions:aeb1fbf7-3348-4f6d-826f-75d6f48cd1fa
TheGuarantors,Data Science Analyst,"New York, NY",https://ats.rippling.com/theguarantors-open-positions/jobs/75fc2d37-a8b8-48e9-b4fe-e06285bd0249,not checked (out of scope),0,,2026-09-24,6,,,rippling,Lease Insurance / Insurtech,New York,A,rippling:theguarantors-open-positions:75fc2d37-a8b8-48e9-b4fe-e06285bd0249
TheGuarantors,Engineering Manager - Property Management,"New York, NY",https://ats.rippling.com/theguarantors-open-positions/jobs/fa4824e5-4961-4d68-94fd-654d896fa722,live,200,,2026-09-24,6,engineering,eng,rippling,Lease Insurance / Insurtech,New York,A,rippling:theguarantors-open-positions:fa4824e5-4961-4d68-94fd-654d896fa722
TheGuarantors,Lead - Commercial Operations & Analytics,"New York, NY",https://ats.rippling.com/theguarantors-open-positions/jobs/1f89fd20-cc7e-4c5c-9c84-592406bbd8e0,not checked (out of scope),0,,2026-09-24,6,,ops,rippling,Lease Insurance / Insurtech,New York,A,rippling:theguarantors-open-positions:1f89fd20-cc7e-4c5c-9c84-592406bbd8e0
TheGuarantors,"Lead Product Manager, Payments","New York, NY",https://ats.rippling.com/theguarantors-open-positions/jobs/338d0e73-fc31-452d-b98c-d37c52e67dd7,not checked (out of scope),0,,2026-09-24,6,,product,rippling,Lease Insurance / Insurtech,New York,A,rippling:theguarantors-open-positions:338d0e73-fc31-452d-b98c-d37c52e67dd7
TheGuarantors,Partner Success Associate (Remote),Remote (United States),https://ats.rippling.com/theguarantors-open-positions/jobs/a5c93eac-c299-4832-bcfd-90e3daaa4b75,live,200,,2026-09-24,6,gtm,,rippling,Lease Insurance / Insurtech,New York,A,rippling:theguarantors-open-positions:a5c93eac-c299-4832-bcfd-90e3daaa4b75
TheGuarantors,Senior Account Executive (Remote),Remote (United States),https://ats.rippling.com/theguarantors-open-positions/jobs/0dc4f5a7-e5c3-4027-bf78-bca413498c9c,live,200,,2026-09-24,6,sales,sales,rippling,Lease Insurance / Insurtech,New York,A,rippling:theguarantors-open-positions:0dc4f5a7-e5c3-4027-bf78-bca413498c9c
TheGuarantors,Senior Account Manager (Remote),Remote (United States),https://ats.rippling.com/theguarantors-open-positions/jobs/245e388e-13f8-461b-9f46-bacd201c3be3,live,200,,2026-09-24,6,gtm,customer,rippling,Lease Insurance / Insurtech,New York,A,rippling:theguarantors-open-positions:245e388e-13f8-461b-9f46-bacd201c3be3
TheGuarantors,Senior Marketing Operations Manager,"New York, NY",https://ats.rippling.com/theguarantors-open-positions/jobs/23b8eb78-b0dc-48e0-9933-50ed5587295f,live,200,,2026-09-24,6,gtm,ops,rippling,Lease Insurance / Insurtech,New York,A,rippling:theguarantors-open-positions:23b8eb78-b0dc-48e0-9933-50ed5587295f
TheGuarantors,"Senior Product Manager, ZGRI","New York, NY",https://ats.rippling.com/theguarantors-open-positions/jobs/40594c89-8739-4809-ba63-e20f0ea5e735,not checked (out of scope),0,,2026-09-24,6,,product,rippling,Lease Insurance / Insurtech,New York,A,rippling:theguarantors-open-positions:40594c89-8739-4809-ba63-e20f0ea5e735
TheGuarantors,Software Engineer - Customer Integrations (API),Remote (United States),https://ats.rippling.com/theguarantors-open-positions/jobs/cdb6349f-91f9-47f9-984b-fd19a329a563,live,200,,2026-09-24,6,engineering,eng,rippling,Lease Insurance / Insurtech,New York,A,rippling:theguarantors-open-positions:cdb6349f-91f9-47f9-984b-fd19a329a563
TheGuarantors,Software Engineer - Deal Flow & Underwriting Experience,"New York, NY",https://ats.rippling.com/theguarantors-open-positions/jobs/2bc51270-c3d1-4d04-b3d0-7407407ccc96,live,200,,2026-09-24,6,engineering,eng,rippling,Lease Insurance / Insurtech,New York,A,rippling:theguarantors-open-positions:2bc51270-c3d1-4d04-b3d0-7407407ccc96
TheGuarantors,Software Engineer - Renter Experience,"New York, NY",https://ats.rippling.com/theguarantors-open-positions/jobs/337d8f93-b0d3-4765-9a32-bede74a246dc,live,200,,2026-09-24,6,engineering,eng,rippling,Lease Insurance / Insurtech,New York,A,rippling:theguarantors-open-positions:337d8f93-b0d3-4765-9a32-bede74a246dc
TheGuarantors,Software Engineer - Risk Solutions,"New York, NY",https://ats.rippling.com/theguarantors-open-positions/jobs/219799ca-8d34-4198-abe4-23c209d77a73,live,200,,2026-09-24,6,engineering,eng,rippling,Lease Insurance / Insurtech,New York,A,rippling:theguarantors-open-positions:219799ca-8d34-4198-abe4-23c209d77a73
TheGuarantors,Talent Acquisition Specialist,"New York, NY",https://ats.rippling.com/theguarantors-open-positions/jobs/b31f3e88-2b52-468e-b841-cc5775b85271,not checked (out of scope),0,,2026-09-24,6,,,rippling,Lease Insurance / Insurtech,New York,A,rippling:theguarantors-open-positions:b31f3e88-2b52-468e-b841-cc5775b85271
TheGuarantors,"VP, Strategic Accounts & Services",Remote (United States),https://ats.rippling.com/theguarantors-open-positions/jobs/819b73d8-7750-47df-a3c8-929101e90606,live,200,,2026-09-24,6,executive,,rippling,Lease Insurance / Insurtech,New York,A,rippling:theguarantors-open-positions:819b73d8-7750-47df-a3c8-929101e90606
TurboTenant,Director of Local Marketing,"Denver, CO",https://job-boards.greenhouse.io/turbotenant/jobs/5210482007,live,200,2026-08-18,2026-09-28,2,gtm,leadership,greenhouse,Landlord/DIY Property Management Software,Colorado,A,greenhouse:turbotenant:5210482007
TurboTenant,Grow Your Career at TurboTenant: General Application,"Denver, CO",https://job-boards.greenhouse.io/turbotenant/jobs/4401577007,not checked (out of scope),0,2024-06-06,2026-09-24,6,,,greenhouse,Landlord/DIY Property Management Software,Colorado,A,greenhouse:turbotenant:4401577007
TurboTenant,"Real Estate Photographer - Tallahassee, FL","Tallahassee, FL",https://job-boards.greenhouse.io/turbotenant/jobs/5222721007,not checked (out of scope),0,2026-08-26,2026-09-24,6,,,greenhouse,Landlord/DIY Property Management Software,Colorado,A,greenhouse:turbotenant:5222721007
TurboTenant,Sr. Paid Search Manager,"Denver, CO",https://job-boards.greenhouse.io/turbotenant/jobs/5218114007,not checked (out of scope),0,2026-08-20,2026-09-24,6,,,greenhouse,Landlord/DIY Property Management Software,Colorado,A,greenhouse:turbotenant:5218114007
Two Dots,Account Executive,Santa Monica,https://jobs.lever.co/twodots/77be9b0c-d628-4919-a98c-c792617f7163,open per job board; link check failed (HTTP 404),404,2023-07-09,2026-09-24,6,sales,sales,lever,AI Tenant Screening / Underwriting,California,A,lever:twodots:77be9b0c-d628-4919-a98c-c792617f7163
Two Dots,Chief of Staff,Santa Monica,https://jobs.lever.co/twodots/ccd1b8bd-15bb-47ed-841a-ce5af4ba4727,not checked (out of scope),0,2023-08-02,2026-09-24,6,,leadership,lever,AI Tenant Screening / Underwriting,California,A,lever:twodots:ccd1b8bd-15bb-47ed-841a-ce5af4ba4727
Two Dots,Customer Success Associate,Santa Monica,https://jobs.lever.co/twodots/72be4c60-2ce7-4f83-b837-d8c840c34de9,open per job board; link check failed (HTTP 404),404,2023-07-16,2026-09-24,6,gtm,customer,lever,AI Tenant Screening / Underwriting,California,A,lever:twodots:72be4c60-2ce7-4f83-b837-d8c840c34de9
Two Dots,Customer Success Lead,Santa Monica,https://jobs.lever.co/twodots/4b12f49a-486d-42ca-9deb-503f53a15cb8,open per job board; link check failed (HTTP 404),404,2023-07-09,2026-09-24,6,gtm,customer,lever,AI Tenant Screening / Underwriting,California,A,lever:twodots:4b12f49a-486d-42ca-9deb-503f53a15cb8
Updater,"Director, Corporate Development","Remote, US",https://job-boards.greenhouse.io/updater/jobs/8089760,not checked (out of scope),0,2026-07-27,2026-09-24,6,,leadership,greenhouse,Moving/Relocation Tech for Property Managers,New York,A,greenhouse:updater:8089760
Blend Labs,Client Sales Executive - Named Accounts,United States,https://job-boards.greenhouse.io/blend/jobs/6177609004,live,200,2026-09-08,2026-09-24,6,sales,sales,greenhouse,Mortgage/Lending Software,California,B,greenhouse:blend:6177609004
Blend Labs,"Consultant, Professional Services",United States,https://job-boards.greenhouse.io/blend/jobs/6207985004,not checked (out of scope),0,2026-09-25,2026-09-28,2,,,greenhouse,Mortgage/Lending Software,California,B,greenhouse:blend:6207985004
Blend Labs,Director of Revenue Accounting,United States,https://job-boards.greenhouse.io/blend/jobs/6191674004,not checked (out of scope),0,2026-09-14,2026-09-24,6,,sales,greenhouse,Mortgage/Lending Software,California,B,greenhouse:blend:6191674004
Blend Labs,Financial Reporting & Technical Accounting Lead,United States,https://job-boards.greenhouse.io/blend/jobs/6148697004,not checked (out of scope),0,2026-08-21,2026-09-24,6,,,greenhouse,Mortgage/Lending Software,California,B,greenhouse:blend:6148697004
Blend Labs,Head of Product - Autopilot,United States,https://job-boards.greenhouse.io/blend/jobs/6186352004,live,200,2026-09-15,2026-09-24,6,executive,product,greenhouse,Mortgage/Lending Software,California,B,greenhouse:blend:6186352004
Blend Labs,"Head of Product, Home Lending",United States,https://job-boards.greenhouse.io/blend/jobs/6181260004,live,200,2026-09-03,2026-09-24,6,executive,product,greenhouse,Mortgage/Lending Software,California,B,greenhouse:blend:6181260004
Blend Labs,Product Architect,United States,https://job-boards.greenhouse.io/blend/jobs/6208751004,live,200,2026-09-29,2026-09-30,0,engineering,eng,greenhouse,Mortgage/Lending Software,California,B,greenhouse:blend:6208751004
Blend Labs,Sales Executive - New Logo (Named Accounts),United States,https://job-boards.greenhouse.io/blend/jobs/6141507004,live,200,2026-08-17,2026-09-24,6,sales,sales,greenhouse,Mortgage/Lending Software,California,B,greenhouse:blend:6141507004
Blend Labs,Security Engineering Manager,United States,https://job-boards.greenhouse.io/blend/jobs/6132178004,live,200,2026-07-31,2026-09-24,6,engineering,eng,greenhouse,Mortgage/Lending Software,California,B,greenhouse:blend:6132178004
Blend Labs,Senior Contract Lead,United States,https://job-boards.greenhouse.io/blend/jobs/6140011004,not checked (out of scope),0,2026-08-10,2026-09-24,6,,,greenhouse,Mortgage/Lending Software,California,B,greenhouse:blend:6140011004
Blend Labs,Software Engineer,United States,https://job-boards.greenhouse.io/blend/jobs/6203084004,live,200,2026-09-21,2026-09-24,6,engineering,eng,greenhouse,Mortgage/Lending Software,California,B,greenhouse:blend:6203084004
Blend Labs,Software Engineer - AI Native (Full Stack),"Raleigh, NC",https://job-boards.greenhouse.io/blend/jobs/6141420004,live,200,2026-08-11,2026-09-24,6,engineering,eng,greenhouse,Mortgage/Lending Software,California,B,greenhouse:blend:6141420004
Blend Labs,Software Engineer - Infrastructure,United States,https://job-boards.greenhouse.io/blend/jobs/6123761004,live,200,2026-07-23,2026-09-24,6,engineering,eng,greenhouse,Mortgage/Lending Software,California,B,greenhouse:blend:6123761004
Blend Labs,Software Engineer - Platform Foundation,United States,https://job-boards.greenhouse.io/blend/jobs/6190338004,live,200,2026-09-11,2026-09-24,6,engineering,eng,greenhouse,Mortgage/Lending Software,California,B,greenhouse:blend:6190338004
Blend Labs,Strategic Customer Success Manager,United States,https://job-boards.greenhouse.io/blend/jobs/6207994004,live,200,2026-09-25,2026-09-28,2,gtm,customer,greenhouse,Mortgage/Lending Software,California,B,greenhouse:blend:6207994004
Bowery Valuation,"Associate, Valuation","New York, NY",https://ats.rippling.com/bowery-valuation/jobs/92740487-badc-4922-a7a7-0349383f0f22,not checked (out of scope),0,,2026-09-24,6,,,rippling,AI-Powered Appraisal Software,New York,B,rippling:bowery-valuation:92740487-badc-4922-a7a7-0349383f0f22
Bowery Valuation,Experienced CRE Appraisers (nationwide),Remote,https://ats.rippling.com/bowery-valuation/jobs/b4fd4c5e-ff09-4c18-9f7b-8b4df29c09b2,not checked (out of scope),0,,2026-09-24,6,,,rippling,AI-Powered Appraisal Software,New York,B,rippling:bowery-valuation:b4fd4c5e-ff09-4c18-9f7b-8b4df29c09b2
Chamberlain Group,AI Engineering Manager,"Oak Brook, IL",https://chamberlain.wd1.myworkdayjobs.com/Chamberlain_Group/job/Oak-Brook-IL/AI-Engineering-Manager_JR30977,live,200,,2026-09-24,6,engineering,eng,workday,Smart Access (myQ/LiftMaster),Illinois,B,workday:chamberlain:/job/Oak-Brook-IL/AI-Engineering-Manager_JR30977
Chamberlain Group,"Analyst I, Associate Program Manager - Sales Support","Oak Brook, IL",https://chamberlain.wd1.myworkdayjobs.com/Chamberlain_Group/job/Oak-Brook-IL/Analyst-I--Associate-Program-Manager---Sales-Support_JR30758,live,200,,2026-09-24,6,sales,sales,workday,Smart Access (myQ/LiftMaster),Illinois,B,workday:chamberlain:/job/Oak-Brook-IL/Analyst-I--Associate-Program-Manager---Sales-Support_JR30758
Chamberlain Group,Builder Channel Lead – Single-Family,Remote - Arizona,https://chamberlain.wd1.myworkdayjobs.com/Chamberlain_Group/job/Remote---Arizona/Builder-Channel-Lead---Single-Family_JR30933-1,not checked (out of scope),0,,2026-09-24,6,,,workday,Smart Access (myQ/LiftMaster),Illinois,B,workday:chamberlain:/job/Remote---Arizona/Builder-Channel-Lead---Single-Family_JR30933-1
Chamberlain Group,Candidate Engagement Pool,"Oak Brook, IL",https://chamberlain.wd1.myworkdayjobs.com/Chamberlain_Group/job/Oak-Brook-IL/Candidate-Engagement-Pool_JR30435,not checked (out of scope),0,,2026-09-24,6,,,workday,Smart Access (myQ/LiftMaster),Illinois,B,workday:chamberlain:/job/Oak-Brook-IL/Candidate-Engagement-Pool_JR30435
Chamberlain Group,Customer Care myQ Community - Coordinator,"Oak Brook, IL",https://chamberlain.wd1.myworkdayjobs.com/Chamberlain_Group/job/Oak-Brook-IL/Customer-Care-myQ-Community---Coordinator_JR31416,not checked (out of scope),0,,2026-09-24,6,,,workday,Smart Access (myQ/LiftMaster),Illinois,B,workday:chamberlain:/job/Oak-Brook-IL/Customer-Care-myQ-Community---Coordinator_JR31416
Chamberlain Group,"Director, Product Management - Connectivity-Led Experiences (Hybrid - Oak Brook, IL)","Oak Brook, IL",https://chamberlain.wd1.myworkdayjobs.com/Chamberlain_Group/job/Oak-Brook-IL/Director--Product-Management---Connectivity-Led-Experiences_JR31112,not checked (out of scope),0,,2026-09-24,6,,leadership,workday,Smart Access (myQ/LiftMaster),Illinois,B,workday:chamberlain:/job/Oak-Brook-IL/Director--Product-Management---Connectivity-Led-Experiences_JR31112
Chamberlain Group,"Engineer 1, Firmware (Intern Conversion)","Oak Brook, IL",https://chamberlain.wd1.myworkdayjobs.com/Chamberlain_Group/job/Oak-Brook-IL/Engineer-1--Firmware--Intern-Conversion-_JR31660,not checked (out of scope),0,,2026-09-30,0,,eng,workday,Smart Access (myQ/LiftMaster),Illinois,B,workday:chamberlain:/job/Oak-Brook-IL/Engineer-1--Firmware--Intern-Conversion-_JR31660
Chamberlain Group,Facilities Manager,"Oak Brook, IL",https://chamberlain.wd1.myworkdayjobs.com/Chamberlain_Group/job/Oak-Brook-IL/Facilities-Manager_JR31372,not checked (out of scope),0,,2026-09-24,6,,,workday,Smart Access (myQ/LiftMaster),Illinois,B,workday:chamberlain:/job/Oak-Brook-IL/Facilities-Manager_JR31372
Chamberlain Group,"Group Product Manager (Hybrid - Oak Brook, IL)","Oak Brook, IL",https://chamberlain.wd1.myworkdayjobs.com/Chamberlain_Group/job/Oak-Brook-IL/Group-Product-Manager--Hybrid---Oak-Brook--IL-_JR31388,not checked (out of scope),0,,2026-09-24,6,,product,workday,Smart Access (myQ/LiftMaster),Illinois,B,workday:chamberlain:/job/Oak-Brook-IL/Group-Product-Manager--Hybrid---Oak-Brook--IL-_JR31388
Chamberlain Group,Integrated Business Planning Sr. Specialist,"Oak Brook, IL",https://chamberlain.wd1.myworkdayjobs.com/Chamberlain_Group/job/Oak-Brook-IL/Integrated-Business-Planning-Sr-Specialist_JR30699,not checked (out of scope),0,,2026-09-24,6,,,workday,Smart Access (myQ/LiftMaster),Illinois,B,workday:chamberlain:/job/Oak-Brook-IL/Integrated-Business-Planning-Sr-Specialist_JR30699
Chamberlain Group,"Intern, Community Product Management (Summer 2027)","Oak Brook, IL",https://chamberlain.wd1.myworkdayjobs.com/Chamberlain_Group/job/Oak-Brook-IL/Intern--Community-Product-Management--Summer-2026-_JR31309,not checked (out of scope),0,,2026-09-24,6,,,workday,Smart Access (myQ/LiftMaster),Illinois,B,workday:chamberlain:/job/Oak-Brook-IL/Intern--Community-Product-Management--Summer-2026-_JR31309
Chamberlain Group,Lead Data Scientist,"Oak Brook, IL",https://chamberlain.wd1.myworkdayjobs.com/Chamberlain_Group/job/Oak-Brook-IL/Lead-Data-Scientist_JR30293,not checked (out of scope),0,,2026-09-24,6,,eng,workday,Smart Access (myQ/LiftMaster),Illinois,B,workday:chamberlain:/job/Oak-Brook-IL/Lead-Data-Scientist_JR30293
Chamberlain Group,Lead Decision Science Analyst,"Oak Brook, IL",https://chamberlain.wd1.myworkdayjobs.com/Chamberlain_Group/job/Oak-Brook-IL/Lead-Decision-Science-Analyst_JR30103,not checked (out of scope),0,,2026-09-24,6,,,workday,Smart Access (myQ/LiftMaster),Illinois,B,workday:chamberlain:/job/Oak-Brook-IL/Lead-Decision-Science-Analyst_JR30103
Chamberlain Group,Lead Staff Front End Engineer (Remote),Remote - California,https://chamberlain.wd1.myworkdayjobs.com/Chamberlain_Group/job/Remote---California/Staff-Engineer--Remote-_JR31626,live,200,,2026-09-24,6,engineering,eng,workday,Smart Access (myQ/LiftMaster),Illinois,B,workday:chamberlain:/job/Remote---California/Staff-Engineer--Remote-_JR31626
Chamberlain Group,"Lead, Go-To-Market Strategy - Multifamily Channel","Oak Brook, IL",https://chamberlain.wd1.myworkdayjobs.com/Chamberlain_Group/job/Oak-Brook-IL/Lead--Go-To-Market-Strategy---Multifamily-Channel_JR31317,live,200,,2026-09-24,6,gtm,,workday,Smart Access (myQ/LiftMaster),Illinois,B,workday:chamberlain:/job/Oak-Brook-IL/Lead--Go-To-Market-Strategy---Multifamily-Channel_JR31317
Chamberlain Group,"Lead, NPD Sourcing Operations",Remote - Wisconsin,https://chamberlain.wd1.myworkdayjobs.com/Chamberlain_Group/job/Remote---Wisconsin/Lead--NPD-Sourcing-Operations_JR31627,not checked (out of scope),0,,2026-09-24,6,,ops,workday,Smart Access (myQ/LiftMaster),Illinois,B,workday:chamberlain:/job/Remote---Wisconsin/Lead--NPD-Sourcing-Operations_JR31627
Chamberlain Group,"Manager, Cloud Engineering",2 Locations,https://chamberlain.wd1.myworkdayjobs.com/Chamberlain_Group/job/Oak-Brook-IL/Manager--Cloud-Engineering_JR30944,live,200,,2026-09-24,6,engineering,eng,workday,Smart Access (myQ/LiftMaster),Illinois,B,workday:chamberlain:/job/Oak-Brook-IL/Manager--Cloud-Engineering_JR30944
Chamberlain Group,"Manager, Enterprise Integrations","Oak Brook, IL",https://chamberlain.wd1.myworkdayjobs.com/Chamberlain_Group/job/Oak-Brook-IL/Manager--Enterprise-Integrations_JR30340,not checked (out of scope),0,,2026-09-24,6,,,workday,Smart Access (myQ/LiftMaster),Illinois,B,workday:chamberlain:/job/Oak-Brook-IL/Manager--Enterprise-Integrations_JR30340
Chamberlain Group,"Manager, Sales Incentives & Coverage","Oak Brook, IL",https://chamberlain.wd1.myworkdayjobs.com/Chamberlain_Group/job/Oak-Brook-IL/Manager--Sales-Incentives---Coverage_JR31166,live,200,,2026-09-24,6,sales,sales,workday,Smart Access (myQ/LiftMaster),Illinois,B,workday:chamberlain:/job/Oak-Brook-IL/Manager--Sales-Incentives---Coverage_JR31166
Chamberlain Group,"Manager, Social Media & Influencer Marketing","Oak Brook, IL",https://chamberlain.wd1.myworkdayjobs.com/Chamberlain_Group/job/Oak-Brook-IL/Manager--Social-Media---Influencer-Marketing_JR31289,live,200,,2026-09-24,6,gtm,,workday,Smart Access (myQ/LiftMaster),Illinois,B,workday:chamberlain:/job/Oak-Brook-IL/Manager--Social-Media---Influencer-Marketing_JR31289
Chamberlain Group,Marketing Manager - B2B,"Oak Brook, IL",https://chamberlain.wd1.myworkdayjobs.com/Chamberlain_Group/job/Oak-Brook-IL/Marketing-Manager---B2B_JR31437-1,live,200,,2026-09-24,6,gtm,,workday,Smart Access (myQ/LiftMaster),Illinois,B,workday:chamberlain:/job/Oak-Brook-IL/Marketing-Manager---B2B_JR31437-1
Chamberlain Group,Media Coordinator - National/DTC Media,"Oak Brook, IL",https://chamberlain.wd1.myworkdayjobs.com/Chamberlain_Group/job/Oak-Brook-IL/Media-Coordinator---National-DTC-Media_JR31257,not checked (out of scope),0,,2026-09-24,6,,,workday,Smart Access (myQ/LiftMaster),Illinois,B,workday:chamberlain:/job/Oak-Brook-IL/Media-Coordinator---National-DTC-Media_JR31257
Chamberlain Group,Media Coordinator - Retail Media (Amazon),"Oak Brook, IL",https://chamberlain.wd1.myworkdayjobs.com/Chamberlain_Group/job/Oak-Brook-IL/Media-Coordinator---Retail-Media--Amazon-_JR31255,not checked (out of scope),0,,2026-09-24,6,,,workday,Smart Access (myQ/LiftMaster),Illinois,B,workday:chamberlain:/job/Oak-Brook-IL/Media-Coordinator---Retail-Media--Amazon-_JR31255
Chamberlain Group,"Principal Software Architect, Platform Engineering",Remote - California,https://chamberlain.wd1.myworkdayjobs.com/Chamberlain_Group/job/Remote---California/Principal-Software-Architect--Platform-Engineering_JR30578-1,live,200,,2026-09-24,6,engineering,eng,workday,Smart Access (myQ/LiftMaster),Illinois,B,workday:chamberlain:/job/Remote---California/Principal-Software-Architect--Platform-Engineering_JR30578-1
Chamberlain Group,"Principal Software Engineer (Hybrid - Oak Brook, IL)","Oak Brook, IL",https://chamberlain.wd1.myworkdayjobs.com/Chamberlain_Group/job/Oak-Brook-IL/Principal-Software-Engineer--Hybrid---Oak-Brook--IL-_JR31620,live,200,,2026-09-24,6,engineering,eng,workday,Smart Access (myQ/LiftMaster),Illinois,B,workday:chamberlain:/job/Oak-Brook-IL/Principal-Software-Engineer--Hybrid---Oak-Brook--IL-_JR31620
Chamberlain Group,"Principal, Brand Strategy & Activation","Oak Brook, IL",https://chamberlain.wd1.myworkdayjobs.com/Chamberlain_Group/job/Oak-Brook-IL/Principal--Brand-Strategy---Activation_JR30328,live,200,,2026-09-24,6,gtm,,workday,Smart Access (myQ/LiftMaster),Illinois,B,workday:chamberlain:/job/Oak-Brook-IL/Principal--Brand-Strategy---Activation_JR30328
Chamberlain Group,"Principal, Cloud Infrastructure Architect","Oak Brook, IL",https://chamberlain.wd1.myworkdayjobs.com/Chamberlain_Group/job/Oak-Brook-IL/Principal--Cloud-Infrastructure-Architect_JR31406,live,200,,2026-09-24,6,engineering,eng,workday,Smart Access (myQ/LiftMaster),Illinois,B,workday:chamberlain:/job/Oak-Brook-IL/Principal--Cloud-Infrastructure-Architect_JR31406
Chamberlain Group,"Principal, Go-To-Market, Video (Hybrid - Oak Brook, IL)","Oak Brook, IL",https://chamberlain.wd1.myworkdayjobs.com/Chamberlain_Group/job/Oak-Brook-IL/Principal--Go-To-Market--Video_JR31036,live,200,,2026-09-24,6,gtm,,workday,Smart Access (myQ/LiftMaster),Illinois,B,workday:chamberlain:/job/Oak-Brook-IL/Principal--Go-To-Market--Video_JR31036
Chamberlain Group,"Principal, Revenue Intelligence Platforms","Oak Brook, IL",https://chamberlain.wd1.myworkdayjobs.com/Chamberlain_Group/job/Oak-Brook-IL/Principal--Revenue-Intelligence-Platforms_JR31141,live,200,,2026-09-24,6,sales,sales,workday,Smart Access (myQ/LiftMaster),Illinois,B,workday:chamberlain:/job/Oak-Brook-IL/Principal--Revenue-Intelligence-Platforms_JR31141
Chamberlain Group,"Product Manager (Hybrid - Oak Brook, IL)","Oak Brook, IL",https://chamberlain.wd1.myworkdayjobs.com/Chamberlain_Group/job/Oak-Brook-IL/Product-Manager--Hybrid---Oak-Brook--IL-_JR31389-1,not checked (out of scope),0,,2026-09-24,6,,product,workday,Smart Access (myQ/LiftMaster),Illinois,B,workday:chamberlain:/job/Oak-Brook-IL/Product-Manager--Hybrid---Oak-Brook--IL-_JR31389-1
Chamberlain Group,Program Manager,"Oak Brook, IL",https://chamberlain.wd1.myworkdayjobs.com/Chamberlain_Group/job/Oak-Brook-IL/Program-Manager_JR31444,not checked (out of scope),0,,2026-09-30,0,,,workday,Smart Access (myQ/LiftMaster),Illinois,B,workday:chamberlain:/job/Oak-Brook-IL/Program-Manager_JR31444
Chamberlain Group,Residential Support Representative I,"Tucson, AZ",https://chamberlain.wd1.myworkdayjobs.com/Chamberlain_Group/job/Tucson-AZ/Residential-Support-Representative-I_JR31550,not checked (out of scope),0,,2026-09-24,6,,customer,workday,Smart Access (myQ/LiftMaster),Illinois,B,workday:chamberlain:/job/Tucson-AZ/Residential-Support-Representative-I_JR31550
Chamberlain Group,Revenue Growth Management Lead,"Oak Brook, IL",https://chamberlain.wd1.myworkdayjobs.com/Chamberlain_Group/job/Oak-Brook-IL/Revenue-Growth-Management-Lead_JR30887,live,200,,2026-09-24,6,sales,sales,workday,Smart Access (myQ/LiftMaster),Illinois,B,workday:chamberlain:/job/Oak-Brook-IL/Revenue-Growth-Management-Lead_JR30887
Chamberlain Group,Revenue Operation Analyst,"Oak Brook, IL",https://chamberlain.wd1.myworkdayjobs.com/Chamberlain_Group/job/Oak-Brook-IL/Analyst-I--Associate-Program-Manager---Sales-Support_JR30730,live,200,,2026-09-24,6,sales,sales,workday,Smart Access (myQ/LiftMaster),Illinois,B,workday:chamberlain:/job/Oak-Brook-IL/Analyst-I--Associate-Program-Manager---Sales-Support_JR30730
Chamberlain Group,Sales Strategy & Operations Analyst,"Oak Brook, IL",https://chamberlain.wd1.myworkdayjobs.com/Chamberlain_Group/job/Oak-Brook-IL/Sales-Strategy---Operations-Analyst_JR31601,live,200,,2026-09-24,6,sales,sales,workday,Smart Access (myQ/LiftMaster),Illinois,B,workday:chamberlain:/job/Oak-Brook-IL/Sales-Strategy---Operations-Analyst_JR31601
Chamberlain Group,Salesforce Administrator,"Oak Brook, IL",https://chamberlain.wd1.myworkdayjobs.com/Chamberlain_Group/job/Oak-Brook-IL/Salesforce-Administrator_JR31015,not checked (out of scope),0,,2026-09-24,6,,sales,workday,Smart Access (myQ/LiftMaster),Illinois,B,workday:chamberlain:/job/Oak-Brook-IL/Salesforce-Administrator_JR31015
Chamberlain Group,Senior Enterprise Account Executive,Remote - Illinois,https://chamberlain.wd1.myworkdayjobs.com/Chamberlain_Group/job/Remote---Illinois/Principal--Enterprise-Solutions_JR31008,live,200,,2026-09-24,6,sales,sales,workday,Smart Access (myQ/LiftMaster),Illinois,B,workday:chamberlain:/job/Remote---Illinois/Principal--Enterprise-Solutions_JR31008
Chamberlain Group,"Senior Manager Product, myQ Enterprise (Hybrid - Oak Brook, IL)","Oak Brook, IL",https://chamberlain.wd1.myworkdayjobs.com/Chamberlain_Group/job/Oak-Brook-IL/Senior-Manager-Product--myQ-App-Enterprise--Hybrid---Oak-Brook--IL-_JR31295,not checked (out of scope),0,,2026-09-24,6,,,workday,Smart Access (myQ/LiftMaster),Illinois,B,workday:chamberlain:/job/Oak-Brook-IL/Senior-Manager-Product--myQ-App-Enterprise--Hybrid---Oak-Brook--IL-_JR31295
Chamberlain Group,"Senior Software Engineer, .NET","Oak Brook, IL",https://chamberlain.wd1.myworkdayjobs.com/Chamberlain_Group/job/Oak-Brook-IL/Senior-Software-Engineer--NET_JR30628-1,live,200,,2026-09-24,6,engineering,eng,workday,Smart Access (myQ/LiftMaster),Illinois,B,workday:chamberlain:/job/Oak-Brook-IL/Senior-Software-Engineer--NET_JR30628-1
Chamberlain Group,"Senior Software Engineer, Middleware","Oak Brook, IL",https://chamberlain.wd1.myworkdayjobs.com/Chamberlain_Group/job/Oak-Brook-IL/Senior-Software-Engineer--Middleware_JR31355,live,200,,2026-09-24,6,engineering,eng,workday,Smart Access (myQ/LiftMaster),Illinois,B,workday:chamberlain:/job/Oak-Brook-IL/Senior-Software-Engineer--Middleware_JR31355
Chamberlain Group,"Software Engineer 1, Middleware (Intern Conversion)","Oak Brook, IL",https://chamberlain.wd1.myworkdayjobs.com/Chamberlain_Group/job/Oak-Brook-IL/Software-Engineer-1--Middleware--Intern-Conversion-_JR31674,not checked (out of scope),0,,2026-09-30,0,,eng,workday,Smart Access (myQ/LiftMaster),Illinois,B,workday:chamberlain:/job/Oak-Brook-IL/Software-Engineer-1--Middleware--Intern-Conversion-_JR31674
Chamberlain Group,"Software Product Manager, myQ App (Hybrid - Oak Brook, IL)","Oak Brook, IL",https://chamberlain.wd1.myworkdayjobs.com/Chamberlain_Group/job/Oak-Brook-IL/Software-Product-Manager_JR30900,not checked (out of scope),0,,2026-09-24,6,,product,workday,Smart Access (myQ/LiftMaster),Illinois,B,workday:chamberlain:/job/Oak-Brook-IL/Software-Product-Manager_JR30900
Chamberlain Group,"Sr Manager, Go-To-Market Strategy - Multifamily Channel","Oak Brook, IL",https://chamberlain.wd1.myworkdayjobs.com/Chamberlain_Group/job/Oak-Brook-IL/Sr-Manager--Go-To-Market-Strategy---Multifamily-Channel_JR31316,live,200,,2026-09-24,6,gtm,,workday,Smart Access (myQ/LiftMaster),Illinois,B,workday:chamberlain:/job/Oak-Brook-IL/Sr-Manager--Go-To-Market-Strategy---Multifamily-Channel_JR31316
Chamberlain Group,Sr. Business Systems Analyst - Finance & HR,"Oak Brook, IL",https://chamberlain.wd1.myworkdayjobs.com/Chamberlain_Group/job/Oak-Brook-IL/Sr-Business-Systems-Analyst---Finance---HR_JR31326,not checked (out of scope),0,,2026-09-24,6,,,workday,Smart Access (myQ/LiftMaster),Illinois,B,workday:chamberlain:/job/Oak-Brook-IL/Sr-Business-Systems-Analyst---Finance---HR_JR31326
Chamberlain Group,"Sr. Engineer, 2 Firmware","Oak Brook, IL",https://chamberlain.wd1.myworkdayjobs.com/Chamberlain_Group/job/Oak-Brook-IL/Sr-Engineer--2-Firmware_JR31505,live,200,,2026-09-24,6,engineering,eng,workday,Smart Access (myQ/LiftMaster),Illinois,B,workday:chamberlain:/job/Oak-Brook-IL/Sr-Engineer--2-Firmware_JR31505
Chamberlain Group,"Sr. Engineer, Software - GenAI (Hybrid)","Oak Brook, IL",https://chamberlain.wd1.myworkdayjobs.com/Chamberlain_Group/job/Oak-Brook-IL/Sr-Engineer--Software---GenAI--Hybrid-_JR30976,live,200,,2026-09-24,6,engineering,eng,workday,Smart Access (myQ/LiftMaster),Illinois,B,workday:chamberlain:/job/Oak-Brook-IL/Sr-Engineer--Software---GenAI--Hybrid-_JR30976
Chamberlain Group,Sr. Field Sales Representative,Remote - New York,https://chamberlain.wd1.myworkdayjobs.com/Chamberlain_Group/job/Remote---New-York/Sr-Field-Sales-Representative_JR31599,live,200,,2026-09-24,6,sales,sales,workday,Smart Access (myQ/LiftMaster),Illinois,B,workday:chamberlain:/job/Remote---New-York/Sr-Field-Sales-Representative_JR31599
Chamberlain Group,Sr. Field Sales Representative,Remote - Ohio,https://chamberlain.wd1.myworkdayjobs.com/Chamberlain_Group/job/Remote---Ohio/Sr-Field-Sales-Representative_JR31490-1,live,200,,2026-09-24,6,sales,sales,workday,Smart Access (myQ/LiftMaster),Illinois,B,workday:chamberlain:/job/Remote---Ohio/Sr-Field-Sales-Representative_JR31490-1
Chamberlain Group,"Sr. Hardware Product Manager (Hybrid - Oak Brook, IL)","Oak Brook, IL",https://chamberlain.wd1.myworkdayjobs.com/Chamberlain_Group/job/Oak-Brook-IL/Sr-Product-Manager--Hybrid---Oak-Brook--IL-_JR31633,not checked (out of scope),0,,2026-09-24,6,,product,workday,Smart Access (myQ/LiftMaster),Illinois,B,workday:chamberlain:/job/Oak-Brook-IL/Sr-Product-Manager--Hybrid---Oak-Brook--IL-_JR31633
Chamberlain Group,"Sr. Manager Software Engineering (Hybrid in Oak Brook, IL)","Oak Brook, IL",https://chamberlain.wd1.myworkdayjobs.com/Chamberlain_Group/job/Oak-Brook-IL/Sr-Manager-Software-Engineering--Hybrid-in-Oak-Brook--IL-_JR31619,live,200,,2026-09-24,6,engineering,eng,workday,Smart Access (myQ/LiftMaster),Illinois,B,workday:chamberlain:/job/Oak-Brook-IL/Sr-Manager-Software-Engineering--Hybrid-in-Oak-Brook--IL-_JR31619
Chamberlain Group,"Sr. Manager, Channel Programs","Oak Brook, IL",https://chamberlain.wd1.myworkdayjobs.com/Chamberlain_Group/job/Oak-Brook-IL/Sr-Manager--Channel-Programs_JR29664,not checked (out of scope),0,,2026-09-24,6,,,workday,Smart Access (myQ/LiftMaster),Illinois,B,workday:chamberlain:/job/Oak-Brook-IL/Sr-Manager--Channel-Programs_JR29664
Chamberlain Group,"Sr. Manager, Data Science (Marketing)","Oak Brook, IL",https://chamberlain.wd1.myworkdayjobs.com/Chamberlain_Group/job/Oak-Brook-IL/Sr-Manager--Data-Science--Marketing-_JR30949,live,200,,2026-09-24,6,gtm,,workday,Smart Access (myQ/LiftMaster),Illinois,B,workday:chamberlain:/job/Oak-Brook-IL/Sr-Manager--Data-Science--Marketing-_JR30949
Chamberlain Group,"Sr. Manager, Data Science (Product & Engineering)","Oak Brook, IL",https://chamberlain.wd1.myworkdayjobs.com/Chamberlain_Group/job/Oak-Brook-IL/Sr-Manager--Data-Science--Product---Engineering-_JR31711-1,live,200,,2026-09-30,0,engineering,eng,workday,Smart Access (myQ/LiftMaster),Illinois,B,workday:chamberlain:/job/Oak-Brook-IL/Sr-Manager--Data-Science--Product---Engineering-_JR31711-1
Chamberlain Group,"Sr. Manager, Finance - Commercial FP&A","Oak Brook, IL",https://chamberlain.wd1.myworkdayjobs.com/Chamberlain_Group/job/Oak-Brook-IL/Sr-Manager--Finance---Commercial-FP-A_JR30497,not checked (out of scope),0,,2026-09-24,6,,,workday,Smart Access (myQ/LiftMaster),Illinois,B,workday:chamberlain:/job/Oak-Brook-IL/Sr-Manager--Finance---Commercial-FP-A_JR30497
Chamberlain Group,"Sr. Manager, Integrated Planning","Oak Brook, IL",https://chamberlain.wd1.myworkdayjobs.com/Chamberlain_Group/job/Oak-Brook-IL/Sr-Manager--Integrated-Planning_JR31577,not checked (out of scope),0,,2026-09-28,2,,,workday,Smart Access (myQ/LiftMaster),Illinois,B,workday:chamberlain:/job/Oak-Brook-IL/Sr-Manager--Integrated-Planning_JR31577
Chamberlain Group,"Sr. Manager, Lifecycle Marketing","Oak Brook, IL",https://chamberlain.wd1.myworkdayjobs.com/Chamberlain_Group/job/Oak-Brook-IL/Sr-Manager--Lifecycle-Marketing_JR31466,live,200,,2026-09-24,6,gtm,,workday,Smart Access (myQ/LiftMaster),Illinois,B,workday:chamberlain:/job/Oak-Brook-IL/Sr-Manager--Lifecycle-Marketing_JR31466
Chamberlain Group,"Sr. Software Engineer - Middleware (Hybrid - Oak Brook, IL)","Oak Brook, IL",https://chamberlain.wd1.myworkdayjobs.com/Chamberlain_Group/job/Oak-Brook-IL/Sr-Software-Engineer---Middleware--Hybrid---Oak-Brook--IL-_JR30749,live,200,,2026-09-24,6,engineering,eng,workday,Smart Access (myQ/LiftMaster),Illinois,B,workday:chamberlain:/job/Oak-Brook-IL/Sr-Software-Engineer---Middleware--Hybrid---Oak-Brook--IL-_JR30749
Chamberlain Group,"Sr. Software Product Manager (Hybrid - Oak Brook, IL)","Oak Brook, IL",https://chamberlain.wd1.myworkdayjobs.com/Chamberlain_Group/job/Oak-Brook-IL/Sr-Software-Product-Manager_JR31094,not checked (out of scope),0,,2026-09-24,6,,product,workday,Smart Access (myQ/LiftMaster),Illinois,B,workday:chamberlain:/job/Oak-Brook-IL/Sr-Software-Product-Manager_JR31094
Chamberlain Group,"Sr. Specialist, Web & App Operations","Oak Brook, IL",https://chamberlain.wd1.myworkdayjobs.com/Chamberlain_Group/job/Oak-Brook-IL/Sr-Specialist--Web---App-Operations_JR31610,not checked (out of scope),0,,2026-09-28,2,,ops,workday,Smart Access (myQ/LiftMaster),Illinois,B,workday:chamberlain:/job/Oak-Brook-IL/Sr-Specialist--Web---App-Operations_JR31610
Chamberlain Group,Sr. Technical Program Manager,"Oak Brook, IL",https://chamberlain.wd1.myworkdayjobs.com/Chamberlain_Group/job/Oak-Brook-IL/Sr-Technical-Program-Manager_JR31595,not checked (out of scope),0,,2026-09-24,6,,,workday,Smart Access (myQ/LiftMaster),Illinois,B,workday:chamberlain:/job/Oak-Brook-IL/Sr-Technical-Program-Manager_JR31595
Chamberlain Group,Staff Site Reliability Engineer,"Oak Brook, IL",https://chamberlain.wd1.myworkdayjobs.com/Chamberlain_Group/job/Oak-Brook-IL/Staff-Site-Reliability-Engineer_JR30139-1,live,200,,2026-09-24,6,engineering,eng,workday,Smart Access (myQ/LiftMaster),Illinois,B,workday:chamberlain:/job/Oak-Brook-IL/Staff-Site-Reliability-Engineer_JR30139-1
Chamberlain Group,Supply Chain Specialist,"Oak Brook, IL",https://chamberlain.wd1.myworkdayjobs.com/Chamberlain_Group/job/Oak-Brook-IL/Supply-Chain-Analyst_JR31402,not checked (out of scope),0,,2026-09-24,6,,,workday,Smart Access (myQ/LiftMaster),Illinois,B,workday:chamberlain:/job/Oak-Brook-IL/Supply-Chain-Analyst_JR31402
Chamberlain Group,Technical Project Manager - Hardware/Software (Hybrid),"Oak Brook, IL",https://chamberlain.wd1.myworkdayjobs.com/Chamberlain_Group/job/Oak-Brook-IL/Technical-Project-Manager_JR31622,not checked (out of scope),0,,2026-09-24,6,,,workday,Smart Access (myQ/LiftMaster),Illinois,B,workday:chamberlain:/job/Oak-Brook-IL/Technical-Project-Manager_JR31622
Chamberlain Group,Technician Facilities Maintenance,"Olive Branch, MS",https://chamberlain.wd1.myworkdayjobs.com/Chamberlain_Group/job/Olive-Branch-MS/Technician-Facilities-Maintenance_JR31472-2,not checked (out of scope),0,,2026-09-24,6,,ops,workday,Smart Access (myQ/LiftMaster),Illinois,B,workday:chamberlain:/job/Olive-Branch-MS/Technician-Facilities-Maintenance_JR31472-2
Chamberlain Group,Warehouse Associate II,"Tucson, AZ",https://chamberlain.wd1.myworkdayjobs.com/Chamberlain_Group/job/Tucson-AZ/Warehouse-Associate-II_JR31345,not checked (out of scope),0,,2026-09-24,6,,,workday,Smart Access (myQ/LiftMaster),Illinois,B,workday:chamberlain:/job/Tucson-AZ/Warehouse-Associate-II_JR31345
Closinglock,Director of Customer Success,"Austin, TX",https://ats.rippling.com/closinglock/jobs/5a93fabd-52d3-4ffa-a5ee-33c90d40a3a9,live,200,,2026-09-24,6,gtm,customer,rippling,Wire Fraud Prevention for RE Closings,Texas,B,rippling:closinglock:5a93fabd-52d3-4ffa-a5ee-33c90d40a3a9
Closinglock,Events Marketing Manager,"Austin, TX",https://ats.rippling.com/closinglock/jobs/eeee01bf-2037-4484-b614-2904c2ac6e9b,live,200,,2026-09-24,6,gtm,,rippling,Wire Fraud Prevention for RE Closings,Texas,B,rippling:closinglock:eeee01bf-2037-4484-b614-2904c2ac6e9b
Closinglock,VP of Sales,"Austin, TX",https://ats.rippling.com/closinglock/jobs/3969c70f-90f1-4424-88fc-507b3a17ce2e,live,200,,2026-09-24,6,executive,sales,rippling,Wire Fraud Prevention for RE Closings,Texas,B,rippling:closinglock:3969c70f-90f1-4424-88fc-507b3a17ce2e
CompStak,Account Executive,"New York, NY",https://jobs.lever.co/compstak/9e292fe1-f59c-4466-b8ec-cd6e1b38ec2d,live,200,2026-08-24,2026-09-24,6,sales,sales,lever,CRE Comparable Data Platform,New York,B,lever:compstak:9e292fe1-f59c-4466-b8ec-cd6e1b38ec2d
CompStak,Sales Development Associate,Belgrade,https://jobs.lever.co/compstak/a91f0da0-d720-4adc-b036-f58c986a1894,live,200,2026-03-05,2026-09-24,6,sales,sales,lever,CRE Comparable Data Platform,New York,B,lever:compstak:a91f0da0-d720-4adc-b036-f58c986a1894
CompStak,Senior Account Executive,"New York, NY",https://jobs.lever.co/compstak/ded2dbb5-692f-4809-8eea-4d40409a9813,live,200,2026-07-07,2026-09-24,6,sales,sales,lever,CRE Comparable Data Platform,New York,B,lever:compstak:ded2dbb5-692f-4809-8eea-4d40409a9813
CompStak,Senior Product Manager,"New York, NY",https://jobs.lever.co/compstak/1ddc2801-2011-42b1-b027-6f786065b828,not checked (out of scope),0,2025-09-30,2026-09-24,6,,product,lever,CRE Comparable Data Platform,New York,B,lever:compstak:1ddc2801-2011-42b1-b027-6f786065b828
Convene,"A1 Audio Engineer, Live Events (part-time)","New York, NY",https://job-boards.greenhouse.io/convene/jobs/8180337,not checked (out of scope),0,2026-09-04,2026-09-24,6,,eng,greenhouse,Flexible Workspace / Meeting Venues,New York,B,greenhouse:convene:8180337
Convene,AV Event Technology Manager,"London, UK",https://job-boards.greenhouse.io/convene/jobs/8222181,not checked (out of scope),0,2026-09-21,2026-09-24,6,,,greenhouse,Flexible Workspace / Meeting Venues,New York,B,greenhouse:convene:8222181
Convene,Account Manager,"London, UK",https://job-boards.greenhouse.io/convene/jobs/8158887,live,200,2026-08-26,2026-09-24,6,gtm,customer,greenhouse,Flexible Workspace / Meeting Venues,New York,B,greenhouse:convene:8158887
Convene,"Area Director of Operations, Live Events","New York, NY",https://job-boards.greenhouse.io/convene/jobs/8180445,not checked (out of scope),0,2026-09-04,2026-09-24,6,,leadership,greenhouse,Flexible Workspace / Meeting Venues,New York,B,greenhouse:convene:8180445
Convene,Audio Visual Event Technology Manager,"New York, NY",https://job-boards.greenhouse.io/convene/jobs/8236672,not checked (out of scope),0,2026-09-28,2026-09-28,2,,,greenhouse,Flexible Workspace / Meeting Venues,New York,B,greenhouse:convene:8236672
Convene,"Audio Visual Technician, Live Events","New York, NY",https://job-boards.greenhouse.io/convene/jobs/8244403,not checked (out of scope),0,2026-09-30,2026-09-30,0,,,greenhouse,Flexible Workspace / Meeting Venues,New York,B,greenhouse:convene:8244403
Convene,Business Development Manager,"London, UK",https://job-boards.greenhouse.io/convene/jobs/8237057,live,200,2026-09-28,2026-09-28,2,sales,sales,greenhouse,Flexible Workspace / Meeting Venues,New York,B,greenhouse:convene:8237057
Convene,Cafe Attendant,"Boston, MA",https://job-boards.greenhouse.io/convene/jobs/8243534,not checked (out of scope),0,2026-09-30,2026-09-30,0,,,greenhouse,Flexible Workspace / Meeting Venues,New York,B,greenhouse:convene:8243534
Convene,Cleaner- Client Support Team,"London, UK",https://job-boards.greenhouse.io/convene/jobs/8104960,not checked (out of scope),0,2026-08-05,2026-09-24,6,,customer,greenhouse,Flexible Workspace / Meeting Venues,New York,B,greenhouse:convene:8104960
Convene,Conference & Events Assistant- Client Support Team,"London, UK",https://job-boards.greenhouse.io/convene/jobs/7925925,not checked (out of scope),0,2026-05-14,2026-09-24,6,,customer,greenhouse,Flexible Workspace / Meeting Venues,New York,B,greenhouse:convene:7925925
Convene,Conference & Events Manager,London ,https://job-boards.greenhouse.io/convene/jobs/8210482,not checked (out of scope),0,2026-09-17,2026-09-24,6,,,greenhouse,Flexible Workspace / Meeting Venues,New York,B,greenhouse:convene:8210482
Convene,Conference & Events Manager,Manchester,https://job-boards.greenhouse.io/convene/jobs/8201423,not checked (out of scope),0,2026-09-14,2026-09-24,6,,,greenhouse,Flexible Workspace / Meeting Venues,New York,B,greenhouse:convene:8201423
Convene,Dishwasher,"New York, NY",https://job-boards.greenhouse.io/convene/jobs/8240388,not checked (out of scope),0,2026-09-29,2026-09-30,0,,,greenhouse,Flexible Workspace / Meeting Venues,New York,B,greenhouse:convene:8240388
Convene,"Event Coordinator, Live Events","New York, NY",https://job-boards.greenhouse.io/convene/jobs/8203824,not checked (out of scope),0,2026-09-15,2026-09-24,6,,,greenhouse,Flexible Workspace / Meeting Venues,New York,B,greenhouse:convene:8203824
Convene,Event Manager- Live Events!,"London, UK",https://job-boards.greenhouse.io/convene/jobs/8083168,not checked (out of scope),0,2026-07-24,2026-09-24,6,,,greenhouse,Flexible Workspace / Meeting Venues,New York,B,greenhouse:convene:8083168
Convene,Event Production Manager,"San Francisco, CA",https://job-boards.greenhouse.io/convene/jobs/8119824,not checked (out of scope),0,2026-08-10,2026-09-24,6,,,greenhouse,Flexible Workspace / Meeting Venues,New York,B,greenhouse:convene:8119824
Convene,"Executive Chef- Live Events, New Opening!","London, UK",https://job-boards.greenhouse.io/convene/jobs/8147707,not checked (out of scope),0,2026-08-21,2026-09-24,6,,,greenhouse,Flexible Workspace / Meeting Venues,New York,B,greenhouse:convene:8147707
Convene,Facilities Assistant- Client Support Team,"London, UK",https://job-boards.greenhouse.io/convene/jobs/8143631,not checked (out of scope),0,2026-08-20,2026-09-24,6,,customer,greenhouse,Flexible Workspace / Meeting Venues,New York,B,greenhouse:convene:8143631
Convene,Food & Beverage Supervisor (Monday-Friday),"London, UK",https://job-boards.greenhouse.io/convene/jobs/7742425,not checked (out of scope),0,2026-03-23,2026-09-24,6,,,greenhouse,Flexible Workspace / Meeting Venues,New York,B,greenhouse:convene:7742425
Convene,Food & Beverage Supervisor (Monday-Friday),"Manchester, UK ",https://job-boards.greenhouse.io/convene/jobs/8185864,not checked (out of scope),0,2026-09-08,2026-09-24,6,,,greenhouse,Flexible Workspace / Meeting Venues,New York,B,greenhouse:convene:8185864
Convene,Front of House Attendant,"New York, NY",https://job-boards.greenhouse.io/convene/jobs/8187031,not checked (out of scope),0,2026-09-08,2026-09-24,6,,,greenhouse,Flexible Workspace / Meeting Venues,New York,B,greenhouse:convene:8187031
Convene,"General Manager, Live Events","New York, NY",https://job-boards.greenhouse.io/convene/jobs/8160867,live,200,2026-08-26,2026-09-24,6,executive,leadership,greenhouse,Flexible Workspace / Meeting Venues,New York,B,greenhouse:convene:8160867
Convene,General Manager- Live Events,"London, UK",https://job-boards.greenhouse.io/convene/jobs/8099686,live,200,2026-07-31,2026-09-24,6,executive,leadership,greenhouse,Flexible Workspace / Meeting Venues,New York,B,greenhouse:convene:8099686
Convene,Head Chef -Live Events (New Opening!),"London, UK",https://job-boards.greenhouse.io/convene/jobs/8158031,not checked (out of scope),0,2026-08-26,2026-09-24,6,,,greenhouse,Flexible Workspace / Meeting Venues,New York,B,greenhouse:convene:8158031
Convene,Helpdesk Support Analyst,"London, UK",https://job-boards.greenhouse.io/convene/jobs/8213831,not checked (out of scope),0,2026-09-18,2026-09-24,6,,customer,greenhouse,Flexible Workspace / Meeting Venues,New York,B,greenhouse:convene:8213831
Convene,Hospitality Coordinator,"New York, NY",https://job-boards.greenhouse.io/convene/jobs/8213783,not checked (out of scope),0,2026-09-18,2026-09-24,6,,,greenhouse,Flexible Workspace / Meeting Venues,New York,B,greenhouse:convene:8213783
Convene,Hospitality Event Server,"New York, New York",https://job-boards.greenhouse.io/convene/jobs/8042083,not checked (out of scope),0,2026-07-09,2026-09-24,6,,,greenhouse,Flexible Workspace / Meeting Venues,New York,B,greenhouse:convene:8042083
Convene,Hospitality/Event Coordinator- Live Events,"London, UK",https://job-boards.greenhouse.io/convene/jobs/8213339,not checked (out of scope),0,2026-09-18,2026-09-24,6,,,greenhouse,Flexible Workspace / Meeting Venues,New York,B,greenhouse:convene:8213339
Convene,"L1 Lighting Engineer, Live Events (part-time)","New York, NY",https://job-boards.greenhouse.io/convene/jobs/8180353,not checked (out of scope),0,2026-09-04,2026-09-24,6,,eng,greenhouse,Flexible Workspace / Meeting Venues,New York,B,greenhouse:convene:8180353
Convene,Line Cook,"San Francisco, CA",https://job-boards.greenhouse.io/convene/jobs/8196629,not checked (out of scope),0,2026-09-11,2026-09-24,6,,,greenhouse,Flexible Workspace / Meeting Venues,New York,B,greenhouse:convene:8196629
Convene,Part-Time Barista,"Chicago, IL",https://job-boards.greenhouse.io/convene/jobs/8189962,not checked (out of scope),0,2026-09-09,2026-09-24,6,,,greenhouse,Flexible Workspace / Meeting Venues,New York,B,greenhouse:convene:8189962
Convene,Part-Time Event Server,"New York, NY",https://job-boards.greenhouse.io/convene/jobs/8213479,not checked (out of scope),0,2026-09-18,2026-09-24,6,,,greenhouse,Flexible Workspace / Meeting Venues,New York,B,greenhouse:convene:8213479
Convene,Sales Executive- Live Meetings & Events,"London, UK",https://job-boards.greenhouse.io/convene/jobs/8236681,live,200,2026-09-28,2026-09-28,2,sales,sales,greenhouse,Flexible Workspace / Meeting Venues,New York,B,greenhouse:convene:8236681
Convene,Senior Account Manager,"London, UK",https://job-boards.greenhouse.io/convene/jobs/7967028,live,200,2026-05-29,2026-09-24,6,gtm,customer,greenhouse,Flexible Workspace / Meeting Venues,New York,B,greenhouse:convene:7967028
Convene,"Senior Audio Visual Technician, Live Events","London, UK",https://job-boards.greenhouse.io/convene/jobs/8189201,not checked (out of scope),0,2026-09-09,2026-09-24,6,,,greenhouse,Flexible Workspace / Meeting Venues,New York,B,greenhouse:convene:8189201
Convene,"Senior Conference & Events Manager- Live Events, New Opening!","London, UK",https://job-boards.greenhouse.io/convene/jobs/8201578,not checked (out of scope),0,2026-09-17,2026-09-24,6,,,greenhouse,Flexible Workspace / Meeting Venues,New York,B,greenhouse:convene:8201578
Convene,"Senior Event Production Manager- Live Events, New Opening!","London, UK",https://job-boards.greenhouse.io/convene/jobs/8207777,not checked (out of scope),0,2026-09-17,2026-09-24,6,,,greenhouse,Flexible Workspace / Meeting Venues,New York,B,greenhouse:convene:8207777
Convene,Senior Network Engineer,"New York, NY",https://job-boards.greenhouse.io/convene/jobs/8092500,live,200,2026-07-28,2026-09-24,6,engineering,eng,greenhouse,Flexible Workspace / Meeting Venues,New York,B,greenhouse:convene:8092500
Convene,"Senior Sales Executive, Corporate & Social Events","New York, NY",https://job-boards.greenhouse.io/convene/jobs/8211900,live,200,2026-09-17,2026-09-24,6,sales,sales,greenhouse,Flexible Workspace / Meeting Venues,New York,B,greenhouse:convene:8211900
Convene,"Special Events Bartender,  Part-Time","New York, NY",https://job-boards.greenhouse.io/convene/jobs/8212671,not checked (out of scope),0,2026-09-17,2026-09-24,6,,,greenhouse,Flexible Workspace / Meeting Venues,New York,B,greenhouse:convene:8212671
Convene,"V1 Video Engineer, Live Events","New York, NY",https://job-boards.greenhouse.io/convene/jobs/8240618,not checked (out of scope),0,2026-09-29,2026-09-30,0,,eng,greenhouse,Flexible Workspace / Meeting Venues,New York,B,greenhouse:convene:8240618
Convene,"Venue Manager- Live Events, New Opening!","London, UK",https://job-boards.greenhouse.io/convene/jobs/8207733,not checked (out of scope),0,2026-09-17,2026-09-24,6,,,greenhouse,Flexible Workspace / Meeting Venues,New York,B,greenhouse:convene:8207733
Crexi,"Account Executive, Intelligence (Los Angeles)","Playa Vista, Ca",https://job-boards.greenhouse.io/crexi/jobs/4649730005,live,200,2026-01-14,2026-09-24,6,sales,sales,greenhouse,CRE Marketplace & Data,California,B,greenhouse:crexi:4649730005
Crexi,"Account Executive, Intelligence (Miami)","Miami, FL",https://job-boards.greenhouse.io/crexi/jobs/4649743005,live,200,2026-01-14,2026-09-24,6,sales,sales,greenhouse,CRE Marketplace & Data,California,B,greenhouse:crexi:4649743005
Crexi,"Account Executive, Pro (Los Angeles)","Playa Vista, Ca",https://job-boards.greenhouse.io/crexi/jobs/4648939005,live,200,2026-01-14,2026-09-24,6,sales,sales,greenhouse,CRE Marketplace & Data,California,B,greenhouse:crexi:4648939005
Crexi,"Account Executive, Pro (Miami)","Miami, FL",https://job-boards.greenhouse.io/crexi/jobs/4648940005,live,200,2026-01-14,2026-09-24,6,sales,sales,greenhouse,CRE Marketplace & Data,California,B,greenhouse:crexi:4648940005
Crexi,"Manager, Software Engineering",Los Angeles,https://job-boards.greenhouse.io/crexi/jobs/4723629005,live,200,2026-08-12,2026-09-24,6,engineering,eng,greenhouse,CRE Marketplace & Data,California,B,greenhouse:crexi:4723629005
Crexi,"Sales Development Representative, Intelligence (Los Angeles)","Playa Vista, Ca",https://job-boards.greenhouse.io/crexi/jobs/4649714005,live,200,2026-01-21,2026-09-24,6,sales,sales,greenhouse,CRE Marketplace & Data,California,B,greenhouse:crexi:4649714005
Crexi,"Sales Development Representative, Intelligence (Miami)","Miami, FL",https://job-boards.greenhouse.io/crexi/jobs/4649735005,live,200,2026-01-21,2026-09-24,6,sales,sales,greenhouse,CRE Marketplace & Data,California,B,greenhouse:crexi:4649735005
Crexi,"Sales Development Representative, Pro (Los Angeles)","Playa Vista, Ca",https://job-boards.greenhouse.io/crexi/jobs/4649741005,live,200,2026-01-21,2026-09-24,6,sales,sales,greenhouse,CRE Marketplace & Data,California,B,greenhouse:crexi:4649741005
Crexi,"Sales Development Representative, Pro (Miami)","Miami, FL",https://job-boards.greenhouse.io/crexi/jobs/4649747005,live,200,2026-01-21,2026-09-24,6,sales,sales,greenhouse,CRE Marketplace & Data,California,B,greenhouse:crexi:4649747005
Crexi,Senior AI Engineer,United States,https://job-boards.greenhouse.io/crexi/jobs/4723615005,live,200,2026-08-12,2026-09-24,6,engineering,eng,greenhouse,CRE Marketplace & Data,California,B,greenhouse:crexi:4723615005
Crexi,Senior Data Engineer,Los Angeles,https://job-boards.greenhouse.io/crexi/jobs/4724138005,live,200,2026-08-13,2026-09-24,6,engineering,eng,greenhouse,CRE Marketplace & Data,California,B,greenhouse:crexi:4724138005
Crexi,Senior Product Designer,United States,https://job-boards.greenhouse.io/crexi/jobs/4728132005,not checked (out of scope),0,2026-08-26,2026-09-24,6,,,greenhouse,CRE Marketplace & Data,California,B,greenhouse:crexi:4728132005
Crexi,Senior Product Manager,United States,https://job-boards.greenhouse.io/crexi/jobs/4728120005,not checked (out of scope),0,2026-08-26,2026-09-24,6,,product,greenhouse,CRE Marketplace & Data,California,B,greenhouse:crexi:4728120005
Crexi,Senior Product Marketing Manager,"Playa Vista, CA",https://job-boards.greenhouse.io/crexi/jobs/4728816005,live,200,2026-08-28,2026-09-24,6,gtm,,greenhouse,CRE Marketplace & Data,California,B,greenhouse:crexi:4728816005
Crexi,Senior Security Engineer,United States,https://job-boards.greenhouse.io/crexi/jobs/4723659005,live,200,2026-08-12,2026-09-24,6,engineering,eng,greenhouse,CRE Marketplace & Data,California,B,greenhouse:crexi:4723659005
Crexi,Senior Software Engineer- Full Stack,United States,https://job-boards.greenhouse.io/crexi/jobs/4679227005,live,200,2026-03-30,2026-09-24,6,engineering,eng,greenhouse,CRE Marketplace & Data,California,B,greenhouse:crexi:4679227005
Doma,"Director, Platform Engineering",Remote USA,https://job-boards.greenhouse.io/doma/jobs/8167584,live,200,2026-08-31,2026-09-24,6,engineering,leadership,greenhouse,Title Insurance / Mortgage Tech,California,B,greenhouse:doma:8167584
Doma,General Counsel,Remote USA,https://job-boards.greenhouse.io/doma/jobs/8202941,not checked (out of scope),0,2026-09-28,2026-09-28,2,,,greenhouse,Title Insurance / Mortgage Tech,California,B,greenhouse:doma:8202941
Doma,IT Specialist,Remote USA,https://job-boards.greenhouse.io/doma/jobs/8219586,not checked (out of scope),0,2026-09-21,2026-09-24,6,,,greenhouse,Title Insurance / Mortgage Tech,California,B,greenhouse:doma:8219586
Doma,IT Specialist,Remote USA,https://job-boards.greenhouse.io/doma/jobs/8219588,not checked (out of scope),0,2026-09-21,2026-09-24,6,,,greenhouse,Title Insurance / Mortgage Tech,California,B,greenhouse:doma:8219588
Doma,Senior Data Analyst,Remote USA,https://job-boards.greenhouse.io/doma/jobs/8181038,not checked (out of scope),0,2026-09-08,2026-09-24,6,,,greenhouse,Title Insurance / Mortgage Tech,California,B,greenhouse:doma:8181038
Doma,Staff Machine Learning Engineer,Remote USA,https://job-boards.greenhouse.io/doma/jobs/8109028,live,200,2026-08-14,2026-09-24,6,engineering,eng,greenhouse,Title Insurance / Mortgage Tech,California,B,greenhouse:doma:8109028
Envoy,Demand Generation Manager,"San Francisco, CA",https://jobs.ashbyhq.com/envoy/0a8ce051-c533-4c9e-a4d8-577ccf33b7bb,live,200,2026-09-11,2026-09-24,6,gtm,,ashby,Workplace Experience Platform,California,B,ashby:envoy:0a8ce051-c533-4c9e-a4d8-577ccf33b7bb
Envoy,EMEA Outbound BDR,"London, United Kingdom",https://jobs.ashbyhq.com/envoy/50fb0d1e-fa3a-4f05-b40f-df0149882eec,live,200,2026-09-12,2026-09-24,6,sales,sales,ashby,Workplace Experience Platform,California,B,ashby:envoy:50fb0d1e-fa3a-4f05-b40f-df0149882eec
Envoy,EMEA SMB Account Executive,"London, United Kingdom",https://jobs.ashbyhq.com/envoy/994f31d8-2e8d-4e60-bdb4-6f1315b22967,live,200,2026-08-13,2026-09-24,6,sales,sales,ashby,Workplace Experience Platform,California,B,ashby:envoy:994f31d8-2e8d-4e60-bdb4-6f1315b22967
Envoy,"Member of Technical Staff Engineer, Full-Stack (Staff)","San Francisco, CA",https://jobs.ashbyhq.com/envoy/fb56e24e-41dc-45d8-9bdb-b059635fb7a6,live,200,2026-07-28,2026-09-24,6,engineering,eng,ashby,Workplace Experience Platform,California,B,ashby:envoy:fb56e24e-41dc-45d8-9bdb-b059635fb7a6
Envoy,"Member of Technical Staff, Admin Experiences","San Francisco, CA",https://jobs.ashbyhq.com/envoy/f8fa0c7b-df47-4bca-a094-ba4f4a9bb290,live,200,2026-09-16,2026-09-24,6,engineering,,ashby,Workplace Experience Platform,California,B,ashby:envoy:f8fa0c7b-df47-4bca-a094-ba4f4a9bb290
Envoy,"Member of Technical Staff, Fullstack","San Francisco, CA",https://jobs.ashbyhq.com/envoy/724fe1ce-e41f-4fce-a386-f1c8fca63a2f,live,200,2026-07-08,2026-09-24,6,engineering,,ashby,Workplace Experience Platform,California,B,ashby:envoy:724fe1ce-e41f-4fce-a386-f1c8fca63a2f
Envoy,"Member of Technical Staff, Labs","San Francisco, CA",https://jobs.ashbyhq.com/envoy/5499e5fa-3e9f-4722-a407-0325d14cef23,live,200,2026-05-19,2026-09-24,6,engineering,,ashby,Workplace Experience Platform,California,B,ashby:envoy:5499e5fa-3e9f-4722-a407-0325d14cef23
Envoy,"Member of Technical Staff, SecOps & Threat Detection Engineer","San Francisco, CA",https://jobs.ashbyhq.com/envoy/d985cc9c-5e69-4423-b394-2619c25d7f79,live,200,2026-07-08,2026-09-24,6,engineering,eng,ashby,Workplace Experience Platform,California,B,ashby:envoy:d985cc9c-5e69-4423-b394-2619c25d7f79
Envoy,Mid Market Account Executive,"Denver, CO",https://jobs.ashbyhq.com/envoy/e85a668d-a1d3-4dd0-a511-f75c2005ef61,live,200,2026-09-12,2026-09-24,6,sales,sales,ashby,Workplace Experience Platform,California,B,ashby:envoy:e85a668d-a1d3-4dd0-a511-f75c2005ef61
Envoy,Mid Market Account Executive,"San Francisco, CA",https://jobs.ashbyhq.com/envoy/d8a76039-7a58-4e28-988c-b013be7a3aa8,live,200,2026-09-12,2026-09-24,6,sales,sales,ashby,Workplace Experience Platform,California,B,ashby:envoy:d8a76039-7a58-4e28-988c-b013be7a3aa8
Envoy,Pre Sales Solutions Engineer,"New York City, NY",https://jobs.ashbyhq.com/envoy/c59852fc-8912-4d6b-ad59-694eac7f942d,live,200,2026-08-18,2026-09-24,6,sales,sales,ashby,Workplace Experience Platform,California,B,ashby:envoy:c59852fc-8912-4d6b-ad59-694eac7f942d
Envoy,Product Designer,"San Francisco, CA",https://jobs.ashbyhq.com/envoy/3a2fb81f-f22a-459d-a246-5dd0126d3f1f,not checked (out of scope),0,2026-08-28,2026-09-24,6,,,ashby,Workplace Experience Platform,California,B,ashby:envoy:3a2fb81f-f22a-459d-a246-5dd0126d3f1f
Envoy,"Product Lead, Spaces","San Francisco, CA",https://jobs.ashbyhq.com/envoy/74af8151-51b2-4ec8-9989-501a9b96084d,not checked (out of scope),0,2026-04-06,2026-09-24,6,,product,ashby,Workplace Experience Platform,California,B,ashby:envoy:74af8151-51b2-4ec8-9989-501a9b96084d
Envoy,"Product Lead, Visitors","San Francisco, CA",https://jobs.ashbyhq.com/envoy/f456eb52-6acd-4f1c-9b6f-fa263a04341d,not checked (out of scope),0,2026-09-18,2026-09-24,6,,product,ashby,Workplace Experience Platform,California,B,ashby:envoy:f456eb52-6acd-4f1c-9b6f-fa263a04341d
Envoy,Renewals Manager,"Austin, TX",https://jobs.ashbyhq.com/envoy/3053d864-4139-4dcd-83fa-e54ae83985fe,not checked (out of scope),0,2026-09-29,2026-09-30,0,,,ashby,Workplace Experience Platform,California,B,ashby:envoy:3053d864-4139-4dcd-83fa-e54ae83985fe
Envoy,SMB Account Executive,"San Francisco, CA",https://jobs.ashbyhq.com/envoy/db16b366-f319-4908-a493-19ed22914f05,live,200,2026-07-30,2026-09-24,6,sales,sales,ashby,Workplace Experience Platform,California,B,ashby:envoy:db16b366-f319-4908-a493-19ed22914f05
Envoy,Senior Demand Generation Manager,"San Francisco, CA",https://jobs.ashbyhq.com/envoy/c907d2c3-6a3e-4ae7-85be-184c0a966677,live,200,2026-07-11,2026-09-24,6,gtm,,ashby,Workplace Experience Platform,California,B,ashby:envoy:c907d2c3-6a3e-4ae7-85be-184c0a966677
Envoy,Senior Technical Recruiter,"San Francisco, CA",https://jobs.ashbyhq.com/envoy/f10e8757-a46a-4e95-b28d-b99b57abfe76,not checked (out of scope),0,2026-09-12,2026-09-24,6,,,ashby,Workplace Experience Platform,California,B,ashby:envoy:f10e8757-a46a-4e95-b28d-b99b57abfe76
Envoy,Solutions Engineering Intern,"San Francisco, CA",https://jobs.ashbyhq.com/envoy/f2e20a8a-0e10-48ee-a761-3cffb89a80ca,not checked (out of scope),0,2026-09-24,2026-09-28,2,,eng,ashby,Workplace Experience Platform,California,B,ashby:envoy:f2e20a8a-0e10-48ee-a761-3cffb89a80ca
HomeLight,Account Executive - Title Insurance,"Los Angeles, CA",https://job-boards.greenhouse.io/homelight/jobs/7904090,live,200,2026-05-07,2026-09-24,6,sales,sales,greenhouse,Agent Matching / Real Estate Marketplace,California,B,greenhouse:homelight:7904090
HomeLight,Account Executive - Title Insurance,"San Bernardino, CA ",https://job-boards.greenhouse.io/homelight/jobs/7871429,live,200,2026-04-30,2026-09-24,6,sales,sales,greenhouse,Agent Matching / Real Estate Marketplace,California,B,greenhouse:homelight:7871429
HomeLight,Account Executive - Title Insurance,"Irvine, CA",https://job-boards.greenhouse.io/homelight/jobs/7904083,live,200,2026-05-07,2026-09-24,6,sales,sales,greenhouse,Agent Matching / Real Estate Marketplace,California,B,greenhouse:homelight:7904083
HomeLight,Account Executive - Title Insurance,"Riverside, CA",https://job-boards.greenhouse.io/homelight/jobs/7877826,live,200,2026-05-02,2026-09-24,6,sales,sales,greenhouse,Agent Matching / Real Estate Marketplace,California,B,greenhouse:homelight:7877826
HomeLight,Contract Advisor,"Scottsdale, AZ",https://job-boards.greenhouse.io/homelight/jobs/8208496,not checked (out of scope),0,2026-09-16,2026-09-24,6,,,greenhouse,Agent Matching / Real Estate Marketplace,California,B,greenhouse:homelight:8208496
HomeLight,"Data Engineer, San Francisco, CA","San Francisco, CA",https://job-boards.greenhouse.io/homelight/jobs/8211546,live,200,2026-09-17,2026-09-24,6,engineering,eng,greenhouse,Agent Matching / Real Estate Marketplace,California,B,greenhouse:homelight:8211546
HomeLight,Director of Growth Acquisition,"San Francisco, CA",https://job-boards.greenhouse.io/homelight/jobs/7843865,live,200,2026-04-22,2026-09-24,6,gtm,leadership,greenhouse,Agent Matching / Real Estate Marketplace,California,B,greenhouse:homelight:7843865
HomeLight,"Full Stack Engineer (D2C), San Francisco, CA","San Francisco, CA",https://job-boards.greenhouse.io/homelight/jobs/8211717,live,200,2026-09-17,2026-09-24,6,engineering,eng,greenhouse,Agent Matching / Real Estate Marketplace,California,B,greenhouse:homelight:8211717
HomeLight,Inside Sales (Home Consultant),"Tijuana, Mexico",https://job-boards.greenhouse.io/homelight/jobs/8155658,not checked (out of scope),0,2026-08-24,2026-09-24,6,,sales,greenhouse,Agent Matching / Real Estate Marketplace,California,B,greenhouse:homelight:8155658
HomeLight,Product Manager - D2C,"San Francisco, CA",https://job-boards.greenhouse.io/homelight/jobs/8008777,not checked (out of scope),0,2026-06-15,2026-09-24,6,,product,greenhouse,Agent Matching / Real Estate Marketplace,California,B,greenhouse:homelight:8008777
HomeLight,"Senior Growth Manager, Acquisition","San Francisco, CA",https://job-boards.greenhouse.io/homelight/jobs/7843746,live,200,2026-04-22,2026-09-24,6,gtm,,greenhouse,Agent Matching / Real Estate Marketplace,California,B,greenhouse:homelight:7843746
HomeLight,Title Sales Representative,"Irvine, CA",https://job-boards.greenhouse.io/homelight/jobs/7904058,live,200,2026-05-07,2026-09-24,6,sales,sales,greenhouse,Agent Matching / Real Estate Marketplace,California,B,greenhouse:homelight:7904058
HomeLight,Title Sales Representative,"Los Angeles, CA",https://job-boards.greenhouse.io/homelight/jobs/7904086,live,200,2026-05-07,2026-09-24,6,sales,sales,greenhouse,Agent Matching / Real Estate Marketplace,California,B,greenhouse:homelight:7904086
HomeLight,Title Sales Representative,"Riverside, CA",https://job-boards.greenhouse.io/homelight/jobs/7877827,live,200,2026-05-02,2026-09-24,6,sales,sales,greenhouse,Agent Matching / Real Estate Marketplace,California,B,greenhouse:homelight:7877827
HomeLight,Title Sales Representative,"San Bernardino, CA",https://job-boards.greenhouse.io/homelight/jobs/7871753,live,200,2026-04-30,2026-09-24,6,sales,sales,greenhouse,Agent Matching / Real Estate Marketplace,California,B,greenhouse:homelight:7871753
Homeward,Maintenance Coordinator,"Delhi, India",https://job-boards.greenhouse.io/homeward/jobs/8028659002,not checked (out of scope),0,2025-06-09,2026-09-24,6,,ops,greenhouse,Cash-Offer / Mortgage Fintech,Texas,B,greenhouse:homeward:8028659002
Homeward,"Senior Software Engineer, Back-end (LatAm)",Latin America,https://job-boards.greenhouse.io/homeward/jobs/8191859002,live,200,2025-10-02,2026-09-24,6,engineering,eng,greenhouse,Cash-Offer / Mortgage Fintech,Texas,B,greenhouse:homeward:8191859002
Luxury Presence,"Account Executive (Austin, TX)","Austin, TX",https://jobs.lever.co/luxurypresence/00069055-e828-4369-8916-ac5673e58e3f,live,200,2019-07-26,2026-09-24,6,sales,sales,lever,Real Estate Agent Marketing Platform,Texas,B,lever:luxurypresence:00069055-e828-4369-8916-ac5673e58e3f
Luxury Presence,Client Success Manager II,"Phoenix, AZ",https://jobs.lever.co/luxurypresence/ce3869ba-fc2b-4979-aacd-221b92b9bdbb,live,200,2023-02-08,2026-09-24,6,gtm,,lever,Real Estate Agent Marketing Platform,Texas,B,lever:luxurypresence:ce3869ba-fc2b-4979-aacd-221b92b9bdbb
Luxury Presence,Client Support Representative,"Phoenix, AZ",https://jobs.lever.co/luxurypresence/c651e15f-cc5d-46c0-bd77-cf9c3134ead3,not checked (out of scope),0,2019-08-31,2026-09-24,6,,customer,lever,Real Estate Agent Marketing Platform,Texas,B,lever:luxurypresence:c651e15f-cc5d-46c0-bd77-cf9c3134ead3
Luxury Presence,"Director, Client Success - Austin, TX (Hybrid)","Austin, TX",https://jobs.lever.co/luxurypresence/3e87e45b-a406-46d1-896c-cfc59cb5ba24,live,200,2026-08-31,2026-09-24,6,gtm,leadership,lever,Real Estate Agent Marketing Platform,Texas,B,lever:luxurypresence:3e87e45b-a406-46d1-896c-cfc59cb5ba24
Luxury Presence,"Engineering Manager, Maps & Search - CANADA (Remote)",Canada,https://jobs.lever.co/luxurypresence/87374c99-7cb5-46eb-bd0f-c2f3f9bf1a7c,live,200,2026-07-17,2026-09-24,6,engineering,eng,lever,Real Estate Agent Marketing Platform,Texas,B,lever:luxurypresence:87374c99-7cb5-46eb-bd0f-c2f3f9bf1a7c
Luxury Presence,"Engineering Manager, Maps & Search - US (Remote)",United States,https://jobs.lever.co/luxurypresence/a67ee678-19d6-4256-99be-6547235db23c,live,200,2026-07-17,2026-09-24,6,engineering,eng,lever,Real Estate Agent Marketing Platform,Texas,B,lever:luxurypresence:a67ee678-19d6-4256-99be-6547235db23c
Luxury Presence,GTM Recruiter,"Austin, TX",https://jobs.lever.co/luxurypresence/1cebb130-7a12-4b74-a99a-a01ef6b5f084,live,200,2026-09-04,2026-09-24,6,gtm,,lever,Real Estate Agent Marketing Platform,Texas,B,lever:luxurypresence:1cebb130-7a12-4b74-a99a-a01ef6b5f084
Luxury Presence,General Inquiries,"Santa Monica, CA",https://jobs.lever.co/luxurypresence/fe7ca7b0-f158-4351-9054-d0f7cccb0f63,not checked (out of scope),0,2020-05-07,2026-09-24,6,,,lever,Real Estate Agent Marketing Platform,Texas,B,lever:luxurypresence:fe7ca7b0-f158-4351-9054-d0f7cccb0f63
Luxury Presence,"Generative Media Engineer, AI Social - CANADA (Remote)",Canada,https://jobs.lever.co/luxurypresence/0d8abf66-c086-4d37-9c44-ef1d503055e7,live,200,2026-07-22,2026-09-24,6,engineering,eng,lever,Real Estate Agent Marketing Platform,Texas,B,lever:luxurypresence:0d8abf66-c086-4d37-9c44-ef1d503055e7
Luxury Presence,"Generative Media Engineer, AI Social - US (Remote)",United States,https://jobs.lever.co/luxurypresence/1bb9c63b-7f1c-4846-9b4c-9a752cac99d2,live,200,2026-07-13,2026-09-24,6,engineering,eng,lever,Real Estate Agent Marketing Platform,Texas,B,lever:luxurypresence:1bb9c63b-7f1c-4846-9b4c-9a752cac99d2
Luxury Presence,Head of Product Design - Remote (US/CANADA),United States,https://jobs.lever.co/luxurypresence/fec5bab7-05d5-434a-9a13-83a452728217,live,200,2026-06-23,2026-09-24,6,executive,product,lever,Real Estate Agent Marketing Platform,Texas,B,lever:luxurypresence:fec5bab7-05d5-434a-9a13-83a452728217
Luxury Presence,"Manager, Onboarding - ATX","Austin, TX",https://jobs.lever.co/luxurypresence/33ee4e0a-505c-43ad-a3a8-68d047ef65e3,not checked (out of scope),0,2026-06-23,2026-09-24,6,,customer,lever,Real Estate Agent Marketing Platform,Texas,B,lever:luxurypresence:33ee4e0a-505c-43ad-a3a8-68d047ef65e3
Luxury Presence,Onboarding Specialist - Austin (hybrid),"Austin, TX",https://jobs.lever.co/luxurypresence/db79e5cb-4a08-4095-a79c-d29e50db7e8a,not checked (out of scope),0,2026-07-06,2026-09-24,6,,customer,lever,Real Estate Agent Marketing Platform,Texas,B,lever:luxurypresence:db79e5cb-4a08-4095-a79c-d29e50db7e8a
Luxury Presence,"Producer / Editor, Presence® Media","New York, NY",https://jobs.lever.co/luxurypresence/5a65413b-7377-4c08-a2dc-f1e9dead9413,not checked (out of scope),0,2026-05-01,2026-09-24,6,,,lever,Real Estate Agent Marketing Platform,Texas,B,lever:luxurypresence:5a65413b-7377-4c08-a2dc-f1e9dead9413
Luxury Presence,"Product Engineer, Internal Tools - LATAM (Remote)",Latin America,https://jobs.lever.co/luxurypresence/32fe02d5-b291-42bf-87e3-2ebe3bb2521d,live,200,2026-08-29,2026-09-24,6,engineering,eng,lever,Real Estate Agent Marketing Platform,Texas,B,lever:luxurypresence:32fe02d5-b291-42bf-87e3-2ebe3bb2521d
Luxury Presence,RevTech Senior Salesforce Developer - India (Remote),India,https://jobs.lever.co/luxurypresence/e132529e-f6a8-4772-9b08-551302a32a0f,live,200,2026-09-22,2026-09-24,6,engineering,sales,lever,Real Estate Agent Marketing Platform,Texas,B,lever:luxurypresence:e132529e-f6a8-4772-9b08-551302a32a0f
Luxury Presence,RevTech Senior Salesforce Developer - LATAM (Remote),Latin America,https://jobs.lever.co/luxurypresence/087d7b01-d4e7-47f4-8c2e-aad9a903cc8d,live,200,2026-08-24,2026-09-24,6,engineering,sales,lever,Real Estate Agent Marketing Platform,Texas,B,lever:luxurypresence:087d7b01-d4e7-47f4-8c2e-aad9a903cc8d
Luxury Presence,Sales Development Representative (SDR),"Austin, TX",https://jobs.lever.co/luxurypresence/29b2f9e2-772b-4738-8e16-e8ee7078d070,live,200,2019-01-18,2026-09-24,6,sales,sales,lever,Real Estate Agent Marketing Platform,Texas,B,lever:luxurypresence:29b2f9e2-772b-4738-8e16-e8ee7078d070
Luxury Presence,Sales Development Representative - New Grad,"Austin, TX",https://jobs.lever.co/luxurypresence/2462abfb-a255-4c9c-9e55-1ebc6293477b,live,200,2026-04-14,2026-09-24,6,sales,sales,lever,Real Estate Agent Marketing Platform,Texas,B,lever:luxurypresence:2462abfb-a255-4c9c-9e55-1ebc6293477b
Luxury Presence,Senior Analytics Engineer - CANADA (Remote),Canada,https://jobs.lever.co/luxurypresence/dfd25ab3-1033-432b-8adf-edf867619f7a,live,200,2026-08-10,2026-09-24,6,engineering,eng,lever,Real Estate Agent Marketing Platform,Texas,B,lever:luxurypresence:dfd25ab3-1033-432b-8adf-edf867619f7a
Luxury Presence,Senior Analytics Engineer - US (Remote),United States,https://jobs.lever.co/luxurypresence/d8705197-2421-4c2b-9179-242654c8b2fc,live,200,2026-08-10,2026-09-24,6,engineering,eng,lever,Real Estate Agent Marketing Platform,Texas,B,lever:luxurypresence:d8705197-2421-4c2b-9179-242654c8b2fc
Luxury Presence,"Senior Data Analyst, GTM Analytics - CANADA (Remote)",Canada,https://jobs.lever.co/luxurypresence/219e0592-a9f1-4e34-b7da-16da8949b6dd,live,200,2026-08-19,2026-09-24,6,gtm,,lever,Real Estate Agent Marketing Platform,Texas,B,lever:luxurypresence:219e0592-a9f1-4e34-b7da-16da8949b6dd
Luxury Presence,"Senior Data Analyst, GTM Analytics - US (Remote)",United States,https://jobs.lever.co/luxurypresence/0a6fd9f4-a606-460e-b65e-5b31de56331a,live,200,2026-08-19,2026-09-24,6,gtm,,lever,Real Estate Agent Marketing Platform,Texas,B,lever:luxurypresence:0a6fd9f4-a606-460e-b65e-5b31de56331a
Luxury Presence,"Senior Financial Analyst, GTM",United States,https://jobs.lever.co/luxurypresence/dc5e4d17-8c30-4f31-9fb5-3cde9004c835,live,200,2026-08-11,2026-09-24,6,gtm,,lever,Real Estate Agent Marketing Platform,Texas,B,lever:luxurypresence:dc5e4d17-8c30-4f31-9fb5-3cde9004c835
Luxury Presence,"Senior Manager, CS Operations","Austin, TX",https://jobs.lever.co/luxurypresence/2919e560-4ed4-4de7-be6f-b443e60726ca,not checked (out of scope),0,2026-09-10,2026-09-24,6,,ops,lever,Real Estate Agent Marketing Platform,Texas,B,lever:luxurypresence:2919e560-4ed4-4de7-be6f-b443e60726ca
Luxury Presence,Sr. Product Designer - Contract,United States,https://jobs.lever.co/luxurypresence/d5b88b52-fca6-4561-96d5-023e121cf3cf,not checked (out of scope),0,2026-09-01,2026-09-24,6,,,lever,Real Estate Agent Marketing Platform,Texas,B,lever:luxurypresence:d5b88b52-fca6-4561-96d5-023e121cf3cf
Luxury Presence,Sr. Social Media Manager,"New York, NY",https://jobs.lever.co/luxurypresence/3393a3e3-6a33-4a97-a668-96c1b899928f,not checked (out of scope),0,2026-09-04,2026-09-24,6,,,lever,Real Estate Agent Marketing Platform,Texas,B,lever:luxurypresence:3393a3e3-6a33-4a97-a668-96c1b899928f
Luxury Presence,"Staff Product Manager, SEO and AI Visibility - CANADA (Remote)",Canada,https://jobs.lever.co/luxurypresence/262ae59d-60b9-4667-9703-2b924ce956f4,not checked (out of scope),0,2026-09-15,2026-09-24,6,,product,lever,Real Estate Agent Marketing Platform,Texas,B,lever:luxurypresence:262ae59d-60b9-4667-9703-2b924ce956f4
Luxury Presence,"Staff Product Manager, SEO and AI Visibility - US (Remote)",United States,https://jobs.lever.co/luxurypresence/ef4dbe4f-c184-4e9c-a0c3-bda8f2e9d2ef,not checked (out of scope),0,2026-09-15,2026-09-24,6,,product,lever,Real Estate Agent Marketing Platform,Texas,B,lever:luxurypresence:ef4dbe4f-c184-4e9c-a0c3-bda8f2e9d2ef
Luxury Presence,Talent Analyst Specialist (Fully Remote),Philippines,https://jobs.lever.co/luxurypresence/bfe669b4-497e-42a7-b368-e0976bf4f85d,not checked (out of scope),0,2026-09-17,2026-09-24,6,,,lever,Real Estate Agent Marketing Platform,Texas,B,lever:luxurypresence:bfe669b4-497e-42a7-b368-e0976bf4f85d
Luxury Presence,VP of Sales,"Austin, TX",https://jobs.lever.co/luxurypresence/676f76c6-a440-4f71-b03c-81f9b683759a,live,200,2026-07-21,2026-09-24,6,executive,sales,lever,Real Estate Agent Marketing Platform,Texas,B,lever:luxurypresence:676f76c6-a440-4f71-b03c-81f9b683759a
Notarize (Proof),Director of IT Engineering,Remote,https://jobs.lever.co/proof/374f9128-6f10-457d-9e5e-d4a893c49c0e,live,200,2026-09-01,2026-09-24,6,engineering,leadership,lever,Remote Online Notarization,Virginia,B,lever:proof:374f9128-6f10-457d-9e5e-d4a893c49c0e
Notarize (Proof),Strategic Enterprise Account Executive,Remote,https://jobs.lever.co/proof/cf16d2a5-898e-4a63-9800-ed1478d2141e,live,200,2026-07-10,2026-09-24,6,sales,sales,lever,Remote Online Notarization,Virginia,B,lever:proof:cf16d2a5-898e-4a63-9800-ed1478d2141e
Opendoor,Applied Science- Growth,"Miami, FL, USA; Seattle, WA, USA",https://jobs.fifthwall.com/companies/opendoor/jobs/95266856-95266856-applied-science-growth,live,200,2026-09-30,2026-09-30,0,gtm,,vc:Fifth Wall,iBuying / Real Estate Transactions,Arizona,B,getro:Fifth Wall:95266856
Opendoor,Applied Science- Growth,"Toronto, ON, Canada",https://jobs.fifthwall.com/companies/opendoor/jobs/95266862-95266862-applied-science-growth,live,200,2026-09-30,2026-09-30,0,gtm,,vc:Fifth Wall,iBuying / Real Estate Transactions,Arizona,B,getro:Fifth Wall:95266862
Orchard,Associate General Counsel,"New York, New York, United States",https://job-boards.greenhouse.io/orchard/jobs/8818001002,not checked (out of scope),0,2026-09-17,2026-09-24,6,,,greenhouse,Home Trade-In / Mortgage Fintech,New York,B,greenhouse:orchard:8818001002
Orchard,Associate General Counsel,"Denver, Colorado, United States",https://job-boards.greenhouse.io/orchard/jobs/8818003002,not checked (out of scope),0,2026-09-29,2026-09-30,0,,,greenhouse,Home Trade-In / Mortgage Fintech,New York,B,greenhouse:orchard:8818003002
Orchard,Associate General Counsel,"Austin, Texas, United States",https://job-boards.greenhouse.io/orchard/jobs/8818002002,not checked (out of scope),0,2026-09-29,2026-09-30,0,,,greenhouse,Home Trade-In / Mortgage Fintech,New York,B,greenhouse:orchard:8818002002
Orchard,Associate Market Manager,"Houston, Texas, United States",https://job-boards.greenhouse.io/orchard/jobs/8769049002,not checked (out of scope),0,2026-09-01,2026-09-24,6,,,greenhouse,Home Trade-In / Mortgage Fintech,New York,B,greenhouse:orchard:8769049002
Orchard,Brokerage Team Leader,"Seattle, Washington, United States",https://job-boards.greenhouse.io/orchard/jobs/8536000002,not checked (out of scope),0,2026-05-05,2026-09-24,6,,,greenhouse,Home Trade-In / Mortgage Fintech,New York,B,greenhouse:orchard:8536000002
Orchard,Brokerage Team Leader,"San Diego, California, United States",https://job-boards.greenhouse.io/orchard/jobs/8536016002,not checked (out of scope),0,2026-05-05,2026-09-24,6,,,greenhouse,Home Trade-In / Mortgage Fintech,New York,B,greenhouse:orchard:8536016002
Orchard,Business Development Manager,"Burleson, Texas, United States",https://job-boards.greenhouse.io/orchard/jobs/8697558002,live,200,2026-08-11,2026-09-24,6,sales,sales,greenhouse,Home Trade-In / Mortgage Fintech,New York,B,greenhouse:orchard:8697558002
Orchard,Escrow Officer w/ Book,"Dallas, Texas, United States",https://job-boards.greenhouse.io/orchard/jobs/8477160002,not checked (out of scope),0,2026-03-24,2026-09-24,6,,,greenhouse,Home Trade-In / Mortgage Fintech,New York,B,greenhouse:orchard:8477160002
Orchard,Escrow Officer w/ Book,"Austin, Texas, United States",https://job-boards.greenhouse.io/orchard/jobs/8478010002,not checked (out of scope),0,2026-03-24,2026-09-24,6,,,greenhouse,Home Trade-In / Mortgage Fintech,New York,B,greenhouse:orchard:8478010002
Orchard,Escrow Officer w/ Book,"San Antonio, Texas, United States",https://job-boards.greenhouse.io/orchard/jobs/8478011002,not checked (out of scope),0,2026-03-24,2026-09-24,6,,,greenhouse,Home Trade-In / Mortgage Fintech,New York,B,greenhouse:orchard:8478011002
Orchard,Escrow Officer w/ Book,"Houston, Texas, United States",https://job-boards.greenhouse.io/orchard/jobs/8478015002,not checked (out of scope),0,2026-03-24,2026-09-24,6,,,greenhouse,Home Trade-In / Mortgage Fintech,New York,B,greenhouse:orchard:8478015002
Orchard,Escrow Officer w/ Book,"Denver, Colorado, United States",https://job-boards.greenhouse.io/orchard/jobs/8478075002,not checked (out of scope),0,2026-03-24,2026-09-24,6,,,greenhouse,Home Trade-In / Mortgage Fintech,New York,B,greenhouse:orchard:8478075002
Orchard,Escrow Officer w/ Book,"Phoenix, Arizona, United States",https://job-boards.greenhouse.io/orchard/jobs/8478096002,not checked (out of scope),0,2026-03-24,2026-09-24,6,,,greenhouse,Home Trade-In / Mortgage Fintech,New York,B,greenhouse:orchard:8478096002
Orchard,Licensed Real Estate Agent,"San Diego, California, United States",https://job-boards.greenhouse.io/orchard/jobs/7675303002,not checked (out of scope),0,2024-10-14,2026-09-24,6,,,greenhouse,Home Trade-In / Mortgage Fintech,New York,B,greenhouse:orchard:7675303002
Orchard,Licensed Real Estate Agent  - Fully Vetted Leads Provided,"Dallas, Texas, United States",https://job-boards.greenhouse.io/orchard/jobs/7018933002,not checked (out of scope),0,2023-11-10,2026-09-24,6,,,greenhouse,Home Trade-In / Mortgage Fintech,New York,B,greenhouse:orchard:7018933002
Orchard,Licensed Real Estate Agent -  Fully Vetted Leads Provided,"Atlanta, Georgia, United States",https://job-boards.greenhouse.io/orchard/jobs/7016479002,not checked (out of scope),0,2023-11-10,2026-09-24,6,,,greenhouse,Home Trade-In / Mortgage Fintech,New York,B,greenhouse:orchard:7016479002
Orchard,Licensed Real Estate Agent - Fully Vetted Leads Provided,"Denver, Colorado, United States",https://job-boards.greenhouse.io/orchard/jobs/7018970002,not checked (out of scope),0,2023-11-10,2026-09-24,6,,,greenhouse,Home Trade-In / Mortgage Fintech,New York,B,greenhouse:orchard:7018970002
Orchard,Licensed Real Estate Agent - Fully Vetted Leads Provided,"Maricopa, Arizona, United States",https://job-boards.greenhouse.io/orchard/jobs/8382200002,not checked (out of scope),0,2026-01-20,2026-09-24,6,,,greenhouse,Home Trade-In / Mortgage Fintech,New York,B,greenhouse:orchard:8382200002
Orchard,Licensed Real Estate Agent - Fully Vetted Leads Provided,"Austin, Texas, United States",https://job-boards.greenhouse.io/orchard/jobs/7019066002,not checked (out of scope),0,2023-11-10,2026-09-24,6,,,greenhouse,Home Trade-In / Mortgage Fintech,New York,B,greenhouse:orchard:7019066002
Orchard,Licensed Real Estate Agent - Fully Vetted Leads Provided,"Houston, Texas, United States",https://job-boards.greenhouse.io/orchard/jobs/7019004002,not checked (out of scope),0,2023-11-10,2026-09-24,6,,,greenhouse,Home Trade-In / Mortgage Fintech,New York,B,greenhouse:orchard:7019004002
Orchard,Licensed Real Estate Agent - Fully Vetted Leads Provided,"Orlando, Florida, United States",https://job-boards.greenhouse.io/orchard/jobs/8284279002,not checked (out of scope),0,2025-11-11,2026-09-24,6,,,greenhouse,Home Trade-In / Mortgage Fintech,New York,B,greenhouse:orchard:8284279002
Orchard,Licensed Real Estate Agent - Fully Vetted Leads Provided,"Marana, Arizona, United States",https://job-boards.greenhouse.io/orchard/jobs/8382201002,not checked (out of scope),0,2026-01-20,2026-09-24,6,,,greenhouse,Home Trade-In / Mortgage Fintech,New York,B,greenhouse:orchard:8382201002
Orchard,Licensed Real Estate Agent - Fully Vetted Leads Provided,"San Antonio, Texas, United States",https://job-boards.greenhouse.io/orchard/jobs/7019077002,not checked (out of scope),0,2023-11-10,2026-09-24,6,,,greenhouse,Home Trade-In / Mortgage Fintech,New York,B,greenhouse:orchard:7019077002
Orchard,Licensed Real Estate Agent - Fully Vetted Leads Provided,"Nashville, Tennessee, United States",https://job-boards.greenhouse.io/orchard/jobs/7703930002,not checked (out of scope),0,2024-10-28,2026-09-24,6,,,greenhouse,Home Trade-In / Mortgage Fintech,New York,B,greenhouse:orchard:7703930002
Orchard,Licensed Real Estate Agent - Fully Vetted Leads Provided,"Phoenix, Arizona, United States",https://job-boards.greenhouse.io/orchard/jobs/7704097002,not checked (out of scope),0,2024-10-28,2026-09-24,6,,,greenhouse,Home Trade-In / Mortgage Fintech,New York,B,greenhouse:orchard:7704097002
Orchard,Licensed Real Estate Agent - Fully Vetted Leads Provided,"Tampa, Florida, United States",https://job-boards.greenhouse.io/orchard/jobs/8285372002,not checked (out of scope),0,2025-11-11,2026-09-24,6,,,greenhouse,Home Trade-In / Mortgage Fintech,New York,B,greenhouse:orchard:8285372002
Orchard,Market Manager,"Houston, Texas, United States",https://job-boards.greenhouse.io/orchard/jobs/7048363002,not checked (out of scope),0,2023-12-01,2026-09-24,6,,,greenhouse,Home Trade-In / Mortgage Fintech,New York,B,greenhouse:orchard:7048363002
Orchard,Software Engineer,"New York, New York, United States",https://job-boards.greenhouse.io/orchard/jobs/8817823002,live,200,2026-09-17,2026-09-24,6,engineering,eng,greenhouse,Home Trade-In / Mortgage Fintech,New York,B,greenhouse:orchard:8817823002
Ownwell,Business Development Manager - Partnerships,"Austin, TX",https://job-boards.greenhouse.io/ownwell/jobs/4647432006,live,200,2026-01-22,2026-09-24,6,sales,sales,greenhouse,Property Tax Appeal Platform,Texas,B,greenhouse:ownwell:4647432006
Ownwell,Client Success Manager,"Austin, TX",https://job-boards.greenhouse.io/ownwell/jobs/4394616006,live,200,2024-08-15,2026-09-24,6,gtm,,greenhouse,Property Tax Appeal Platform,Texas,B,greenhouse:ownwell:4394616006
Ownwell,Commercial Property Tax Consultant,"Austin, TX",https://job-boards.greenhouse.io/ownwell/jobs/4653759006,not checked (out of scope),0,2026-02-11,2026-09-24,6,,,greenhouse,Property Tax Appeal Platform,Texas,B,greenhouse:ownwell:4653759006
Ownwell,Commercial Property Tax Consultant- Business Personal Property (BPP),"Austin, TX",https://job-boards.greenhouse.io/ownwell/jobs/4685760006,not checked (out of scope),0,2026-06-01,2026-09-24,6,,,greenhouse,Property Tax Appeal Platform,Texas,B,greenhouse:ownwell:4685760006
Ownwell,Commercial Property Tax Consultant- National Team,"Remote, US",https://job-boards.greenhouse.io/ownwell/jobs/4655562006,not checked (out of scope),0,2026-02-18,2026-09-24,6,,,greenhouse,Property Tax Appeal Platform,Texas,B,greenhouse:ownwell:4655562006
Ownwell,"Growth Lead, Market Expansion","New York City, Long Island, New York",https://job-boards.greenhouse.io/ownwell/jobs/4701392006,live,200,2026-07-30,2026-09-24,6,gtm,,greenhouse,Property Tax Appeal Platform,Texas,B,greenhouse:ownwell:4701392006
Ownwell,Insurance Agent,"Austin, TX",https://job-boards.greenhouse.io/ownwell/jobs/4605270006,not checked (out of scope),0,2025-09-29,2026-09-24,6,,,greenhouse,Property Tax Appeal Platform,Texas,B,greenhouse:ownwell:4605270006
Ownwell,Mortgage Loan Officer,"Austin, TX",https://job-boards.greenhouse.io/ownwell/jobs/4648555006,not checked (out of scope),0,2026-01-27,2026-09-24,6,,,greenhouse,Property Tax Appeal Platform,Texas,B,greenhouse:ownwell:4648555006
Ownwell,Product Manager,"Austin, TX",https://job-boards.greenhouse.io/ownwell/jobs/4555493006,not checked (out of scope),0,2025-03-31,2026-09-24,6,,product,greenhouse,Property Tax Appeal Platform,Texas,B,greenhouse:ownwell:4555493006
Ownwell,Property Tax Consultant - Texas (Contract Position),"Austin, San Antonio, Houston, Dallas, Fort Worth",https://job-boards.greenhouse.io/ownwell/jobs/4410174006,not checked (out of scope),0,2024-11-13,2026-09-24,6,,,greenhouse,Property Tax Appeal Platform,Texas,B,greenhouse:ownwell:4410174006
Ownwell,Revenue Recovery Lead,"Austin, TX",https://job-boards.greenhouse.io/ownwell/jobs/4686070006,live,200,2026-06-02,2026-09-24,6,sales,sales,greenhouse,Property Tax Appeal Platform,Texas,B,greenhouse:ownwell:4686070006
Ownwell,Senior Account Executive,"Austin, TX",https://job-boards.greenhouse.io/ownwell/jobs/4602222006,live,200,2025-09-16,2026-09-24,6,sales,sales,greenhouse,Property Tax Appeal Platform,Texas,B,greenhouse:ownwell:4602222006
Ownwell,Software Engineer,"Gurugram, India",https://job-boards.greenhouse.io/ownwell/jobs/4441476006,live,200,2025-02-06,2026-09-24,6,engineering,eng,greenhouse,Property Tax Appeal Platform,Texas,B,greenhouse:ownwell:4441476006
Ownwell,Support Operations Specialist,"Austin, TX",https://job-boards.greenhouse.io/ownwell/jobs/4569892006,not checked (out of scope),0,2025-05-20,2026-09-24,6,,customer,greenhouse,Property Tax Appeal Platform,Texas,B,greenhouse:ownwell:4569892006
Pacaso,"Contract Asset Manager, Malibu","Malibu, California",https://job-boards.greenhouse.io/pacaso/jobs/6190879004,not checked (out of scope),0,2026-09-12,2026-09-24,6,,ops,greenhouse,Co-Ownership / Second Homes,California,B,greenhouse:pacaso:6190879004
Pacaso,Director of Lifecycle Marketing,"United States, Remote",https://job-boards.greenhouse.io/pacaso/jobs/6187338004,live,200,2026-09-09,2026-09-24,6,gtm,leadership,greenhouse,Co-Ownership / Second Homes,California,B,greenhouse:pacaso:6187338004
Pacaso,"Maintenance Manager, Tahoe","Truckee, California",https://job-boards.greenhouse.io/pacaso/jobs/4097174004,not checked (out of scope),0,2021-08-25,2026-09-24,6,,ops,greenhouse,Co-Ownership / Second Homes,California,B,greenhouse:pacaso:4097174004
Pacaso,"Operations Manager, Maintenance - East Coast",United States - Remote,https://job-boards.greenhouse.io/pacaso/jobs/4957965004,not checked (out of scope),0,2023-08-18,2026-09-30,0,,ops,greenhouse,Co-Ownership / Second Homes,California,B,greenhouse:pacaso:4957965004
Pacaso,"Ownership Advisor, Sales","United States, Remote",https://job-boards.greenhouse.io/pacaso/jobs/5679921004,live,200,2025-10-22,2026-09-24,6,sales,sales,greenhouse,Co-Ownership / Second Homes,California,B,greenhouse:pacaso:5679921004
Placer.ai,Accounts Receivable Specialist,"Mexico; Mexico City, Mexico; Remote",https://jobs.fifthwall.com/companies/placer-ai-2/jobs/95320699-95320699-accounts-receivable-specialist,not checked (out of scope),0,2026-09-30,2026-09-30,0,,,vc:Fifth Wall,Foot Traffic / Location Analytics,California,B,getro:Fifth Wall:95320699
Placer.ai,"Senior Software Engineer, Placer Intelligence",United States; Remote,https://jobs.fifthwall.com/companies/placer-ai-2/jobs/95320705-95320705-senior-software-engineer-placer-intelligence,live,200,2026-09-30,2026-09-30,0,engineering,eng,vc:Fifth Wall,Foot Traffic / Location Analytics,California,B,getro:Fifth Wall:95320705
Procore Technologies,"Manager, Global Revenue Planning and Strategy (Remote)","Austin, TX, USA",https://jobs.fifthwall.com/companies/procore-2/jobs/95326848-95326848-manager-global-revenue-planning-and-strategy-remote,live,200,2026-09-30,2026-09-30,0,sales,sales,vc:Fifth Wall,Construction Tech,California,B,getro:Fifth Wall:95326848
Procore Technologies,Premium Research & Data Administrator (Hybrid/Remote),"New Orleans, LA, USA",https://jobs.fifthwall.com/companies/procore-2/jobs/95326856-95326856-premium-research-data-administrator-hybrid-remote,not checked (out of scope),0,2026-09-30,2026-09-30,0,,,vc:Fifth Wall,Construction Tech,California,B,getro:Fifth Wall:95326856
Procore Technologies,"Principal Product Manager, Enterprise AI Enablement","Austin, TX, USA",https://jobs.fifthwall.com/companies/procore-2/jobs/95326850-95326850-principal-product-manager-enterprise-ai-enablement,not checked (out of scope),0,2026-09-30,2026-09-30,0,,product,vc:Fifth Wall,Construction Tech,California,B,getro:Fifth Wall:95326850
Procore Technologies,QA Engineer 2 - DroneDeploy,"Austin, TX, USA",https://jobs.fifthwall.com/companies/procore-2/jobs/95326853-95326853-qa-engineer-2-dronedeploy,live,200,2026-09-30,2026-09-30,0,engineering,eng,vc:Fifth Wall,Construction Tech,California,B,getro:Fifth Wall:95326853
Procore Technologies,Senior Manager of Software Engineering,"Austin, TX, USA",https://jobs.fifthwall.com/companies/procore-2/jobs/95326851-95326851-senior-manager-of-software-engineering,live,200,2026-09-30,2026-09-30,0,engineering,eng,vc:Fifth Wall,Construction Tech,California,B,getro:Fifth Wall:95326851
Procore Technologies,Senior Software Engineering Manager - AI Infrastructure,"Austin, TX, USA",https://jobs.fifthwall.com/companies/procore-2/jobs/95326858-95326858-senior-software-engineering-manager-ai-infrastructure,live,200,2026-09-30,2026-09-30,0,engineering,eng,vc:Fifth Wall,Construction Tech,California,B,getro:Fifth Wall:95326858
Procore Technologies,Software Engineer 2,"Bengaluru, Karnataka, India",https://jobs.fifthwall.com/companies/procore-2/jobs/95326846-95326846-software-engineer-2,live,200,2026-09-30,2026-09-30,0,engineering,eng,vc:Fifth Wall,Construction Tech,California,B,getro:Fifth Wall:95326846
Procore Technologies,Staff ML Data Engineer (Datagrid),"San Francisco, CA, USA",https://jobs.fifthwall.com/companies/procore-2/jobs/95326854-95326854-staff-ml-data-engineer-datagrid,live,200,2026-09-30,2026-09-30,0,engineering,eng,vc:Fifth Wall,Construction Tech,California,B,getro:Fifth Wall:95326854
Procore Technologies,"Staff Software Engineer, iOS (Innovation Lab)","Austin, TX, USA",https://jobs.fifthwall.com/companies/procore-2/jobs/95326855-95326855-staff-software-engineer-ios-innovation-lab,live,200,2026-09-30,2026-09-30,0,engineering,eng,vc:Fifth Wall,Construction Tech,California,B,getro:Fifth Wall:95326855
Procore Technologies,"Strategic Software Project Manager, Professional Services (Remote)","Austin, TX, USA",https://jobs.fifthwall.com/companies/procore-2/jobs/95326860-95326860-strategic-software-project-manager-professional-services-remote,not checked (out of scope),0,2026-09-30,2026-09-30,0,,,vc:Fifth Wall,Construction Tech,California,B,getro:Fifth Wall:95326860
Side,"Manager, Partner Success","San Francisco, California",https://jobs.lever.co/sideinc/8c8f607b-7021-42b2-af1d-86fd7b61cec2,live,200,2026-05-19,2026-09-24,6,gtm,,lever,Real Estate Brokerage Platform,California,B,lever:sideinc:8c8f607b-7021-42b2-af1d-86fd7b61cec2
Side,Managing Broker - In Market: San Francisco/Bay Area,"San Francisco, California",https://jobs.lever.co/sideinc/e73abd82-7a7c-4993-8740-5e6f1287da1e,not checked (out of scope),0,2026-01-12,2026-09-24,6,,,lever,Real Estate Brokerage Platform,California,B,lever:sideinc:e73abd82-7a7c-4993-8740-5e6f1287da1e
Side,"Partner Success Manager - In Market, Southern CA","Los Angeles, California",https://jobs.lever.co/sideinc/c2d05667-74bc-40df-b94e-4718c6951522,live,200,2026-06-23,2026-09-24,6,gtm,,lever,Real Estate Brokerage Platform,California,B,lever:sideinc:c2d05667-74bc-40df-b94e-4718c6951522
Side,"Sales Development Representative - Bay Area , CA","San Francisco, California",https://jobs.lever.co/sideinc/a5df4845-8a35-4690-a49b-05c1d5f7d9a6,live,200,2026-07-17,2026-09-24,6,sales,sales,lever,Real Estate Brokerage Platform,California,B,lever:sideinc:a5df4845-8a35-4690-a49b-05c1d5f7d9a6
Snapdocs,Controller,United States,https://jobs.ashbyhq.com/snapdocs/88f9a598-f0fd-4ab7-8e18-600ad5f6815d,not checked (out of scope),0,2026-08-12,2026-09-24,6,,,ashby,Digital Mortgage Closing Platform,California,B,ashby:snapdocs:88f9a598-f0fd-4ab7-8e18-600ad5f6815d
Snapdocs,Enterprise Account Executive,United States,https://jobs.ashbyhq.com/snapdocs/d725e93c-e215-461f-9468-4bc7caf1a506,live,200,2026-06-10,2026-09-24,6,sales,sales,ashby,Digital Mortgage Closing Platform,California,B,ashby:snapdocs:d725e93c-e215-461f-9468-4bc7caf1a506
Snapdocs,Field Marketing Manager,United States,https://jobs.ashbyhq.com/snapdocs/2e2031d0-6045-43ed-a9d1-d53046b124c5,live,200,2026-09-08,2026-09-24,6,gtm,,ashby,Digital Mortgage Closing Platform,California,B,ashby:snapdocs:2e2031d0-6045-43ed-a9d1-d53046b124c5
Snapdocs,"Senior Manager, Revenue Marketing - Settlement & Strategic Verticals",United States,https://jobs.ashbyhq.com/snapdocs/07b18cf6-5947-4991-8905-354710aec870,live,200,2026-05-01,2026-09-24,6,sales,sales,ashby,Digital Mortgage Closing Platform,California,B,ashby:snapdocs:07b18cf6-5947-4991-8905-354710aec870
VTS,Account Executive,"New York, New York, United States",https://job-boards.greenhouse.io/vts/jobs/4654703005,live,200,2026-01-29,2026-09-24,6,sales,sales,greenhouse,Commercial Real Estate Leasing Platform,New York,B,greenhouse:vts:4654703005
VTS,Account Manager,"New York, New York, United States",https://job-boards.greenhouse.io/vts/jobs/4696138005,live,200,2026-05-18,2026-09-24,6,gtm,customer,greenhouse,Commercial Real Estate Leasing Platform,New York,B,greenhouse:vts:4696138005
VTS,Associate Implementation Manager,"New York, New York, United States",https://job-boards.greenhouse.io/vts/jobs/4723555005,not checked (out of scope),0,2026-08-12,2026-09-24,6,,customer,greenhouse,Commercial Real Estate Leasing Platform,New York,B,greenhouse:vts:4723555005
VTS,Chief of Staff,"New York, New York, United States",https://job-boards.greenhouse.io/vts/jobs/4737104005,not checked (out of scope),0,2026-09-23,2026-09-24,6,,leadership,greenhouse,Commercial Real Estate Leasing Platform,New York,B,greenhouse:vts:4737104005
VTS,Director of Growth Marketing,"New York, New York, United States",https://job-boards.greenhouse.io/vts/jobs/4716261005,live,200,2026-07-17,2026-09-24,6,gtm,leadership,greenhouse,Commercial Real Estate Leasing Platform,New York,B,greenhouse:vts:4716261005
VTS,Engineering Manager,"New York, New York, United States",https://job-boards.greenhouse.io/vts/jobs/4694646005,live,200,2026-05-12,2026-09-24,6,engineering,eng,greenhouse,Commercial Real Estate Leasing Platform,New York,B,greenhouse:vts:4694646005
VTS,Executive Assistant,"New York, New York, United States",https://job-boards.greenhouse.io/vts/jobs/4706462005,not checked (out of scope),0,2026-06-16,2026-09-24,6,,,greenhouse,Commercial Real Estate Leasing Platform,New York,B,greenhouse:vts:4706462005
VTS,Integrations and API Support Advisor,"New York, New York, United States",https://job-boards.greenhouse.io/vts/jobs/4725639005,not checked (out of scope),0,2026-08-20,2026-09-24,6,,customer,greenhouse,Commercial Real Estate Leasing Platform,New York,B,greenhouse:vts:4725639005
VTS,People Operations Coordinator,"New York, New York, United States",https://job-boards.greenhouse.io/vts/jobs/4729577005,not checked (out of scope),0,2026-09-01,2026-09-24,6,,ops,greenhouse,Commercial Real Estate Leasing Platform,New York,B,greenhouse:vts:4729577005
VTS,Sales Development Representative,"New York, New York, United States",https://job-boards.greenhouse.io/vts/jobs/4679033005,live,200,2026-04-06,2026-09-24,6,sales,sales,greenhouse,Commercial Real Estate Leasing Platform,New York,B,greenhouse:vts:4679033005
VTS,Senior Client Success Manager,"New York, New York, United States",https://job-boards.greenhouse.io/vts/jobs/4698516005,live,200,2026-05-25,2026-09-24,6,gtm,,greenhouse,Commercial Real Estate Leasing Platform,New York,B,greenhouse:vts:4698516005
VTS,"Senior Manager, Solutions Consultant - Activate","New York, New York, United States",https://job-boards.greenhouse.io/vts/jobs/4713181005,live,200,2026-07-08,2026-09-24,6,sales,,greenhouse,Commercial Real Estate Leasing Platform,New York,B,greenhouse:vts:4713181005
VTS,Senior Salesforce & Integration Engineer,"New York, New York, United States",https://job-boards.greenhouse.io/vts/jobs/4725638005,live,200,2026-08-21,2026-09-24,6,engineering,sales,greenhouse,Commercial Real Estate Leasing Platform,New York,B,greenhouse:vts:4725638005
VTS,Senior Technical Solutions Consultant,"New York, New York, United States",https://job-boards.greenhouse.io/vts/jobs/4704260005,live,200,2026-06-09,2026-09-24,6,sales,,greenhouse,Commercial Real Estate Leasing Platform,New York,B,greenhouse:vts:4704260005
VTS,VTS Talent Network - Canada,Canada,https://job-boards.greenhouse.io/vts/jobs/4042709005,not checked (out of scope),0,2022-07-07,2026-09-24,6,,,greenhouse,Commercial Real Estate Leasing Platform,New York,B,greenhouse:vts:4042709005
VTS,VTS Talent Network - United States,United States,https://job-boards.greenhouse.io/vts/jobs/4042708005,not checked (out of scope),0,2022-07-07,2026-09-24,6,,,greenhouse,Commercial Real Estate Leasing Platform,New York,B,greenhouse:vts:4042708005
Zillow Group,AV Engineer,Seattle-WA-2nd Ave,https://zillow.wd5.myworkdayjobs.com/Zillow_Group_External/job/Seattle-WA-2nd-Ave/AV-Engineer_P751376-1,live,200,2026-09-25,2026-09-28,2,engineering,eng,workday,Real Estate Marketplace,Washington,B,workday:zillow:/job/Seattle-WA-2nd-Ave/AV-Engineer_P751376-1
Zillow Group,"Agentic AI, Senior Software Development Engineer",Remote-USA,https://zillow.wd5.myworkdayjobs.com/Zillow_Group_External/job/Remote-USA/Senior-Software-Development-Engineer_P751037-1,live,200,2026-09-11,2026-09-24,6,engineering,eng,workday,Real Estate Marketplace,Washington,B,workday:zillow:/job/Remote-USA/Senior-Software-Development-Engineer_P751037-1
Zillow Group,Applied Scientist,Bengaluru,https://zillow.wd5.myworkdayjobs.com/Zillow_Group_External/job/Bengaluru/Applied-Scientist_P751065-1,not checked (out of scope),0,2026-08-31,2026-09-24,6,,,workday,Real Estate Marketplace,Washington,B,workday:zillow:/job/Bengaluru/Applied-Scientist_P751065-1
Zillow Group,Appraisal Review Specialist,Bengaluru,https://zillow.wd5.myworkdayjobs.com/Zillow_Group_External/job/Bengaluru/Appraisal-Review-Specialist_P751368-1,not checked (out of scope),0,2026-09-21,2026-09-24,6,,,workday,Real Estate Marketplace,Washington,B,workday:zillow:/job/Bengaluru/Appraisal-Review-Specialist_P751368-1
Zillow Group,"Business Advisor, Enterprise, Rentals",Remote-USA,https://zillow.wd5.myworkdayjobs.com/Zillow_Group_External/job/Remote-USA/Business-Advisor--Enterprise--Rentals_P751115-2,not checked (out of scope),0,2026-09-10,2026-09-24,6,,,workday,Real Estate Marketplace,Washington,B,workday:zillow:/job/Remote-USA/Business-Advisor--Enterprise--Rentals_P751115-2
Zillow Group,"Business Development Representative, Aryeo",Remote-USA,https://zillow.wd5.myworkdayjobs.com/Zillow_Group_External/job/Remote-USA/Business-Development-Representative--Aryeo_P751048-1,live,200,2026-08-31,2026-09-24,6,sales,sales,workday,Real Estate Marketplace,Washington,B,workday:zillow:/job/Remote-USA/Business-Development-Representative--Aryeo_P751048-1
Zillow Group,Campaign Manager,Remote-USA,https://zillow.wd5.myworkdayjobs.com/Zillow_Group_External/job/Remote-USA/Campaign-Manager_P751383-2,not checked (out of scope),0,2026-09-23,2026-09-24,6,,,workday,Real Estate Marketplace,Washington,B,workday:zillow:/job/Remote-USA/Campaign-Manager_P751383-2
Zillow Group,Closing Operations Enablement Manager,Bengaluru,https://zillow.wd5.myworkdayjobs.com/Zillow_Group_External/job/Bengaluru/Closing-Operations-Enablement-Manager_P751362-1,not checked (out of scope),0,2026-09-17,2026-09-24,6,,ops,workday,Real Estate Marketplace,Washington,B,workday:zillow:/job/Bengaluru/Closing-Operations-Enablement-Manager_P751362-1
Zillow Group,Condo Review Specialist,Bengaluru,https://zillow.wd5.myworkdayjobs.com/Zillow_Group_External/job/Bengaluru/Condo-Review-Specialist_P751423-1,not checked (out of scope),0,2026-09-28,2026-09-28,2,,,workday,Real Estate Marketplace,Washington,B,workday:zillow:/job/Bengaluru/Condo-Review-Specialist_P751423-1
Zillow Group,Contingent Workforce Business Partner,Remote-USA,https://zillow.wd5.myworkdayjobs.com/Zillow_Group_External/job/Remote-USA/Contingent-Workforce-Business-Partner_P751195-1,not checked (out of scope),0,2026-09-23,2026-09-24,6,,,workday,Real Estate Marketplace,Washington,B,workday:zillow:/job/Remote-USA/Contingent-Workforce-Business-Partner_P751195-1
Zillow Group,Contingent Workforce Operations & Systems Analyst,Remote-USA,https://zillow.wd5.myworkdayjobs.com/Zillow_Group_External/job/Remote-USA/Contingent-Workforce-Operations---Systems-Analyst_P751194-1,not checked (out of scope),0,2026-09-23,2026-09-24,6,,ops,workday,Real Estate Marketplace,Washington,B,workday:zillow:/job/Remote-USA/Contingent-Workforce-Operations---Systems-Analyst_P751194-1
Zillow Group,Corporate Communications Manager,Remote-USA,https://zillow.wd5.myworkdayjobs.com/Zillow_Group_External/job/Remote-USA/Corporate-Communications-Manager_P750874-1,live,200,2026-08-31,2026-09-24,6,gtm,,workday,Real Estate Marketplace,Washington,B,workday:zillow:/job/Remote-USA/Corporate-Communications-Manager_P750874-1
Zillow Group,Cyber Defense SOC Analyst,Bengaluru,https://zillow.wd5.myworkdayjobs.com/Zillow_Group_External/job/Bengaluru/Cyber-Defense-SOC-Analyst_P751272-1,not checked (out of scope),0,2026-09-10,2026-09-24,6,,,workday,Real Estate Marketplace,Washington,B,workday:zillow:/job/Bengaluru/Cyber-Defense-SOC-Analyst_P751272-1
Zillow Group,Data Scientist,Remote-USA,https://zillow.wd5.myworkdayjobs.com/Zillow_Group_External/job/Remote-USA/Data-Scientist_P751219-2,not checked (out of scope),0,2026-09-15,2026-09-24,6,,eng,workday,Real Estate Marketplace,Washington,B,workday:zillow:/job/Remote-USA/Data-Scientist_P751219-2
Zillow Group,"Director, Application Security",Remote-USA,https://zillow.wd5.myworkdayjobs.com/Zillow_Group_External/job/Remote-USA/Director--Application-Security_P751400-1,not checked (out of scope),0,2026-09-22,2026-09-24,6,,leadership,workday,Real Estate Marketplace,Washington,B,workday:zillow:/job/Remote-USA/Director--Application-Security_P751400-1
Zillow Group,"Director, Corporate Accounting and Consolidation",Remote-USA,https://zillow.wd5.myworkdayjobs.com/Zillow_Group_External/job/Remote-USA/Director--Corporate-Accounting-and-Consolidation_P751318-1,not checked (out of scope),0,2026-09-17,2026-09-24,6,,leadership,workday,Real Estate Marketplace,Washington,B,workday:zillow:/job/Remote-USA/Director--Corporate-Accounting-and-Consolidation_P751318-1
Zillow Group,"Director, Marketing AI & Automation",Remote-USA,https://zillow.wd5.myworkdayjobs.com/Zillow_Group_External/job/Remote-USA/Director--Marketing-AI---Automation_P751408-1,live,200,2026-09-25,2026-09-28,2,gtm,leadership,workday,Real Estate Marketplace,Washington,B,workday:zillow:/job/Remote-USA/Director--Marketing-AI---Automation_P751408-1
Zillow Group,"Director, State & Local Government Affairs",Remote-USA,https://zillow.wd5.myworkdayjobs.com/Zillow_Group_External/job/Remote-USA/Director--State---Local-Government-Affairs_P751153,not checked (out of scope),0,2026-08-31,2026-09-24,6,,leadership,workday,Real Estate Marketplace,Washington,B,workday:zillow:/job/Remote-USA/Director--State---Local-Government-Affairs_P751153
Zillow Group,Employee Service Coordinator,Mexico City,https://zillow.wd5.myworkdayjobs.com/Zillow_Group_External/job/Mexico-City/Employee-Service-Coordinator_P751274,not checked (out of scope),0,2026-09-09,2026-09-24,6,,,workday,Real Estate Marketplace,Washington,B,workday:zillow:/job/Mexico-City/Employee-Service-Coordinator_P751274
Zillow Group,"Fraud Operations Consultant, Rentals",Bengaluru,https://zillow.wd5.myworkdayjobs.com/Zillow_Group_External/job/Bengaluru/Fraud-Operations-Consultant--Rentals_P750699,not checked (out of scope),0,2026-09-21,2026-09-24,6,,ops,workday,Real Estate Marketplace,Washington,B,workday:zillow:/job/Bengaluru/Fraud-Operations-Consultant--Rentals_P750699
Zillow Group,IT Support Specialist,Remote-USA,https://zillow.wd5.myworkdayjobs.com/Zillow_Group_External/job/Remote-USA/IT-Support-Specialist_P751346-2,not checked (out of scope),0,2026-09-23,2026-09-24,6,,customer,workday,Real Estate Marketplace,Washington,B,workday:zillow:/job/Remote-USA/IT-Support-Specialist_P751346-2
Zillow Group,Incident Manager,Remote-USA,https://zillow.wd5.myworkdayjobs.com/Zillow_Group_External/job/Remote-USA/Incident-Manager_P751406-1,not checked (out of scope),0,,2026-09-24,6,,,workday,Real Estate Marketplace,Washington,B,workday:zillow:/job/Remote-USA/Incident-Manager_P751406-1
Zillow Group,Information Security Analyst,Bengaluru,https://zillow.wd5.myworkdayjobs.com/Zillow_Group_External/job/Bengaluru/Information-Security-Analyst_P750989,not checked (out of scope),0,2026-08-31,2026-09-24,6,,,workday,Real Estate Marketplace,Washington,B,workday:zillow:/job/Bengaluru/Information-Security-Analyst_P750989
Zillow Group,Information Security Cyber Defense Incident Responder,Bengaluru,https://zillow.wd5.myworkdayjobs.com/Zillow_Group_External/job/Bengaluru/Information-Security-Cyber-Defense-Incident-Responder_P750946,not checked (out of scope),0,2026-08-31,2026-09-24,6,,,workday,Real Estate Marketplace,Washington,B,workday:zillow:/job/Bengaluru/Information-Security-Cyber-Defense-Incident-Responder_P750946
Zillow Group,Insurance Order Specialist,Bengaluru,https://zillow.wd5.myworkdayjobs.com/Zillow_Group_External/job/Bengaluru/Insurance-Order-Specialist_P750950-1,not checked (out of scope),0,2026-08-31,2026-09-24,6,,,workday,Real Estate Marketplace,Washington,B,workday:zillow:/job/Bengaluru/Insurance-Order-Specialist_P750950-1
Zillow Group,"Lifecycle Marketing Operations Specialist, Audience",Bengaluru,https://zillow.wd5.myworkdayjobs.com/Zillow_Group_External/job/Bengaluru/Lifecycle-Marketing-Operations-Specialist--Audience_P750923-1,"listed in ATS, not rechecked",0,2026-09-24,2026-09-28,2,gtm,ops,workday,Real Estate Marketplace,Washington,B,workday:zillow:/job/Bengaluru/Lifecycle-Marketing-Operations-Specialist--Audience_P750923-1
Zillow Group,"Lifecycle Marketing Operations Specialist, Audience",Bengaluru,https://zillow.wd5.myworkdayjobs.com/Zillow_Group_External/job/Bengaluru/Lifecycle-Marketing-Operations-Specialist--Audience_P750925-1,live,200,2026-08-31,2026-09-24,6,gtm,ops,workday,Real Estate Marketplace,Washington,B,workday:zillow:/job/Bengaluru/Lifecycle-Marketing-Operations-Specialist--Audience_P750925-1
Zillow Group,"Lifecycle Marketing Operations Specialist, Audience",Bengaluru,https://zillow.wd5.myworkdayjobs.com/Zillow_Group_External/job/Bengaluru/Lifecycle-Marketing-Operations-Specialist--Audience_P751059-1,live,200,2026-08-31,2026-09-24,6,gtm,ops,workday,Real Estate Marketplace,Washington,B,workday:zillow:/job/Bengaluru/Lifecycle-Marketing-Operations-Specialist--Audience_P751059-1
Zillow Group,"Lifecycle Marketing Operations Specialist, Templates",Bengaluru,https://zillow.wd5.myworkdayjobs.com/Zillow_Group_External/job/Bengaluru/Lifecycle-Marketing-Operations-Specialist--Templates_P750921-1,live,200,2026-09-24,2026-09-28,2,gtm,ops,workday,Real Estate Marketplace,Washington,B,workday:zillow:/job/Bengaluru/Lifecycle-Marketing-Operations-Specialist--Templates_P750921-1
Zillow Group,"Lifecycle Marketing Operations Specialist, Templates",Bengaluru,https://zillow.wd5.myworkdayjobs.com/Zillow_Group_External/job/Bengaluru/Lifecycle-Marketing-Operations-Specialist--Templates_P751060-1,"listed in ATS, not rechecked",0,2026-08-31,2026-09-24,6,gtm,ops,workday,Real Estate Marketplace,Washington,B,workday:zillow:/job/Bengaluru/Lifecycle-Marketing-Operations-Specialist--Templates_P751060-1
Zillow Group,"Loan Officer Development Program (Irvine, CA)",Irvine-CA-Michelson Dr,https://zillow.wd5.myworkdayjobs.com/Zillow_Group_External/job/Irvine-CA-Michelson-Dr/Loan-Officer-Development-Program--Irvine--CA-_P751196-1,not checked (out of scope),0,2026-09-28,2026-09-24,6,,,workday,Real Estate Marketplace,Washington,B,workday:zillow:/job/Irvine-CA-Michelson-Dr/Loan-Officer-Development-Program--Irvine--CA-_P751196-1
Zillow Group,"Loan Officer Development Program (Overland Park, KS)",Overland Park-KS-Foster Street,https://zillow.wd5.myworkdayjobs.com/Zillow_Group_External/job/Overland-Park-KS-Foster-Street/Loan-Officer-Development-Program--Overland-Park--KS-_P751199-1,not checked (out of scope),0,2026-09-18,2026-09-24,6,,,workday,Real Estate Marketplace,Washington,B,workday:zillow:/job/Overland-Park-KS-Foster-Street/Loan-Officer-Development-Program--Overland-Park--KS-_P751199-1
Zillow Group,"Loan Officer Development Program (Plano, TX)",Plano-TX-Legacy Dr.-ZHL,https://zillow.wd5.myworkdayjobs.com/Zillow_Group_External/job/Plano-TX-Legacy-Dr-ZHL/Loan-Officer-Development-Program--Plano--TX-_P751198,not checked (out of scope),0,2026-09-18,2026-09-24,6,,,workday,Real Estate Marketplace,Washington,B,workday:zillow:/job/Plano-TX-Legacy-Dr-ZHL/Loan-Officer-Development-Program--Plano--TX-_P751198
Zillow Group,"Loan Officer Development Program (Seattle, WA)",Seattle-WA-2nd Ave,https://zillow.wd5.myworkdayjobs.com/Zillow_Group_External/job/Seattle-WA-2nd-Ave/Loan-Officer-Development-Program--Seattle--WA-_P751197-1,not checked (out of scope),0,2026-09-28,2026-09-24,6,,,workday,Real Estate Marketplace,Washington,B,workday:zillow:/job/Seattle-WA-2nd-Ave/Loan-Officer-Development-Program--Seattle--WA-_P751197-1
Zillow Group,Machine Learning Engineer,Remote-Germany,https://zillow.wd5.myworkdayjobs.com/Zillow_Group_External/job/Remote-Germany/Machine-Learning-Engineer_P750556-1,"listed in ATS, not rechecked",0,2026-08-31,2026-09-24,6,engineering,eng,workday,Real Estate Marketplace,Washington,B,workday:zillow:/job/Remote-Germany/Machine-Learning-Engineer_P750556-1
Zillow Group,"Manager, Customer Success, Strategic",Remote-USA,https://zillow.wd5.myworkdayjobs.com/Zillow_Group_External/job/Remote-USA/Manager--Customer-Success--Strategic_P750846-1,live,200,2026-09-18,2026-09-24,6,gtm,customer,workday,Real Estate Marketplace,Washington,B,workday:zillow:/job/Remote-USA/Manager--Customer-Success--Strategic_P750846-1
Zillow Group,"Manager, Rentals Collections",Remote-USA,https://zillow.wd5.myworkdayjobs.com/Zillow_Group_External/job/Remote-USA/Manager--Rentals-Collections_P751411-1,not checked (out of scope),0,,2026-09-30,0,,,workday,Real Estate Marketplace,Washington,B,workday:zillow:/job/Remote-USA/Manager--Rentals-Collections_P751411-1
Zillow Group,"Marketing Specialist, Paid Social",Bengaluru,https://zillow.wd5.myworkdayjobs.com/Zillow_Group_External/job/Bengaluru/Marketing-Specialist--Paid-Social_P751417-1,"listed in ATS, not rechecked",0,2026-09-25,2026-09-28,2,gtm,,workday,Real Estate Marketplace,Washington,B,workday:zillow:/job/Bengaluru/Marketing-Specialist--Paid-Social_P751417-1
Zillow Group,"Marketing Specialist, SEM",Bengaluru,https://zillow.wd5.myworkdayjobs.com/Zillow_Group_External/job/Bengaluru/Marketing-Specialist--SEM_P751416-1,"listed in ATS, not rechecked",0,2026-09-25,2026-09-28,2,gtm,,workday,Real Estate Marketplace,Washington,B,workday:zillow:/job/Bengaluru/Marketing-Specialist--SEM_P751416-1
Zillow Group,"Marketing Technologist, Customer Data Platform",Bengaluru,https://zillow.wd5.myworkdayjobs.com/Zillow_Group_External/job/Bengaluru/Marketing-Technologist--Customer-Data-Platform_P750926,live,200,2026-08-31,2026-09-24,6,gtm,,workday,Real Estate Marketplace,Washington,B,workday:zillow:/job/Bengaluru/Marketing-Technologist--Customer-Data-Platform_P750926
Zillow Group,"Marketing Technologist, Web",Bengaluru,https://zillow.wd5.myworkdayjobs.com/Zillow_Group_External/job/Bengaluru/Marketing-Technologist--Web_P750920-1,live,200,2026-08-31,2026-09-24,6,gtm,,workday,Real Estate Marketplace,Washington,B,workday:zillow:/job/Bengaluru/Marketing-Technologist--Web_P750920-1
Zillow Group,"Mobile Engineer, iOS",Mexico City,https://zillow.wd5.myworkdayjobs.com/Zillow_Group_External/job/Mexico-City/Mobile-Engineer--iOS_P751306-2,live,200,2026-09-23,2026-09-24,6,engineering,eng,workday,Real Estate Marketplace,Washington,B,workday:zillow:/job/Mexico-City/Mobile-Engineer--iOS_P751306-2
Zillow Group,Mortgage Disclosure Analyst,Bengaluru,https://zillow.wd5.myworkdayjobs.com/Zillow_Group_External/job/Bengaluru/Mortgage-Disclosure-Analyst_P750582-1,not checked (out of scope),0,2026-08-31,2026-09-24,6,,,workday,Real Estate Marketplace,Washington,B,workday:zillow:/job/Bengaluru/Mortgage-Disclosure-Analyst_P750582-1
Zillow Group,Mortgage Loan Closer,Bengaluru,https://zillow.wd5.myworkdayjobs.com/Zillow_Group_External/job/Bengaluru/Mortgage-Loan-Closer_P751370,not checked (out of scope),0,2026-09-21,2026-09-24,6,,,workday,Real Estate Marketplace,Washington,B,workday:zillow:/job/Bengaluru/Mortgage-Loan-Closer_P751370
Zillow Group,"Mortgage Loan Officer (Irvine, CA)",Irvine-CA-Michelson Dr,https://zillow.wd5.myworkdayjobs.com/Zillow_Group_External/job/Irvine-CA-Michelson-Dr/Mortgage-Loan-Officer--Irvine--CA-_P749621-1,not checked (out of scope),0,2026-09-14,2026-09-24,6,,,workday,Real Estate Marketplace,Washington,B,workday:zillow:/job/Irvine-CA-Michelson-Dr/Mortgage-Loan-Officer--Irvine--CA-_P749621-1
Zillow Group,"Mortgage Loan Officer (Overland Park, KS)",Overland Park-KS-Foster Street,https://zillow.wd5.myworkdayjobs.com/Zillow_Group_External/job/Overland-Park-KS-Foster-Street/Mortgage-Loan-Officer--Overland-Park--KS-_P749662-1,not checked (out of scope),0,2026-09-25,2026-09-24,6,,,workday,Real Estate Marketplace,Washington,B,workday:zillow:/job/Overland-Park-KS-Foster-Street/Mortgage-Loan-Officer--Overland-Park--KS-_P749662-1
Zillow Group,"Mortgage Loan Officer (Plano, TX)",Plano-TX-Legacy Dr.-ZHL,https://zillow.wd5.myworkdayjobs.com/Zillow_Group_External/job/Plano-TX-Legacy-Dr-ZHL/Mortgage-Loan-Officer--Plano--TX-_P749661-1,not checked (out of scope),0,2026-08-31,2026-09-24,6,,,workday,Real Estate Marketplace,Washington,B,workday:zillow:/job/Plano-TX-Legacy-Dr-ZHL/Mortgage-Loan-Officer--Plano--TX-_P749661-1
Zillow Group,"Mortgage Loan Officer (Seattle, WA)",Seattle-WA-2nd Ave,https://zillow.wd5.myworkdayjobs.com/Zillow_Group_External/job/Seattle-WA-2nd-Ave/Mortgage-Loan-Officer--Seattle--WA-_P749620,not checked (out of scope),0,2026-09-14,2026-09-24,6,,,workday,Real Estate Marketplace,Washington,B,workday:zillow:/job/Seattle-WA-2nd-Ave/Mortgage-Loan-Officer--Seattle--WA-_P749620
Zillow Group,Principal Analytics Engineer,Remote-USA,https://zillow.wd5.myworkdayjobs.com/Zillow_Group_External/job/Remote-USA/Principal-Analytics-Engineer_P751074-1,live,200,2026-08-31,2026-09-24,6,engineering,eng,workday,Real Estate Marketplace,Washington,B,workday:zillow:/job/Remote-USA/Principal-Analytics-Engineer_P751074-1
Zillow Group,Principal Data Scientist - Rentals Shopping,Remote-USA,https://zillow.wd5.myworkdayjobs.com/Zillow_Group_External/job/Remote-USA/Principal-Data-Scientist_P749116-1,not checked (out of scope),0,2026-09-30,2026-09-24,6,,eng,workday,Real Estate Marketplace,Washington,B,workday:zillow:/job/Remote-USA/Principal-Data-Scientist_P749116-1
Zillow Group,Principal Full Stack Software Development Engineer,Remote-USA,https://zillow.wd5.myworkdayjobs.com/Zillow_Group_External/job/Remote-USA/Principal-Full-Stack-Software-Development-Engineer_P751226-2,live,200,2026-09-08,2026-09-24,6,engineering,eng,workday,Real Estate Marketplace,Washington,B,workday:zillow:/job/Remote-USA/Principal-Full-Stack-Software-Development-Engineer_P751226-2
Zillow Group,"Principal Machine Learning Engineer, Agentic AI",Remote-USA,https://zillow.wd5.myworkdayjobs.com/Zillow_Group_External/job/Remote-USA/Principal-Machine-Learning-Engineer--Agentic-AI_P747954,live,200,2026-09-17,2026-09-24,6,engineering,eng,workday,Real Estate Marketplace,Washington,B,workday:zillow:/job/Remote-USA/Principal-Machine-Learning-Engineer--Agentic-AI_P747954
Zillow Group,"Principal Machine Learning Engineer, Agentic AI",Remote-USA,https://zillow.wd5.myworkdayjobs.com/Zillow_Group_External/job/Remote-USA/Principal-Machine-Learning-Engineer--Agentic-AI_P748682-2,live,200,2026-09-15,2026-09-24,6,engineering,eng,workday,Real Estate Marketplace,Washington,B,workday:zillow:/job/Remote-USA/Principal-Machine-Learning-Engineer--Agentic-AI_P748682-2
Zillow Group,"Principal Product Manager, Directed Workflows",Remote-USA,https://zillow.wd5.myworkdayjobs.com/Zillow_Group_External/job/Remote-USA/Principal-Product-Manager--Directed-Workflows_P751276-1,not checked (out of scope),0,2026-09-11,2026-09-24,6,,product,workday,Real Estate Marketplace,Washington,B,workday:zillow:/job/Remote-USA/Principal-Product-Manager--Directed-Workflows_P751276-1
Zillow Group,"Principal Product Manager, Platform Engineering",Remote-USA,https://zillow.wd5.myworkdayjobs.com/Zillow_Group_External/job/Remote-USA/Principal-Product-Manager--Platform-Engineering_P751187-1,"listed in ATS, not rechecked",0,2026-09-03,2026-09-24,6,engineering,product,workday,Real Estate Marketplace,Washington,B,workday:zillow:/job/Remote-USA/Principal-Product-Manager--Platform-Engineering_P751187-1
Zillow Group,"Principal Product Manager, Rental Listings",Remote-USA,https://zillow.wd5.myworkdayjobs.com/Zillow_Group_External/job/Remote-USA/Principal-Product-Manager--Rental-Listings_P751113-1,not checked (out of scope),0,2026-08-31,2026-09-24,6,,product,workday,Real Estate Marketplace,Washington,B,workday:zillow:/job/Remote-USA/Principal-Product-Manager--Rental-Listings_P751113-1
Zillow Group,Principal Security Engineer,Bengaluru,https://zillow.wd5.myworkdayjobs.com/Zillow_Group_External/job/Bengaluru/Principal-Security-Engineer_P750881,"listed in ATS, not rechecked",0,2026-08-31,2026-09-24,6,engineering,eng,workday,Real Estate Marketplace,Washington,B,workday:zillow:/job/Bengaluru/Principal-Security-Engineer_P750881
Zillow Group,Principal Software Development Engineer,Bengaluru,https://zillow.wd5.myworkdayjobs.com/Zillow_Group_External/job/Bengaluru/Principal-Software-Development-Engineer_P751084-1,live,200,2026-08-31,2026-09-24,6,engineering,eng,workday,Real Estate Marketplace,Washington,B,workday:zillow:/job/Bengaluru/Principal-Software-Development-Engineer_P751084-1
Zillow Group,"Principal Software Development Engineer, Backend",Remote-USA,https://zillow.wd5.myworkdayjobs.com/Zillow_Group_External/job/Remote-USA/Principal-Software-Development-Engineer--Backend_P751304-1,"listed in ATS, not rechecked",0,2026-09-21,2026-09-24,6,engineering,eng,workday,Real Estate Marketplace,Washington,B,workday:zillow:/job/Remote-USA/Principal-Software-Development-Engineer--Backend_P751304-1
Zillow Group,"Principal Software Development Engineer, Full Stack",Remote-USA,https://zillow.wd5.myworkdayjobs.com/Zillow_Group_External/job/Remote-USA/Principal-Software-Development-Engineer--Full-Stack_P751216-1,live,200,2026-09-08,2026-09-24,6,engineering,eng,workday,Real Estate Marketplace,Washington,B,workday:zillow:/job/Remote-USA/Principal-Software-Development-Engineer--Full-Stack_P751216-1
Zillow Group,"Principal Technical Program Manager, Industry Software",Remote-USA,https://zillow.wd5.myworkdayjobs.com/Zillow_Group_External/job/Remote-USA/Principal-Technical-Program-Manager--Industry-Software_P750335-1,not checked (out of scope),0,,2026-09-24,6,,,workday,Real Estate Marketplace,Washington,B,workday:zillow:/job/Remote-USA/Principal-Technical-Program-Manager--Industry-Software_P750335-1
Zillow Group,"Product Designer, Web Experience",Remote-USA,https://zillow.wd5.myworkdayjobs.com/Zillow_Group_External/job/Remote-USA/Product-Designer--Web-Experience_P751168-1,not checked (out of scope),0,2026-09-08,2026-09-24,6,,,workday,Real Estate Marketplace,Washington,B,workday:zillow:/job/Remote-USA/Product-Designer--Web-Experience_P751168-1
Zillow Group,"Program Manager, HR Compliance",Remote-USA,https://zillow.wd5.myworkdayjobs.com/Zillow_Group_External/job/Remote-USA/Program-Manager--HR-Compliance_P751326-1,not checked (out of scope),0,2026-09-11,2026-09-24,6,,,workday,Real Estate Marketplace,Washington,B,workday:zillow:/job/Remote-USA/Program-Manager--HR-Compliance_P751326-1
Zillow Group,"Program Manager, Studio Z",Remote-USA,https://zillow.wd5.myworkdayjobs.com/Zillow_Group_External/job/Remote-USA/Program-Manager--Studio-Z_P751356-2,not checked (out of scope),0,2026-09-25,2026-09-28,2,,,workday,Real Estate Marketplace,Washington,B,workday:zillow:/job/Remote-USA/Program-Manager--Studio-Z_P751356-2
Zillow Group,"Program Manager, Studio Z",Mexico City,https://zillow.wd5.myworkdayjobs.com/Zillow_Group_External/job/Mexico-City/Program-Manager--Studio-Z_P751334-2,not checked (out of scope),0,2026-09-25,2026-09-28,2,,,workday,Real Estate Marketplace,Washington,B,workday:zillow:/job/Mexico-City/Program-Manager--Studio-Z_P751334-2
Zillow Group,Recruiter,Bengaluru,https://zillow.wd5.myworkdayjobs.com/Zillow_Group_External/job/Bengaluru/Recruiter_P751421-1,not checked (out of scope),0,2026-09-24,2026-09-24,6,,,workday,Real Estate Marketplace,Washington,B,workday:zillow:/job/Bengaluru/Recruiter_P751421-1
Zillow Group,"Remote Mortgage Loan Officer (Atlanta, GA)",Atlanta-GA-Howell Mill Road,https://zillow.wd5.myworkdayjobs.com/Zillow_Group_External/job/Atlanta-GA-Howell-Mill-Road/Remote-Mortgage-Loan-Officer--Atlanta--GA-_P750860-1,not checked (out of scope),0,2026-08-31,2026-09-24,6,,,workday,Real Estate Marketplace,Washington,B,workday:zillow:/job/Atlanta-GA-Howell-Mill-Road/Remote-Mortgage-Loan-Officer--Atlanta--GA-_P750860-1
Zillow Group,"Remote Mortgage Loan Officer (Charlotte, NC)","Charlotte-NC-S. Tryon Street, Suite 2700",https://zillow.wd5.myworkdayjobs.com/Zillow_Group_External/job/Charlotte-NC-S-Tryon-Street-Suite-2700/Remote-Mortgage-Loan-Officer--Charlotte--NC-_P750861,not checked (out of scope),0,2026-09-25,2026-09-28,2,,,workday,Real Estate Marketplace,Washington,B,workday:zillow:/job/Charlotte-NC-S-Tryon-Street-Suite-2700/Remote-Mortgage-Loan-Officer--Charlotte--NC-_P750861
Zillow Group,"Remote Mortgage Loan Officer (Chicago, IL)",Chicago-IL-W Adams Street,https://zillow.wd5.myworkdayjobs.com/Zillow_Group_External/job/Chicago-IL-W-Adams-Street/Remote-Mortgage-Loan-Officer--Chicago--IL-_P750862-1,not checked (out of scope),0,2026-08-31,2026-09-24,6,,,workday,Real Estate Marketplace,Washington,B,workday:zillow:/job/Chicago-IL-W-Adams-Street/Remote-Mortgage-Loan-Officer--Chicago--IL-_P750862-1
Zillow Group,"Remote Mortgage Loan Officer (Philadelphia, PA)",Philadelphia-PA-Market Street,https://zillow.wd5.myworkdayjobs.com/Zillow_Group_External/job/Philadelphia-PA-Market-Street/Remote-Mortgage-Loan-Officer--Philadelphia--PA-_P750865-1,not checked (out of scope),0,2026-09-14,2026-09-24,6,,,workday,Real Estate Marketplace,Washington,B,workday:zillow:/job/Philadelphia-PA-Market-Street/Remote-Mortgage-Loan-Officer--Philadelphia--PA-_P750865-1
Zillow Group,"Remote Mortgage Loan Officer (Scottsdale, AZ)",Scottsdale-AZ-N Scottsdale Rd,https://zillow.wd5.myworkdayjobs.com/Zillow_Group_External/job/Scottsdale-AZ-N-Scottsdale-Rd/Remote-Mortgage-Loan-Officer--Scottsdale--AZ-_P750866-1,not checked (out of scope),0,2026-09-25,2026-09-28,2,,,workday,Real Estate Marketplace,Washington,B,workday:zillow:/job/Scottsdale-AZ-N-Scottsdale-Rd/Remote-Mortgage-Loan-Officer--Scottsdale--AZ-_P750866-1
Zillow Group,Remote Mortgage Loan Officer (Washington DC),"Washington, DC-DC-Massachusetts Ave NW",https://zillow.wd5.myworkdayjobs.com/Zillow_Group_External/job/Washington-DC-DC-Massachusetts-Ave-NW/Remote-Mortgage-Loan-Officer--Washington-DC-_P749593-1,not checked (out of scope),0,2026-09-14,2026-09-24,6,,,workday,Real Estate Marketplace,Washington,B,workday:zillow:/job/Washington-DC-DC-Massachusetts-Ave-NW/Remote-Mortgage-Loan-Officer--Washington-DC-_P749593-1
Zillow Group,"Sales Manager, Mid-Market, Rentals",Remote-USA,https://zillow.wd5.myworkdayjobs.com/Zillow_Group_External/job/Remote-USA/Sales-Manager--Mid-Market--Rentals_P751453-1,live,200,2026-09-30,2026-09-30,0,sales,sales,workday,Real Estate Marketplace,Washington,B,workday:zillow:/job/Remote-USA/Sales-Manager--Mid-Market--Rentals_P751453-1
Zillow Group,"Senior AI-Native Product Engineer, Full Stack",Mexico City,https://zillow.wd5.myworkdayjobs.com/Zillow_Group_External/job/Mexico-City/Senior-AI-Native-Product-Engineer--Full-Stack_P750225,live,200,2026-09-03,2026-09-24,6,engineering,eng,workday,Real Estate Marketplace,Washington,B,workday:zillow:/job/Mexico-City/Senior-AI-Native-Product-Engineer--Full-Stack_P750225
Zillow Group,"Senior AI-Native Product Engineer, Mobile",Remote-USA,https://zillow.wd5.myworkdayjobs.com/Zillow_Group_External/job/Remote-USA/Senior-AI-Native-Product-Engineer--Mobile_P751267-1,live,200,2026-09-22,2026-09-24,6,engineering,eng,workday,Real Estate Marketplace,Washington,B,workday:zillow:/job/Remote-USA/Senior-AI-Native-Product-Engineer--Mobile_P751267-1
Zillow Group,Senior Analytics Engineer,Mexico City,https://zillow.wd5.myworkdayjobs.com/Zillow_Group_External/job/Mexico-City/Senior-Analytics-Engineer_P751208-1,"listed in ATS, not rechecked",0,2026-09-04,2026-09-24,6,engineering,eng,workday,Real Estate Marketplace,Washington,B,workday:zillow:/job/Mexico-City/Senior-Analytics-Engineer_P751208-1
Zillow Group,"Senior Applications Developer, Incentive Planning and Finance Operations",Remote-USA,https://zillow.wd5.myworkdayjobs.com/Zillow_Group_External/job/Remote-USA/Senior-Applications-Developer--Incentive-Planning-and-Finance-Operations_P751382-1,live,200,2026-09-22,2026-09-24,6,engineering,ops,workday,Real Estate Marketplace,Washington,B,workday:zillow:/job/Remote-USA/Senior-Applications-Developer--Incentive-Planning-and-Finance-Operations_P751382-1
Zillow Group,Senior Applied Scientist,Remote-USA,https://zillow.wd5.myworkdayjobs.com/Zillow_Group_External/job/Remote-USA/Senior-Applied-Scientist_P751331,not checked (out of scope),0,2026-09-17,2026-09-24,6,,,workday,Real Estate Marketplace,Washington,B,workday:zillow:/job/Remote-USA/Senior-Applied-Scientist_P751331
Zillow Group,"Senior Applied Scientist, Forecasting",Bengaluru,https://zillow.wd5.myworkdayjobs.com/Zillow_Group_External/job/Bengaluru/Senior-Applied-Scientist--Forecasting_P750448-1,not checked (out of scope),0,2026-08-31,2026-09-24,6,,,workday,Real Estate Marketplace,Washington,B,workday:zillow:/job/Bengaluru/Senior-Applied-Scientist--Forecasting_P750448-1
Zillow Group,"Senior Applied Scientist, Shopping AI",Remote-USA,https://zillow.wd5.myworkdayjobs.com/Zillow_Group_External/job/Remote-USA/Senior-Applied-Scientist_P751403,not checked (out of scope),0,,2026-09-30,0,,,workday,Real Estate Marketplace,Washington,B,workday:zillow:/job/Remote-USA/Senior-Applied-Scientist_P751403
Zillow Group,Senior Backend Software Development Engineer - Mexico,Mexico City,https://zillow.wd5.myworkdayjobs.com/Zillow_Group_External/job/Mexico-City/Senior-Backend-Software-Development-Engineer---Mexico_P749907,live,200,2026-08-31,2026-09-24,6,engineering,eng,workday,Real Estate Marketplace,Washington,B,workday:zillow:/job/Mexico-City/Senior-Backend-Software-Development-Engineer---Mexico_P749907
Zillow Group,Senior Benefits Analyst,Bengaluru,https://zillow.wd5.myworkdayjobs.com/Zillow_Group_External/job/Bengaluru/Senior-Benefits-Analyst_P750895-1,not checked (out of scope),0,2026-08-31,2026-09-24,6,,,workday,Real Estate Marketplace,Washington,B,workday:zillow:/job/Bengaluru/Senior-Benefits-Analyst_P750895-1
Zillow Group,Senior Business Intelligence Analyst,Mexico City,https://zillow.wd5.myworkdayjobs.com/Zillow_Group_External/job/Mexico-City/Senior-Business-Intelligence-Analyst_P749745,not checked (out of scope),0,2026-09-13,2026-09-24,6,,,workday,Real Estate Marketplace,Washington,B,workday:zillow:/job/Mexico-City/Senior-Business-Intelligence-Analyst_P749745
Zillow Group,Senior Compensation Program Manager,Remote-USA,https://zillow.wd5.myworkdayjobs.com/Zillow_Group_External/job/Remote-USA/Senior-Compensation-Program-Manager_P750797,not checked (out of scope),0,2026-08-31,2026-09-24,6,,,workday,Real Estate Marketplace,Washington,B,workday:zillow:/job/Remote-USA/Senior-Compensation-Program-Manager_P750797
Zillow Group,Senior Data Scientist,Remote-USA,https://zillow.wd5.myworkdayjobs.com/Zillow_Group_External/job/Remote-USA/Senior-Data-Scientist_P751133-1,not checked (out of scope),0,2026-08-31,2026-09-24,6,,eng,workday,Real Estate Marketplace,Washington,B,workday:zillow:/job/Remote-USA/Senior-Data-Scientist_P751133-1
Zillow Group,Senior Data Scientist,Remote-USA,https://zillow.wd5.myworkdayjobs.com/Zillow_Group_External/job/Remote-USA/Senior-Data-Scientist_P750993-1,not checked (out of scope),0,2026-08-31,2026-09-24,6,,eng,workday,Real Estate Marketplace,Washington,B,workday:zillow:/job/Remote-USA/Senior-Data-Scientist_P750993-1
Zillow Group,Senior Data Scientist,Bengaluru,https://zillow.wd5.myworkdayjobs.com/Zillow_Group_External/job/Bengaluru/Senior-Data-Scientist_P750307-1,not checked (out of scope),0,2026-08-31,2026-09-24,6,,eng,workday,Real Estate Marketplace,Washington,B,workday:zillow:/job/Bengaluru/Senior-Data-Scientist_P750307-1
Zillow Group,"Senior Data Scientist, Experimentation & AI Measurement",Mexico City,https://zillow.wd5.myworkdayjobs.com/Zillow_Group_External/job/Mexico-City/Senior-Data-Scientist--Experimentation---AI-Measurement_P751328-1,not checked (out of scope),0,,2026-09-30,0,,eng,workday,Real Estate Marketplace,Washington,B,workday:zillow:/job/Mexico-City/Senior-Data-Scientist--Experimentation---AI-Measurement_P751328-1
Zillow Group,"Senior Engineering Manager, Software Engineering",Bengaluru,https://zillow.wd5.myworkdayjobs.com/Zillow_Group_External/job/Bengaluru/Senior-Engineering-Manager--Software-Engineering_P751057-1,live,200,2026-08-31,2026-09-24,6,engineering,eng,workday,Real Estate Marketplace,Washington,B,workday:zillow:/job/Bengaluru/Senior-Engineering-Manager--Software-Engineering_P751057-1
Zillow Group,Senior Full Stack Software Development Engineer - Mexico,Mexico City,https://zillow.wd5.myworkdayjobs.com/Zillow_Group_External/job/Mexico-City/Senior-Full-Stack-Software-Development-Engineer---Mexico_P749904-1,live,200,2026-08-31,2026-09-24,6,engineering,eng,workday,Real Estate Marketplace,Washington,B,workday:zillow:/job/Mexico-City/Senior-Full-Stack-Software-Development-Engineer---Mexico_P749904-1
Zillow Group,"Senior Instructional Designer, Mortgage",Remote-USA,https://zillow.wd5.myworkdayjobs.com/Zillow_Group_External/job/Remote-USA/Senior-Instructional-Designer--Mortgage_P751484-1,not checked (out of scope),0,,2026-09-30,0,,,workday,Real Estate Marketplace,Washington,B,workday:zillow:/job/Remote-USA/Senior-Instructional-Designer--Mortgage_P751484-1
Zillow Group,"Senior Learning Facilitator, Mortgage",Remote-USA,https://zillow.wd5.myworkdayjobs.com/Zillow_Group_External/job/Remote-USA/Sr-Facilitator--Fulfillment-Enablement_P751483-1,not checked (out of scope),0,,2026-09-30,0,,,workday,Real Estate Marketplace,Washington,B,workday:zillow:/job/Remote-USA/Sr-Facilitator--Fulfillment-Enablement_P751483-1
Zillow Group,"Senior Machine Learning Engineer, Rich Media Experiences",Remote-USA,https://zillow.wd5.myworkdayjobs.com/Zillow_Group_External/job/Remote-USA/Senior-Machine-Learning-Engineer--Rich-Media-Experiences_P750278-1,live,200,2026-09-14,2026-09-24,6,engineering,eng,workday,Real Estate Marketplace,Washington,B,workday:zillow:/job/Remote-USA/Senior-Machine-Learning-Engineer--Rich-Media-Experiences_P750278-1
Zillow Group,"Senior Manager, B2B Paid Marketing",Remote-USA,https://zillow.wd5.myworkdayjobs.com/Zillow_Group_External/job/Remote-USA/Senior-Manager--B2B-Paid-Marketing_P751345-1,live,200,2026-09-18,2026-09-24,6,gtm,,workday,Real Estate Marketplace,Washington,B,workday:zillow:/job/Remote-USA/Senior-Manager--B2B-Paid-Marketing_P751345-1
Zillow Group,"Senior Manager, Incident Management",Remote-USA,https://zillow.wd5.myworkdayjobs.com/Zillow_Group_External/job/Remote-USA/Senior-Manager--Incident-Management_P751091,not checked (out of scope),0,2026-08-31,2026-09-24,6,,,workday,Real Estate Marketplace,Washington,B,workday:zillow:/job/Remote-USA/Senior-Manager--Incident-Management_P751091
Zillow Group,"Senior Manager, Software Development Engineering",Remote-USA,https://zillow.wd5.myworkdayjobs.com/Zillow_Group_External/job/Remote-USA/Senior-Manager--Software-Development-Engineering_P751380-1,live,200,2026-09-22,2026-09-24,6,engineering,eng,workday,Real Estate Marketplace,Washington,B,workday:zillow:/job/Remote-USA/Senior-Manager--Software-Development-Engineering_P751380-1
Zillow Group,Senior Marketing Intelligence Strategist,Remote-USA,https://zillow.wd5.myworkdayjobs.com/Zillow_Group_External/job/Remote-USA/Senior-Marketing-Intelligence-Strategist_P751271-1,live,200,2026-09-28,2026-09-24,6,gtm,,workday,Real Estate Marketplace,Washington,B,workday:zillow:/job/Remote-USA/Senior-Marketing-Intelligence-Strategist_P751271-1
Zillow Group,Senior Marketing Technologist,Bengaluru,https://zillow.wd5.myworkdayjobs.com/Zillow_Group_External/job/Bengaluru/Senior-Marketing-Technologist_P751179-1,"listed in ATS, not rechecked",0,2026-09-23,2026-09-24,6,gtm,,workday,Real Estate Marketplace,Washington,B,workday:zillow:/job/Bengaluru/Senior-Marketing-Technologist_P751179-1
Zillow Group,"Senior Marketing Technology Architect, StreetEasy",Remote-USA,https://zillow.wd5.myworkdayjobs.com/Zillow_Group_External/job/Remote-USA/Senior-Marketing-Technology-Architect--StreetEasy_P751029-1,live,200,2026-08-31,2026-09-24,6,gtm,eng,workday,Real Estate Marketplace,Washington,B,workday:zillow:/job/Remote-USA/Senior-Marketing-Technology-Architect--StreetEasy_P751029-1
Zillow Group,Senior Network Engineer,Bengaluru,https://zillow.wd5.myworkdayjobs.com/Zillow_Group_External/job/Bengaluru/Senior-Network-Engineer_P751083-1,live,200,2026-08-31,2026-09-24,6,engineering,eng,workday,Real Estate Marketplace,Washington,B,workday:zillow:/job/Bengaluru/Senior-Network-Engineer_P751083-1
Zillow Group,"Senior Product Counsel,  Real Estate Products",Remote-USA,https://zillow.wd5.myworkdayjobs.com/Zillow_Group_External/job/Remote-USA/Senior-Product-Counsel---Real-Estate-Product_P751233-1,not checked (out of scope),0,2026-09-21,2026-09-24,6,,,workday,Real Estate Marketplace,Washington,B,workday:zillow:/job/Remote-USA/Senior-Product-Counsel---Real-Estate-Product_P751233-1
Zillow Group,"Senior Product Manager, Agent Performance",Remote-USA,https://zillow.wd5.myworkdayjobs.com/Zillow_Group_External/job/Remote-USA/Senior-Product-Manager--AI-Platform---Ecosystem_P750062,not checked (out of scope),0,2026-08-31,2026-09-24,6,,product,workday,Real Estate Marketplace,Washington,B,workday:zillow:/job/Remote-USA/Senior-Product-Manager--AI-Platform---Ecosystem_P750062
Zillow Group,"Senior Product Manager, Connections Platform",Remote-USA,https://zillow.wd5.myworkdayjobs.com/Zillow_Group_External/job/Remote-USA/Senior-Product-Manager--Connections-Platform_P751206-1,not checked (out of scope),0,2026-09-11,2026-09-24,6,,product,workday,Real Estate Marketplace,Washington,B,workday:zillow:/job/Remote-USA/Senior-Product-Manager--Connections-Platform_P751206-1
Zillow Group,"Senior Product Manager, Rich Media",Remote-USA,https://zillow.wd5.myworkdayjobs.com/Zillow_Group_External/job/Remote-USA/Senior-Product-Manager--Rich-Media_P751273-1,not checked (out of scope),0,2026-09-17,2026-09-24,6,,product,workday,Real Estate Marketplace,Washington,B,workday:zillow:/job/Remote-USA/Senior-Product-Manager--Rich-Media_P751273-1
Zillow Group,"Senior Product Manager, Search & Evaluate - StreetEasy",Remote-USA,https://zillow.wd5.myworkdayjobs.com/Zillow_Group_External/job/Remote-USA/Senior-Product-Manager--Search---Evaluate---StreetEasy_P750065-1,not checked (out of scope),0,2026-08-31,2026-09-24,6,,product,workday,Real Estate Marketplace,Washington,B,workday:zillow:/job/Remote-USA/Senior-Product-Manager--Search---Evaluate---StreetEasy_P750065-1
Zillow Group,Senior Recruiter,Bengaluru,https://zillow.wd5.myworkdayjobs.com/Zillow_Group_External/job/Bengaluru/Senior-Recruiter_P751413-1,not checked (out of scope),0,2026-09-24,2026-09-24,6,,,workday,Real Estate Marketplace,Washington,B,workday:zillow:/job/Bengaluru/Senior-Recruiter_P751413-1
Zillow Group,"Senior SEO Product Manager, StreetEasy",Remote-USA,https://zillow.wd5.myworkdayjobs.com/Zillow_Group_External/job/Remote-USA/Senior-SEO-Product-Manager--StreetEasy_P751024-1,not checked (out of scope),0,2026-08-31,2026-09-24,6,,product,workday,Real Estate Marketplace,Washington,B,workday:zillow:/job/Remote-USA/Senior-SEO-Product-Manager--StreetEasy_P751024-1
Zillow Group,Senior Software Development Engineer,Remote-USA,https://zillow.wd5.myworkdayjobs.com/Zillow_Group_External/job/Remote-USA/Senior-Software-Development-Engineer_P751030-1,"listed in ATS, not rechecked",0,2026-08-31,2026-09-24,6,engineering,eng,workday,Real Estate Marketplace,Washington,B,workday:zillow:/job/Remote-USA/Senior-Software-Development-Engineer_P751030-1
Zillow Group,Senior Software Development Engineer-1,Bengaluru,https://zillow.wd5.myworkdayjobs.com/Zillow_Group_External/job/Bengaluru/Senior-Software-Development-Engineer-1_P751071-1,live,200,2026-08-31,2026-09-24,6,engineering,eng,workday,Real Estate Marketplace,Washington,B,workday:zillow:/job/Bengaluru/Senior-Software-Development-Engineer-1_P751071-1
Zillow Group,Senior Software Infrastructure Engineer - AI Tooling,Mexico City,https://zillow.wd5.myworkdayjobs.com/Zillow_Group_External/job/Mexico-City/Senior-Software-Infrastructure-Engineer---AI-Tooling_P751193,live,200,2026-08-31,2026-09-24,6,engineering,eng,workday,Real Estate Marketplace,Washington,B,workday:zillow:/job/Mexico-City/Senior-Software-Infrastructure-Engineer---AI-Tooling_P751193
Zillow Group,Senior Systems Engineer,Mexico City,https://zillow.wd5.myworkdayjobs.com/Zillow_Group_External/job/Mexico-City/Senior-Systems-Engineer_P749827-1,live,200,2026-08-31,2026-09-24,6,engineering,eng,workday,Real Estate Marketplace,Washington,B,workday:zillow:/job/Mexico-City/Senior-Systems-Engineer_P749827-1
Zillow Group,Senior Talent Intelligence Analyst,Remote-USA,https://zillow.wd5.myworkdayjobs.com/Zillow_Group_External/job/Remote-USA/Senior-Talent-Intelligence-Analyst_P751200-1,not checked (out of scope),0,2026-08-31,2026-09-24,6,,,workday,Real Estate Marketplace,Washington,B,workday:zillow:/job/Remote-USA/Senior-Talent-Intelligence-Analyst_P751200-1
Zillow Group,Software Development Engineer,Remote-USA,https://zillow.wd5.myworkdayjobs.com/Zillow_Group_External/job/Remote-USA/Software-Development-Engineer_P748929-1,live,200,2026-09-14,2026-09-24,6,engineering,eng,workday,Real Estate Marketplace,Washington,B,workday:zillow:/job/Remote-USA/Software-Development-Engineer_P748929-1
Zillow Group,Software Development Engineer - Fullstack,Remote-USA,https://zillow.wd5.myworkdayjobs.com/Zillow_Group_External/job/Remote-USA/Software-Development-Engineer---Fullstack_P751269-1,live,200,2026-08-31,2026-09-24,6,engineering,eng,workday,Real Estate Marketplace,Washington,B,workday:zillow:/job/Remote-USA/Software-Development-Engineer---Fullstack_P751269-1
Zillow Group,"Software Development Engineer, Backend (Go/Python)",Mexico City,https://zillow.wd5.myworkdayjobs.com/Zillow_Group_External/job/Mexico-City/Software-Development-Engineer--Backend--Go-Python-_P751308-1,live,200,2026-09-24,2026-09-28,2,engineering,eng,workday,Real Estate Marketplace,Washington,B,workday:zillow:/job/Mexico-City/Software-Development-Engineer--Backend--Go-Python-_P751308-1
Zillow Group,"Software Development Engineer, Backend (Python /Kubernetes)",Mexico City,https://zillow.wd5.myworkdayjobs.com/Zillow_Group_External/job/Mexico-City/Software-Development-Engineer--Backend--Python--Kubernetes-_P751307-1,live,200,2026-09-23,2026-09-24,6,engineering,eng,workday,Real Estate Marketplace,Washington,B,workday:zillow:/job/Mexico-City/Software-Development-Engineer--Backend--Python--Kubernetes-_P751307-1
Zillow Group,Sourcing Specialist,Bengaluru,https://zillow.wd5.myworkdayjobs.com/Zillow_Group_External/job/Bengaluru/Sourcing-Specialist_P750224,not checked (out of scope),0,2026-08-31,2026-09-24,6,,,workday,Real Estate Marketplace,Washington,B,workday:zillow:/job/Bengaluru/Sourcing-Specialist_P750224
Zillow Group,Sr ServiceNow Developer,Bengaluru,https://zillow.wd5.myworkdayjobs.com/Zillow_Group_External/job/Bengaluru/Sr-ServiceNow-Developer_P751128-1,"listed in ATS, not rechecked",0,2026-09-17,2026-09-24,6,engineering,eng,workday,Real Estate Marketplace,Washington,B,workday:zillow:/job/Bengaluru/Sr-ServiceNow-Developer_P751128-1
Zillow Group,Sr Workday Analyst,Bengaluru,https://zillow.wd5.myworkdayjobs.com/Zillow_Group_External/job/Bengaluru/Sr-Workday-Analyst_P751126-1,not checked (out of scope),0,2026-09-17,2026-09-24,6,,,workday,Real Estate Marketplace,Washington,B,workday:zillow:/job/Bengaluru/Sr-Workday-Analyst_P751126-1
Zillow Group,Sr Workday Applications Engineer,Bengaluru,https://zillow.wd5.myworkdayjobs.com/Zillow_Group_External/job/Bengaluru/Sr-Workday-Applications-Engineer_P751125-1,live,200,2026-09-17,2026-09-24,6,engineering,eng,workday,Real Estate Marketplace,Washington,B,workday:zillow:/job/Bengaluru/Sr-Workday-Applications-Engineer_P751125-1
Zillow Group,Sr. Compensation Analyst,Bengaluru,https://zillow.wd5.myworkdayjobs.com/Zillow_Group_External/job/Bengaluru/Sr-Compensation-Analyst_P750824-1,not checked (out of scope),0,2026-08-31,2026-09-24,6,,,workday,Real Estate Marketplace,Washington,B,workday:zillow:/job/Bengaluru/Sr-Compensation-Analyst_P750824-1
Zillow Group,"Sr. Director, Customer Identity and Access Management",Remote-USA,https://zillow.wd5.myworkdayjobs.com/Zillow_Group_External/job/Remote-USA/Sr-Director--Customer-Identity-and-Access-Management_P751102,not checked (out of scope),0,2026-09-10,2026-09-24,6,,leadership,workday,Real Estate Marketplace,Washington,B,workday:zillow:/job/Remote-USA/Sr-Director--Customer-Identity-and-Access-Management_P751102
Zillow Group,"Technical Customer Success Manager, API",Remote-CA,https://zillow.wd5.myworkdayjobs.com/Zillow_Group_External/job/Remote-CA/Technical-Customer-Success-Manager--API_P750643,live,200,2026-09-15,2026-09-24,6,gtm,customer,workday,Real Estate Marketplace,Washington,B,workday:zillow:/job/Remote-CA/Technical-Customer-Success-Manager--API_P750643
Zillow Group,Technical Program Manager,Bengaluru,https://zillow.wd5.myworkdayjobs.com/Zillow_Group_External/job/Bengaluru/Technical-Program-Manager_P751300-1,not checked (out of scope),0,2026-09-18,2026-09-24,6,,,workday,Real Estate Marketplace,Washington,B,workday:zillow:/job/Bengaluru/Technical-Program-Manager_P751300-1
Zillow Group,Title Order Specialist,Bengaluru,https://zillow.wd5.myworkdayjobs.com/Zillow_Group_External/job/Bengaluru/Title-Order-Specialist_P750940-1,not checked (out of scope),0,2026-08-31,2026-09-24,6,,,workday,Real Estate Marketplace,Washington,B,workday:zillow:/job/Bengaluru/Title-Order-Specialist_P750940-1
Zillow Group,Title Review Specialist,Bengaluru,https://zillow.wd5.myworkdayjobs.com/Zillow_Group_External/job/Bengaluru/Title-Review-Specialist_P750544-1,not checked (out of scope),0,2026-08-31,2026-09-24,6,,,workday,Real Estate Marketplace,Washington,B,workday:zillow:/job/Bengaluru/Title-Review-Specialist_P750544-1
Zillow Group,Underwriting Enablement Manager,Bengaluru,https://zillow.wd5.myworkdayjobs.com/Zillow_Group_External/job/Bengaluru/Underwriting-Enablement-Manager_P751360-1,not checked (out of scope),0,2026-09-17,2026-09-24,6,,,workday,Real Estate Marketplace,Washington,B,workday:zillow:/job/Bengaluru/Underwriting-Enablement-Manager_P751360-1
Zillow Group,Workplace Coordinator,Bengaluru,https://zillow.wd5.myworkdayjobs.com/Zillow_Group_External/job/Bengaluru/Workplace-Coordinator_P750669,not checked (out of scope),0,2026-08-31,2026-09-24,6,,,workday,Real Estate Marketplace,Washington,B,workday:zillow:/job/Bengaluru/Workplace-Coordinator_P750669
