company,title,location,url,link_status,posted_at,first_seen,days_open,focus,ats,segment,state,tier,job_key
AppFolio,Account Executive - Corporate,"Remote - California, United States",https://jobs.jobvite.com/appfolio-internal/job/ofuzAfwC,live,,2026-09-24,0,sales,jobvite,Property Management Software,California,A,jobvite:appfolio-internal:ofuzAfwC
AppFolio,Account Executive - SMB,"Santa Barbara, California",https://jobs.jobvite.com/appfolio-internal/job/obaXyfwA,live,,2026-09-24,0,sales,jobvite,Property Management Software,California,A,jobvite:appfolio-internal:obaXyfwA
AppFolio,Account Executive - SMB IM,3 Locations,https://jobs.jobvite.com/appfolio-internal/job/oumCAfwM,live,,2026-09-24,0,sales,jobvite,Property Management Software,California,A,jobvite:appfolio-internal:oumCAfwM
AppFolio,Business Development Representative - SMB,"Santa Barbara, California",https://jobs.jobvite.com/appfolio-internal/job/o1Rgzfwr,live,,2026-09-24,0,sales,jobvite,Property Management Software,California,A,jobvite:appfolio-internal:o1Rgzfwr
AppFolio,Business Development Representative - Upmarket,"Dallas, Texas",https://jobs.jobvite.com/appfolio-internal/job/owWhzfw2,live,,2026-09-24,0,sales,jobvite,Property Management Software,California,A,jobvite:appfolio-internal:owWhzfw2
AppFolio,Corporate Counsel,"Santa Barbara, California",https://jobs.jobvite.com/appfolio-internal/job/o7QHAfwY,live,,2026-09-24,0,,jobvite,Property Management Software,California,A,jobvite:appfolio-internal:o7QHAfwY
AppFolio,Data Migration Specialist II,"Remote, United States",https://jobs.jobvite.com/appfolio-internal/job/ou0zAfwn,live,,2026-09-24,0,,jobvite,Property Management Software,California,A,jobvite:appfolio-internal:ou0zAfwn
AppFolio,Enterprise Account Executive,3 Locations,https://jobs.jobvite.com/appfolio-internal/job/o4KBAfwJ,live,,2026-09-24,0,sales,jobvite,Property Management Software,California,A,jobvite:appfolio-internal:o4KBAfwJ
AppFolio,Growth Account Executive - Mid-Market,4 Locations,https://jobs.jobvite.com/appfolio-internal/job/oN6LAfwY,live,,2026-09-24,0,sales,jobvite,Property Management Software,California,A,jobvite:appfolio-internal:oN6LAfwY
AppFolio,Growth Account Executive - SMB,3 Locations,https://jobs.jobvite.com/appfolio-internal/job/ojIGzfw0,live,,2026-09-24,0,sales,jobvite,Property Management Software,California,A,jobvite:appfolio-internal:ojIGzfw0
AppFolio,Growth Account Executive - Strategic,"Remote, United States",https://jobs.jobvite.com/appfolio-internal/job/oX6LAfw8,live,,2026-09-24,0,sales,jobvite,Property Management Software,California,A,jobvite:appfolio-internal:oX6LAfw8
AppFolio,Horizon Business Development Representative,"Dallas, Texas",https://jobs.jobvite.com/appfolio-internal/job/oS6EAfwW,live,,2026-09-24,0,sales,jobvite,Property Management Software,California,A,jobvite:appfolio-internal:oS6EAfwW
AppFolio,Inbound Sales Representative,"Columbus, Ohio",https://jobs.jobvite.com/appfolio-internal/job/ows5zfwm,live,,2026-09-24,0,sales,jobvite,Property Management Software,California,A,jobvite:appfolio-internal:ows5zfwm
AppFolio,"Manager, Business Development Dallas, Texas",Sr. Staff IT Enterprise Architect,https://jobs.jobvite.com/appfolio-internal/job/oltHAfwP,live,,2026-09-24,0,sales,jobvite,Property Management Software,California,A,jobvite:appfolio-internal:oltHAfwP
AppFolio,"Manager, Growth Sales - Mid-Market",3 Locations,https://jobs.jobvite.com/appfolio-internal/job/om6LAfwx,live,,2026-09-24,0,sales,jobvite,Property Management Software,California,A,jobvite:appfolio-internal:om6LAfwx
AppFolio,"Manager, Growth Sales - SMB",3 Locations,https://jobs.jobvite.com/appfolio-internal/job/oc6LAfwn,live,,2026-09-24,0,sales,jobvite,Property Management Software,California,A,jobvite:appfolio-internal:oc6LAfwn
AppFolio,"Manager, Upmarket Business Development","Dallas, Texas",https://jobs.jobvite.com/appfolio-internal/job/oQuGAfwk,live,,2026-09-24,0,sales,jobvite,Property Management Software,California,A,jobvite:appfolio-internal:oQuGAfwk
AppFolio,Principal Machine Learning Engineer,3 Locations,https://jobs.jobvite.com/appfolio-internal/job/oHM2zfwO,live,,2026-09-24,0,eng,jobvite,Property Management Software,California,A,jobvite:appfolio-internal:oHM2zfwO
AppFolio,Sr. Machine Learning Engineer,9 Locations,https://jobs.jobvite.com/appfolio-internal/job/o2KCAfwI,live,,2026-09-24,0,eng,jobvite,Property Management Software,California,A,jobvite:appfolio-internal:o2KCAfwI
AppFolio,Sr. Product Adoption Specialist (Affordable Housing),3 Locations,https://jobs.jobvite.com/appfolio-internal/job/o6jaAfwT,live,,2026-09-24,0,,jobvite,Property Management Software,California,A,jobvite:appfolio-internal:o6jaAfwT
AppFolio,Sr. Software Engineer - Affordable Housing,9 Locations,https://jobs.jobvite.com/appfolio-internal/job/of3MAfwo,live,,2026-09-24,0,eng,jobvite,Property Management Software,California,A,jobvite:appfolio-internal:of3MAfwo
AppFolio,Sr. Software Engineer - Platform Permissions,8 Locations,https://jobs.jobvite.com/appfolio-internal/job/oe3MAfwn,live,,2026-09-24,0,eng,jobvite,Property Management Software,California,A,jobvite:appfolio-internal:oe3MAfwn
AppFolio,Sr. User Experience Designer,4 Locations,https://jobs.jobvite.com/appfolio-internal/job/o2exAfw7,live,,2026-09-24,0,,jobvite,Property Management Software,California,A,jobvite:appfolio-internal:o2exAfw7
AppFolio,Staff Machine Learning Engineer,4 Locations,https://jobs.jobvite.com/appfolio-internal/job/onsbAfwk,live,,2026-09-24,0,eng,jobvite,Property Management Software,California,A,jobvite:appfolio-internal:onsbAfwk
AppFolio,Staff Machine Learning Engineer - Leasing,8 Locations,https://jobs.jobvite.com/appfolio-internal/job/oVDkAfwc,live,,2026-09-24,0,ops,jobvite,Property Management Software,California,A,jobvite:appfolio-internal:oVDkAfwc
AppFolio,Staff Software Engineer - Resident Concierge,9 Locations,https://jobs.jobvite.com/appfolio-internal/job/o0ggzfwP,live,,2026-09-24,0,eng,jobvite,Property Management Software,California,A,jobvite:appfolio-internal:o0ggzfwP
AppFolio,User Experience Designer,9 Locations,https://jobs.jobvite.com/appfolio-internal/job/obtIAfwG,live,,2026-09-24,0,,jobvite,Property Management Software,California,A,jobvite:appfolio-internal:obtIAfwG
AppFolio,"VP, Total Rewards",9 Locations,https://jobs.jobvite.com/appfolio-internal/job/oMcIAfw0,live,,2026-09-24,0,,jobvite,Property Management Software,California,A,jobvite:appfolio-internal:oMcIAfw0
ButterflyMX,Channel Sales Territory Manager,US Remote ,https://jobs.ashbyhq.com/butterflymx/c453712d-20aa-4834-af5e-c80fb3a294f1,live,2026-09-08,2026-09-24,0,sales,ashby,Smart Access / Intercom Systems,New York,A,ashby:butterflymx:c453712d-20aa-4834-af5e-c80fb3a294f1
ButterflyMX,Channel Sales Territory Manager,California ,https://jobs.ashbyhq.com/butterflymx/166085d4-004e-4683-b41c-b55b51652fac,live,2026-09-01,2026-09-24,0,sales,ashby,Smart Access / Intercom Systems,New York,A,ashby:butterflymx:166085d4-004e-4683-b41c-b55b51652fac
ButterflyMX,Channel Sales Territory Manager,Denver,https://jobs.ashbyhq.com/butterflymx/039b5261-a185-47ea-9f92-1a096f7e54aa,live,2026-09-03,2026-09-24,0,sales,ashby,Smart Access / Intercom Systems,New York,A,ashby:butterflymx:039b5261-a185-47ea-9f92-1a096f7e54aa
ButterflyMX,Channel Sales Territory Manager,Oregon,https://jobs.ashbyhq.com/butterflymx/f61aa023-9534-4e77-ab80-1f103d1d37f4,live,2026-09-08,2026-09-24,0,sales,ashby,Smart Access / Intercom Systems,New York,A,ashby:butterflymx:f61aa023-9534-4e77-ab80-1f103d1d37f4
ButterflyMX,Channel Sales Territory Manager,Washington,https://jobs.ashbyhq.com/butterflymx/553ee469-c57d-4179-aa21-9683d85ae967,live,2026-09-08,2026-09-24,0,sales,ashby,Smart Access / Intercom Systems,New York,A,ashby:butterflymx:553ee469-c57d-4179-aa21-9683d85ae967
ButterflyMX,Channel Sales Territory Manager,Nevada,https://jobs.ashbyhq.com/butterflymx/4729cd96-7577-41cd-96f9-c980f92069ba,live,2026-09-08,2026-09-24,0,sales,ashby,Smart Access / Intercom Systems,New York,A,ashby:butterflymx:4729cd96-7577-41cd-96f9-c980f92069ba
ButterflyMX,Channel Sales Territory Manager,Utah,https://jobs.ashbyhq.com/butterflymx/44343ef2-19aa-425a-a50e-996d7a69ef41,live,2026-09-08,2026-09-24,0,sales,ashby,Smart Access / Intercom Systems,New York,A,ashby:butterflymx:44343ef2-19aa-425a-a50e-996d7a69ef41
ButterflyMX,Channel Sales Territory Manager,Arizona,https://jobs.ashbyhq.com/butterflymx/828aa0d3-4fd1-42f3-bb29-ef96aa7e00bb,live,2026-09-08,2026-09-24,0,sales,ashby,Smart Access / Intercom Systems,New York,A,ashby:butterflymx:828aa0d3-4fd1-42f3-bb29-ef96aa7e00bb
ButterflyMX,Creative Content Strategist,US Remote ,https://jobs.ashbyhq.com/butterflymx/dd416eab-7483-48e6-899e-aa977b6aa8f8,live,2026-07-15,2026-09-24,0,,ashby,Smart Access / Intercom Systems,New York,A,ashby:butterflymx:dd416eab-7483-48e6-899e-aa977b6aa8f8
ButterflyMX,Director of Information Technology,NYC Headquarters ,https://jobs.ashbyhq.com/butterflymx/645df0f0-4002-402c-b17a-8616de18ef92,live,2026-07-17,2026-09-24,0,leadership,ashby,Smart Access / Intercom Systems,New York,A,ashby:butterflymx:645df0f0-4002-402c-b17a-8616de18ef92
ButterflyMX,"Director, AI Strategy & Transformation",US Remote ,https://jobs.ashbyhq.com/butterflymx/3834c6df-0292-4c85-b035-c16fb1f22541,live,2026-07-21,2026-09-24,0,leadership,ashby,Smart Access / Intercom Systems,New York,A,ashby:butterflymx:3834c6df-0292-4c85-b035-c16fb1f22541
ButterflyMX,Firmware Engineer,Irvine Office/Warehouse ,https://jobs.ashbyhq.com/butterflymx/6c7e9c7e-e244-4aeb-8d0c-c00aa1154234,live,2026-09-15,2026-09-24,0,eng,ashby,Smart Access / Intercom Systems,New York,A,ashby:butterflymx:6c7e9c7e-e244-4aeb-8d0c-c00aa1154234
ButterflyMX,GRC Engineer,NYC Headquarters ,https://jobs.ashbyhq.com/butterflymx/4cf27e51-ff48-4d42-b764-6725905c41c0,live,2026-07-07,2026-09-24,0,eng,ashby,Smart Access / Intercom Systems,New York,A,ashby:butterflymx:4cf27e51-ff48-4d42-b764-6725905c41c0
ButterflyMX,GRC Engineer,US Remote ,https://jobs.ashbyhq.com/butterflymx/b6fc5622-af7e-4176-a21a-7303846072c0,live,2026-08-05,2026-09-24,0,eng,ashby,Smart Access / Intercom Systems,New York,A,ashby:butterflymx:b6fc5622-af7e-4176-a21a-7303846072c0
ButterflyMX,Hardware Engineering Technician,Irvine Office/Warehouse ,https://jobs.ashbyhq.com/butterflymx/0e377112-e3b2-41cd-8bc5-c5450d6ab2e7,live,2026-09-15,2026-09-24,0,eng,ashby,Smart Access / Intercom Systems,New York,A,ashby:butterflymx:0e377112-e3b2-41cd-8bc5-c5450d6ab2e7
ButterflyMX,"Manager, Software Engineering",US Remote ,https://jobs.ashbyhq.com/butterflymx/fa4e4dcb-a5e7-432a-a600-858848a21165,live,2026-06-15,2026-09-24,0,eng,ashby,Smart Access / Intercom Systems,New York,A,ashby:butterflymx:fa4e4dcb-a5e7-432a-a600-858848a21165
ButterflyMX,Principal AI-Native Software Engineer,US Remote ,https://jobs.ashbyhq.com/butterflymx/7810fd75-c722-4596-8b43-b2db3da4f490,live,2026-08-17,2026-09-24,0,eng,ashby,Smart Access / Intercom Systems,New York,A,ashby:butterflymx:7810fd75-c722-4596-8b43-b2db3da4f490
ButterflyMX,"Principal Product Manager, Mobile",US Remote ,https://jobs.ashbyhq.com/butterflymx/fbef2dbc-122b-4ae7-b3cc-93f4d427394f,live,2026-09-21,2026-09-24,0,product,ashby,Smart Access / Intercom Systems,New York,A,ashby:butterflymx:fbef2dbc-122b-4ae7-b3cc-93f4d427394f
ButterflyMX,Sales Account Executive,US Remote ,https://jobs.ashbyhq.com/butterflymx/0726d861-9b50-480e-b74e-f8f02ee613fa,live,2026-08-14,2026-09-24,0,sales,ashby,Smart Access / Intercom Systems,New York,A,ashby:butterflymx:0726d861-9b50-480e-b74e-f8f02ee613fa
ButterflyMX,Sales Account Executive (Hybrid),NYC Headquarters ,https://jobs.ashbyhq.com/butterflymx/10d8b77f-ea90-4714-9481-1ab0656fc355,live,2026-09-08,2026-09-24,0,sales,ashby,Smart Access / Intercom Systems,New York,A,ashby:butterflymx:10d8b77f-ea90-4714-9481-1ab0656fc355
ButterflyMX,Sr. Security Engineer,NYC Headquarters ,https://jobs.ashbyhq.com/butterflymx/ed40d382-a526-4a00-82b3-737ac1627961,live,2026-07-07,2026-09-24,0,eng,ashby,Smart Access / Intercom Systems,New York,A,ashby:butterflymx:ed40d382-a526-4a00-82b3-737ac1627961
ButterflyMX,Staff Product Designer,US Remote ,https://jobs.ashbyhq.com/butterflymx/5bb10b58-c7ab-4bd0-b24d-b36d7325db15,live,2026-07-15,2026-09-24,0,,ashby,Smart Access / Intercom Systems,New York,A,ashby:butterflymx:5bb10b58-c7ab-4bd0-b24d-b36d7325db15
ButterflyMX,Vice President of Data,US Remote ,https://jobs.ashbyhq.com/butterflymx/f71674ae-e2e9-4116-91fd-341cccd0407d,live,2026-07-23,2026-09-24,0,leadership,ashby,Smart Access / Intercom Systems,New York,A,ashby:butterflymx:f71674ae-e2e9-4116-91fd-341cccd0407d
Cherre,General Role,"New York, New York",https://jobs.lever.co/cherre/8ff8ee51-077c-41eb-b482-bed7fef233a0,error,2022-03-18,2026-09-24,0,,lever,Real Estate Data Integration Platform,New York,A,lever:cherre:8ff8ee51-077c-41eb-b482-bed7fef233a0
Digible,Account Executive - Digital Marketing,Remote,https://job-boards.greenhouse.io/digible/jobs/6123850004,live,2026-07-23,2026-09-24,0,sales,greenhouse,Multifamily Marketing Agency/Tech,Colorado,A,greenhouse:digible:6123850004
Digible,Insights & Analytics Strategist,Remote,https://job-boards.greenhouse.io/digible/jobs/6134867004,live,2026-08-04,2026-09-24,0,,greenhouse,Multifamily Marketing Agency/Tech,Colorado,A,greenhouse:digible:6134867004
Digible,SEO Strategist,Remote,https://job-boards.greenhouse.io/digible/jobs/6206113004,live,2026-09-22,2026-09-24,0,,greenhouse,Multifamily Marketing Agency/Tech,Colorado,A,greenhouse:digible:6206113004
Digible,Senior Analytics Engineer,Remote,https://job-boards.greenhouse.io/digible/jobs/6134872004,live,2026-08-04,2026-09-24,0,eng,greenhouse,Multifamily Marketing Agency/Tech,Colorado,A,greenhouse:digible:6134872004
Digible,Senior Product Manager,Remote,https://job-boards.greenhouse.io/digible/jobs/6143696004,live,2026-08-13,2026-09-24,0,product,greenhouse,Multifamily Marketing Agency/Tech,Colorado,A,greenhouse:digible:6143696004
Digible,Staff Software Engineer,Remote,https://job-boards.greenhouse.io/digible/jobs/6128276004,live,2026-07-27,2026-09-24,0,eng,greenhouse,Multifamily Marketing Agency/Tech,Colorado,A,greenhouse:digible:6128276004
Entrata,Account Manager,"Lehi, Utah",https://jobs.lever.co/entrata/52176cdb-5728-45af-871d-4a76b4de59b1,live,2026-08-17,2026-09-24,0,customer,lever,Property Management Software (AI leasing/payments),Utah,A,lever:entrata:52176cdb-5728-45af-871d-4a76b4de59b1
Entrata,Background Verification Analyst,United States,https://jobs.lever.co/entrata/8e43b482-7866-4341-80b9-d7ad3f5a7be9,live,2026-05-27,2026-09-24,0,,lever,Property Management Software (AI leasing/payments),Utah,A,lever:entrata:8e43b482-7866-4341-80b9-d7ad3f5a7be9
Entrata,Background Verification Analyst (Spanish Speaking),United States,https://jobs.lever.co/entrata/becf7d8b-b26c-4532-8ff1-47d386270d4c,live,2025-09-29,2026-09-24,0,,lever,Property Management Software (AI leasing/payments),Utah,A,lever:entrata:becf7d8b-b26c-4532-8ff1-47d386270d4c
Entrata,"Director of Engineering, Payments","Lehi, Utah",https://jobs.lever.co/entrata/244e6927-2772-4fa6-8a1f-e053d0ea9810,live,2026-08-06,2026-09-24,0,leadership,lever,Property Management Software (AI leasing/payments),Utah,A,lever:entrata:244e6927-2772-4fa6-8a1f-e053d0ea9810
Entrata,Enterprise Inside Sales Executive,"Lehi, Utah",https://jobs.lever.co/entrata/b5f583d7-97ad-4526-bf5f-640449cf1c04,live,2026-07-27,2026-09-24,0,sales,lever,Property Management Software (AI leasing/payments),Utah,A,lever:entrata:b5f583d7-97ad-4526-bf5f-640449cf1c04
Entrata,Implementation Project Manager,United States,https://jobs.lever.co/entrata/8d97730a-3833-449e-8637-a7af26d562fb,live,2023-10-11,2026-09-24,0,customer,lever,Property Management Software (AI leasing/payments),Utah,A,lever:entrata:8d97730a-3833-449e-8637-a7af26d562fb
Entrata,India Contact Center Professional,"Pune, India",https://jobs.lever.co/entrata/d76ca49c-31ce-44d0-a481-a84d6e9a0d14,live,2025-11-27,2026-09-24,0,,lever,Property Management Software (AI leasing/payments),Utah,A,lever:entrata:d76ca49c-31ce-44d0-a481-a84d6e9a0d14
Entrata,Invoice Acquisition Specialist,"Pune, India",https://jobs.lever.co/entrata/95cb751f-89e1-4b84-a9b9-c52d88f09a9a,live,2023-07-31,2026-09-24,0,,lever,Property Management Software (AI leasing/payments),Utah,A,lever:entrata:95cb751f-89e1-4b84-a9b9-c52d88f09a9a
Entrata,"Product Manager, Utilities - Sustainability",United States,https://jobs.lever.co/entrata/d4d62702-7a35-4436-a689-97be9da222e1,live,2026-09-14,2026-09-24,0,product,lever,Property Management Software (AI leasing/payments),Utah,A,lever:entrata:d4d62702-7a35-4436-a689-97be9da222e1
Entrata,"Regional Vice President of Sales, Canada (IC-Enterprise)",Toronto,https://jobs.lever.co/entrata/1fe6b94d-5d86-4e8e-8272-36857a9b342f,live,2026-09-10,2026-09-24,0,sales,lever,Property Management Software (AI leasing/payments),Utah,A,lever:entrata:1fe6b94d-5d86-4e8e-8272-36857a9b342f
Entrata,"Regional Vice President of Sales, Central Region (IC-Enterprise)",Missouri,https://jobs.lever.co/entrata/02480379-5daa-43d7-a6b8-396f2b26df39,live,2026-05-22,2026-09-24,0,sales,lever,Property Management Software (AI leasing/payments),Utah,A,lever:entrata:02480379-5daa-43d7-a6b8-396f2b26df39
Entrata,"Regional Vice President of Sales, Central Region (IC-Enterprise)","Dallas, TX",https://jobs.lever.co/entrata/ec44b2d5-088f-4f50-9fd1-8f5e7b6796c0,live,2024-01-10,2026-09-24,0,sales,lever,Property Management Software (AI leasing/payments),Utah,A,lever:entrata:ec44b2d5-088f-4f50-9fd1-8f5e7b6796c0
Entrata,"Regional Vice President of Sales, East Region (IC-Enterprise)",Maryland,https://jobs.lever.co/entrata/dd699465-497c-49a2-8720-000db1d1feb0,live,2026-04-01,2026-09-24,0,sales,lever,Property Management Software (AI leasing/payments),Utah,A,lever:entrata:dd699465-497c-49a2-8720-000db1d1feb0
Entrata,"Regional Vice President of Sales, West Region (IC-Enterprise)",California,https://jobs.lever.co/entrata/8f6b75c0-5157-4db4-b600-6fa18303e16d,live,2026-05-18,2026-09-24,0,sales,lever,Property Management Software (AI leasing/payments),Utah,A,lever:entrata:8f6b75c0-5157-4db4-b600-6fa18303e16d
Entrata,Resident Screening Consultant,United States,https://jobs.lever.co/entrata/5266dc43-7f3e-439d-9273-30a0dbbe8bb3,live,2026-09-04,2026-09-24,0,,lever,Property Management Software (AI leasing/payments),Utah,A,lever:entrata:5266dc43-7f3e-439d-9273-30a0dbbe8bb3
Entrata,Senior Data Scientist,"Lehi, Utah",https://jobs.lever.co/entrata/52b9ae4f-553a-4f10-92cb-90173595ea82,live,2024-02-28,2026-09-24,0,eng,lever,Property Management Software (AI leasing/payments),Utah,A,lever:entrata:52b9ae4f-553a-4f10-92cb-90173595ea82
Entrata,Senior Machine Learning Engineer,"Lehi, Utah",https://jobs.lever.co/entrata/d579bade-723d-4429-a1cb-565d15f3dff7,live,2025-07-24,2026-09-24,0,eng,lever,Property Management Software (AI leasing/payments),Utah,A,lever:entrata:d579bade-723d-4429-a1cb-565d15f3dff7
Entrata,Senior Payment Specialist,United States,https://jobs.lever.co/entrata/c72997ba-5b1b-4028-88b2-cf5840e4a053,live,2026-04-22,2026-09-24,0,,lever,Property Management Software (AI leasing/payments),Utah,A,lever:entrata:c72997ba-5b1b-4028-88b2-cf5840e4a053
Entrata,Software Engineer,"Pune, India",https://jobs.lever.co/entrata/661bbcc5-3514-4ba3-b616-8838da6c53ec,live,2022-05-12,2026-09-24,0,eng,lever,Property Management Software (AI leasing/payments),Utah,A,lever:entrata:661bbcc5-3514-4ba3-b616-8838da6c53ec
Entrata,Staff Corporate Security Engineer,"Lehi, Utah",https://jobs.lever.co/entrata/f99da18f-74cc-41dd-a208-26116d53bdd7,live,2026-09-01,2026-09-24,0,eng,lever,Property Management Software (AI leasing/payments),Utah,A,lever:entrata:f99da18f-74cc-41dd-a208-26116d53bdd7
Entrata,Technical Support Representative,United States,https://jobs.lever.co/entrata/6f285ba2-ee23-4bc6-898c-e7f83df34bc4,live,2026-05-18,2026-09-24,0,customer,lever,Property Management Software (AI leasing/payments),Utah,A,lever:entrata:6f285ba2-ee23-4bc6-898c-e7f83df34bc4
Evernest,Assistant Property Manager,Philippines,https://jobs.lever.co/evernest/5ca4424a-bd4b-4d21-9dd3-964fb3072622,live,2026-09-09,2026-09-24,0,ops,lever,SFR Property Management,Alabama,A,lever:evernest:5ca4424a-bd4b-4d21-9dd3-964fb3072622
Evernest,Assistant Property Manager,Mexico,https://jobs.lever.co/evernest/d2cb0454-34d7-4b5d-8fc5-858feb126a8f,live,2026-09-09,2026-09-24,0,ops,lever,SFR Property Management,Alabama,A,lever:evernest:d2cb0454-34d7-4b5d-8fc5-858feb126a8f
Evernest,ITM Leasing Coordinator,Philippines,https://jobs.lever.co/evernest/c1860762-c79e-4f72-95f2-088db4ab51ee,live,2026-09-17,2026-09-24,0,ops,lever,SFR Property Management,Alabama,A,lever:evernest:c1860762-c79e-4f72-95f2-088db4ab51ee
Evernest,ITM Leasing Coordinator,Mexico,https://jobs.lever.co/evernest/e62c1890-edaa-4e82-82cd-9b93404c5eee,live,2026-09-17,2026-09-24,0,ops,lever,SFR Property Management,Alabama,A,lever:evernest:e62c1890-edaa-4e82-82cd-9b93404c5eee
Evernest,ITM Resident Services Coordinator,Mexico,https://jobs.lever.co/evernest/3286cdcc-2fc4-4bb3-ac25-b2f493bf7b68,live,2026-09-18,2026-09-24,0,,lever,SFR Property Management,Alabama,A,lever:evernest:3286cdcc-2fc4-4bb3-ac25-b2f493bf7b68
Evernest,ITM Resident Services Coordinator,Philippines,https://jobs.lever.co/evernest/dece7f58-118c-441e-990b-09ffd7c59fd5,live,2026-09-18,2026-09-24,0,,lever,SFR Property Management,Alabama,A,lever:evernest:dece7f58-118c-441e-990b-09ffd7c59fd5
Evernest,Investor Real Estate Specialist,"Cleveland, OH",https://jobs.lever.co/evernest/1abea67d-9690-4820-9ca7-bc94bafe1c60,live,2026-08-27,2026-09-24,0,,lever,SFR Property Management,Alabama,A,lever:evernest:1abea67d-9690-4820-9ca7-bc94bafe1c60
Evernest,Investor Real Estate Specialist,"Columbus, OH",https://jobs.lever.co/evernest/317037eb-5d27-444a-8915-a28380bbf633,live,2026-07-21,2026-09-24,0,,lever,SFR Property Management,Alabama,A,lever:evernest:317037eb-5d27-444a-8915-a28380bbf633
Evernest,Investor Real Estate Specialist,"Little Rock, AR",https://jobs.lever.co/evernest/b855eda4-96a0-4604-92f7-cce9ccd87efc,live,2026-08-26,2026-09-24,0,,lever,SFR Property Management,Alabama,A,lever:evernest:b855eda4-96a0-4604-92f7-cce9ccd87efc
Evernest,Multi-Family Property Manager,"Richmond, VA",https://jobs.lever.co/evernest/95c5e38f-cb5c-40c4-9725-d2682e1c3479,live,2026-08-26,2026-09-24,0,ops,lever,SFR Property Management,Alabama,A,lever:evernest:95c5e38f-cb5c-40c4-9725-d2682e1c3479
Evernest,Property Maintenance Coordinator (Virtual/Remote),Mexico,https://jobs.lever.co/evernest/c868458c-9805-4995-be7c-ffbe25d1c88d,live,2026-08-24,2026-09-24,0,ops,lever,SFR Property Management,Alabama,A,lever:evernest:c868458c-9805-4995-be7c-ffbe25d1c88d
Evernest,Property Maintenance Coordinator (Virtual/Remote),Philippines,https://jobs.lever.co/evernest/eb3ca9e4-94cb-4268-9dd4-bb5d79285587,live,2026-08-24,2026-09-24,0,ops,lever,SFR Property Management,Alabama,A,lever:evernest:eb3ca9e4-94cb-4268-9dd4-bb5d79285587
Evernest,Property Management Associate,"Birmingham, AL",https://jobs.lever.co/evernest/61211e59-a3a3-4766-bcbe-6b642e1239ea,live,2026-07-15,2026-09-24,0,,lever,SFR Property Management,Alabama,A,lever:evernest:61211e59-a3a3-4766-bcbe-6b642e1239ea
Evernest,Property Manager,"Houston, TX",https://jobs.lever.co/evernest/d97a0e6c-40f6-49b1-8173-09655b242065,live,2026-08-28,2026-09-24,0,ops,lever,SFR Property Management,Alabama,A,lever:evernest:d97a0e6c-40f6-49b1-8173-09655b242065
Evernest,Senior Maintenance Coordinator (Virtual/Remote),Mexico,https://jobs.lever.co/evernest/82b02a6c-d29c-4be9-9921-d2e585e7e785,live,2026-07-17,2026-09-24,0,ops,lever,SFR Property Management,Alabama,A,lever:evernest:82b02a6c-d29c-4be9-9921-d2e585e7e785
Evernest,Senior Property Manager,"Detroit, MI",https://jobs.lever.co/evernest/856df309-7c2f-430d-8269-43619512aa88,live,2026-08-11,2026-09-24,0,ops,lever,SFR Property Management,Alabama,A,lever:evernest:856df309-7c2f-430d-8269-43619512aa88
Evernest,Senior Property Manager - Remote,United States,https://jobs.lever.co/evernest/6870fd1c-3d8d-47f7-9b7f-3ffa7033a072,live,2026-08-25,2026-09-24,0,ops,lever,SFR Property Management,Alabama,A,lever:evernest:6870fd1c-3d8d-47f7-9b7f-3ffa7033a072
Flock Homes,Exchange Director (Multifamily + Single Family),"Denver, New York, or San Francisco",https://job-boards.greenhouse.io/flockhomes/jobs/4701569005,live,2026-06-01,2026-09-24,0,leadership,greenhouse,SFR 1031 Exchange Platform,California,A,greenhouse:flockhomes:4701569005
Flock Homes,Full Stack Software Engineer,San Franciso or Denver,https://job-boards.greenhouse.io/flockhomes/jobs/4719723005,live,2026-07-29,2026-09-24,0,eng,greenhouse,SFR 1031 Exchange Platform,California,A,greenhouse:flockhomes:4719723005
Flock Homes,Internal Wholesaler,"New York, NY",https://job-boards.greenhouse.io/flockhomes/jobs/4708324005,live,2026-06-22,2026-09-24,0,,greenhouse,SFR 1031 Exchange Platform,California,A,greenhouse:flockhomes:4708324005
Greystar,,,https://greystar.wd1.myworkdayjobs.com/External,blocked,,2026-09-24,0,,workday,Multifamily Property Manager,South Carolina,A,workday:greystar:
Greystar,1st Party Debt Collection Specialist,"Remote, United States",https://greystar.wd1.myworkdayjobs.com/External/job/Remote-United-States/XMLNAME-1st-Party-Debt-Collection-Specialist_R0159620,live,,2026-09-24,0,,workday,Multifamily Property Manager,South Carolina,A,workday:greystar:/job/Remote-United-States/XMLNAME-1st-Party-Debt-Collection-Specialist_R0159620
Greystar,"Accountant, Development","City Office Charleston, Charleston, SC",https://greystar.wd1.myworkdayjobs.com/External/job/City-Office-Charleston-Charleston-SC/Accountant--Development_R0199510-1,blocked,,2026-09-24,0,,workday,Multifamily Property Manager,South Carolina,A,workday:greystar:/job/City-Office-Charleston-Charleston-SC/Accountant--Development_R0199510-1
Greystar,All On-Site Positions -St Marin,"St. Marin, Coppell, TX",https://greystar.wd1.myworkdayjobs.com/External/job/St-Marin-Coppell-TX/All-On-Site-Positions--St-Marin_R0200849,blocked,,2026-09-24,0,,workday,Multifamily Property Manager,South Carolina,A,workday:greystar:/job/St-Marin-Coppell-TX/All-On-Site-Positions--St-Marin_R0200849
Greystar,"Analyst, Corporate Finance","City Office Charleston, Charleston, SC",https://greystar.wd1.myworkdayjobs.com/External/job/City-Office-Charleston-Charleston-SC/Analyst--Corporate-Finance_R0198482,blocked,,2026-09-24,0,,workday,Multifamily Property Manager,South Carolina,A,workday:greystar:/job/City-Office-Charleston-Charleston-SC/Analyst--Corporate-Finance_R0198482
Greystar,Analytics Engineer,9 Locations,https://greystar.wd1.myworkdayjobs.com/External/job/City-Office-Chicago-Chicago-IL/Analytics-Engineer_R0197674,blocked,,2026-09-24,0,eng,workday,Multifamily Property Manager,South Carolina,A,workday:greystar:/job/City-Office-Chicago-Chicago-IL/Analytics-Engineer_R0197674
Greystar,Anaplan COE Model Builder,"Remote, United States",https://greystar.wd1.myworkdayjobs.com/External/job/Remote-United-States/Finance-Analyst--FP-A-Systems---Applications--Anaplan-COE-Model-Builder-_R0188463,blocked,,2026-09-24,0,,workday,Multifamily Property Manager,South Carolina,A,workday:greystar:/job/Remote-United-States/Finance-Analyst--FP-A-Systems---Applications--Anaplan-COE-Model-Builder-_R0188463
Greystar,Apartment Community Groundskeeper/Porter - Tampa,"City Office Tampa, Tampa, FL",https://greystar.wd1.myworkdayjobs.com/External/job/City-Office-Tampa-Tampa-FL/Apartment-Community-Groundskeeper-Porter---Tampa_R0121816,blocked,,2026-09-24,0,,workday,Multifamily Property Manager,South Carolina,A,workday:greystar:/job/City-Office-Tampa-Tampa-FL/Apartment-Community-Groundskeeper-Porter---Tampa_R0121816
Greystar,Assistant Community Manager,"Birmingham, AL",https://greystar.wd1.myworkdayjobs.com/External/job/Birmingham-AL/Assistant-Community-Manager_R0201946,live,,2026-09-24,0,,workday,Multifamily Property Manager,South Carolina,A,workday:greystar:/job/Birmingham-AL/Assistant-Community-Manager_R0201946
Greystar,Assistant Community Manager - 1400 Wabash,"1400 Wabash, Chicago, IL",https://greystar.wd1.myworkdayjobs.com/External/job/1400-Wabash-Chicago-IL/Assistant-Community-Manager---1400-Wabash_R0200329,blocked,,2026-09-24,0,,workday,Multifamily Property Manager,South Carolina,A,workday:greystar:/job/1400-Wabash-Chicago-IL/Assistant-Community-Manager---1400-Wabash_R0200329
Greystar,Assistant Community Manager - Abrazo at Rice Hope,"Abrazo at Rice Hope, Port Wentworth, GA",https://greystar.wd1.myworkdayjobs.com/External/job/Abrazo-at-Rice-Hope-Port-Wentworth-GA/Assistant-Community-Manager---Abrazo-at-Rice-Hope_R0201724-1,live,,2026-09-24,0,,workday,Multifamily Property Manager,South Carolina,A,workday:greystar:/job/Abrazo-at-Rice-Hope-Port-Wentworth-GA/Assistant-Community-Manager---Abrazo-at-Rice-Hope_R0201724-1
Greystar,Assistant Community Manager - Agora Stone Oak,"Agora Stone Oak, San Antonio, TX",https://greystar.wd1.myworkdayjobs.com/External/job/Agora-Stone-Oak-San-Antonio-TX/Assistant-Community-Manager---Agora-Stone-Oak_R0201815,live,,2026-09-24,0,,workday,Multifamily Property Manager,South Carolina,A,workday:greystar:/job/Agora-Stone-Oak-San-Antonio-TX/Assistant-Community-Manager---Agora-Stone-Oak_R0201815
Greystar,Assistant Community Manager - Alta Wren,"Alta Wren, Cary, NC",https://greystar.wd1.myworkdayjobs.com/External/job/Alta-Wren-Cary-NC/Assistant-Community-Manager---Alta-Wren_R0201849,live,,2026-09-24,0,,workday,Multifamily Property Manager,South Carolina,A,workday:greystar:/job/Alta-Wren-Cary-NC/Assistant-Community-Manager---Alta-Wren_R0201849
Greystar,Assistant Community Manager - Anton Viridian,"Anton Viridian, Oakley, CA",https://greystar.wd1.myworkdayjobs.com/External/job/Anton-Viridian-Oakley-CA/Assistant-Community-Manager---Anton-Viridian_R0198569,blocked,,2026-09-24,0,,workday,Multifamily Property Manager,South Carolina,A,workday:greystar:/job/Anton-Viridian-Oakley-CA/Assistant-Community-Manager---Anton-Viridian_R0198569
Greystar,Assistant Community Manager - Artisan at Village of Escaya,"Artisan at the Village of Escaya, Chula Vista, CA",https://greystar.wd1.myworkdayjobs.com/External/job/Artisan-at-the-Village-of-Escaya-Chula-Vista-CA/Assistant-Community-Manager---Artisan-at-Village-of-Escaya_R0202046,live,,2026-09-24,0,,workday,Multifamily Property Manager,South Carolina,A,workday:greystar:/job/Artisan-at-the-Village-of-Escaya-Chula-Vista-CA/Assistant-Community-Manager---Artisan-at-Village-of-Escaya_R0202046
Greystar,Assistant Community Manager - Ascend Brightleaf,"Ascend Brightleaf, Durham, NC",https://greystar.wd1.myworkdayjobs.com/External/job/Ascend-Brightleaf-Durham-NC/Assistant-Community-Manager---Ascend-Brightleaf_R0199809,blocked,,2026-09-24,0,,workday,Multifamily Property Manager,South Carolina,A,workday:greystar:/job/Ascend-Brightleaf-Durham-NC/Assistant-Community-Manager---Ascend-Brightleaf_R0199809
Greystar,Assistant Community Manager - Atwell Off Main,"Attwell off Main, Tigard, OR",https://greystar.wd1.myworkdayjobs.com/External/job/Attwell-off-Main-Tigard-OR/Assistant-Community-Manager---Atwell-Off-Main_R0200291,blocked,,2026-09-24,0,,workday,Multifamily Property Manager,South Carolina,A,workday:greystar:/job/Attwell-off-Main-Tigard-OR/Assistant-Community-Manager---Atwell-Off-Main_R0200291
Greystar,Assistant Community Manager - Avana Oakbrook,"Avana Oakbrook, Summerville, SC",https://greystar.wd1.myworkdayjobs.com/External/job/Avana-Oakbrook-Summerville-SC/Assistant-Community-Manager---Avana-Oakbrook_R0200996,live,,2026-09-24,0,,workday,Multifamily Property Manager,South Carolina,A,workday:greystar:/job/Avana-Oakbrook-Summerville-SC/Assistant-Community-Manager---Avana-Oakbrook_R0200996
Greystar,Assistant Community Manager - Avana San Jose (Evergreen Heights),"Evergreen Heights, San Jose, CA",https://greystar.wd1.myworkdayjobs.com/External/job/Evergreen-Heights-San-Jose-CA/Assistant-Community-Manager---Avana-San-Jose--Evergreen-Heights-_R0199848,blocked,,2026-09-24,0,,workday,Multifamily Property Manager,South Carolina,A,workday:greystar:/job/Evergreen-Heights-San-Jose-CA/Assistant-Community-Manager---Avana-San-Jose--Evergreen-Heights-_R0199848
Greystar,Assistant Community Manager - Barrow,"Barrow, Lewisville, TX",https://greystar.wd1.myworkdayjobs.com/External/job/Barrow-Lewisville-TX/Assistant-Community-Manager---Barrow_R0200343,blocked,,2026-09-24,0,,workday,Multifamily Property Manager,South Carolina,A,workday:greystar:/job/Barrow-Lewisville-TX/Assistant-Community-Manager---Barrow_R0200343
Greystar,Assistant Community Manager - Beach Street Landing,"Beach Street Landing, Philadelphia, PA",https://greystar.wd1.myworkdayjobs.com/External/job/Beach-Street-Landing-Philadelphia-PA/Assistant-Community-Manager---Beach-Street-Landing_R0199778-1,blocked,,2026-09-24,0,,workday,Multifamily Property Manager,South Carolina,A,workday:greystar:/job/Beach-Street-Landing-Philadelphia-PA/Assistant-Community-Manager---Beach-Street-Landing_R0199778-1
Greystar,Assistant Community Manager - Beaumont Grand,"Beaumont Grand Apartment Homes, Lakewood, WA",https://greystar.wd1.myworkdayjobs.com/External/job/Beaumont-Grand-Apartment-Homes-Lakewood-WA/Assistant-Community-Manager---Beaumont-Grand_R0198954,blocked,,2026-09-24,0,,workday,Multifamily Property Manager,South Carolina,A,workday:greystar:/job/Beaumont-Grand-Apartment-Homes-Lakewood-WA/Assistant-Community-Manager---Beaumont-Grand_R0198954
Greystar,Assistant Community Manager - Brickyard at Barbers Hills,"Brickyard at Barbers Hill, Mont Belvieu, TX",https://greystar.wd1.myworkdayjobs.com/External/job/Brickyard-at-Barbers-Hill-Mont-Belvieu-TX/Assistant-Community-Manager---Brickyard-at-Barbers-Hills_R0196339,blocked,,2026-09-24,0,,workday,Multifamily Property Manager,South Carolina,A,workday:greystar:/job/Brickyard-at-Barbers-Hill-Mont-Belvieu-TX/Assistant-Community-Manager---Brickyard-at-Barbers-Hills_R0196339
Greystar,Assistant Community Manager - Broadstone Pullman,"Broadstone Pullman (GA), Atlanta, GA",https://greystar.wd1.myworkdayjobs.com/External/job/Broadstone-Pullman-GA-Atlanta-GA/Assistant-Community-Manager---Broadstone-Pullman_R0201867,live,,2026-09-24,0,,workday,Multifamily Property Manager,South Carolina,A,workday:greystar:/job/Broadstone-Pullman-GA-Atlanta-GA/Assistant-Community-Manager---Broadstone-Pullman_R0201867
Greystar,Assistant Community Manager - Broadstone Trailside,"Broadstone Trailside, Morrisville, NC",https://greystar.wd1.myworkdayjobs.com/External/job/Broadstone-Trailside-Morrisville-NC/Assistant-Community-Manager---Broadstone-Trailside_R0201061,blocked,,2026-09-24,0,,workday,Multifamily Property Manager,South Carolina,A,workday:greystar:/job/Broadstone-Trailside-Morrisville-NC/Assistant-Community-Manager---Broadstone-Trailside_R0201061
Greystar,Assistant Community Manager - Callen,"Callen, Lacey, WA",https://greystar.wd1.myworkdayjobs.com/External/job/Callen-Lacey-WA/Assistant-Community-Manager---Callen_R0201286,blocked,,2026-09-24,0,,workday,Multifamily Property Manager,South Carolina,A,workday:greystar:/job/Callen-Lacey-WA/Assistant-Community-Manager---Callen_R0201286
Greystar,Assistant Community Manager - Citizen House East Lake,"Citizen House East Lake, Austin, TX",https://greystar.wd1.myworkdayjobs.com/External/job/Citizen-House-East-Lake-Austin-TX/Assistant-Community-Manager---Citizen-House-East-Lake_R0200970,blocked,,2026-09-24,0,,workday,Multifamily Property Manager,South Carolina,A,workday:greystar:/job/Citizen-House-East-Lake-Austin-TX/Assistant-Community-Manager---Citizen-House-East-Lake_R0200970
Greystar,Assistant Community Manager - Clear Creek Meadows,"Clear Creek Meadows, Copperas Cove, TX",https://greystar.wd1.myworkdayjobs.com/External/job/Clear-Creek-Meadows-Copperas-Cove-TX/Assistant-Community-Manager---Clear-Creek-Meadows_R0201405,blocked,,2026-09-24,0,,workday,Multifamily Property Manager,South Carolina,A,workday:greystar:/job/Clear-Creek-Meadows-Copperas-Cove-TX/Assistant-Community-Manager---Clear-Creek-Meadows_R0201405
Greystar,Assistant Community Manager - Encore Metro at Millenia,"Encore Metro at Millenia, Orlando, FL",https://greystar.wd1.myworkdayjobs.com/External/job/Encore-Metro-at-Millenia-Orlando-FL/Assistant-Community-Manager---Encore-Metro-at-Millenia_R0198923,blocked,,2026-09-24,0,,workday,Multifamily Property Manager,South Carolina,A,workday:greystar:/job/Encore-Metro-at-Millenia-Orlando-FL/Assistant-Community-Manager---Encore-Metro-at-Millenia_R0198923
Greystar,Assistant Community Manager - Encore Motif,"Encore Motif, Katy, TX",https://greystar.wd1.myworkdayjobs.com/External/job/Encore-Motif-Katy-TX/Assistant-Community-Manager---Encore-Motif_R0200322,live,,2026-09-24,0,,workday,Multifamily Property Manager,South Carolina,A,workday:greystar:/job/Encore-Motif-Katy-TX/Assistant-Community-Manager---Encore-Motif_R0200322
Greystar,Assistant Community Manager - Gibson Point,"Gibson Point, Revere, MA",https://greystar.wd1.myworkdayjobs.com/External/job/Gibson-Point-Revere-MA/Assistant-Community-Manager---Gibson-Point_R0200000,blocked,,2026-09-24,0,,workday,Multifamily Property Manager,South Carolina,A,workday:greystar:/job/Gibson-Point-Revere-MA/Assistant-Community-Manager---Gibson-Point_R0200000
Greystar,Assistant Community Manager - Glo Las Vegas,"Glo Las Vegas, Las Vegas, NV",https://greystar.wd1.myworkdayjobs.com/External/job/Glo-Las-Vegas-Las-Vegas-NV/Assistant-Community-Manager---Glo-Las-Vegas_R0199328,blocked,,2026-09-24,0,,workday,Multifamily Property Manager,South Carolina,A,workday:greystar:/job/Glo-Las-Vegas-Las-Vegas-NV/Assistant-Community-Manager---Glo-Las-Vegas_R0199328
Greystar,Assistant Community Manager - Granary Flats,"Granary Flats, Richmond, TX",https://greystar.wd1.myworkdayjobs.com/External/job/Granary-Flats-Richmond-TX/Assistant-Community-Manager---Granary-Flats_R0200198,blocked,,2026-09-24,0,,workday,Multifamily Property Manager,South Carolina,A,workday:greystar:/job/Granary-Flats-Richmond-TX/Assistant-Community-Manager---Granary-Flats_R0200198
Greystar,Assistant Community Manager - Haven at Largo Station,"Haven Largo, Largo, MD",https://greystar.wd1.myworkdayjobs.com/External/job/Haven-Largo-Largo-MD/Asst-Community-Manager---PG-County--MD_R0199688,blocked,,2026-09-24,0,,workday,Multifamily Property Manager,South Carolina,A,workday:greystar:/job/Haven-Largo-Largo-MD/Asst-Community-Manager---PG-County--MD_R0199688
Greystar,Assistant Community Manager - Haven at M (Student Living),"Haven at M, Huntsville, TX",https://greystar.wd1.myworkdayjobs.com/External/job/Haven-at-M-Huntsville-TX/Assistant-Community-Manager---Haven-at-M--Student-Living-_R0193519,blocked,,2026-09-24,0,,workday,Multifamily Property Manager,South Carolina,A,workday:greystar:/job/Haven-at-M-Huntsville-TX/Assistant-Community-Manager---Haven-at-M--Student-Living-_R0193519
Greystar,Assistant Community Manager - Hunters Glen,"Hunters Glen (TX), Plano, TX",https://greystar.wd1.myworkdayjobs.com/External/job/Hunters-Glen-TX-Plano-TX/Assistant-Community-Manager---Hunters-Glen_R0200341,blocked,,2026-09-24,0,,workday,Multifamily Property Manager,South Carolina,A,workday:greystar:/job/Hunters-Glen-TX-Plano-TX/Assistant-Community-Manager---Hunters-Glen_R0200341
Greystar,Assistant Community Manager - Jackson School Village,"Jackson School Village, Hillsboro, OR",https://greystar.wd1.myworkdayjobs.com/External/job/Jackson-School-Village-Hillsboro-OR/Assistant-Community-Manager---Jackson-School-Village_R0200595-1,blocked,,2026-09-24,0,,workday,Multifamily Property Manager,South Carolina,A,workday:greystar:/job/Jackson-School-Village-Hillsboro-OR/Assistant-Community-Manager---Jackson-School-Village_R0200595-1
Greystar,Assistant Community Manager - Kinley West LA,"Kinley West LA, Los Angeles, CA",https://greystar.wd1.myworkdayjobs.com/External/job/Kinley-West-LA-Los-Angeles-CA/Assistant-Community-Manager---Kinley-West-LA_R0199982-1,blocked,,2026-09-24,0,,workday,Multifamily Property Manager,South Carolina,A,workday:greystar:/job/Kinley-West-LA-Los-Angeles-CA/Assistant-Community-Manager---Kinley-West-LA_R0199982-1
Greystar,Assistant Community Manager - Latitude Magnolia,"Latitude Magnolia, Aubrey, TX",https://greystar.wd1.myworkdayjobs.com/External/job/Latitude-Magnolia-Aubrey-TX/Assistant-Community-Manager---Latitude-Magnolia_R0200442,blocked,,2026-09-24,0,,workday,Multifamily Property Manager,South Carolina,A,workday:greystar:/job/Latitude-Magnolia-Aubrey-TX/Assistant-Community-Manager---Latitude-Magnolia_R0200442
Greystar,Assistant Community Manager - Luka On The Common,"Luka, Boston, MA",https://greystar.wd1.myworkdayjobs.com/External/job/Luka-Boston-MA/Assistant-Community-Manager---Luka-On-The-Common_R0199562,blocked,,2026-09-24,0,,workday,Multifamily Property Manager,South Carolina,A,workday:greystar:/job/Luka-Boston-MA/Assistant-Community-Manager---Luka-On-The-Common_R0199562
Greystar,Assistant Community Manager - Mariblu Southcenter,"Mariblu Southcenter, Tukwila, WA",https://greystar.wd1.myworkdayjobs.com/External/job/Mariblu-Southcenter-Tukwila-WA/Assistant-Community-Manager---Mariblu-Southcenter_R0192693,blocked,,2026-09-24,0,,workday,Multifamily Property Manager,South Carolina,A,workday:greystar:/job/Mariblu-Southcenter-Tukwila-WA/Assistant-Community-Manager---Mariblu-Southcenter_R0192693
Greystar,Assistant Community Manager - Marq at The Pinehills,"Marq at the Pinehills, Plymouth, MA",https://greystar.wd1.myworkdayjobs.com/External/job/Marq-at-the-Pinehills-Plymouth-MA/Assistant-Community-Manager---Marq-at-The-Pinehills_R0199939-1,blocked,,2026-09-24,0,,workday,Multifamily Property Manager,South Carolina,A,workday:greystar:/job/Marq-at-the-Pinehills-Plymouth-MA/Assistant-Community-Manager---Marq-at-The-Pinehills_R0199939-1
Greystar,Assistant Community Manager - Mason Oliver,"Mason Oliver Apartments, Phoenix, AZ",https://greystar.wd1.myworkdayjobs.com/External/job/Mason-Oliver-Apartments-Phoenix-AZ/Assistant-Community-Manager---Mason-Oliver_R0200604,blocked,,2026-09-24,0,,workday,Multifamily Property Manager,South Carolina,A,workday:greystar:/job/Mason-Oliver-Apartments-Phoenix-AZ/Assistant-Community-Manager---Mason-Oliver_R0200604
Greystar,Assistant Community Manager - Meadows at Cascade Park,"Meadows at Cascade Park, Vancouver, WA",https://greystar.wd1.myworkdayjobs.com/External/job/Meadows-at-Cascade-Park-Vancouver-WA/Assistant-Community-Manager---Meadows-at-Cascade-Park_R0200176,blocked,,2026-09-24,0,,workday,Multifamily Property Manager,South Carolina,A,workday:greystar:/job/Meadows-at-Cascade-Park-Vancouver-WA/Assistant-Community-Manager---Meadows-at-Cascade-Park_R0200176
Greystar,Assistant Community Manager - Mira Crystal Lake,"Mira Crystal Lake, Port Orange, FL",https://greystar.wd1.myworkdayjobs.com/External/job/Mira-Crystal-Lake-Port-Orange-FL/Assistant-Community-Manager---Mira-Crystal-Lake_R0201716,live,,2026-09-24,0,,workday,Multifamily Property Manager,South Carolina,A,workday:greystar:/job/Mira-Crystal-Lake-Port-Orange-FL/Assistant-Community-Manager---Mira-Crystal-Lake_R0201716
Greystar,Assistant Community Manager - Naya,"Naya, Sunnyvale, CA",https://greystar.wd1.myworkdayjobs.com/External/job/Naya-Sunnyvale-CA/Assistant-Community-Manager---Naya_R0198986,blocked,,2026-09-24,0,,workday,Multifamily Property Manager,South Carolina,A,workday:greystar:/job/Naya-Sunnyvale-CA/Assistant-Community-Manager---Naya_R0198986
Greystar,Assistant Community Manager - North Bethany Ridge,"North Bethany Ridge, Portland, OR",https://greystar.wd1.myworkdayjobs.com/External/job/North-Bethany-Ridge-Portland-OR/Assistant-Community-Manager---North-Bethany-Ridge_R0198709,live,,2026-09-24,0,,workday,Multifamily Property Manager,South Carolina,A,workday:greystar:/job/North-Bethany-Ridge-Portland-OR/Assistant-Community-Manager---North-Bethany-Ridge_R0198709
Greystar,Assistant Community Manager - One River North,"One River North, Denver, CO",https://greystar.wd1.myworkdayjobs.com/External/job/One-River-North-Denver-CO/Assistant-Community-Manager---One-River-North_R0200501,blocked,,2026-09-24,0,,workday,Multifamily Property Manager,South Carolina,A,workday:greystar:/job/One-River-North-Denver-CO/Assistant-Community-Manager---One-River-North_R0200501
Greystar,Assistant Community Manager - Orchard Park,"Orchard Park I, Ellicott City, MD",https://greystar.wd1.myworkdayjobs.com/External/job/Orchard-Park-I-Ellicott-City-MD/Assistant-Community-Manager---Orchard-Park_R0200019,blocked,,2026-09-24,0,,workday,Multifamily Property Manager,South Carolina,A,workday:greystar:/job/Orchard-Park-I-Ellicott-City-MD/Assistant-Community-Manager---Orchard-Park_R0200019
Greystar,Assistant Community Manager - Overlander Apartments,"Overlander, Tumwater, WA",https://greystar.wd1.myworkdayjobs.com/External/job/Overlander-Tumwater-WA/Assistant-Community-Manager---Overlander-Apartments_R0200980,blocked,,2026-09-24,0,,workday,Multifamily Property Manager,South Carolina,A,workday:greystar:/job/Overlander-Tumwater-WA/Assistant-Community-Manager---Overlander-Apartments_R0200980
Greystar,Assistant Community Manager - Palm Beach Preserve,"Palm Beach Preserve, West Palm Beach, FL",https://greystar.wd1.myworkdayjobs.com/External/job/Palm-Beach-Preserve-West-Palm-Beach-FL/Assistant-Community-Manager---Palm-Beach-Preserve_R0196901,live,,2026-09-24,0,,workday,Multifamily Property Manager,South Carolina,A,workday:greystar:/job/Palm-Beach-Preserve-West-Palm-Beach-FL/Assistant-Community-Manager---Palm-Beach-Preserve_R0196901
Greystar,Assistant Community Manager - Park40,"Park 40, Broomfield, CO",https://greystar.wd1.myworkdayjobs.com/External/job/Park-40-Broomfield-CO/Assistant-Community-Manager---Park40_R0202110,live,,2026-09-24,0,,workday,Multifamily Property Manager,South Carolina,A,workday:greystar:/job/Park-40-Broomfield-CO/Assistant-Community-Manager---Park40_R0202110
Greystar,Assistant Community Manager - Ridgemont at Stringers Ridge,"Ridgemont at Stringers Ridge, Chattanooga, TN",https://greystar.wd1.myworkdayjobs.com/External/job/Ridgemont-at-Stringers-Ridge-Chattanooga-TN/Assistant-Community-Manager---Ridgemont-at-Stringers-Ridge_R0200946,blocked,,2026-09-24,0,,workday,Multifamily Property Manager,South Carolina,A,workday:greystar:/job/Ridgemont-at-Stringers-Ridge-Chattanooga-TN/Assistant-Community-Manager---Ridgemont-at-Stringers-Ridge_R0200946
Greystar,Assistant Community Manager - River House,"River House (FL), Jacksonville, FL",https://greystar.wd1.myworkdayjobs.com/External/job/River-House-FL-Jacksonville-FL/Assistant-Community-Manager---River-House_R0200691,blocked,,2026-09-24,0,,workday,Multifamily Property Manager,South Carolina,A,workday:greystar:/job/River-House-FL-Jacksonville-FL/Assistant-Community-Manager---River-House_R0200691
Greystar,Assistant Community Manager - Satori West Ashley,"Satori West Ashley, Johns Island, SC",https://greystar.wd1.myworkdayjobs.com/External/job/Satori-West-Ashley-Johns-Island-SC/Assistant-Community-Manager---Satori-West-Ashley_R0201109,blocked,,2026-09-24,0,,workday,Multifamily Property Manager,South Carolina,A,workday:greystar:/job/Satori-West-Ashley-Johns-Island-SC/Assistant-Community-Manager---Satori-West-Ashley_R0201109
Greystar,Assistant Community Manager - Sequoia & Klein Huis at Turner Mill,2 Locations,https://greystar.wd1.myworkdayjobs.com/External/job/Sequoia-Apartments-at-Turner-Mill-Heber-City-UT/Assistant-Community-Manager---Sequoia---Klein-Huis-at-Turner-Mill_R0201047,blocked,,2026-09-24,0,,workday,Multifamily Property Manager,South Carolina,A,workday:greystar:/job/Sequoia-Apartments-at-Turner-Mill-Heber-City-UT/Assistant-Community-Manager---Sequoia---Klein-Huis-at-Turner-Mill_R0201047
Greystar,Assistant Community Manager - Skyglass,"Skyglass, Seattle, WA",https://greystar.wd1.myworkdayjobs.com/External/job/Skyglass-Seattle-WA/Assistant-Community-Manager---Skyglass_R0200800,blocked,,2026-09-24,0,,workday,Multifamily Property Manager,South Carolina,A,workday:greystar:/job/Skyglass-Seattle-WA/Assistant-Community-Manager---Skyglass_R0200800
Greystar,Assistant Community Manager - Solis Dresden Village,"Solis Dresden Village, Brookhaven, GA",https://greystar.wd1.myworkdayjobs.com/External/job/Solis-Dresden-Village-Brookhaven-GA/Assistant-Community-Manager---Solis-Dresden-Village_R0200865,blocked,,2026-09-24,0,,workday,Multifamily Property Manager,South Carolina,A,workday:greystar:/job/Solis-Dresden-Village-Brookhaven-GA/Assistant-Community-Manager---Solis-Dresden-Village_R0200865
Greystar,Assistant Community Manager - Stanza Little Italy,"Stanza Little Italy, San Diego, CA",https://greystar.wd1.myworkdayjobs.com/External/job/Stanza-Little-Italy-San-Diego-CA/Assistant-Community-Manager---Stanza-Little-Italy_R0200458,blocked,,2026-09-24,0,,workday,Multifamily Property Manager,South Carolina,A,workday:greystar:/job/Stanza-Little-Italy-San-Diego-CA/Assistant-Community-Manager---Stanza-Little-Italy_R0200458
Greystar,Assistant Community Manager - Stella,"Stella (CA), Marina del Rey, CA",https://greystar.wd1.myworkdayjobs.com/External/job/Stella-CA-Marina-del-Rey-CA/Assistant-Community-Manager---Stella_R0200861,blocked,,2026-09-24,0,,workday,Multifamily Property Manager,South Carolina,A,workday:greystar:/job/Stella-CA-Marina-del-Rey-CA/Assistant-Community-Manager---Stella_R0200861
Greystar,Assistant Community Manager - Tacara Weiss Ranch,"Tacara Weiss Ranch, Pflugerville, TX",https://greystar.wd1.myworkdayjobs.com/External/job/Tacara-Weiss-Ranch-Pflugerville-TX/Assistant-Community-Manager---Tacara-Weiss-Ranch_R0200803-1,blocked,,2026-09-24,0,,workday,Multifamily Property Manager,South Carolina,A,workday:greystar:/job/Tacara-Weiss-Ranch-Pflugerville-TX/Assistant-Community-Manager---Tacara-Weiss-Ranch_R0200803-1
Greystar,Assistant Community Manager - Temporary,"San Paulo, Phoenix, AZ",https://greystar.wd1.myworkdayjobs.com/External/job/San-Paulo-Phoenix-AZ/Assistant-Community-Manager---Temporary_R0200738,blocked,,2026-09-24,0,,workday,Multifamily Property Manager,South Carolina,A,workday:greystar:/job/San-Paulo-Phoenix-AZ/Assistant-Community-Manager---Temporary_R0200738
Greystar,Assistant Community Manager - The Ascher,"The Ascher North, Charlotte, NC",https://greystar.wd1.myworkdayjobs.com/External/job/The-Ascher-North-Charlotte-NC/Assistant-Community-Manager---The-Ascher_R0199084,blocked,,2026-09-24,0,,workday,Multifamily Property Manager,South Carolina,A,workday:greystar:/job/The-Ascher-North-Charlotte-NC/Assistant-Community-Manager---The-Ascher_R0199084
Greystar,Assistant Community Manager - The Beverly by Alta,"The Beverly by Alta, Atlanta, GA",https://greystar.wd1.myworkdayjobs.com/External/job/The-Beverly-by-Alta-Atlanta-GA/Assistant-Community-Manager---The-Beverly-by-Alta_R0202041,live,,2026-09-24,0,,workday,Multifamily Property Manager,South Carolina,A,workday:greystar:/job/The-Beverly-by-Alta-Atlanta-GA/Assistant-Community-Manager---The-Beverly-by-Alta_R0202041
Greystar,Assistant Community Manager - The Core,"The Core, Ronkonkoma, NY",https://greystar.wd1.myworkdayjobs.com/External/job/The-Core-Ronkonkoma-NY/Assistant-Community-Manager---The-Core_R0198696,blocked,,2026-09-24,0,,workday,Multifamily Property Manager,South Carolina,A,workday:greystar:/job/The-Core-Ronkonkoma-NY/Assistant-Community-Manager---The-Core_R0198696
Greystar,Assistant Community Manager - The DeMilo,"The DeMilo, Inglewood, CA",https://greystar.wd1.myworkdayjobs.com/External/job/The-DeMilo-Inglewood-CA/Assistant-Community-Manager---The-DeMilo_R0196490,blocked,,2026-09-24,0,,workday,Multifamily Property Manager,South Carolina,A,workday:greystar:/job/The-DeMilo-Inglewood-CA/Assistant-Community-Manager---The-DeMilo_R0196490
Greystar,Assistant Community Manager - The Dillon,"The Dillon, Raleigh, NC",https://greystar.wd1.myworkdayjobs.com/External/job/The-Dillon-Raleigh-NC/Assistant-Community-Manager---The-Dillon_R0201957,live,,2026-09-24,0,,workday,Multifamily Property Manager,South Carolina,A,workday:greystar:/job/The-Dillon-Raleigh-NC/Assistant-Community-Manager---The-Dillon_R0201957
Greystar,Assistant Community Manager - The Fairmont,"The Fairmont, Woodland, CA",https://greystar.wd1.myworkdayjobs.com/External/job/The-Fairmont-Woodland-CA/Assistant-Community-Manager---The-Fairmont_R0198249,blocked,,2026-09-24,0,,workday,Multifamily Property Manager,South Carolina,A,workday:greystar:/job/The-Fairmont-Woodland-CA/Assistant-Community-Manager---The-Fairmont_R0198249
Greystar,Assistant Community Manager - The Fletcher,"The Fletcher Southlands, Aurora, CO",https://greystar.wd1.myworkdayjobs.com/External/job/The-Fletcher-Southlands-Aurora-CO/Assistant-Community-Manager---The-Fletcher_R0200122,blocked,,2026-09-24,0,,workday,Multifamily Property Manager,South Carolina,A,workday:greystar:/job/The-Fletcher-Southlands-Aurora-CO/Assistant-Community-Manager---The-Fletcher_R0200122
Greystar,Assistant Community Manager - The Gin Mill,"The Gin Mill, Arlington, TX",https://greystar.wd1.myworkdayjobs.com/External/job/The-Gin-Mill-Arlington-TX/Assistant-Community-Manager---The-Gin-Mill_R0200915,blocked,,2026-09-24,0,,workday,Multifamily Property Manager,South Carolina,A,workday:greystar:/job/The-Gin-Mill-Arlington-TX/Assistant-Community-Manager---The-Gin-Mill_R0200915
Greystar,Assistant Community Manager - The Granary,"The Granary (CO), Fort Collins, CO",https://greystar.wd1.myworkdayjobs.com/External/job/The-Granary-CO-Fort-Collins-CO/Assistant-Community-Manager---The-Granary_R0200265,blocked,,2026-09-24,0,,workday,Multifamily Property Manager,South Carolina,A,workday:greystar:/job/The-Granary-CO-Fort-Collins-CO/Assistant-Community-Manager---The-Granary_R0200265
Greystar,Assistant Community Manager - The Harper at Harmon Meadow,"The Harper at Harmon Meadow, Secaucus, NJ",https://greystar.wd1.myworkdayjobs.com/External/job/The-Harper-at-Harmon-Meadow-Secaucus-NJ/Assistant-Community-Manager---The-Harper-at-Harmon-Meadow_R0201588,live,,2026-09-24,0,,workday,Multifamily Property Manager,South Carolina,A,workday:greystar:/job/The-Harper-at-Harmon-Meadow-Secaucus-NJ/Assistant-Community-Manager---The-Harper-at-Harmon-Meadow_R0201588
Greystar,Assistant Community Manager - The Kincaid at Legacy,"The Kincaid at Legacy, Plano, TX",https://greystar.wd1.myworkdayjobs.com/External/job/The-Kincaid-at-Legacy-Plano-TX/Assistant-Community-Manager---The-Kincaid-at-Legacy_R0200002,blocked,,2026-09-24,0,,workday,Multifamily Property Manager,South Carolina,A,workday:greystar:/job/The-Kincaid-at-Legacy-Plano-TX/Assistant-Community-Manager---The-Kincaid-at-Legacy_R0200002
Greystar,Assistant Community Manager - The Landing,"The Landing (Inglewood,CA), Inglewood, CA",https://greystar.wd1.myworkdayjobs.com/External/job/The-Landing-InglewoodCA-Inglewood-CA/Assistant-Community-Manager---The-Landing_R0199413,blocked,,2026-09-24,0,,workday,Multifamily Property Manager,South Carolina,A,workday:greystar:/job/The-Landing-InglewoodCA-Inglewood-CA/Assistant-Community-Manager---The-Landing_R0199413
Greystar,Assistant Community Manager - The Madison at Stetson Hills,"The Madison at Stetson Hills, Colorado Springs, CO",https://greystar.wd1.myworkdayjobs.com/External/job/The-Madison-at-Stetson-Hills-Colorado-Springs-CO/Assistant-Community-Manager---The-Madison-at-Stetson-Hills_R0201831,live,,2026-09-24,0,,workday,Multifamily Property Manager,South Carolina,A,workday:greystar:/job/The-Madison-at-Stetson-Hills-Colorado-Springs-CO/Assistant-Community-Manager---The-Madison-at-Stetson-Hills_R0201831
Greystar,Assistant Community Manager - The Mica,"The Mica, Santa Fe, NM",https://greystar.wd1.myworkdayjobs.com/External/job/The-Mica-Santa-Fe-NM/Assistant-Community-Manager---The-Mica_R0202100,live,,2026-09-24,0,,workday,Multifamily Property Manager,South Carolina,A,workday:greystar:/job/The-Mica-Santa-Fe-NM/Assistant-Community-Manager---The-Mica_R0202100
Greystar,Assistant Community Manager - The Monterra,"The Monterra, Austin, TX",https://greystar.wd1.myworkdayjobs.com/External/job/The-Monterra-Austin-TX/Assistant-Community-Manager---The-Monterra_R0201760,live,,2026-09-24,0,,workday,Multifamily Property Manager,South Carolina,A,workday:greystar:/job/The-Monterra-Austin-TX/Assistant-Community-Manager---The-Monterra_R0201760
Greystar,Assistant Community Manager - The Overland,"The Overland (OR), Tigard, OR",https://greystar.wd1.myworkdayjobs.com/External/job/The-Overland-OR-Tigard-OR/Assistant-Community-Manager---The-Overland_R0201839,live,,2026-09-24,0,,workday,Multifamily Property Manager,South Carolina,A,workday:greystar:/job/The-Overland-OR-Tigard-OR/Assistant-Community-Manager---The-Overland_R0201839
Greystar,Assistant Community Manager - The Parker,"The Parker (GA), Acworth, GA",https://greystar.wd1.myworkdayjobs.com/External/job/The-Parker-GA-Acworth-GA/Assistant-Community-Manager---The-Parker_R0201482,blocked,,2026-09-24,0,,workday,Multifamily Property Manager,South Carolina,A,workday:greystar:/job/The-Parker-GA-Acworth-GA/Assistant-Community-Manager---The-Parker_R0201482
Greystar,Assistant Community Manager - The Quarry Alamo Heights,"The Quarry Alamo Heights, San Antonio, TX",https://greystar.wd1.myworkdayjobs.com/External/job/The-Quarry-Alamo-Heights-San-Antonio-TX/Assistant-Community-Manager---Quarry-Alamo-Heights_R0198640,blocked,,2026-09-24,0,,workday,Multifamily Property Manager,South Carolina,A,workday:greystar:/job/The-Quarry-Alamo-Heights-San-Antonio-TX/Assistant-Community-Manager---Quarry-Alamo-Heights_R0198640
Greystar,Assistant Community Manager - The Ridge at Calhoun,"The Ridge at Calhoun, Calhoun, GA",https://greystar.wd1.myworkdayjobs.com/External/job/The-Ridge-at-Calhoun-Calhoun-GA/Assistant-Community-Manager---The-Ridge-at-Calhoun_R0196806,blocked,,2026-09-24,0,,workday,Multifamily Property Manager,South Carolina,A,workday:greystar:/job/The-Ridge-at-Calhoun-Calhoun-GA/Assistant-Community-Manager---The-Ridge-at-Calhoun_R0196806
Greystar,Assistant Community Manager - The Riley,"The Riley (NC), Raleigh, NC",https://greystar.wd1.myworkdayjobs.com/External/job/The-Riley-NC-Raleigh-NC/Assistant-Community-Manager---The-Riley_R0200942,blocked,,2026-09-24,0,,workday,Multifamily Property Manager,South Carolina,A,workday:greystar:/job/The-Riley-NC-Raleigh-NC/Assistant-Community-Manager---The-Riley_R0200942
Greystar,Assistant Community Manager - The Scottie,"The Scottie, North Charleston, SC",https://greystar.wd1.myworkdayjobs.com/External/job/The-Scottie-North-Charleston-SC/Assistant-Community-Manager---The-Scottie_R0199723,blocked,,2026-09-24,0,,workday,Multifamily Property Manager,South Carolina,A,workday:greystar:/job/The-Scottie-North-Charleston-SC/Assistant-Community-Manager---The-Scottie_R0199723
Greystar,Assistant Community Manager - The Trestles Apartments,"The Trestles Apartments, Stafford, TX",https://greystar.wd1.myworkdayjobs.com/External/job/The-Trestles-Apartments-Stafford-TX/Assistant-Community-Manager---The-Trestles-Apartments_R0197536,blocked,,2026-09-24,0,,workday,Multifamily Property Manager,South Carolina,A,workday:greystar:/job/The-Trestles-Apartments-Stafford-TX/Assistant-Community-Manager---The-Trestles-Apartments_R0197536
Greystar,Assistant Community Manager - The Woodmark,"The Woodmark, Tacoma, WA",https://greystar.wd1.myworkdayjobs.com/External/job/The-Woodmark-Tacoma-WA/Leasing-Manager---The-Woodmark_R0197557,blocked,,2026-09-24,0,,workday,Multifamily Property Manager,South Carolina,A,workday:greystar:/job/The-Woodmark-Tacoma-WA/Leasing-Manager---The-Woodmark_R0197557
Greystar,Assistant Community Manager - The Woods at Northern Michigan University,"The Woods, Marquette, MI",https://greystar.wd1.myworkdayjobs.com/External/job/The-Woods-Marquette-MI/Assistant-Community-Manager---The-Woods-at-Northern-Michigan-University_R0199037,blocked,,2026-09-24,0,,workday,Multifamily Property Manager,South Carolina,A,workday:greystar:/job/The-Woods-Marquette-MI/Assistant-Community-Manager---The-Woods-at-Northern-Michigan-University_R0199037
Greystar,Assistant Community Manager - The Wyatt,"The Wyatt (CA), San Diego, CA",https://greystar.wd1.myworkdayjobs.com/External/job/The-Wyatt-CA-San-Diego-CA/Assistant-Community-Manager---The-Wyatt_R0201357,blocked,,2026-09-24,0,,workday,Multifamily Property Manager,South Carolina,A,workday:greystar:/job/The-Wyatt-CA-San-Diego-CA/Assistant-Community-Manager---The-Wyatt_R0201357
Greystar,Assistant Community Manager - WaterWall Place,"WaterWall Place, Houston, TX",https://greystar.wd1.myworkdayjobs.com/External/job/WaterWall-Place-Houston-TX/Assistant-Community-Manager---WaterWall-Place_R0200776,blocked,,2026-09-24,0,,workday,Multifamily Property Manager,South Carolina,A,workday:greystar:/job/WaterWall-Place-Houston-TX/Assistant-Community-Manager---WaterWall-Place_R0200776
Greystar,Assistant Community Manager - West Village,"West Village (OK), Oklahoma City, OK",https://greystar.wd1.myworkdayjobs.com/External/job/West-Village-OK-Oklahoma-City-OK/Assistant-Community-Manager---West-Village_R0197501,live,,2026-09-24,0,,workday,Multifamily Property Manager,South Carolina,A,workday:greystar:/job/West-Village-OK-Oklahoma-City-OK/Assistant-Community-Manager---West-Village_R0197501
Greystar,Assistant Community Manager - Westmont Commons,"Westmont Commons, Asheville, NC",https://greystar.wd1.myworkdayjobs.com/External/job/Westmont-Commons-Asheville-NC/Assistant-Community-Manager---Westmont-Commons_R0201891,live,,2026-09-24,0,,workday,Multifamily Property Manager,South Carolina,A,workday:greystar:/job/Westmont-Commons-Asheville-NC/Assistant-Community-Manager---Westmont-Commons_R0201891
Greystar,Assistant Community Manager - Wexler (Student Living),"Wexler, Sacramento, CA",https://greystar.wd1.myworkdayjobs.com/External/job/Wexler-Sacramento-CA/Assistant-Community-Manager---Wexler--Student-Living-_R0201190,blocked,,2026-09-24,0,,workday,Multifamily Property Manager,South Carolina,A,workday:greystar:/job/Wexler-Sacramento-CA/Assistant-Community-Manager---Wexler--Student-Living-_R0201190
Greystar,Assistant Community Manager - Whitewater Park Apartments,"Whitewater Park Apartments, Boise, ID",https://greystar.wd1.myworkdayjobs.com/External/job/Whitewater-Park-Apartments-Boise-ID/Assistant-Community-Manager---Whitewater-Park-Apartments_R0200413,blocked,,2026-09-24,0,,workday,Multifamily Property Manager,South Carolina,A,workday:greystar:/job/Whitewater-Park-Apartments-Boise-ID/Assistant-Community-Manager---Whitewater-Park-Apartments_R0200413
Greystar,Assistant Community Manager - Willow Plaza,"Willow Plaza, Houston, TX",https://greystar.wd1.myworkdayjobs.com/External/job/Willow-Plaza-Houston-TX/Assistant-Community-Manager---Willow-Plaza_R0199772,blocked,,2026-09-24,0,,workday,Multifamily Property Manager,South Carolina,A,workday:greystar:/job/Willow-Plaza-Houston-TX/Assistant-Community-Manager---Willow-Plaza_R0199772
Greystar,"Assistant Community Manager - Woodshire Apartments (VA Beach, VA)","Woodshire Apartments, Virginia Beach, VA",https://greystar.wd1.myworkdayjobs.com/External/job/Woodshire-Apartments-Virginia-Beach-VA/Assistant-Community-Manager---Woodshire-Apartments--VA-Beach--VA-_R0199855,blocked,,2026-09-24,0,,workday,Multifamily Property Manager,South Carolina,A,workday:greystar:/job/Woodshire-Apartments-Virginia-Beach-VA/Assistant-Community-Manager---Woodshire-Apartments--VA-Beach--VA-_R0199855
Greystar,Assistant Community Manager -Allure,"Allure at Tempe, Tempe, AZ",https://greystar.wd1.myworkdayjobs.com/External/job/Allure-at-Tempe-Tempe-AZ/Assistant-Community-Manager--Allure_R0200217,blocked,,2026-09-24,0,,workday,Multifamily Property Manager,South Carolina,A,workday:greystar:/job/Allure-at-Tempe-Tempe-AZ/Assistant-Community-Manager--Allure_R0200217
Greystar,Assistant Community Manager- Albion Oak Park,"Albion Oak Park, Oak Park, IL",https://greystar.wd1.myworkdayjobs.com/External/job/Albion-Oak-Park-Oak-Park-IL/Assistant-Community-Manager--Albion-Oak-Park_R0201783,live,,2026-09-24,0,,workday,Multifamily Property Manager,South Carolina,A,workday:greystar:/job/Albion-Oak-Park-Oak-Park-IL/Assistant-Community-Manager--Albion-Oak-Park_R0201783
Greystar,"Assistant Community Manager- Greater St. Louis, MO","Remote Missouri, Remote Missouri, MO",https://greystar.wd1.myworkdayjobs.com/External/job/Remote-Missouri-Remote-Missouri-MO/Assistant-Community-Manager--Greater-St-Louis--MO_R0199854,blocked,,2026-09-24,0,,workday,Multifamily Property Manager,South Carolina,A,workday:greystar:/job/Remote-Missouri-Remote-Missouri-MO/Assistant-Community-Manager--Greater-St-Louis--MO_R0199854
Greystar,Assistant Community Manager- The Rosewater,"The Rosewater, Rochester, MN",https://greystar.wd1.myworkdayjobs.com/External/job/The-Rosewater-Rochester-MN/Assistant-Community-Manager--The-Rosewater_R0198617,blocked,,2026-09-24,0,,workday,Multifamily Property Manager,South Carolina,A,workday:greystar:/job/The-Rosewater-Rochester-MN/Assistant-Community-Manager--The-Rosewater_R0198617
Greystar,Assistant Community Manager- Uptown La Grange,"Uptown La Grange, La Grange, IL",https://greystar.wd1.myworkdayjobs.com/External/job/Uptown-La-Grange-La-Grange-IL/Assistant-Community-Manager--Uptown-La-Grange_R0201861,live,,2026-09-24,0,,workday,Multifamily Property Manager,South Carolina,A,workday:greystar:/job/Uptown-La-Grange-La-Grange-IL/Assistant-Community-Manager--Uptown-La-Grange_R0201861
Greystar,Assistant Maintenance Supervisor - 55 Hudson,"55 Hudson, Jersey City, NJ",https://greystar.wd1.myworkdayjobs.com/External/job/55-Hudson-Jersey-City-NJ/Assistant-Maintenance-Supervisor---55-Hudson_R0201720,live,,2026-09-24,0,ops,workday,Multifamily Property Manager,South Carolina,A,workday:greystar:/job/55-Hudson-Jersey-City-NJ/Assistant-Maintenance-Supervisor---55-Hudson_R0201720
Greystar,Assistant Project Manager,"City Office Seattle, Seattle, WA",https://greystar.wd1.myworkdayjobs.com/External/job/City-Office-Seattle-Seattle-WA/Assistant-Project-Manager_R0196954,blocked,,2026-09-24,0,,workday,Multifamily Property Manager,South Carolina,A,workday:greystar:/job/City-Office-Seattle-Seattle-WA/Assistant-Project-Manager_R0196954
Greystar,Assistant Property Manager,"Toronto, ON, CA",https://greystar.wd1.myworkdayjobs.com/External/job/Toronto-ON-CA/Assistant-Property-Manager_R0199073,blocked,,2026-09-24,0,ops,workday,Multifamily Property Manager,South Carolina,A,workday:greystar:/job/Toronto-ON-CA/Assistant-Property-Manager_R0199073
Greystar,Assistant Property Manager,"University Heights - CANADA, Victoria, CAN",https://greystar.wd1.myworkdayjobs.com/External/job/University-Heights---CANADA-Victoria-CAN/Assistant-Property-Manager_R0198483,blocked,,2026-09-24,0,ops,workday,Multifamily Property Manager,South Carolina,A,workday:greystar:/job/University-Heights---CANADA-Victoria-CAN/Assistant-Property-Manager_R0198483
Greystar,Assitant Community Manager - Adara,"Adara, Phoenix, AZ",https://greystar.wd1.myworkdayjobs.com/External/job/Adara-Phoenix-AZ/Assitant-Community-Manager---Adara_R0200741,blocked,,2026-09-24,0,,workday,Multifamily Property Manager,South Carolina,A,workday:greystar:/job/Adara-Phoenix-AZ/Assitant-Community-Manager---Adara_R0200741
Greystar,Avana SoCo - Maintenance Technician,"Avana SoCo, Austin, TX",https://greystar.wd1.myworkdayjobs.com/External/job/Avana-SoCo-Austin-TX/Avana-SoCo---Maintenance-Technician_R0201927,live,,2026-09-24,0,ops,workday,Multifamily Property Manager,South Carolina,A,workday:greystar:/job/Avana-SoCo-Austin-TX/Avana-SoCo---Maintenance-Technician_R0201927
Greystar,Bookkeeper - Alexan Riverside & Alexan Rivercrest,"Alexan Rivercrest, Austin, TX",https://greystar.wd1.myworkdayjobs.com/External/job/Alexan-Rivercrest-Austin-TX/Bookkeeper---Alexan-Riverside---Alexan-Rivercrest_R0200482,blocked,,2026-09-24,0,,workday,Multifamily Property Manager,South Carolina,A,workday:greystar:/job/Alexan-Rivercrest-Austin-TX/Bookkeeper---Alexan-Riverside---Alexan-Rivercrest_R0200482
Greystar,Bookkeeper - Greenfield Village,"Greenfield Village, San Diego, CA",https://greystar.wd1.myworkdayjobs.com/External/job/Greenfield-Village-San-Diego-CA/Bookkeeper---Greenfield-Village_R0199492,blocked,,2026-09-24,0,,workday,Multifamily Property Manager,South Carolina,A,workday:greystar:/job/Greenfield-Village-San-Diego-CA/Bookkeeper---Greenfield-Village_R0199492
Greystar,Building Engineer - 55 Hudson,"55 Hudson, Jersey City, NJ",https://greystar.wd1.myworkdayjobs.com/External/job/55-Hudson-Jersey-City-NJ/Building-Engineer---55-Hudson_R0201715,live,,2026-09-24,0,eng,workday,Multifamily Property Manager,South Carolina,A,workday:greystar:/job/55-Hudson-Jersey-City-NJ/Building-Engineer---55-Hudson_R0201715
Greystar,Building Operator,"Edmonton, Alberta, Canada",https://greystar.wd1.myworkdayjobs.com/External/job/Edmonton-Alberta-Canada/Building-Operator_R0198287,blocked,,2026-09-24,0,,workday,Multifamily Property Manager,South Carolina,A,workday:greystar:/job/Edmonton-Alberta-Canada/Building-Operator_R0198287
Greystar,Bus Driver - The Gardens of Annapolis,"The Gardens of Annapolis, Annapolis, MD",https://greystar.wd1.myworkdayjobs.com/External/job/The-Gardens-of-Annapolis-Annapolis-MD/Bus-Driver---The-Gardens-of-Annapolis_R0200416,blocked,,2026-09-24,0,,workday,Multifamily Property Manager,South Carolina,A,workday:greystar:/job/The-Gardens-of-Annapolis-Annapolis-MD/Bus-Driver---The-Gardens-of-Annapolis_R0200416
Greystar,Business Manager - Coppins Well,"Coppins Well, Seattle, WA",https://greystar.wd1.myworkdayjobs.com/External/job/Coppins-Well-Seattle-WA/Business-Manager---Coppins-Well_R0201559,live,,2026-09-24,0,,workday,Multifamily Property Manager,South Carolina,A,workday:greystar:/job/Coppins-Well-Seattle-WA/Business-Manager---Coppins-Well_R0201559
Greystar,CO Hiring Event Tue Sept 29 & Wed Sept 30,"City Office Greenwood Village, Greenwood Village, CO",https://greystar.wd1.myworkdayjobs.com/External/job/City-Office-Greenwood-Village-Greenwood-Village-CO/CO-Hiring-Event-Tue-Sept-29---Wed-Sept-30_R0201001-1,blocked,,2026-09-24,0,,workday,Multifamily Property Manager,South Carolina,A,workday:greystar:/job/City-Office-Greenwood-Village-Greenwood-Village-CO/CO-Hiring-Event-Tue-Sept-29---Wed-Sept-30_R0201001-1
Greystar,Casualty Claims Associate,2 Locations,https://greystar.wd1.myworkdayjobs.com/External/job/City-Office-Charlotte-Charlotte-NC/Casualty-Consultant_R0197602,blocked,,2026-09-24,0,,workday,Multifamily Property Manager,South Carolina,A,workday:greystar:/job/City-Office-Charlotte-Charlotte-NC/Casualty-Consultant_R0197602
Greystar,Certified Maintenance Technician - The Navigator,"The Navigator Apartments, Richmond, VA",https://greystar.wd1.myworkdayjobs.com/External/job/The-Navigator-Apartments-Richmond-VA/Certified-Maintenance-Technician---The-Navigator_R0198610,blocked,,2026-09-24,0,ops,workday,Multifamily Property Manager,South Carolina,A,workday:greystar:/job/The-Navigator-Apartments-Richmond-VA/Certified-Maintenance-Technician---The-Navigator_R0198610
Greystar,"Client Services Analyst - Houston, TX","City Office Houston, Houston, TX",https://greystar.wd1.myworkdayjobs.com/External/job/City-Office-Houston-Houston-TX/Client-Services-Analyst---Houston--TX_R0200015,blocked,,2026-09-24,0,,workday,Multifamily Property Manager,South Carolina,A,workday:greystar:/job/City-Office-Houston-Houston-TX/Client-Services-Analyst---Houston--TX_R0200015
Greystar,Cloud Platform Engineer,"Remote, United States",https://greystar.wd1.myworkdayjobs.com/External/job/Remote-United-States/Cloud-Platform-Engineer_R0191955,blocked,,2026-09-24,0,eng,workday,Multifamily Property Manager,South Carolina,A,workday:greystar:/job/Remote-United-States/Cloud-Platform-Engineer_R0191955
Greystar,Community Assistant - Accolade Auburn (Student Living),"Accolade Auburn, Auburn, AL",https://greystar.wd1.myworkdayjobs.com/External/job/Accolade-Auburn-Auburn-AL/Community-Assistant---Accolade-Auburn--Student-Living-_R0201729,live,,2026-09-24,0,,workday,Multifamily Property Manager,South Carolina,A,workday:greystar:/job/Accolade-Auburn-Auburn-AL/Community-Assistant---Accolade-Auburn--Student-Living-_R0201729
Greystar,Community Assistant - Breakpointe Coronado (Student Living),"Breakpointe Coronado, Isla Vista, CA",https://greystar.wd1.myworkdayjobs.com/External/job/Breakpointe-Coronado-Isla-Vista-CA/Community-Assistant---Breakpointe-Coronado--Student-Living-_R0200270,blocked,,2026-09-24,0,,workday,Multifamily Property Manager,South Carolina,A,workday:greystar:/job/Breakpointe-Coronado-Isla-Vista-CA/Community-Assistant---Breakpointe-Coronado--Student-Living-_R0200270
Greystar,Community Assistant - Broadview at Vanderbilt (Student Living),"The Broadview at Vanderbilt, Nashville, TN",https://greystar.wd1.myworkdayjobs.com/External/job/The-Broadview-at-Vanderbilt-Nashville-TN/Community-Assistant---Broadview-at-Vanderbilt--Student-Living-_R0199577-1,blocked,,2026-09-24,0,,workday,Multifamily Property Manager,South Carolina,A,workday:greystar:/job/The-Broadview-at-Vanderbilt-Nashville-TN/Community-Assistant---Broadview-at-Vanderbilt--Student-Living-_R0199577-1
Greystar,Community Assistant - Campus West (Student Living),"Campus West, Syracuse, NY",https://greystar.wd1.myworkdayjobs.com/External/job/Campus-West-Syracuse-NY/Community-Assistant---Campus-West--Student-Living-_R0200553-1,blocked,,2026-09-24,0,,workday,Multifamily Property Manager,South Carolina,A,workday:greystar:/job/Campus-West-Syracuse-NY/Community-Assistant---Campus-West--Student-Living-_R0200553-1
Greystar,Community Assistant - Cheatham Street Flats (Student Living),"Cheatham Street Flats, San Marcos, TX",https://greystar.wd1.myworkdayjobs.com/External/job/Cheatham-Street-Flats-San-Marcos-TX/Community-Assistant---Cheatham-Street-Flats--Student-Living-_R0200378,blocked,,2026-09-24,0,,workday,Multifamily Property Manager,South Carolina,A,workday:greystar:/job/Cheatham-Street-Flats-San-Marcos-TX/Community-Assistant---Cheatham-Street-Flats--Student-Living-_R0200378
Greystar,Community Assistant - Maplewood (Student Living),"Maplewood, Ithaca, NY",https://greystar.wd1.myworkdayjobs.com/External/job/Maplewood-Ithaca-NY/Community-Assistant---Maplewood--Student-Living-_R0199442,blocked,,2026-09-24,0,,workday,Multifamily Property Manager,South Carolina,A,workday:greystar:/job/Maplewood-Ithaca-NY/Community-Assistant---Maplewood--Student-Living-_R0199442
Greystar,Community Assistant - Nordheim Court (Student Living),"Nordheim Court, Seattle, WA",https://greystar.wd1.myworkdayjobs.com/External/job/Nordheim-Court-Seattle-WA/Community-Assistant---Nordheim-Court--Student-Living-_R0195763-1,blocked,,2026-09-24,0,,workday,Multifamily Property Manager,South Carolina,A,workday:greystar:/job/Nordheim-Court-Seattle-WA/Community-Assistant---Nordheim-Court--Student-Living-_R0195763-1
Greystar,Community Assistant - The 505 (Student Living),"The 505 (MO), Springfield, MO",https://greystar.wd1.myworkdayjobs.com/External/job/The-505-MO-Springfield-MO/Community-Assistant---The-505--Student-Living-_R0192722,blocked,,2026-09-24,0,,workday,Multifamily Property Manager,South Carolina,A,workday:greystar:/job/The-505-MO-Springfield-MO/Community-Assistant---The-505--Student-Living-_R0192722
Greystar,Community Assistant - The Edge (Student Living),"The Edge (OH), Cleveland, OH",https://greystar.wd1.myworkdayjobs.com/External/job/The-Edge-OH-Cleveland-OH/Community-Assistant---The-Edge--Student-Living-_R0194743,blocked,,2026-09-24,0,,workday,Multifamily Property Manager,South Carolina,A,workday:greystar:/job/The-Edge-OH-Cleveland-OH/Community-Assistant---The-Edge--Student-Living-_R0194743
Greystar,Community Assistant - The Hilltop (Student Living),"The Hilltop, Santa Cruz, CA",https://greystar.wd1.myworkdayjobs.com/External/job/The-Hilltop-Santa-Cruz-CA/Community-Assistant---The-Hilltop--Student-Living-_R0201362,live,,2026-09-24,0,,workday,Multifamily Property Manager,South Carolina,A,workday:greystar:/job/The-Hilltop-Santa-Cruz-CA/Community-Assistant---The-Hilltop--Student-Living-_R0201362
Greystar,Community Assistant - The Langston (Student Living),"The Langston, Cleveland, OH",https://greystar.wd1.myworkdayjobs.com/External/job/The-Langston-Cleveland-OH/Community-Assistant---The-Langston--Student-Living-_R0194744,blocked,,2026-09-24,0,,workday,Multifamily Property Manager,South Carolina,A,workday:greystar:/job/The-Langston-Cleveland-OH/Community-Assistant---The-Langston--Student-Living-_R0194744
Greystar,Community Assistant - The Marshall ( Student Living),"The Marshall, Minneapolis, MN",https://greystar.wd1.myworkdayjobs.com/External/job/The-Marshall-Minneapolis-MN/Community-Assistant---The-Marshall---Student-Living-_R0200974,blocked,,2026-09-24,0,,workday,Multifamily Property Manager,South Carolina,A,workday:greystar:/job/The-Marshall-Minneapolis-MN/Community-Assistant---The-Marshall---Student-Living-_R0200974
Greystar,"Community Assistant - The Varsity, College Park (Student Living)","The Varsity (MD), College Park, MD",https://greystar.wd1.myworkdayjobs.com/External/job/The-Varsity-MD-College-Park-MD/Community-Assistant---The-Varsity--College-Park--Student-Living-_R0201543,live,,2026-09-24,0,,workday,Multifamily Property Manager,South Carolina,A,workday:greystar:/job/The-Varsity-MD-College-Park-MD/Community-Assistant---The-Varsity--College-Park--Student-Living-_R0201543
Greystar,Community Assistant - Tuscany (Student Living),"Tuscany, Los Angeles, CA",https://greystar.wd1.myworkdayjobs.com/External/job/Tuscany-Los-Angeles-CA/Community-Assistant---Tuscany--Student-Living-_R0198172,blocked,,2026-09-24,0,,workday,Multifamily Property Manager,South Carolina,A,workday:greystar:/job/Tuscany-Los-Angeles-CA/Community-Assistant---Tuscany--Student-Living-_R0198172
Greystar,Community Assistant - Union Knoxville (Student Living),"Union Knoxville, Knoxville, TN",https://greystar.wd1.myworkdayjobs.com/External/job/Union-Knoxville-Knoxville-TN/Community-Assistant---Union-Knoxville--Student-Living-_R0201285,live,,2026-09-24,0,,workday,Multifamily Property Manager,South Carolina,A,workday:greystar:/job/Union-Knoxville-Knoxville-TN/Community-Assistant---Union-Knoxville--Student-Living-_R0201285
Greystar,Community Assistant - Union Tempe (Student Living),"Union Tempe, Tempe, AZ",https://greystar.wd1.myworkdayjobs.com/External/job/Union-Tempe-Tempe-AZ/Community-Assistant---Union-Tempe--Student-Living-_R0200290,blocked,,2026-09-24,0,,workday,Multifamily Property Manager,South Carolina,A,workday:greystar:/job/Union-Tempe-Tempe-AZ/Community-Assistant---Union-Tempe--Student-Living-_R0200290
Greystar,Community Assistant - Union on 24th (Student Living ),"Union on 24th, Austin, TX",https://greystar.wd1.myworkdayjobs.com/External/job/Union-on-24th-Austin-TX/Community-Assistant---Union-on-24th--Student-Living--_R0201080,blocked,,2026-09-24,0,,workday,Multifamily Property Manager,South Carolina,A,workday:greystar:/job/Union-on-24th-Austin-TX/Community-Assistant---Union-on-24th--Student-Living--_R0201080
Greystar,Community Assistant - Union on 6th - Student Living,"Union on 6th, Tucson, AZ",https://greystar.wd1.myworkdayjobs.com/External/job/Union-on-6th-Tucson-AZ/Community-Assistant---Union-on-6th---Student-Living_R0201036,blocked,,2026-09-24,0,,workday,Multifamily Property Manager,South Carolina,A,workday:greystar:/job/Union-on-6th-Tucson-AZ/Community-Assistant---Union-on-6th---Student-Living_R0201036
Greystar,Community Assistant - Union on Knox (Student Living),"Union on Knox, College Park, MD",https://greystar.wd1.myworkdayjobs.com/External/job/Union-on-Knox-College-Park-MD/Community-Assistant---Union-on-Knox--Student-Living-_R0200801,blocked,,2026-09-24,0,,workday,Multifamily Property Manager,South Carolina,A,workday:greystar:/job/Union-on-Knox-College-Park-MD/Community-Assistant---Union-on-Knox--Student-Living-_R0200801
Greystar,Community Assistant - Varsity Ann Arbor (Student Living),"The Varsity (MI), Ann Arbor, MI",https://greystar.wd1.myworkdayjobs.com/External/job/The-Varsity-MI-Ann-Arbor-MI/Community-Assistant---Varsity-Ann-Arbor--Student-Living-_R0195333-1,blocked,,2026-09-24,0,,workday,Multifamily Property Manager,South Carolina,A,workday:greystar:/job/The-Varsity-MI-Ann-Arbor-MI/Community-Assistant---Varsity-Ann-Arbor--Student-Living-_R0195333-1
Greystar,Community Assistant - Vulcan Village (Student Living),"Vulcan Village, Brownsville, PA",https://greystar.wd1.myworkdayjobs.com/External/job/Vulcan-Village-Brownsville-PA/Community-Assistant---Vulcan-Village--Student-Living-_R0201393,live,,2026-09-24,0,,workday,Multifamily Property Manager,South Carolina,A,workday:greystar:/job/Vulcan-Village-Brownsville-PA/Community-Assistant---Vulcan-Village--Student-Living-_R0201393
Greystar,Community Assistant- Union on Frank (Student Living),"Union on Frank, Tuscaloosa, AL",https://greystar.wd1.myworkdayjobs.com/External/job/Union-on-Frank-Tuscaloosa-AL/Community-Assistant--Union-on-Frank--Student-Living-_R0201980,live,,2026-09-24,0,,workday,Multifamily Property Manager,South Carolina,A,workday:greystar:/job/Union-on-Frank-Tuscaloosa-AL/Community-Assistant--Union-on-Frank--Student-Living-_R0201980
Greystar,Community Assistant- Union on Frank (Student Living),"Union on Frank, Tuscaloosa, AL",https://greystar.wd1.myworkdayjobs.com/External/job/Union-on-Frank-Tuscaloosa-AL/Community-Assistant--Union-on-Frank--Student-Living-_R0199615-1,blocked,,2026-09-24,0,,workday,Multifamily Property Manager,South Carolina,A,workday:greystar:/job/Union-on-Frank-Tuscaloosa-AL/Community-Assistant--Union-on-Frank--Student-Living-_R0199615-1
Greystar,Community Manager,"Birmingham, AL",https://greystar.wd1.myworkdayjobs.com/External/job/Birmingham-AL/Community-Manager_R0201958,live,,2026-09-24,0,,workday,Multifamily Property Manager,South Carolina,A,workday:greystar:/job/Birmingham-AL/Community-Manager_R0201958
Greystar,Community Manager,"Remote Kentucky, Remote Kentucky, KY",https://greystar.wd1.myworkdayjobs.com/External/job/Remote-Kentucky-Remote-Kentucky-KY/Community-Manager_R0200592-1,live,,2026-09-24,0,,workday,Multifamily Property Manager,South Carolina,A,workday:greystar:/job/Remote-Kentucky-Remote-Kentucky-KY/Community-Manager_R0200592-1
Greystar,Community Manager,"Charlotte, NC",https://greystar.wd1.myworkdayjobs.com/External/job/Charlotte-NC/Community-Manager_R0199753,blocked,,2026-09-24,0,,workday,Multifamily Property Manager,South Carolina,A,workday:greystar:/job/Charlotte-NC/Community-Manager_R0199753
Greystar,Community Manager,"City Office Atlanta, Atlanta, GA",https://greystar.wd1.myworkdayjobs.com/External/job/City-Office-Atlanta-Atlanta-GA/Community-Manager_R0199602,blocked,,2026-09-24,0,,workday,Multifamily Property Manager,South Carolina,A,workday:greystar:/job/City-Office-Atlanta-Atlanta-GA/Community-Manager_R0199602
Greystar,Community Manager (Floating) - Panama City Beach,"City Office Jacksonville, Jacksonville, FL",https://greystar.wd1.myworkdayjobs.com/External/job/City-Office-Jacksonville-Jacksonville-FL/Community-Manager--Floating----Panama-City-Beach_R0199109,blocked,,2026-09-24,0,,workday,Multifamily Property Manager,South Carolina,A,workday:greystar:/job/City-Office-Jacksonville-Jacksonville-FL/Community-Manager--Floating----Panama-City-Beach_R0199109
Greystar,Community Manager (Floating) - Savannah,"Savannah, GA",https://greystar.wd1.myworkdayjobs.com/External/job/Savannah-GA/Community-Manager--Floating----Savannah_R0202028,live,,2026-09-24,0,,workday,Multifamily Property Manager,South Carolina,A,workday:greystar:/job/Savannah-GA/Community-Manager--Floating----Savannah_R0202028
Greystar,Community Manager (Lease-Up) - Everleigh Castle Pines,3 Locations,https://greystar.wd1.myworkdayjobs.com/External/job/Everleigh-Castle-Pines-Castle-Pines-CO/Community-Manager--Pre-Leasing----Everleigh-Castle-Pines_R0197547,live,,2026-09-24,0,,workday,Multifamily Property Manager,South Carolina,A,workday:greystar:/job/Everleigh-Castle-Pines-Castle-Pines-CO/Community-Manager--Pre-Leasing----Everleigh-Castle-Pines_R0197547
Greystar,Community Manager (Lease-Up) - Residences at Nomi,"Residences at Nomi, North Miami, FL",https://greystar.wd1.myworkdayjobs.com/External/job/Residences-at-Nomi-North-Miami-FL/Community-Manager--Lease-Up----Residences-at-Nomi_R0201088,blocked,,2026-09-24,0,,workday,Multifamily Property Manager,South Carolina,A,workday:greystar:/job/Residences-at-Nomi-North-Miami-FL/Community-Manager--Lease-Up----Residences-at-Nomi_R0201088
Greystar,Community Manager (Lease-Up) - Sylvan Woods Westchester,"Sylvan Woods Westchester, Buchanan, NY",https://greystar.wd1.myworkdayjobs.com/External/job/Sylvan-Woods-Westchester-Buchanan-NY/Community-Manager--Lease-Up----Sylvan-Woods-Westchester_R0201196-1,blocked,,2026-09-24,0,,workday,Multifamily Property Manager,South Carolina,A,workday:greystar:/job/Sylvan-Woods-Westchester-Buchanan-NY/Community-Manager--Lease-Up----Sylvan-Woods-Westchester_R0201196-1
Greystar,Community Manager (Lease-Up)- Central West End St. Louis,4 Locations,https://greystar.wd1.myworkdayjobs.com/External/job/Remote-Missouri-Remote-Missouri-MO/Community-Manager--Lease-Up---Central-West-End-St-Louis_R0186010,blocked,,2026-09-24,0,,workday,Multifamily Property Manager,South Carolina,A,workday:greystar:/job/Remote-Missouri-Remote-Missouri-MO/Community-Manager--Lease-Up---Central-West-End-St-Louis_R0186010
Greystar,"Community Manager (Lease-Up)- Des Peres, MO",2 Locations,https://greystar.wd1.myworkdayjobs.com/External/job/Remote-Missouri-Remote-Missouri-MO/Community-Manager--Lease-Up---Des-Peres--MO_R0186021,blocked,,2026-09-24,0,,workday,Multifamily Property Manager,South Carolina,A,workday:greystar:/job/Remote-Missouri-Remote-Missouri-MO/Community-Manager--Lease-Up---Des-Peres--MO_R0186021
Greystar,Community Manager (OnSite) - New Apartments at NMU (Student Living),"Remote Michigan, Remote Michigan, MI",https://greystar.wd1.myworkdayjobs.com/External/job/Remote-Michigan-Remote-Michigan-MI/Community-Manager---New-Apartments-at-NMU--Student-Living-_R0196753,blocked,,2026-09-24,0,,workday,Multifamily Property Manager,South Carolina,A,workday:greystar:/job/Remote-Michigan-Remote-Michigan-MI/Community-Manager---New-Apartments-at-NMU--Student-Living-_R0196753
Greystar,"Community Manager (Senior Living) - Birmingham, AL",2 Locations,https://greystar.wd1.myworkdayjobs.com/External/job/City-Office-Atlanta-Atlanta-GA/Community-Manager--Senior-Living----Birmingham--AL_R0201428,blocked,,2026-09-24,0,,workday,Multifamily Property Manager,South Carolina,A,workday:greystar:/job/City-Office-Atlanta-Atlanta-GA/Community-Manager--Senior-Living----Birmingham--AL_R0201428
Greystar,Community Manager -  The Timbers,"The Timbers, Coeur d'Alene, ID",https://greystar.wd1.myworkdayjobs.com/External/job/The-Timbers-Coeur-dAlene-ID/Community-Manager----The-Timbers_R0200272,blocked,,2026-09-24,0,,workday,Multifamily Property Manager,South Carolina,A,workday:greystar:/job/The-Timbers-Coeur-dAlene-ID/Community-Manager----The-Timbers_R0200272
Greystar,Community Manager - 116 John,"116 John, New York, NY",https://greystar.wd1.myworkdayjobs.com/External/job/116-John-New-York-NY/Community-Manager---116-John_R0201566,live,,2026-09-24,0,,workday,Multifamily Property Manager,South Carolina,A,workday:greystar:/job/116-John-New-York-NY/Community-Manager---116-John_R0201566
Greystar,Community Manager - 1333 South Ocean,"1333 South Ocean, Pompano Beach, FL",https://greystar.wd1.myworkdayjobs.com/External/job/1333-South-Ocean-Pompano-Beach-FL/Community-Manager---1333-South-Ocean_R0201659,live,,2026-09-24,0,,workday,Multifamily Property Manager,South Carolina,A,workday:greystar:/job/1333-South-Ocean-Pompano-Beach-FL/Community-Manager---1333-South-Ocean_R0201659
Greystar,Community Manager - Allora Alamo Heights,"Allora Alamo Heights, San Antonio, TX",https://greystar.wd1.myworkdayjobs.com/External/job/Allora-Alamo-Heights-San-Antonio-TX/Community-Manager---Allora-Alamo-Heights_R0201875,live,,2026-09-24,0,,workday,Multifamily Property Manager,South Carolina,A,workday:greystar:/job/Allora-Alamo-Heights-San-Antonio-TX/Community-Manager---Allora-Alamo-Heights_R0201875
Greystar,Community Manager - Aqua at Sandy Springs,"Aqua at Sandy Springs, Sandy Springs, GA",https://greystar.wd1.myworkdayjobs.com/External/job/Aqua-at-Sandy-Springs-Sandy-Springs-GA/Community-Manager---Aqua-at-Sandy-Springs_R0200256,blocked,,2026-09-24,0,,workday,Multifamily Property Manager,South Carolina,A,workday:greystar:/job/Aqua-at-Sandy-Springs-Sandy-Springs-GA/Community-Manager---Aqua-at-Sandy-Springs_R0200256
Greystar,Community Manager - Ascend Morganton Park,"Ascend Morganton Park, Southern Pines, NC",https://greystar.wd1.myworkdayjobs.com/External/job/Ascend-Morganton-Park-Southern-Pines-NC/Community-Manager---Ascend-Morganton-Park_R0201055,blocked,,2026-09-24,0,,workday,Multifamily Property Manager,South Carolina,A,workday:greystar:/job/Ascend-Morganton-Park-Southern-Pines-NC/Community-Manager---Ascend-Morganton-Park_R0201055
Greystar,Community Manager - Ashton,"Ashton (San Francisco,CA), San Francisco, CA",https://greystar.wd1.myworkdayjobs.com/External/job/Ashton-San-FranciscoCA-San-Francisco-CA/Community-Manager---Ashton_R0197358,blocked,,2026-09-24,0,,workday,Multifamily Property Manager,South Carolina,A,workday:greystar:/job/Ashton-San-FranciscoCA-San-Francisco-CA/Community-Manager---Ashton_R0197358
Greystar,Community Manager - Aspire at Silverleaf,"Aspire at Silverleaf, St. Augustine, FL",https://greystar.wd1.myworkdayjobs.com/External/job/Aspire-at-Silverleaf-St-Augustine-FL/Community-Manager---Aspire-at-Silverleaf_R0201689,live,,2026-09-24,0,,workday,Multifamily Property Manager,South Carolina,A,workday:greystar:/job/Aspire-at-Silverleaf-St-Augustine-FL/Community-Manager---Aspire-at-Silverleaf_R0201689
Greystar,Community Manager - Avana City Park,"Avana City Park, Clearwater, FL",https://greystar.wd1.myworkdayjobs.com/External/job/Avana-City-Park-Clearwater-FL/Community-Manager---Avana-City-Park_R0201899,live,,2026-09-24,0,,workday,Multifamily Property Manager,South Carolina,A,workday:greystar:/job/Avana-City-Park-Clearwater-FL/Community-Manager---Avana-City-Park_R0201899
Greystar,Community Manager - Avana Heather Ridge,"Avana Heather Ridge, Bowie, MD",https://greystar.wd1.myworkdayjobs.com/External/job/Avana-Heather-Ridge-Bowie-MD/Community-Manager---Avana-Heather-Ridge_R0200237,blocked,,2026-09-24,0,,workday,Multifamily Property Manager,South Carolina,A,workday:greystar:/job/Avana-Heather-Ridge-Bowie-MD/Community-Manager---Avana-Heather-Ridge_R0200237
Greystar,Community Manager - Avana Matthews,"Avana Matthews, Matthews, NC",https://greystar.wd1.myworkdayjobs.com/External/job/Avana-Matthews-Matthews-NC/Community-Manager---Avana-Matthews_R0196966,blocked,,2026-09-24,0,,workday,Multifamily Property Manager,South Carolina,A,workday:greystar:/job/Avana-Matthews-Matthews-NC/Community-Manager---Avana-Matthews_R0196966
Greystar,Community Manager - Aventura RTP,"Aventura RTP, Durham, NC",https://greystar.wd1.myworkdayjobs.com/External/job/Aventura-RTP-Durham-NC/Community-Manager---Aventura-RTP_R0197402,blocked,,2026-09-24,0,,workday,Multifamily Property Manager,South Carolina,A,workday:greystar:/job/Aventura-RTP-Durham-NC/Community-Manager---Aventura-RTP_R0197402
Greystar,Community Manager - Beacon 85,"Beacon 85, Lakewood, CO",https://greystar.wd1.myworkdayjobs.com/External/job/Beacon-85-Lakewood-CO/Community-Manager---Beacon-85_R0200682,blocked,,2026-09-24,0,,workday,Multifamily Property Manager,South Carolina,A,workday:greystar:/job/Beacon-85-Lakewood-CO/Community-Manager---Beacon-85_R0200682
Greystar,Community Manager - Broadstone East End,"Broadstone East End, Austin, TX",https://greystar.wd1.myworkdayjobs.com/External/job/Broadstone-East-End-Austin-TX/Community-Manager---Broadstone-East-End_R0201520,blocked,,2026-09-24,0,,workday,Multifamily Property Manager,South Carolina,A,workday:greystar:/job/Broadstone-East-End-Austin-TX/Community-Manager---Broadstone-East-End_R0201520
Greystar,Community Manager - Brookside / Lime Ridge / Ygnacio Village,2 Locations,https://greystar.wd1.myworkdayjobs.com/External/job/Brookside-Pleasant-Hill-CA/Community-Manager---Brookside---Lime-Ridge---Ygnacio-Village_R0200177,blocked,,2026-09-24,0,,workday,Multifamily Property Manager,South Carolina,A,workday:greystar:/job/Brookside-Pleasant-Hill-CA/Community-Manager---Brookside---Lime-Ridge---Ygnacio-Village_R0200177
Greystar,Community Manager - Cabana Mesa,"City Office Phoenix, Phoenix, AZ",https://greystar.wd1.myworkdayjobs.com/External/job/City-Office-Phoenix-Phoenix-AZ/Community-Manager---Cabana-Mesa_R0201500-1,blocked,,2026-09-24,0,,workday,Multifamily Property Manager,South Carolina,A,workday:greystar:/job/City-Office-Phoenix-Phoenix-AZ/Community-Manager---Cabana-Mesa_R0201500-1
Greystar,Community Manager - Canyon Creek,"Canyon Creek, Wilsonville, OR",https://greystar.wd1.myworkdayjobs.com/External/job/Canyon-Creek-Wilsonville-OR/Community-Manager---Canyon-Creek_R0198721,live,,2026-09-24,0,,workday,Multifamily Property Manager,South Carolina,A,workday:greystar:/job/Canyon-Creek-Wilsonville-OR/Community-Manager---Canyon-Creek_R0198721
Greystar,Community Manager - Cascades at Southern Hills,"Cascades at Southern Hills, Tulsa, OK",https://greystar.wd1.myworkdayjobs.com/External/job/Cascades-at-Southern-Hills-Tulsa-OK/Community-Manager---Cascades-at-Southern-Hills_R0199133,blocked,,2026-09-24,0,,workday,Multifamily Property Manager,South Carolina,A,workday:greystar:/job/Cascades-at-Southern-Hills-Tulsa-OK/Community-Manager---Cascades-at-Southern-Hills_R0199133
Greystar,Community Manager - Cassia,"Naples , FL",https://greystar.wd1.myworkdayjobs.com/External/job/Naples--FL/Community-Manager---Cassia_R0200986-1,blocked,,2026-09-24,0,,workday,Multifamily Property Manager,South Carolina,A,workday:greystar:/job/Naples--FL/Community-Manager---Cassia_R0200986-1
Greystar,Community Manager - Citizen House Decker,"Citizen House Decker, Austin, TX",https://greystar.wd1.myworkdayjobs.com/External/job/Citizen-House-Decker-Austin-TX/Community-Manager---Citizen-House-Decker_R0199538,blocked,,2026-09-24,0,,workday,Multifamily Property Manager,South Carolina,A,workday:greystar:/job/Citizen-House-Decker-Austin-TX/Community-Manager---Citizen-House-Decker_R0199538
Greystar,Community Manager - CoRelate West Adams (Student Living),"Co/Relate West Adams, Los Angeles, CA",https://greystar.wd1.myworkdayjobs.com/External/job/CoRelate-West-Adams-Los-Angeles-CA/Community-Manager---CoRelate-West-Adams--Student-Living-_R0187595,blocked,,2026-09-24,0,,workday,Multifamily Property Manager,South Carolina,A,workday:greystar:/job/CoRelate-West-Adams-Los-Angeles-CA/Community-Manager---CoRelate-West-Adams--Student-Living-_R0187595
Greystar,Community Manager - Cordoba,"Cordoba, Doral, FL",https://greystar.wd1.myworkdayjobs.com/External/job/Cordoba-Doral-FL/Community-Manager---Cordoba_R0200863,blocked,,2026-09-24,0,,workday,Multifamily Property Manager,South Carolina,A,workday:greystar:/job/Cordoba-Doral-FL/Community-Manager---Cordoba_R0200863
Greystar,Community Manager - Coventry Park,"Coventry Park, Tulsa, OK",https://greystar.wd1.myworkdayjobs.com/External/job/Coventry-Park-Tulsa-OK/Community-Manager---Coventry-Park_R0198492,blocked,,2026-09-24,0,,workday,Multifamily Property Manager,South Carolina,A,workday:greystar:/job/Coventry-Park-Tulsa-OK/Community-Manager---Coventry-Park_R0198492
Greystar,Community Manager - Cue,"Cue, Seattle, WA",https://greystar.wd1.myworkdayjobs.com/External/job/Cue-Seattle-WA/Community-Manager---Cue_R0201660,live,,2026-09-24,0,,workday,Multifamily Property Manager,South Carolina,A,workday:greystar:/job/Cue-Seattle-WA/Community-Manager---Cue_R0201660
Greystar,Community Manager - East Bay,"City Office San Jose, San Jose, CA",https://greystar.wd1.myworkdayjobs.com/External/job/City-Office-San-Jose-San-Jose-CA/Community-Manager---San-Francisco_R0190829,blocked,,2026-09-24,0,,workday,Multifamily Property Manager,South Carolina,A,workday:greystar:/job/City-Office-San-Jose-San-Jose-CA/Community-Manager---San-Francisco_R0190829
Greystar,"Community Manager - Encinitas, San Diego","City Office Escondido, Escondido, CA",https://greystar.wd1.myworkdayjobs.com/External/job/City-Office-Escondido-Escondido-CA/Community-Manager---Encinitas--San-Diego_R0202066,live,,2026-09-24,0,,workday,Multifamily Property Manager,South Carolina,A,workday:greystar:/job/City-Office-Escondido-Escondido-CA/Community-Manager---Encinitas--San-Diego_R0202066
Greystar,Community Manager - Exchange at Westgate,"Exchange at Westgate, Leland, NC",https://greystar.wd1.myworkdayjobs.com/External/job/Exchange-at-Westgate-Leland-NC/Community-Manager---Exchange-at-Westgate_R0200924,blocked,,2026-09-24,0,,workday,Multifamily Property Manager,South Carolina,A,workday:greystar:/job/Exchange-at-Westgate-Leland-NC/Community-Manager---Exchange-at-Westgate_R0200924
Greystar,Community Manager - Foxtail Commons,"Foxtail Commons, Ridgeland, SC",https://greystar.wd1.myworkdayjobs.com/External/job/Foxtail-Commons-Ridgeland-SC/Community-Manager---Foxtail-Commons_R0197446,blocked,,2026-09-24,0,,workday,Multifamily Property Manager,South Carolina,A,workday:greystar:/job/Foxtail-Commons-Ridgeland-SC/Community-Manager---Foxtail-Commons_R0197446
Greystar,"Community Manager - Frederick, MD","City Office DC, Arlington, VA",https://greystar.wd1.myworkdayjobs.com/External/job/City-Office-DC-Arlington-VA/Community-Manager---Frederick--MD_R0199482,blocked,,2026-09-24,0,,workday,Multifamily Property Manager,South Carolina,A,workday:greystar:/job/City-Office-DC-Arlington-VA/Community-Manager---Frederick--MD_R0199482
Greystar,Community Manager - Galleria area,"City Office Houston, Houston, TX",https://greystar.wd1.myworkdayjobs.com/External/job/City-Office-Houston-Houston-TX/Community-Manager---Galleria-area_R0201115,blocked,,2026-09-24,0,,workday,Multifamily Property Manager,South Carolina,A,workday:greystar:/job/City-Office-Houston-Houston-TX/Community-Manager---Galleria-area_R0201115
Greystar,Community Manager - Garden Park,"Garden Park, Portland, OR",https://greystar.wd1.myworkdayjobs.com/External/job/Garden-Park-Portland-OR/Community-Manager---Garden-Park_R0201840,live,,2026-09-24,0,,workday,Multifamily Property Manager,South Carolina,A,workday:greystar:/job/Garden-Park-Portland-OR/Community-Manager---Garden-Park_R0201840
Greystar,Community Manager - Gibson Point,"Gibson Point, Revere, MA",https://greystar.wd1.myworkdayjobs.com/External/job/Gibson-Point-Revere-MA/Community-Manager---Gibson-Point_R0201616,live,,2026-09-24,0,,workday,Multifamily Property Manager,South Carolina,A,workday:greystar:/job/Gibson-Point-Revere-MA/Community-Manager---Gibson-Point_R0201616
Greystar,Community Manager - Harmon Foxbank,"Harmon Foxbank, Moncks Corner, SC",https://greystar.wd1.myworkdayjobs.com/External/job/Harmon-Foxbank-Moncks-Corner-SC/Community-Manager---Harmon-Foxbank_R0196503,blocked,,2026-09-24,0,,workday,Multifamily Property Manager,South Carolina,A,workday:greystar:/job/Harmon-Foxbank-Moncks-Corner-SC/Community-Manager---Harmon-Foxbank_R0196503
Greystar,Community Manager - Haven at Largo Station,"Haven Largo, Largo, MD",https://greystar.wd1.myworkdayjobs.com/External/job/Haven-Largo-Largo-MD/Community-Manager---Haven-at-Largo-Station_R0201608-1,live,,2026-09-24,0,,workday,Multifamily Property Manager,South Carolina,A,workday:greystar:/job/Haven-Largo-Largo-MD/Community-Manager---Haven-at-Largo-Station_R0201608-1
Greystar,Community Manager - Haven at Midtown,"Haven at Midtown, Phoenix, AZ",https://greystar.wd1.myworkdayjobs.com/External/job/Haven-at-Midtown-Phoenix-AZ/Community-Manager---Haven-at-Midtown_R0200876,blocked,,2026-09-24,0,,workday,Multifamily Property Manager,South Carolina,A,workday:greystar:/job/Haven-at-Midtown-Phoenix-AZ/Community-Manager---Haven-at-Midtown_R0200876
Greystar,Community Manager - Hornet Place (Student Living),"City Office Sacramento, Sacramento, CA",https://greystar.wd1.myworkdayjobs.com/External/job/City-Office-Sacramento-Sacramento-CA/Community-Manager---Hornet-Place--Student-Living-_R0196524,blocked,,2026-09-24,0,,workday,Multifamily Property Manager,South Carolina,A,workday:greystar:/job/City-Office-Sacramento-Sacramento-CA/Community-Manager---Hornet-Place--Student-Living-_R0196524
Greystar,"Community Manager - Indigo 19 (Virginia Beach, VA)","Remote Virginia, Remote Virginia, VA",https://greystar.wd1.myworkdayjobs.com/External/job/Remote-Virginia-Remote-Virginia-VA/Community-Manager---Indigo-19--Virginia-Beach--VA-_R0194502,blocked,,2026-09-24,0,,workday,Multifamily Property Manager,South Carolina,A,workday:greystar:/job/Remote-Virginia-Remote-Virginia-VA/Community-Manager---Indigo-19--Virginia-Beach--VA-_R0194502
Greystar,Community Manager - Inscribe,"Inscribe Apartments, Orlando, FL",https://greystar.wd1.myworkdayjobs.com/External/job/Inscribe-Apartments-Orlando-FL/Community-Manager---Inscribe_R0199658,blocked,,2026-09-24,0,,workday,Multifamily Property Manager,South Carolina,A,workday:greystar:/job/Inscribe-Apartments-Orlando-FL/Community-Manager---Inscribe_R0199658
Greystar,Community Manager - Laurel,"Laurel (TX), Austin, TX",https://greystar.wd1.myworkdayjobs.com/External/job/Laurel-TX-Austin-TX/Community-Manager---Laurel_R0201726,live,,2026-09-24,0,,workday,Multifamily Property Manager,South Carolina,A,workday:greystar:/job/Laurel-TX-Austin-TX/Community-Manager---Laurel_R0201726
Greystar,Community Manager - Lineage at Willow Creek,"Lineage at Willow Creek, Beaverton, OR",https://greystar.wd1.myworkdayjobs.com/External/job/Lineage-at-Willow-Creek-Beaverton-OR/Community-Manager---Lineage-at-Willow-Creek_R0200873,blocked,,2026-09-24,0,,workday,Multifamily Property Manager,South Carolina,A,workday:greystar:/job/Lineage-at-Willow-Creek-Beaverton-OR/Community-Manager---Lineage-at-Willow-Creek_R0200873
Greystar,Community Manager - Los Angeles,"City Office Newport, Newport Beach, CA",https://greystar.wd1.myworkdayjobs.com/External/job/City-Office-Newport-Newport-Beach-CA/Community-Manager---Los-Angeles_R0200044-1,blocked,,2026-09-24,0,,workday,Multifamily Property Manager,South Carolina,A,workday:greystar:/job/City-Office-Newport-Newport-Beach-CA/Community-Manager---Los-Angeles_R0200044-1
Greystar,Community Manager - Los Angeles,"City Office Newport, Newport Beach, CA",https://greystar.wd1.myworkdayjobs.com/External/job/City-Office-Newport-Newport-Beach-CA/Community-Manager---Los-Angeles_R0200046,blocked,,2026-09-24,0,,workday,Multifamily Property Manager,South Carolina,A,workday:greystar:/job/City-Office-Newport-Newport-Beach-CA/Community-Manager---Los-Angeles_R0200046
Greystar,Community Manager - Luxe at Mile High,"Luxe At Mile High, Denver, CO",https://greystar.wd1.myworkdayjobs.com/External/job/Luxe-At-Mile-High-Denver-CO/Community-Manager---Luxe-at-Mile-High_R0201178,blocked,,2026-09-24,0,,workday,Multifamily Property Manager,South Carolina,A,workday:greystar:/job/Luxe-At-Mile-High-Denver-CO/Community-Manager---Luxe-at-Mile-High_R0201178
Greystar,Community Manager - M Station,"M Station, Charlotte, NC",https://greystar.wd1.myworkdayjobs.com/External/job/M-Station-Charlotte-NC/Community-Manager---M-Station_R0199813,live,,2026-09-24,0,,workday,Multifamily Property Manager,South Carolina,A,workday:greystar:/job/M-Station-Charlotte-NC/Community-Manager---M-Station_R0199813
Greystar,Community Manager - Mariblu Southcenter 55+,"Mariblu Southcenter, Tukwila, WA",https://greystar.wd1.myworkdayjobs.com/External/job/Mariblu-Southcenter-Tukwila-WA/Community-Manager---Mariblu-Southcenter-55-_R0201872,live,,2026-09-24,0,,workday,Multifamily Property Manager,South Carolina,A,workday:greystar:/job/Mariblu-Southcenter-Tukwila-WA/Community-Manager---Mariblu-Southcenter-55-_R0201872
Greystar,Community Manager - Maris Cape Cod,"Maris Cape Cod, Hyannis, MA",https://greystar.wd1.myworkdayjobs.com/External/job/Maris-Cape-Cod-Hyannis-MA/Community-Manager---Maris-Cape-Cod_R0199105,blocked,,2026-09-24,0,,workday,Multifamily Property Manager,South Carolina,A,workday:greystar:/job/Maris-Cape-Cod-Hyannis-MA/Community-Manager---Maris-Cape-Cod_R0199105
Greystar,Community Manager - Marlowe Natomas,"Marlowe Natomas, Sacramento, CA",https://greystar.wd1.myworkdayjobs.com/External/job/Marlowe-Natomas-Sacramento-CA/Community-Manager---Marlowe-Natomas_R0198527,blocked,,2026-09-24,0,,workday,Multifamily Property Manager,South Carolina,A,workday:greystar:/job/Marlowe-Natomas-Sacramento-CA/Community-Manager---Marlowe-Natomas_R0198527
Greystar,Community Manager - Matson Mill,"Matson Mill, Conshohocken, PA",https://greystar.wd1.myworkdayjobs.com/External/job/Matson-Mill-Conshohocken-PA/Community-Manager---Matson-Mill_R0196893,blocked,,2026-09-24,0,,workday,Multifamily Property Manager,South Carolina,A,workday:greystar:/job/Matson-Mill-Conshohocken-PA/Community-Manager---Matson-Mill_R0196893
Greystar,Community Manager - Mitchell Lofts,"Mitchell Lofts, Dallas, TX",https://greystar.wd1.myworkdayjobs.com/External/job/Mitchell-Lofts-Dallas-TX/Community-Manager---Mitchell-Lofts_R0201777,live,,2026-09-24,0,,workday,Multifamily Property Manager,South Carolina,A,workday:greystar:/job/Mitchell-Lofts-Dallas-TX/Community-Manager---Mitchell-Lofts_R0201777
Greystar,Community Manager - Monty,"Monty, North Charleston, SC",https://greystar.wd1.myworkdayjobs.com/External/job/Monty-North-Charleston-SC/Community-Manager---Monty_R0200528-1,blocked,,2026-09-24,0,,workday,Multifamily Property Manager,South Carolina,A,workday:greystar:/job/Monty-North-Charleston-SC/Community-Manager---Monty_R0200528-1
Greystar,Community Manager - Norwood Steele Creek,"Norwood Steele Creek, Charlotte, NC",https://greystar.wd1.myworkdayjobs.com/External/job/Norwood-Steele-Creek-Charlotte-NC/Community-Manager---Norwood-Steele-Creek_R0201471,live,,2026-09-24,0,,workday,Multifamily Property Manager,South Carolina,A,workday:greystar:/job/Norwood-Steele-Creek-Charlotte-NC/Community-Manager---Norwood-Steele-Creek_R0201471
Greystar,Community Manager - Overture Providence 55+,"Overture Providence, Charlotte, NC",https://greystar.wd1.myworkdayjobs.com/External/job/Overture-Providence-Charlotte-NC/Community-Manager---Overture-Providence-55-_R0199461,blocked,,2026-09-24,0,,workday,Multifamily Property Manager,South Carolina,A,workday:greystar:/job/Overture-Providence-Charlotte-NC/Community-Manager---Overture-Providence-55-_R0199461
Greystar,Community Manager - Perla,"Perla, Panama City Beach, FL",https://greystar.wd1.myworkdayjobs.com/External/job/Perla-Panama-City-Beach-FL/Community-Manager---Perla_R0200573,blocked,,2026-09-24,0,,workday,Multifamily Property Manager,South Carolina,A,workday:greystar:/job/Perla-Panama-City-Beach-FL/Community-Manager---Perla_R0200573
Greystar,Community Manager - Pooler Station,"Pooler Station, Pooler, GA",https://greystar.wd1.myworkdayjobs.com/External/job/Pooler-Station-Pooler-GA/Community-Manager---Pooler-Station_R0201079-1,blocked,,2026-09-24,0,,workday,Multifamily Property Manager,South Carolina,A,workday:greystar:/job/Pooler-Station-Pooler-GA/Community-Manager---Pooler-Station_R0201079-1
Greystar,Community Manager - Portside Ventura Harbor,"Portside Ventura Harbor, Ventura, CA",https://greystar.wd1.myworkdayjobs.com/External/job/Portside-Ventura-Harbor-Ventura-CA/Community-Manager---Portside-Ventura-Harbor_R0199965,blocked,,2026-09-24,0,,workday,Multifamily Property Manager,South Carolina,A,workday:greystar:/job/Portside-Ventura-Harbor-Ventura-CA/Community-Manager---Portside-Ventura-Harbor_R0199965
Greystar,Community Manager - Regency Park,"Regency Park (TX), Cypress, TX",https://greystar.wd1.myworkdayjobs.com/External/job/Regency-Park-TX-Cypress-TX/Community-Manager---Regency-Park_R0201267,blocked,,2026-09-24,0,,workday,Multifamily Property Manager,South Carolina,A,workday:greystar:/job/Regency-Park-TX-Cypress-TX/Community-Manager---Regency-Park_R0201267
Greystar,Community Manager - Revere,"City Office DC, Arlington, VA",https://greystar.wd1.myworkdayjobs.com/External/job/City-Office-DC-Arlington-VA/Community-Manager---Revere_R0201289,blocked,,2026-09-24,0,,workday,Multifamily Property Manager,South Carolina,A,workday:greystar:/job/City-Office-DC-Arlington-VA/Community-Manager---Revere_R0201289
Greystar,Community Manager - Revival,"Revival on Platte, Denver, CO",https://greystar.wd1.myworkdayjobs.com/External/job/Revival-on-Platte-Denver-CO/Community-Manager---Revival_R0201833,live,,2026-09-24,0,,workday,Multifamily Property Manager,South Carolina,A,workday:greystar:/job/Revival-on-Platte-Denver-CO/Community-Manager---Revival_R0201833
Greystar,Community Manager - Riachi at One21,"Riachi at One21, Plano, TX",https://greystar.wd1.myworkdayjobs.com/External/job/Riachi-at-One21-Plano-TX/Community-Manager---Riachi-at-One21_R0201737,live,,2026-09-24,0,,workday,Multifamily Property Manager,South Carolina,A,workday:greystar:/job/Riachi-at-One21-Plano-TX/Community-Manager---Riachi-at-One21_R0201737
Greystar,"Community Manager - Richmond, VA","Old Stone Row, Richmond, VA",https://greystar.wd1.myworkdayjobs.com/External/job/Old-Stone-Row-Richmond-VA/Community-Manager---Richmond--VA_R0197725,blocked,,2026-09-24,0,,workday,Multifamily Property Manager,South Carolina,A,workday:greystar:/job/Old-Stone-Row-Richmond-VA/Community-Manager---Richmond--VA_R0197725
Greystar,"Community Manager - Richmond, VA",13 Locations,https://greystar.wd1.myworkdayjobs.com/External/job/Avia-VA-Richmond-VA/Community-Manager---Richmond--VA_R0191876,blocked,,2026-09-24,0,,workday,Multifamily Property Manager,South Carolina,A,workday:greystar:/job/Avia-VA-Richmond-VA/Community-Manager---Richmond--VA_R0191876
Greystar,Community Manager - Rio Point,"Rio Point, Charlottesville, VA",https://greystar.wd1.myworkdayjobs.com/External/job/Rio-Point-Charlottesville-VA/Community-Manager---Rio-Point_R0202075-1,live,,2026-09-24,0,,workday,Multifamily Property Manager,South Carolina,A,workday:greystar:/job/Rio-Point-Charlottesville-VA/Community-Manager---Rio-Point_R0202075-1
Greystar,Community Manager - Ryder Junction,"Ryder Junction, Greer, SC",https://greystar.wd1.myworkdayjobs.com/External/job/Ryder-Junction-Greer-SC/Community-Manager---Ryder-Junction_R0201216,blocked,,2026-09-24,0,,workday,Multifamily Property Manager,South Carolina,A,workday:greystar:/job/Ryder-Junction-Greer-SC/Community-Manager---Ryder-Junction_R0201216
Greystar,Community Manager - San Miguel,"San Miguel, San Antonio, TX",https://greystar.wd1.myworkdayjobs.com/External/job/San-Miguel-San-Antonio-TX/Community-Manager---San-Miguel_R0201898-1,live,,2026-09-24,0,,workday,Multifamily Property Manager,South Carolina,A,workday:greystar:/job/San-Miguel-San-Antonio-TX/Community-Manager---San-Miguel_R0201898-1
Greystar,Community Manager - Sanctuary at Eagle Creek,"Sanctuary at Eagle Creek, Orlando, FL",https://greystar.wd1.myworkdayjobs.com/External/job/Sanctuary-at-Eagle-Creek-Orlando-FL/Community-Manager---Sanctuary-at-Eagle-Creek_R0200978,blocked,,2026-09-24,0,,workday,Multifamily Property Manager,South Carolina,A,workday:greystar:/job/Sanctuary-at-Eagle-Creek-Orlando-FL/Community-Manager---Sanctuary-at-Eagle-Creek_R0200978
Greystar,Community Manager - SeaTac,"City Office Seattle, Seattle, WA",https://greystar.wd1.myworkdayjobs.com/External/job/City-Office-Seattle-Seattle-WA/Community-Manager---SeaTac_R0196600,blocked,,2026-09-24,0,,workday,Multifamily Property Manager,South Carolina,A,workday:greystar:/job/City-Office-Seattle-Seattle-WA/Community-Manager---SeaTac_R0196600
Greystar,Community Manager - Seasons at Farmington Reserve,"Seasons at Farmington Reserve, Bend, OR",https://greystar.wd1.myworkdayjobs.com/External/job/Seasons-at-Farmington-Reserve-Bend-OR/Community-Manager---Seasons-at-Farmington-Reserve_R0200261,blocked,,2026-09-24,0,,workday,Multifamily Property Manager,South Carolina,A,workday:greystar:/job/Seasons-at-Farmington-Reserve-Bend-OR/Community-Manager---Seasons-at-Farmington-Reserve_R0200261
Greystar,Community Manager - Silver Oak,"Silver Oak, Vancouver, WA",https://greystar.wd1.myworkdayjobs.com/External/job/Silver-Oak-Vancouver-WA/Community-Manager---Silver-Oak_R0200591-1,blocked,,2026-09-24,0,,workday,Multifamily Property Manager,South Carolina,A,workday:greystar:/job/Silver-Oak-Vancouver-WA/Community-Manager---Silver-Oak_R0200591-1
Greystar,Community Manager - Skyline at Kessler Park,"Skyline at Kessler, Dallas, TX",https://greystar.wd1.myworkdayjobs.com/External/job/Skyline-at-Kessler-Dallas-TX/Community-Manager---Skyline-at-Kessler-Park_R0201673,live,,2026-09-24,0,,workday,Multifamily Property Manager,South Carolina,A,workday:greystar:/job/Skyline-at-Kessler-Dallas-TX/Community-Manager---Skyline-at-Kessler-Park_R0201673
Greystar,Community Manager - Station 650,"Station 650, Alexandria, VA",https://greystar.wd1.myworkdayjobs.com/External/job/Station-650-Alexandria-VA/Community-Manager---Station-650_R0202035,live,,2026-09-24,0,,workday,Multifamily Property Manager,South Carolina,A,workday:greystar:/job/Station-650-Alexandria-VA/Community-Manager---Station-650_R0202035
Greystar,Community Manager - The 6Hundred,"The 6Hundred, Worcester, MA",https://greystar.wd1.myworkdayjobs.com/External/job/The-6Hundred-Worcester-MA/Community-Manager---The-6Hundred_R0201311,blocked,,2026-09-24,0,,workday,Multifamily Property Manager,South Carolina,A,workday:greystar:/job/The-6Hundred-Worcester-MA/Community-Manager---The-6Hundred_R0201311
Greystar,Community Manager - The Arvon,"The Arvon, Vancouver, WA",https://greystar.wd1.myworkdayjobs.com/External/job/The-Arvon-Vancouver-WA/Community-Manager---The-Arvon_R0197826,blocked,,2026-09-24,0,,workday,Multifamily Property Manager,South Carolina,A,workday:greystar:/job/The-Arvon-Vancouver-WA/Community-Manager---The-Arvon_R0197826
Greystar,Community Manager - The Chadwick,"The Chadwick, Los Angeles, CA",https://greystar.wd1.myworkdayjobs.com/External/job/The-Chadwick-Los-Angeles-CA/Community-Manager---The-Chadwick_R0199733,blocked,,2026-09-24,0,,workday,Multifamily Property Manager,South Carolina,A,workday:greystar:/job/The-Chadwick-Los-Angeles-CA/Community-Manager---The-Chadwick_R0199733
Greystar,Community Manager - The Cliffs Lofts,"The Cliffs Lofts, Jersey City, NJ",https://greystar.wd1.myworkdayjobs.com/External/job/The-Cliffs-Lofts-Jersey-City-NJ/Community-Manager---The-Cliffs-Lofts_R0200905-1,blocked,,2026-09-24,0,,workday,Multifamily Property Manager,South Carolina,A,workday:greystar:/job/The-Cliffs-Lofts-Jersey-City-NJ/Community-Manager---The-Cliffs-Lofts_R0200905-1
Greystar,Community Manager - The Felicity on Perry,"The Felicity on Perry, Savannah, GA",https://greystar.wd1.myworkdayjobs.com/External/job/The-Felicity-on-Perry-Savannah-GA/Community-Manager---The-Felicity-on-Perry_R0200990,blocked,,2026-09-24,0,,workday,Multifamily Property Manager,South Carolina,A,workday:greystar:/job/The-Felicity-on-Perry-Savannah-GA/Community-Manager---The-Felicity-on-Perry_R0200990
Greystar,Community Manager - The Fletcher Southlands,"The Fletcher Southlands, Aurora, CO",https://greystar.wd1.myworkdayjobs.com/External/job/The-Fletcher-Southlands-Aurora-CO/Community-Manager---The-Fletcher-Southlands_R0200727,blocked,,2026-09-24,0,,workday,Multifamily Property Manager,South Carolina,A,workday:greystar:/job/The-Fletcher-Southlands-Aurora-CO/Community-Manager---The-Fletcher-Southlands_R0200727
Greystar,Community Manager - The Mesquite,"City Office Phoenix, Phoenix, AZ",https://greystar.wd1.myworkdayjobs.com/External/job/City-Office-Phoenix-Phoenix-AZ/Community-Manager---The-Mesquite_R0202005-1,live,,2026-09-24,0,,workday,Multifamily Property Manager,South Carolina,A,workday:greystar:/job/City-Office-Phoenix-Phoenix-AZ/Community-Manager---The-Mesquite_R0202005-1
Greystar,Community Manager - The Pointe at Siena Ridge,"The Pointe at Siena Ridge, Davenport, FL",https://greystar.wd1.myworkdayjobs.com/External/job/The-Pointe-at-Siena-Ridge-Davenport-FL/Community-Manager---The-Pointe-at-Siena-Ridge_R0201530,blocked,,2026-09-24,0,,workday,Multifamily Property Manager,South Carolina,A,workday:greystar:/job/The-Pointe-at-Siena-Ridge-Davenport-FL/Community-Manager---The-Pointe-at-Siena-Ridge_R0201530
Greystar,Community Manager - The Ridge at Clear Creek (Student Living),"The Ridge at Clear Creek, Flagstaff, AZ",https://greystar.wd1.myworkdayjobs.com/External/job/The-Ridge-at-Clear-Creek-Flagstaff-AZ/Community-Manager---The-Ridge-at-Clear-Creek--Student-Living-_R0201734,live,,2026-09-24,0,,workday,Multifamily Property Manager,South Carolina,A,workday:greystar:/job/The-Ridge-at-Clear-Creek-Flagstaff-AZ/Community-Manager---The-Ridge-at-Clear-Creek--Student-Living-_R0201734
Greystar,Community Manager - The Seven at West Boca,"The Seven at West Boca, Boca Raton, FL",https://greystar.wd1.myworkdayjobs.com/External/job/The-Seven-at-West-Boca-Boca-Raton-FL/Community-Manager---The-Seven-at-West-Boca_R0201611,live,,2026-09-24,0,,workday,Multifamily Property Manager,South Carolina,A,workday:greystar:/job/The-Seven-at-West-Boca-Boca-Raton-FL/Community-Manager---The-Seven-at-West-Boca_R0201611
Greystar,Community Manager - The Waymark,"The Waymark (WA), Seattle, WA",https://greystar.wd1.myworkdayjobs.com/External/job/The-Waymark-WA-Seattle-WA/Community-Manager---The-Waymark_R0194102-1,live,,2026-09-24,0,,workday,Multifamily Property Manager,South Carolina,A,workday:greystar:/job/The-Waymark-WA-Seattle-WA/Community-Manager---The-Waymark_R0194102-1
Greystar,Community Manager - The Westlyn,"The Westlyn (TX), Grand Prairie, TX",https://greystar.wd1.myworkdayjobs.com/External/job/The-Westlyn-TX-Grand-Prairie-TX/Community-Manager---The-Westlyn_R0201000,blocked,,2026-09-24,0,,workday,Multifamily Property Manager,South Carolina,A,workday:greystar:/job/The-Westlyn-TX-Grand-Prairie-TX/Community-Manager---The-Westlyn_R0201000
Greystar,Community Manager - Thornbridge,"Thornbridge, San Jose, CA",https://greystar.wd1.myworkdayjobs.com/External/job/Thornbridge-San-Jose-CA/Community-Manager---Thornbridge_R0200967,blocked,,2026-09-24,0,,workday,Multifamily Property Manager,South Carolina,A,workday:greystar:/job/Thornbridge-San-Jose-CA/Community-Manager---Thornbridge_R0200967
Greystar,Community Manager - Thorndal,"City Office Boston, Boston, MA",https://greystar.wd1.myworkdayjobs.com/External/job/City-Office-Boston-Boston-MA/Community-Manager---Thorndal_R0201765,live,,2026-09-24,0,,workday,Multifamily Property Manager,South Carolina,A,workday:greystar:/job/City-Office-Boston-Boston-MA/Community-Manager---Thorndal_R0201765
Greystar,Community Manager - University Station (Student Living),"University Station, Norwood, OH",https://greystar.wd1.myworkdayjobs.com/External/job/University-Station-Norwood-OH/Community-Manager---University-Station--Student-Living-_R0200630,blocked,,2026-09-24,0,,workday,Multifamily Property Manager,South Carolina,A,workday:greystar:/job/University-Station-Norwood-OH/Community-Manager---University-Station--Student-Living-_R0200630
Greystar,Community Manager - Vida at Morgan Hill,"Vida at Morgan Hill, Morgan Hill, CA",https://greystar.wd1.myworkdayjobs.com/External/job/Vida-at-Morgan-Hill-Morgan-Hill-CA/Community-Manager---Vida-at-Morgan-Hill_R0201819,live,,2026-09-24,0,,workday,Multifamily Property Manager,South Carolina,A,workday:greystar:/job/Vida-at-Morgan-Hill-Morgan-Hill-CA/Community-Manager---Vida-at-Morgan-Hill_R0201819
Greystar,Community Manager - Wexler (Student Living),"Wexler, Sacramento, CA",https://greystar.wd1.myworkdayjobs.com/External/job/Wexler-Sacramento-CA/Community-Manager---Wexler--Student-Living-_R0201189,blocked,,2026-09-24,0,,workday,Multifamily Property Manager,South Carolina,A,workday:greystar:/job/Wexler-Sacramento-CA/Community-Manager---Wexler--Student-Living-_R0201189
Greystar,"Community Manager - Wildomar, CA","City Office Newport, Newport Beach, CA",https://greystar.wd1.myworkdayjobs.com/External/job/City-Office-Newport-Newport-Beach-CA/Community-Manager---Wildomar--CA_R0201185,blocked,,2026-09-24,0,,workday,Multifamily Property Manager,South Carolina,A,workday:greystar:/job/City-Office-Newport-Newport-Beach-CA/Community-Manager---Wildomar--CA_R0201185
Greystar,Community Manager - Wyldewood Gosling,"Wyldewood Gosling, Spring, TX",https://greystar.wd1.myworkdayjobs.com/External/job/Wyldewood-Gosling-Spring-TX/Community-Manager---Wyldewood-Gosling_R0202091,live,,2026-09-24,0,,workday,Multifamily Property Manager,South Carolina,A,workday:greystar:/job/Wyldewood-Gosling-Spring-TX/Community-Manager---Wyldewood-Gosling_R0202091
Greystar,Community Manager- Alta 87 - Lease Up,"Alta 87, Gilbert, AZ",https://greystar.wd1.myworkdayjobs.com/External/job/Alta-87-Gilbert-AZ/Community-Manager--Alta-87---Lease-Up_R0201039,blocked,,2026-09-24,0,,workday,Multifamily Property Manager,South Carolina,A,workday:greystar:/job/Alta-87-Gilbert-AZ/Community-Manager--Alta-87---Lease-Up_R0201039
Greystar,"Community Manager- Charlottesville, VA","City Office DC, Arlington, VA",https://greystar.wd1.myworkdayjobs.com/External/job/City-Office-DC-Arlington-VA/Community-Manager--Charlottesville--VA_R0187913,blocked,,2026-09-24,0,,workday,Multifamily Property Manager,South Carolina,A,workday:greystar:/job/City-Office-DC-Arlington-VA/Community-Manager--Charlottesville--VA_R0187913
Greystar,Community Manager- Coeval,"Coeval, Chicago, IL",https://greystar.wd1.myworkdayjobs.com/External/job/Coeval-Chicago-IL/Community-Manager--Coeval_R0201929,live,,2026-09-24,0,,workday,Multifamily Property Manager,South Carolina,A,workday:greystar:/job/Coeval-Chicago-IL/Community-Manager--Coeval_R0201929
Greystar,"Community Manager- Greater St. Louis, MO",2 Locations,https://greystar.wd1.myworkdayjobs.com/External/job/Remote-Missouri-Remote-Missouri-MO/Community-Manager--Greater-St-Louis--MO_R0199862,blocked,,2026-09-24,0,,workday,Multifamily Property Manager,South Carolina,A,workday:greystar:/job/Remote-Missouri-Remote-Missouri-MO/Community-Manager--Greater-St-Louis--MO_R0199862
Greystar,Community Manager- Hawthorne at the Carlyle,"Greenville, SC",https://greystar.wd1.myworkdayjobs.com/External/job/Greenville-SC/Community-Manager--Hawthorne-at-Carlyle_R0201012,blocked,,2026-09-24,0,,workday,Multifamily Property Manager,South Carolina,A,workday:greystar:/job/Greenville-SC/Community-Manager--Hawthorne-at-Carlyle_R0201012
Greystar,Community Manager- The Bohen,"The Bohen Apartments, Minneapolis, MN",https://greystar.wd1.myworkdayjobs.com/External/job/The-Bohen-Apartments-Minneapolis-MN/Community-Manager--The-Bohen_R0201519,blocked,,2026-09-24,0,,workday,Multifamily Property Manager,South Carolina,A,workday:greystar:/job/The-Bohen-Apartments-Minneapolis-MN/Community-Manager--The-Bohen_R0201519
Greystar,Community Manger - Avana West Hill,"Avana West Hill, Kent, WA",https://greystar.wd1.myworkdayjobs.com/External/job/Avana-West-Hill-Kent-WA/Community-Manger---Avana-West-Hill_R0200398,blocked,,2026-09-24,0,,workday,Multifamily Property Manager,South Carolina,A,workday:greystar:/job/Avana-West-Hill-Kent-WA/Community-Manger---Avana-West-Hill_R0200398
Greystar,Community Support Specialist,"City Office Dallas (Cypress Waters), Dallas, TX",https://greystar.wd1.myworkdayjobs.com/External/job/City-Office-Dallas-Cypress-Waters-Dallas-TX/Community-Support-Specialist_R0111215,blocked,,2026-09-24,0,customer,workday,Multifamily Property Manager,South Carolina,A,workday:greystar:/job/City-Office-Dallas-Cypress-Waters-Dallas-TX/Community-Support-Specialist_R0111215
Greystar,Community Support Specialist,"City Office Dallas (Cypress Waters), Dallas, TX",https://greystar.wd1.myworkdayjobs.com/External/job/City-Office-Dallas-Cypress-Waters-Dallas-TX/Community-Support-Specialist_R0154582,blocked,,2026-09-24,0,customer,workday,Multifamily Property Manager,South Carolina,A,workday:greystar:/job/City-Office-Dallas-Cypress-Waters-Dallas-TX/Community-Support-Specialist_R0154582
Greystar,Community Support Specialist,"City Office Memphis, Memphis, TN",https://greystar.wd1.myworkdayjobs.com/External/job/City-Office-Memphis-Memphis-TN/Community-Support-Specialist_R0162237,blocked,,2026-09-24,0,customer,workday,Multifamily Property Manager,South Carolina,A,workday:greystar:/job/City-Office-Memphis-Memphis-TN/Community-Support-Specialist_R0162237
Greystar,Community Support Specialist - Property Management,"City Office Memphis, Memphis, TN",https://greystar.wd1.myworkdayjobs.com/External/job/City-Office-Memphis-Memphis-TN/Community-Support-Specialist---Property-Management_R0145163,blocked,,2026-09-24,0,customer,workday,Multifamily Property Manager,South Carolina,A,workday:greystar:/job/City-Office-Memphis-Memphis-TN/Community-Support-Specialist---Property-Management_R0145163
Greystar,Community Support Supervisor,"City Office Dallas (Cypress Waters), Dallas, TX",https://greystar.wd1.myworkdayjobs.com/External/job/City-Office-Dallas-Cypress-Waters-Dallas-TX/Community-Support-Supervisor_R0200495,blocked,,2026-09-24,0,customer,workday,Multifamily Property Manager,South Carolina,A,workday:greystar:/job/City-Office-Dallas-Cypress-Waters-Dallas-TX/Community-Support-Supervisor_R0200495
Greystar,Concierge,"Sky Residences, Edmonton, CA",https://greystar.wd1.myworkdayjobs.com/External/job/Sky-Residences-Edmonton-CA/Concierge_R0198175,blocked,,2026-09-24,0,,workday,Multifamily Property Manager,South Carolina,A,workday:greystar:/job/Sky-Residences-Edmonton-CA/Concierge_R0198175
Greystar,Concierge - Avidor Minnetonka,"Avidor Minnetonka, Minnetonka, MN",https://greystar.wd1.myworkdayjobs.com/External/job/Avidor-Minnetonka-Minnetonka-MN/Concierge---Avidor-Minnetonka_R0105106,blocked,,2026-09-24,0,,workday,Multifamily Property Manager,South Carolina,A,workday:greystar:/job/Avidor-Minnetonka-Minnetonka-MN/Concierge---Avidor-Minnetonka_R0105106
Greystar,Concierge - Everleigh Palm Beach Gardens,"Everleigh Palm Beach Gardens, Palm Beach Gardens, FL",https://greystar.wd1.myworkdayjobs.com/External/job/Everleigh-Palm-Beach-Gardens-Palm-Beach-Gardens-FL/Concierge---Everleigh-Palm-Beach-Gardens_R0201341,blocked,,2026-09-24,0,,workday,Multifamily Property Manager,South Carolina,A,workday:greystar:/job/Everleigh-Palm-Beach-Gardens-Palm-Beach-Gardens-FL/Concierge---Everleigh-Palm-Beach-Gardens_R0201341
Greystar,Concierge - Fallyn,"Fallyn, Nashville, TN",https://greystar.wd1.myworkdayjobs.com/External/job/Fallyn-Nashville-TN/Concierge---Fallyn_R0199308,blocked,,2026-09-24,0,,workday,Multifamily Property Manager,South Carolina,A,workday:greystar:/job/Fallyn-Nashville-TN/Concierge---Fallyn_R0199308
Greystar,Concierge - Indigo,"Indigo (OR), Portland, OR",https://greystar.wd1.myworkdayjobs.com/External/job/Indigo-OR-Portland-OR/Concierge---Indigo_R0200826,blocked,,2026-09-24,0,,workday,Multifamily Property Manager,South Carolina,A,workday:greystar:/job/Indigo-OR-Portland-OR/Concierge---Indigo_R0200826
Greystar,Concierge - Massachusetts Court Apartments,"Massachusetts Court Apartments, Washington, DC",https://greystar.wd1.myworkdayjobs.com/External/job/Massachusetts-Court-Apartments-Washington-DC/Concierge---Massachusetts-Court-Apartments_R0197808,blocked,,2026-09-24,0,,workday,Multifamily Property Manager,South Carolina,A,workday:greystar:/job/Massachusetts-Court-Apartments-Washington-DC/Concierge---Massachusetts-Court-Apartments_R0197808
Greystar,Concierge - South Side on Lamar,"South Side on Lamar, Dallas, TX",https://greystar.wd1.myworkdayjobs.com/External/job/South-Side-on-Lamar-Dallas-TX/Concierge---South-Side-on-Lamar_R0201154,blocked,,2026-09-24,0,,workday,Multifamily Property Manager,South Carolina,A,workday:greystar:/job/South-Side-on-Lamar-Dallas-TX/Concierge---South-Side-on-Lamar_R0201154
Greystar,Concierge - THEA at Metropolis,"THEA at Metropolis, Los Angeles, CA",https://greystar.wd1.myworkdayjobs.com/External/job/THEA-at-Metropolis-Los-Angeles-CA/Concierge---THEA-at-Metropolis_R0201586,live,,2026-09-24,0,,workday,Multifamily Property Manager,South Carolina,A,workday:greystar:/job/THEA-at-Metropolis-Los-Angeles-CA/Concierge---THEA-at-Metropolis_R0201586
Greystar,Concierge - The Core,"The Core, Ronkonkoma, NY",https://greystar.wd1.myworkdayjobs.com/External/job/The-Core-Ronkonkoma-NY/Concierge---The-Core_R0199893,blocked,,2026-09-24,0,,workday,Multifamily Property Manager,South Carolina,A,workday:greystar:/job/The-Core-Ronkonkoma-NY/Concierge---The-Core_R0199893
Greystar,Concierge - The Lofts at Brownwood,"The Lofts at Brownwood, The Villages, FL",https://greystar.wd1.myworkdayjobs.com/External/job/The-Lofts-at-Brownwood-The-Villages-FL/Concierge---The-Lofts-at-Brownwood_R0200314,blocked,,2026-09-24,0,,workday,Multifamily Property Manager,South Carolina,A,workday:greystar:/job/The-Lofts-at-Brownwood-The-Villages-FL/Concierge---The-Lofts-at-Brownwood_R0200314
Greystar,Concierge - The Noble,"The Noble, Philadelphia, PA",https://greystar.wd1.myworkdayjobs.com/External/job/The-Noble-Philadelphia-PA/Concierge---The-Noble_R0201752,live,,2026-09-24,0,,workday,Multifamily Property Manager,South Carolina,A,workday:greystar:/job/The-Noble-Philadelphia-PA/Concierge---The-Noble_R0201752
Greystar,"Corporate Counsel, Credit Transactions","City Office Charleston, Charleston, SC",https://greystar.wd1.myworkdayjobs.com/External/job/City-Office-Charleston-Charleston-SC/Corporate-Counsel--Credit-Transactions_R0193547,blocked,,2026-09-24,0,,workday,Multifamily Property Manager,South Carolina,A,workday:greystar:/job/City-Office-Charleston-Charleston-SC/Corporate-Counsel--Credit-Transactions_R0193547
Greystar,Corporate FP&A Analyst,2 Locations,https://greystar.wd1.myworkdayjobs.com/External/job/City-Office-Charleston-Charleston-SC/Corporate-FP-A-Analyst_R0197809,blocked,,2026-09-24,0,,workday,Multifamily Property Manager,South Carolina,A,workday:greystar:/job/City-Office-Charleston-Charleston-SC/Corporate-FP-A-Analyst_R0197809
Greystar,Data Platform Engineer,"Remote, United States",https://greystar.wd1.myworkdayjobs.com/External/job/Remote-United-States/Data-Platform-Engineer_R0196880,blocked,,2026-09-24,0,eng,workday,Multifamily Property Manager,South Carolina,A,workday:greystar:/job/Remote-United-States/Data-Platform-Engineer_R0196880
Greystar,DataOps Engineer,"Remote, United States",https://greystar.wd1.myworkdayjobs.com/External/job/Remote-United-States/DataOps-Engineer_R0190735,blocked,,2026-09-24,0,eng,workday,Multifamily Property Manager,South Carolina,A,workday:greystar:/job/Remote-United-States/DataOps-Engineer_R0190735
Greystar,Development Analyst,"City Office Excelsior, Excelsior, MN",https://greystar.wd1.myworkdayjobs.com/External/job/City-Office-Excelsior-Excelsior-MN/Development-Analyst_R0197523-1,blocked,,2026-09-24,0,,workday,Multifamily Property Manager,South Carolina,A,workday:greystar:/job/City-Office-Excelsior-Excelsior-MN/Development-Analyst_R0197523-1
Greystar,Development Analyst,"City Office Greenwood Village, Greenwood Village, CO",https://greystar.wd1.myworkdayjobs.com/External/job/City-Office-Greenwood-Village-Greenwood-Village-CO/Development-Analyst_R0195337-1,blocked,,2026-09-24,0,,workday,Multifamily Property Manager,South Carolina,A,workday:greystar:/job/City-Office-Greenwood-Village-Greenwood-Village-CO/Development-Analyst_R0195337-1
Greystar,Director of Client Services,3 Locations,https://greystar.wd1.myworkdayjobs.com/External/job/City-Office-Orlando-Orlando-FL/Director-of-Client-Services_R0199749,live,,2026-09-24,0,leadership,workday,Multifamily Property Manager,South Carolina,A,workday:greystar:/job/City-Office-Orlando-Orlando-FL/Director-of-Client-Services_R0199749
Greystar,Director of Compliance,2 Locations,https://greystar.wd1.myworkdayjobs.com/External/job/City-Office-Charleston-Charleston-SC/Director-of-Compliance_R0195813-1,blocked,,2026-09-24,0,leadership,workday,Multifamily Property Manager,South Carolina,A,workday:greystar:/job/City-Office-Charleston-Charleston-SC/Director-of-Compliance_R0195813-1
Greystar,"Director, Business Security Programs",8 Locations,https://greystar.wd1.myworkdayjobs.com/External/job/City-Office-Dallas-Southlake-Southlake-TX/GMS-Business-Security-Leader_R0185496,blocked,,2026-09-24,0,leadership,workday,Multifamily Property Manager,South Carolina,A,workday:greystar:/job/City-Office-Dallas-Southlake-Southlake-TX/GMS-Business-Security-Leader_R0185496
Greystar,"Director, Capital Projects",2 Locations,https://greystar.wd1.myworkdayjobs.com/External/job/City-Office-San-Francisco-San-Francisco-CA/Senior-Director--Capital-Projects_R0200999,blocked,,2026-09-24,0,leadership,workday,Multifamily Property Manager,South Carolina,A,workday:greystar:/job/City-Office-San-Francisco-San-Francisco-CA/Senior-Director--Capital-Projects_R0200999
Greystar,"Director, Development","City Office Charlotte, Charlotte, NC",https://greystar.wd1.myworkdayjobs.com/External/job/City-Office-Charlotte-Charlotte-NC/Director--Development_R0199378,blocked,,2026-09-24,0,leadership,workday,Multifamily Property Manager,South Carolina,A,workday:greystar:/job/City-Office-Charlotte-Charlotte-NC/Director--Development_R0199378
Greystar,"Director, Development",2 Locations,https://greystar.wd1.myworkdayjobs.com/External/job/City-Office-Sacramento-Sacramento-CA/Director--Development_R0194011-1,blocked,,2026-09-24,0,leadership,workday,Multifamily Property Manager,South Carolina,A,workday:greystar:/job/City-Office-Sacramento-Sacramento-CA/Director--Development_R0194011-1
Greystar,"Director, Insurance Captive & Accounting","City Office Charleston, Charleston, SC",https://greystar.wd1.myworkdayjobs.com/External/job/City-Office-Charleston-Charleston-SC/Director--Insurance-Captive---Accounting_R0196478-2,blocked,,2026-09-24,0,leadership,workday,Multifamily Property Manager,South Carolina,A,workday:greystar:/job/City-Office-Charleston-Charleston-SC/Director--Insurance-Captive---Accounting_R0196478-2
Greystar,"Director, Preconstruction","City Office South Florida, Ft. Lauderdale, FL",https://greystar.wd1.myworkdayjobs.com/External/job/City-Office-South-Florida-Ft-Lauderdale-FL/Director--Preconstruction_R0193469,blocked,,2026-09-24,0,leadership,workday,Multifamily Property Manager,South Carolina,A,workday:greystar:/job/City-Office-South-Florida-Ft-Lauderdale-FL/Director--Preconstruction_R0193469
Greystar,"Director, Procurement Governance & Systems – Operations","Remote, United States",https://greystar.wd1.myworkdayjobs.com/External/job/Remote-United-States/Director--Procurement-Governance---Systems---Operations_R0194662,blocked,,2026-09-24,0,leadership,workday,Multifamily Property Manager,South Carolina,A,workday:greystar:/job/Remote-United-States/Director--Procurement-Governance---Systems---Operations_R0194662
Greystar,"Director, Program Management","Remote, United States",https://greystar.wd1.myworkdayjobs.com/External/job/Remote-United-States/Director--Program-Management_R0192961,blocked,,2026-09-24,0,leadership,workday,Multifamily Property Manager,South Carolina,A,workday:greystar:/job/Remote-United-States/Director--Program-Management_R0192961
Greystar,"Director, Real Estate - Conventional Owned Assets","City Office Nashville/Brentwood, Brentwood, TN",https://greystar.wd1.myworkdayjobs.com/External/job/City-Office-NashvilleBrentwood-Brentwood-TN/Director--Real-Estate---Conventional-Owned-Assets_R0199158-1,blocked,,2026-09-24,0,leadership,workday,Multifamily Property Manager,South Carolina,A,workday:greystar:/job/City-Office-NashvilleBrentwood-Brentwood-TN/Director--Real-Estate---Conventional-Owned-Assets_R0199158-1
Greystar,"Director, Treasury Technology & Infrastructure",4 Locations,https://greystar.wd1.myworkdayjobs.com/External/job/City-Office-Charleston-Charleston-SC/Director--Treasury-Technology---Infrastructure_R0188645-1,blocked,,2026-09-24,0,leadership,workday,Multifamily Property Manager,South Carolina,A,workday:greystar:/job/City-Office-Charleston-Charleston-SC/Director--Treasury-Technology---Infrastructure_R0188645-1
Greystar,Dual Site Leasing Professional - Crystal Tower/Telegraph Hill,2 Locations,https://greystar.wd1.myworkdayjobs.com/External/job/Telegraph-Hill-CA-San-Francisco-CA/Dual-Site-Leasing-Professional---Crystal-Tower-Telegraph-Hill_R0194863,blocked,,2026-09-24,0,ops,workday,Multifamily Property Manager,South Carolina,A,workday:greystar:/job/Telegraph-Hill-CA-San-Francisco-CA/Dual-Site-Leasing-Professional---Crystal-Tower-Telegraph-Hill_R0194863
Greystar,Dual Site Sr. Maintenance Supervisor - Cinq & Luma,2 Locations,https://greystar.wd1.myworkdayjobs.com/External/job/CINQ-Salt-Lake-City-UT/Dual-Site-Sr-Maintenance-Supervisor---Cinq---Luma_R0201786,live,,2026-09-24,0,ops,workday,Multifamily Property Manager,South Carolina,A,workday:greystar:/job/CINQ-Salt-Lake-City-UT/Dual-Site-Sr-Maintenance-Supervisor---Cinq---Luma_R0201786
Greystar,Dual-Site - Maintenance Supervisor - Los Angeles,"City Office Newport, Newport Beach, CA",https://greystar.wd1.myworkdayjobs.com/External/job/City-Office-Newport-Newport-Beach-CA/Dual-Site---Maintenance-Supervisor---Los-Angeles_R0200135,blocked,,2026-09-24,0,ops,workday,Multifamily Property Manager,South Carolina,A,workday:greystar:/job/City-Office-Newport-Newport-Beach-CA/Dual-Site---Maintenance-Supervisor---Los-Angeles_R0200135
Greystar,Dual-Site Maintenance Supervisor - Villas at Monterosso,2 Locations,https://greystar.wd1.myworkdayjobs.com/External/job/Park-Place-CA-San-Ramon-CA/Dual-Site-Maintenance-Supervisor---Villas-at-Monterosso_R0196127,blocked,,2026-09-24,0,ops,workday,Multifamily Property Manager,South Carolina,A,workday:greystar:/job/Park-Place-CA-San-Ramon-CA/Dual-Site-Maintenance-Supervisor---Villas-at-Monterosso_R0196127
Greystar,Dual-Site Maintenance Technician - Los Angeles,"City Office Newport, Newport Beach, CA",https://greystar.wd1.myworkdayjobs.com/External/job/City-Office-Newport-Newport-Beach-CA/Dual-Site-Maintenance-Technician---Los-Angeles_R0200239,blocked,,2026-09-24,0,ops,workday,Multifamily Property Manager,South Carolina,A,workday:greystar:/job/City-Office-Newport-Newport-Beach-CA/Dual-Site-Maintenance-Technician---Los-Angeles_R0200239
Greystar,Enablement Coordinator,"Remote, United States",https://greystar.wd1.myworkdayjobs.com/External/job/Remote-United-States/Enablement-Coordinator_R0201772,live,,2026-09-24,0,,workday,Multifamily Property Manager,South Carolina,A,workday:greystar:/job/Remote-United-States/Enablement-Coordinator_R0201772
Greystar,"Event & Lifestyle Coordinator (55+) - Orlando, FL","Overture Dr. Phillips, Orlando, FL",https://greystar.wd1.myworkdayjobs.com/External/job/Overture-Dr-Phillips-Orlando-FL/Event---Lifestyle-Coordinator--55-----Orlando--FL_R0201205,blocked,,2026-09-24,0,,workday,Multifamily Property Manager,South Carolina,A,workday:greystar:/job/Overture-Dr-Phillips-Orlando-FL/Event---Lifestyle-Coordinator--55-----Orlando--FL_R0201205
Greystar,Event & Lifestyle Coordinator (Lease-Up) - Aspendale Scottsdale,"Aspendale Scottsdale, Scottsdale, AZ",https://greystar.wd1.myworkdayjobs.com/External/job/Aspendale-Scottsdale-Scottsdale-AZ/Life-Style-Coordinator---Aspendale-Scottsdale_R0193361,blocked,,2026-09-24,0,,workday,Multifamily Property Manager,South Carolina,A,workday:greystar:/job/Aspendale-Scottsdale-Scottsdale-AZ/Life-Style-Coordinator---Aspendale-Scottsdale_R0193361
Greystar,Event & Lifestyle Coordinator (Lease-Up) - The Fieldston,"The Fieldston of Fairway, Fairway, KS",https://greystar.wd1.myworkdayjobs.com/External/job/The-Fieldston-of-Fairway-Fairway-KS/Event---Lifestyle-Coordinator--Lease-Up----The-Fieldston_R0200668,blocked,,2026-09-24,0,,workday,Multifamily Property Manager,South Carolina,A,workday:greystar:/job/The-Fieldston-of-Fairway-Fairway-KS/Event---Lifestyle-Coordinator--Lease-Up----The-Fieldston_R0200668
Greystar,Event & Lifestyle Coordinator - Destinations Alexander,"Destinations Alexander, North Las Vegas, NV",https://greystar.wd1.myworkdayjobs.com/External/job/Destinations-Alexander-North-Las-Vegas-NV/Event---Lifestyle-Coordinator---Destinations-Alexander_R0198596,blocked,,2026-09-24,0,,workday,Multifamily Property Manager,South Carolina,A,workday:greystar:/job/Destinations-Alexander-North-Las-Vegas-NV/Event---Lifestyle-Coordinator---Destinations-Alexander_R0198596
Greystar,Event & Lifestyle Coordinator - Overture Arcadia,"Overture Arcadia, Scottsdale, AZ",https://greystar.wd1.myworkdayjobs.com/External/job/Overture-Arcadia-Scottsdale-AZ/Event---Lifestyle-Coordinator---Overture-Arcadia_R0198405,blocked,,2026-09-24,0,,workday,Multifamily Property Manager,South Carolina,A,workday:greystar:/job/Overture-Arcadia-Scottsdale-AZ/Event---Lifestyle-Coordinator---Overture-Arcadia_R0198405
Greystar,Event & Lifestyle Coordinator - Sandalwood Village,"Sandalwood Village, Naples, FL",https://greystar.wd1.myworkdayjobs.com/External/job/Sandalwood-Village-Naples-FL/Event---Lifestyle-Coordinator---Sandalwood-Village_R0198200-1,blocked,,2026-09-24,0,,workday,Multifamily Property Manager,South Carolina,A,workday:greystar:/job/Sandalwood-Village-Naples-FL/Event---Lifestyle-Coordinator---Sandalwood-Village_R0198200-1
Greystar,Event & Lifestyle Coordinator - The Ivy at Draper,"The Ivy at Draper, Draper, UT",https://greystar.wd1.myworkdayjobs.com/External/job/The-Ivy-at-Draper-Draper-UT/Event---Lifestyle-Coordinator---The-Ivy-at-Draper_R0201022-1,blocked,,2026-09-24,0,,workday,Multifamily Property Manager,South Carolina,A,workday:greystar:/job/The-Ivy-at-Draper-Draper-UT/Event---Lifestyle-Coordinator---The-Ivy-at-Draper_R0201022-1
Greystar,Event & Lifestyle Coordinator - The Orchards at Market Plaza,"The Orchards at Market Plaza, Plano, TX",https://greystar.wd1.myworkdayjobs.com/External/job/The-Orchards-at-Market-Plaza-Plano-TX/Event---Lifestyle-Coordinator---The-Orchards-at-Market-Plaza_R0201767,live,,2026-09-24,0,,workday,Multifamily Property Manager,South Carolina,A,workday:greystar:/job/The-Orchards-at-Market-Plaza-Plano-TX/Event---Lifestyle-Coordinator---The-Orchards-at-Market-Plaza_R0201767
Greystar,Event & Lifestyle Coordinator - Weller at the Preserve,"Weller at the Preserve, Asheville, NC",https://greystar.wd1.myworkdayjobs.com/External/job/Weller-at-the-Preserve-Asheville-NC/Event---Lifestyle-Coordinator---Weller-at-the-Preserve_R0193307,blocked,,2026-09-24,0,,workday,Multifamily Property Manager,South Carolina,A,workday:greystar:/job/Weller-at-the-Preserve-Asheville-NC/Event---Lifestyle-Coordinator---Weller-at-the-Preserve_R0193307
Greystar,Event Specialist - Residential Learning Community (Student Living),2 Locations,https://greystar.wd1.myworkdayjobs.com/External/job/Residential-Learning-Community-Laredo-TX/Event-Specialist---Residential-Learning-Community--Student-Living-_R0199478,blocked,,2026-09-24,0,,workday,Multifamily Property Manager,South Carolina,A,workday:greystar:/job/Residential-Learning-Community-Laredo-TX/Event-Specialist---Residential-Learning-Community--Student-Living-_R0199478
Greystar,Experience Manager - The Stacks,"The Byron, Washington, DC",https://greystar.wd1.myworkdayjobs.com/External/job/The-Byron-Washington-DC/Experience-Manager---The-Stacks_R0193562,blocked,,2026-09-24,0,,workday,Multifamily Property Manager,South Carolina,A,workday:greystar:/job/The-Byron-Washington-DC/Experience-Manager---The-Stacks_R0193562
Greystar,FP&A Associate,"City Office Charleston, Charleston, SC",https://greystar.wd1.myworkdayjobs.com/External/job/City-Office-Charleston-Charleston-SC/FP-A-Associate_R0200733,blocked,,2026-09-24,0,,workday,Multifamily Property Manager,South Carolina,A,workday:greystar:/job/City-Office-Charleston-Charleston-SC/FP-A-Associate_R0200733
Greystar,Floating Affordable Housing Coordinator,"City Office San Francisco, San Francisco, CA",https://greystar.wd1.myworkdayjobs.com/External/job/City-Office-San-Francisco-San-Francisco-CA/Floating-Affordable-Housing-Coordinator_R0190281,blocked,,2026-09-24,0,,workday,Multifamily Property Manager,South Carolina,A,workday:greystar:/job/City-Office-San-Francisco-San-Francisco-CA/Floating-Affordable-Housing-Coordinator_R0190281
Greystar,Floating Assistant Community Manager,"City Office Nashville/Brentwood, Brentwood, TN",https://greystar.wd1.myworkdayjobs.com/External/job/City-Office-NashvilleBrentwood-Brentwood-TN/Floating-Assistant-Community-Manager_R0201580,live,,2026-09-24,0,,workday,Multifamily Property Manager,South Carolina,A,workday:greystar:/job/City-Office-NashvilleBrentwood-Brentwood-TN/Floating-Assistant-Community-Manager_R0201580
Greystar,Floating Assistant Community Manager,"City Office Greenwood Village, Greenwood Village, CO",https://greystar.wd1.myworkdayjobs.com/External/job/City-Office-Greenwood-Village-Greenwood-Village-CO/Floating-Assistant-Community-Manager_R0200410,blocked,,2026-09-24,0,,workday,Multifamily Property Manager,South Carolina,A,workday:greystar:/job/City-Office-Greenwood-Village-Greenwood-Village-CO/Floating-Assistant-Community-Manager_R0200410
Greystar,Floating Assistant Community Manager - Ascent,"Ascent (CA), San Jose, CA",https://greystar.wd1.myworkdayjobs.com/External/job/Ascent-CA-San-Jose-CA/Floating-Assistant-Community-Manager---Ascent_R0200687,blocked,,2026-09-24,0,,workday,Multifamily Property Manager,South Carolina,A,workday:greystar:/job/Ascent-CA-San-Jose-CA/Floating-Assistant-Community-Manager---Ascent_R0200687
Greystar,Floating Assistant Community Manager - Santa Fe/Los Alamos,"City Office Albuquerque, Albuquerque, NM",https://greystar.wd1.myworkdayjobs.com/External/job/City-Office-Albuquerque-Albuquerque-NM/Floating-Assistant-Community-Manager---Santa-Fe-Los-Alamos_R0197922,blocked,,2026-09-24,0,,workday,Multifamily Property Manager,South Carolina,A,workday:greystar:/job/City-Office-Albuquerque-Albuquerque-NM/Floating-Assistant-Community-Manager---Santa-Fe-Los-Alamos_R0197922
Greystar,Floating Assistant Community Manager - St. Petersburg,"City Office Tampa, Tampa, FL",https://greystar.wd1.myworkdayjobs.com/External/job/City-Office-Tampa-Tampa-FL/Floating-Assistant-Community-Manager---St-Petersburg_R0199089,live,,2026-09-24,0,,workday,Multifamily Property Manager,South Carolina,A,workday:greystar:/job/City-Office-Tampa-Tampa-FL/Floating-Assistant-Community-Manager---St-Petersburg_R0199089
Greystar,"Floating Assistant Community Manager - Weehawken, NJ","City Office New Jersey, Madison, NJ",https://greystar.wd1.myworkdayjobs.com/External/job/City-Office-New-Jersey-Madison-NJ/Floating-Assistant-Community-Manager---Weehawken--NJ_R0199101-1,blocked,,2026-09-24,0,,workday,Multifamily Property Manager,South Carolina,A,workday:greystar:/job/City-Office-New-Jersey-Madison-NJ/Floating-Assistant-Community-Manager---Weehawken--NJ_R0199101-1
Greystar,Floating Community Manager,"Antioch, TN",https://greystar.wd1.myworkdayjobs.com/External/job/Antioch-TN/Floating-Community-Manager_R0201513,blocked,,2026-09-24,0,,workday,Multifamily Property Manager,South Carolina,A,workday:greystar:/job/Antioch-TN/Floating-Community-Manager_R0201513
Greystar,Floating Community Manager,"City Office Greenwood Village, Greenwood Village, CO",https://greystar.wd1.myworkdayjobs.com/External/job/City-Office-Greenwood-Village-Greenwood-Village-CO/Floating-Community-Manager_R0194586-1,blocked,,2026-09-24,0,,workday,Multifamily Property Manager,South Carolina,A,workday:greystar:/job/City-Office-Greenwood-Village-Greenwood-Village-CO/Floating-Community-Manager_R0194586-1
Greystar,Floating Community Manager -  Lakewood,"City Office Greenwood Village, Greenwood Village, CO",https://greystar.wd1.myworkdayjobs.com/External/job/City-Office-Greenwood-Village-Greenwood-Village-CO/Floating-Community-Manager----Lakewood_R0202109,live,,2026-09-24,0,,workday,Multifamily Property Manager,South Carolina,A,workday:greystar:/job/City-Office-Greenwood-Village-Greenwood-Village-CO/Floating-Community-Manager----Lakewood_R0202109
Greystar,Floating Community Manager - Colorado Springs,"City Office Greenwood Village, Greenwood Village, CO",https://greystar.wd1.myworkdayjobs.com/External/job/City-Office-Greenwood-Village-Greenwood-Village-CO/Floating-Community-Manager_R0200423-1,live,,2026-09-24,0,,workday,Multifamily Property Manager,South Carolina,A,workday:greystar:/job/City-Office-Greenwood-Village-Greenwood-Village-CO/Floating-Community-Manager_R0200423-1
Greystar,"Floating Community Manager - Firestone, Colorado","City Office Greenwood Village, Greenwood Village, CO",https://greystar.wd1.myworkdayjobs.com/External/job/City-Office-Greenwood-Village-Greenwood-Village-CO/Floating-Community-Manager---Northern-Colorado_R0198425,blocked,,2026-09-24,0,,workday,Multifamily Property Manager,South Carolina,A,workday:greystar:/job/City-Office-Greenwood-Village-Greenwood-Village-CO/Floating-Community-Manager---Northern-Colorado_R0198425
Greystar,Floating Community Manager - Lease-Up Denver,"City Office Greenwood Village, Greenwood Village, CO",https://greystar.wd1.myworkdayjobs.com/External/job/City-Office-Greenwood-Village-Greenwood-Village-CO/Floating-Community-Manager---Lease-Up-South-Denver_R0194085,blocked,,2026-09-24,0,,workday,Multifamily Property Manager,South Carolina,A,workday:greystar:/job/City-Office-Greenwood-Village-Greenwood-Village-CO/Floating-Community-Manager---Lease-Up-South-Denver_R0194085
Greystar,Floating Community Manager - Southern Denver,"City Office Greenwood Village, Greenwood Village, CO",https://greystar.wd1.myworkdayjobs.com/External/job/City-Office-Greenwood-Village-Greenwood-Village-CO/Floating-Community-Manager---Southern-Denver_R0201024,blocked,,2026-09-24,0,,workday,Multifamily Property Manager,South Carolina,A,workday:greystar:/job/City-Office-Greenwood-Village-Greenwood-Village-CO/Floating-Community-Manager---Southern-Denver_R0201024
Greystar,Floating Community Support Specialist,"City Office Dallas (Cypress Waters), Dallas, TX",https://greystar.wd1.myworkdayjobs.com/External/job/City-Office-Dallas-Cypress-Waters-Dallas-TX/Floating-Community-Support-Specialist_R0199023,live,,2026-09-24,0,customer,workday,Multifamily Property Manager,South Carolina,A,workday:greystar:/job/City-Office-Dallas-Cypress-Waters-Dallas-TX/Floating-Community-Support-Specialist_R0199023
Greystar,Floating Lead Maintenance Technician,"Novel Midtown Tampa, Tampa, FL",https://greystar.wd1.myworkdayjobs.com/External/job/Novel-Midtown-Tampa-Tampa-FL/Floating-Lead-Maintenance-Technician_R0200560-1,live,,2026-09-24,0,ops,workday,Multifamily Property Manager,South Carolina,A,workday:greystar:/job/Novel-Midtown-Tampa-Tampa-FL/Floating-Lead-Maintenance-Technician_R0200560-1
Greystar,Floating Leasing Manager,"Esteban Park, Phoenix, AZ",https://greystar.wd1.myworkdayjobs.com/External/job/Esteban-Park-Phoenix-AZ/Floating-Leasing-Manager_R0196857,blocked,,2026-09-24,0,ops,workday,Multifamily Property Manager,South Carolina,A,workday:greystar:/job/Esteban-Park-Phoenix-AZ/Floating-Leasing-Manager_R0196857
Greystar,Floating Leasing Manager - Greater San Francisco Bay Area - South Bay/San Francisco/East Bay,"City Office San Francisco, San Francisco, CA",https://greystar.wd1.myworkdayjobs.com/External/job/City-Office-San-Francisco-San-Francisco-CA/Floating-Leasing-Manager---Greater-San-Francisco-Bay-Area---South-Bay-San-Francisco-East-Bay_R0200989,blocked,,2026-09-24,0,ops,workday,Multifamily Property Manager,South Carolina,A,workday:greystar:/job/City-Office-San-Francisco-San-Francisco-CA/Floating-Leasing-Manager---Greater-San-Francisco-Bay-Area---South-Bay-San-Francisco-East-Bay_R0200989
Greystar,Floating Leasing Manager - Houston area,"City Office Houston, Houston, TX",https://greystar.wd1.myworkdayjobs.com/External/job/City-Office-Houston-Houston-TX/Floating-Leasing-Manager---Alliance-portfolio_R0191277,blocked,,2026-09-24,0,ops,workday,Multifamily Property Manager,South Carolina,A,workday:greystar:/job/City-Office-Houston-Houston-TX/Floating-Leasing-Manager---Alliance-portfolio_R0191277
Greystar,Floating Leasing Manager - San Diego,"City Office Escondido, Escondido, CA",https://greystar.wd1.myworkdayjobs.com/External/job/City-Office-Escondido-Escondido-CA/Floating-Leasing-Manager---San-Diego_R0196759,blocked,,2026-09-24,0,ops,workday,Multifamily Property Manager,South Carolina,A,workday:greystar:/job/City-Office-Escondido-Escondido-CA/Floating-Leasing-Manager---San-Diego_R0196759
Greystar,Floating Leasing Professional,"Ascent St. Petersburg, St. Petersburg, FL",https://greystar.wd1.myworkdayjobs.com/External/job/Ascent-St-Petersburg-St-Petersburg-FL/Floating-Leasing-Professional_R0201921-1,live,,2026-09-24,0,ops,workday,Multifamily Property Manager,South Carolina,A,workday:greystar:/job/Ascent-St-Petersburg-St-Petersburg-FL/Floating-Leasing-Professional_R0201921-1
Greystar,Floating Leasing Professional,"Antioch, TN",https://greystar.wd1.myworkdayjobs.com/External/job/Antioch-TN/Floating-Leasing-Professional_R0201514,blocked,,2026-09-24,0,ops,workday,Multifamily Property Manager,South Carolina,A,workday:greystar:/job/Antioch-TN/Floating-Leasing-Professional_R0201514
Greystar,Floating Leasing Professional,"Forge Apartments, Denver, CO",https://greystar.wd1.myworkdayjobs.com/External/job/Forge-Apartments-Denver-CO/Floating-Leasing-Professional---Forge_R0200025,blocked,,2026-09-24,0,ops,workday,Multifamily Property Manager,South Carolina,A,workday:greystar:/job/Forge-Apartments-Denver-CO/Floating-Leasing-Professional---Forge_R0200025
Greystar,Floating Leasing Professional,"City Office Nashville/Brentwood, Brentwood, TN",https://greystar.wd1.myworkdayjobs.com/External/job/City-Office-NashvilleBrentwood-Brentwood-TN/Floating-Leasing-Professional_R0199208,blocked,,2026-09-24,0,ops,workday,Multifamily Property Manager,South Carolina,A,workday:greystar:/job/City-Office-NashvilleBrentwood-Brentwood-TN/Floating-Leasing-Professional_R0199208
Greystar,Floating Leasing Professional,"Avana Twenty9, Tucker, GA",https://greystar.wd1.myworkdayjobs.com/External/job/Avana-Twenty9-Tucker-GA/Floating-Leasing-Professional_R0199069,blocked,,2026-09-24,0,ops,workday,Multifamily Property Manager,South Carolina,A,workday:greystar:/job/Avana-Twenty9-Tucker-GA/Floating-Leasing-Professional_R0199069
Greystar,Floating Leasing Professional,"Tallahassee, FL",https://greystar.wd1.myworkdayjobs.com/External/job/Tallahassee-FL/Floating-Leasing-Professional_R0194462,blocked,,2026-09-24,0,ops,workday,Multifamily Property Manager,South Carolina,A,workday:greystar:/job/Tallahassee-FL/Floating-Leasing-Professional_R0194462
Greystar,Floating Leasing Professional (Greenwood Village),"City Office Greenwood Village, Greenwood Village, CO",https://greystar.wd1.myworkdayjobs.com/External/job/City-Office-Greenwood-Village-Greenwood-Village-CO/Floating-Leasing-Professional--Greenwood-Village-_R0200705,blocked,,2026-09-24,0,ops,workday,Multifamily Property Manager,South Carolina,A,workday:greystar:/job/City-Office-Greenwood-Village-Greenwood-Village-CO/Floating-Leasing-Professional--Greenwood-Village-_R0200705
Greystar,Floating Leasing Professional - Allaso High Desert,"Allaso High Desert, Albuquerque, NM",https://greystar.wd1.myworkdayjobs.com/External/job/Allaso-High-Desert-Albuquerque-NM/Floating-Leasing-Professional---Allaso-High-Desert_R0198785,blocked,,2026-09-24,0,ops,workday,Multifamily Property Manager,South Carolina,A,workday:greystar:/job/Allaso-High-Desert-Albuquerque-NM/Floating-Leasing-Professional---Allaso-High-Desert_R0198785
Greystar,Floating Leasing Professional - Boulder/Larimer Counties,"City Office Greenwood Village, Greenwood Village, CO",https://greystar.wd1.myworkdayjobs.com/External/job/City-Office-Greenwood-Village-Greenwood-Village-CO/Floating-Leasing-Professional_R0197855,blocked,,2026-09-24,0,ops,workday,Multifamily Property Manager,South Carolina,A,workday:greystar:/job/City-Office-Greenwood-Village-Greenwood-Village-CO/Floating-Leasing-Professional_R0197855
Greystar,Floating Leasing Professional - Brookside,"Brookside, Pleasant Hill, CA",https://greystar.wd1.myworkdayjobs.com/External/job/Brookside-Pleasant-Hill-CA/Floating-Leasing-Professional---Brookside_R0201813,live,,2026-09-24,0,ops,workday,Multifamily Property Manager,South Carolina,A,workday:greystar:/job/Brookside-Pleasant-Hill-CA/Floating-Leasing-Professional---Brookside_R0201813
Greystar,Floating Leasing Professional - Chancery Square,"Chancery Square, Morristown, NJ",https://greystar.wd1.myworkdayjobs.com/External/job/Chancery-Square-Morristown-NJ/Floating-Leasing-Professional---Chancery-Square_R0200678,blocked,,2026-09-24,0,ops,workday,Multifamily Property Manager,South Carolina,A,workday:greystar:/job/Chancery-Square-Morristown-NJ/Floating-Leasing-Professional---Chancery-Square_R0200678
Greystar,Floating Leasing Professional - Homestead,"Homestead, FL",https://greystar.wd1.myworkdayjobs.com/External/job/Homestead-FL/Floating-Leasing-Professional---Homestead_R0196095,blocked,,2026-09-24,0,ops,workday,Multifamily Property Manager,South Carolina,A,workday:greystar:/job/Homestead-FL/Floating-Leasing-Professional---Homestead_R0196095
Greystar,Floating Leasing Professional - Peak83 & Cielo,2 Locations,https://greystar.wd1.myworkdayjobs.com/External/job/Cielo-CO-Denver-CO/Floating-Leasing-Professional---Peak83---Cielo_R0201799,live,,2026-09-24,0,ops,workday,Multifamily Property Manager,South Carolina,A,workday:greystar:/job/Cielo-CO-Denver-CO/Floating-Leasing-Professional---Peak83---Cielo_R0201799
Greystar,"Floating Leasing Professional - West Sacramento, Antelope, and Elk Grove","City Office Sacramento, Sacramento, CA",https://greystar.wd1.myworkdayjobs.com/External/job/City-Office-Sacramento-Sacramento-CA/Floating-Leasing-Professional---West-Sacramento--Antelope--and-Elk-Grove_R0200520,blocked,,2026-09-24,0,ops,workday,Multifamily Property Manager,South Carolina,A,workday:greystar:/job/City-Office-Sacramento-Sacramento-CA/Floating-Leasing-Professional---West-Sacramento--Antelope--and-Elk-Grove_R0200520
Greystar,Floating Leasing Professional - Yardly Ellenton,"Yardly Ellenton, Palmetto, FL",https://greystar.wd1.myworkdayjobs.com/External/job/Yardly-Ellenton-Palmetto-FL/Leasing-Professional---Yardly-Ellenton_R0200124,blocked,,2026-09-24,0,ops,workday,Multifamily Property Manager,South Carolina,A,workday:greystar:/job/Yardly-Ellenton-Palmetto-FL/Leasing-Professional---Yardly-Ellenton_R0200124
Greystar,Floating Maintenance Supervisor,"Tallahassee, FL",https://greystar.wd1.myworkdayjobs.com/External/job/Tallahassee-FL/Floating-Maintenance-Supervisor_R0194463,blocked,,2026-09-24,0,ops,workday,Multifamily Property Manager,South Carolina,A,workday:greystar:/job/Tallahassee-FL/Floating-Maintenance-Supervisor_R0194463
Greystar,Floating Maintenance Technician,"Antioch, TN",https://greystar.wd1.myworkdayjobs.com/External/job/Antioch-TN/Floating-Maintenance-Technician_R0201515,blocked,,2026-09-24,0,ops,workday,Multifamily Property Manager,South Carolina,A,workday:greystar:/job/Antioch-TN/Floating-Maintenance-Technician_R0201515
Greystar,Floating Maintenance Technician - Elevate on 5th,"Elevate on 5th, Salt Lake City, UT",https://greystar.wd1.myworkdayjobs.com/External/job/Elevate-on-5th-Salt-Lake-City-UT/Floating-Maintenance-Technician---Elevate-on-5th_R0198863,blocked,,2026-09-24,0,ops,workday,Multifamily Property Manager,South Carolina,A,workday:greystar:/job/Elevate-on-5th-Salt-Lake-City-UT/Floating-Maintenance-Technician---Elevate-on-5th_R0198863
Greystar,Floating Maintenance Technician - Kent & Tacoma,"VUE25, Tacoma, WA",https://greystar.wd1.myworkdayjobs.com/External/job/VUE25-Tacoma-WA/Floating-Maintenance-Technician---Kent---Tacoma_R0196860-1,blocked,,2026-09-24,0,ops,workday,Multifamily Property Manager,South Carolina,A,workday:greystar:/job/VUE25-Tacoma-WA/Floating-Maintenance-Technician---Kent---Tacoma_R0196860-1
Greystar,Floating Maintenance Technician - Metro at Fireclay,"Metro at Fireclay, Murray, UT",https://greystar.wd1.myworkdayjobs.com/External/job/Metro-at-Fireclay-Murray-UT/Floating-Maintenance-Technician---Metro-at-Fireclay_R0198302,blocked,,2026-09-24,0,ops,workday,Multifamily Property Manager,South Carolina,A,workday:greystar:/job/Metro-at-Fireclay-Murray-UT/Floating-Maintenance-Technician---Metro-at-Fireclay_R0198302
Greystar,Floating Maintenance Technician - Rockledge at Quarry Bend,"Rockledge at Quarry Bend, Sandy, UT",https://greystar.wd1.myworkdayjobs.com/External/job/Rockledge-at-Quarry-Bend-Sandy-UT/Floating-Maintenance-Technician_R0196969-1,blocked,,2026-09-24,0,ops,workday,Multifamily Property Manager,South Carolina,A,workday:greystar:/job/Rockledge-at-Quarry-Bend-Sandy-UT/Floating-Maintenance-Technician_R0196969-1
Greystar,Floating Maintenance Technician - Seattle and Eastside,"McKenzie, Seattle, WA",https://greystar.wd1.myworkdayjobs.com/External/job/McKenzie-Seattle-WA/Floating-Maintenance-Technician---Seattle-and-Eastside_R0198594,blocked,,2026-09-24,0,ops,workday,Multifamily Property Manager,South Carolina,A,workday:greystar:/job/McKenzie-Seattle-WA/Floating-Maintenance-Technician---Seattle-and-Eastside_R0198594
Greystar,"Floating Painter/Porter - Richmond, VA","Avia (VA), Richmond, VA",https://greystar.wd1.myworkdayjobs.com/External/job/Avia-VA-Richmond-VA/Floating-Painter-Porter---Richmond--VA_R0196578,blocked,,2026-09-24,0,,workday,Multifamily Property Manager,South Carolina,A,workday:greystar:/job/Avia-VA-Richmond-VA/Floating-Painter-Porter---Richmond--VA_R0196578
Greystar,Floating Service Supervisor,"The Bellwether, Denver, CO",https://greystar.wd1.myworkdayjobs.com/External/job/The-Bellwether-Denver-CO/Floating-Service-Supervisor_R0200878,blocked,,2026-09-24,0,,workday,Multifamily Property Manager,South Carolina,A,workday:greystar:/job/The-Bellwether-Denver-CO/Floating-Service-Supervisor_R0200878
Greystar,Floating Service Supervisor - NOCO,"City Office Greenwood Village, Greenwood Village, CO",https://greystar.wd1.myworkdayjobs.com/External/job/City-Office-Greenwood-Village-Greenwood-Village-CO/Floating-Service-Supervisor---NOCO_R0199927,blocked,,2026-09-24,0,,workday,Multifamily Property Manager,South Carolina,A,workday:greystar:/job/City-Office-Greenwood-Village-Greenwood-Village-CO/Floating-Service-Supervisor---NOCO_R0199927
Greystar,Floating Service Technician,"Envision at Sunset, Las Vegas, NV",https://greystar.wd1.myworkdayjobs.com/External/job/Envision-at-Sunset-Las-Vegas-NV/Floating-Service-Technician_R0198826,blocked,,2026-09-24,0,,workday,Multifamily Property Manager,South Carolina,A,workday:greystar:/job/Envision-at-Sunset-Las-Vegas-NV/Floating-Service-Technician_R0198826
Greystar,Floating Service Technician - Alta Springs,"Alta Springs, Denver, CO",https://greystar.wd1.myworkdayjobs.com/External/job/Alta-Springs-Denver-CO/Floating-Service-Technician_R0201481-1,live,,2026-09-24,0,,workday,Multifamily Property Manager,South Carolina,A,workday:greystar:/job/Alta-Springs-Denver-CO/Floating-Service-Technician_R0201481-1
Greystar,Floating Service Technician - Aurora,"City Office Greenwood Village, Greenwood Village, CO",https://greystar.wd1.myworkdayjobs.com/External/job/City-Office-Greenwood-Village-Greenwood-Village-CO/Floating-Service-Technician---Aurora_R0201671,live,,2026-09-24,0,,workday,Multifamily Property Manager,South Carolina,A,workday:greystar:/job/City-Office-Greenwood-Village-Greenwood-Village-CO/Floating-Service-Technician---Aurora_R0201671
Greystar,Floating Service Technician - Littleton,"City Office Greenwood Village, Greenwood Village, CO",https://greystar.wd1.myworkdayjobs.com/External/job/City-Office-Greenwood-Village-Greenwood-Village-CO/Floating-Service-Technician---Littleton_R0201473,blocked,,2026-09-24,0,,workday,Multifamily Property Manager,South Carolina,A,workday:greystar:/job/City-Office-Greenwood-Village-Greenwood-Village-CO/Floating-Service-Technician---Littleton_R0201473
Greystar,Floating Service Technician - Novi at Lowry,"Novi at Lowry, Denver, CO",https://greystar.wd1.myworkdayjobs.com/External/job/Novi-at-Lowry-Denver-CO/Floating-Service-Technician---Novi-at-Lowry_R0198724,live,,2026-09-24,0,,workday,Multifamily Property Manager,South Carolina,A,workday:greystar:/job/Novi-at-Lowry-Denver-CO/Floating-Service-Technician---Novi-at-Lowry_R0198724
Greystar,Floating Service Technician - Park Place at 92nd,"Park Place on 92nd, Westminster, CO",https://greystar.wd1.myworkdayjobs.com/External/job/Park-Place-on-92nd-Westminster-CO/Floating-Service-Technician---Park-Place-at-92nd_R0195742,blocked,,2026-09-24,0,,workday,Multifamily Property Manager,South Carolina,A,workday:greystar:/job/Park-Place-on-92nd-Westminster-CO/Floating-Service-Technician---Park-Place-at-92nd_R0195742
Greystar,Floating Sr Service Techinician - Konrad,"Konrad, Phoenix, AZ",https://greystar.wd1.myworkdayjobs.com/External/job/Konrad-Phoenix-AZ/Floating-Sr-Service-Techinician---Konrad_R0201640,live,,2026-09-24,0,,workday,Multifamily Property Manager,South Carolina,A,workday:greystar:/job/Konrad-Phoenix-AZ/Floating-Sr-Service-Techinician---Konrad_R0201640
Greystar,"Greystar Hiring Event 9-23-2026 - Charlottesville, VA (Maintenance Positions)",7 Locations,https://greystar.wd1.myworkdayjobs.com/External/job/The-Arrowood-Charlottesville-VA/Greystar-Hiring-Event---Charlottesville--VA--Maintenance-Positions-_R0201074,blocked,,2026-09-24,0,ops,workday,Multifamily Property Manager,South Carolina,A,workday:greystar:/job/The-Arrowood-Charlottesville-VA/Greystar-Hiring-Event---Charlottesville--VA--Maintenance-Positions-_R0201074
Greystar,"Greystar Hiring Event 9-23-2026 - Office Positions (CM, ACM, LP)",7 Locations,https://greystar.wd1.myworkdayjobs.com/External/job/The-Arrowood-Charlottesville-VA/Greystar-Hiring-Event-9-23-2026---Office-Positions--CM--ACM--LP-_R0201077,blocked,,2026-09-24,0,,workday,Multifamily Property Manager,South Carolina,A,workday:greystar:/job/The-Arrowood-Charlottesville-VA/Greystar-Hiring-Event-9-23-2026---Office-Positions--CM--ACM--LP-_R0201077
Greystar,Groundskeeper (Lease Up) - Broadstone at Sierra Vista,"Broadstone at Sierra Vista, Rosharon, TX",https://greystar.wd1.myworkdayjobs.com/External/job/Broadstone-at-Sierra-Vista-Rosharon-TX/Groundskeeper--Lease-Up----Broadstone-at-Sierra-Vista_R0201620,live,,2026-09-24,0,,workday,Multifamily Property Manager,South Carolina,A,workday:greystar:/job/Broadstone-at-Sierra-Vista-Rosharon-TX/Groundskeeper--Lease-Up----Broadstone-at-Sierra-Vista_R0201620
Greystar,Groundskeeper (Lease Up) - Citizen House East Lake,"Citizen House East Lake, Austin, TX",https://greystar.wd1.myworkdayjobs.com/External/job/Citizen-House-East-Lake-Austin-TX/Groundskeeper-Porter----Lease-Up----Citizen-House-East-Lake_R0194785,blocked,,2026-09-24,0,,workday,Multifamily Property Manager,South Carolina,A,workday:greystar:/job/Citizen-House-East-Lake-Austin-TX/Groundskeeper-Porter----Lease-Up----Citizen-House-East-Lake_R0194785
Greystar,Groundskeeper (Lease Up) - Residences at Silver Ridge,"Residences at Silver Ridge, Humble, TX",https://greystar.wd1.myworkdayjobs.com/External/job/Residences-at-Silver-Ridge-Humble-TX/Groundskeeper--Lease-Up----Residences-at-Silver-Ridge_R0200566,blocked,,2026-09-24,0,,workday,Multifamily Property Manager,South Carolina,A,workday:greystar:/job/Residences-at-Silver-Ridge-Humble-TX/Groundskeeper--Lease-Up----Residences-at-Silver-Ridge_R0200566
Greystar,Groundskeeper (Lease-Up) - The Waylon,"The Waylon, Austin, TX",https://greystar.wd1.myworkdayjobs.com/External/job/The-Waylon-Austin-TX/Groundskeeper--Lease-Up----The-Waylon_R0200499,blocked,,2026-09-24,0,,workday,Multifamily Property Manager,South Carolina,A,workday:greystar:/job/The-Waylon-Austin-TX/Groundskeeper--Lease-Up----The-Waylon_R0200499
Greystar,Groundskeeper (Part Time) - Union Tuscaloosa (Student Living),"Union Tuscaloosa, Tuscaloosa, AL",https://greystar.wd1.myworkdayjobs.com/External/job/Union-Tuscaloosa-Tuscaloosa-AL/Groundskeeper--Part-Time----Union-Tuscaloosa--Student-Living-_R0201978,live,,2026-09-24,0,,workday,Multifamily Property Manager,South Carolina,A,workday:greystar:/job/Union-Tuscaloosa-Tuscaloosa-AL/Groundskeeper--Part-Time----Union-Tuscaloosa--Student-Living-_R0201978
Greystar,Groundskeeper (Temporary) - Alta Wildhorse,"Alta Wildhorse Ranch, Austin, TX",https://greystar.wd1.myworkdayjobs.com/External/job/Alta-Wildhorse-Ranch-Austin-TX/Groundskeeper--Temporary----Alta-Wildhorse_R0199810,blocked,,2026-09-24,0,,workday,Multifamily Property Manager,South Carolina,A,workday:greystar:/job/Alta-Wildhorse-Ranch-Austin-TX/Groundskeeper--Temporary----Alta-Wildhorse_R0199810
Greystar,Groundskeeper - 2626 Fountainview,"2626 Fountain View, Houston, TX",https://greystar.wd1.myworkdayjobs.com/External/job/2626-Fountain-View-Houston-TX/Groundskeeper---2626-Fountainview_R0198751,live,,2026-09-24,0,,workday,Multifamily Property Manager,South Carolina,A,workday:greystar:/job/2626-Fountain-View-Houston-TX/Groundskeeper---2626-Fountainview_R0198751
Greystar,Groundskeeper - Alpine Creekside,"Alpine Creekside, Haltom City, TX",https://greystar.wd1.myworkdayjobs.com/External/job/Alpine-Creekside-Haltom-City-TX/Groundskeeper---Alpine-Creekside_R0201655,live,,2026-09-24,0,,workday,Multifamily Property Manager,South Carolina,A,workday:greystar:/job/Alpine-Creekside-Haltom-City-TX/Groundskeeper---Alpine-Creekside_R0201655
Greystar,Groundskeeper - Auxo at Memorial,"Auxo at Memorial, Houston, TX",https://greystar.wd1.myworkdayjobs.com/External/job/Auxo-at-Memorial-Houston-TX/Groundskeeper---Auxo-at-Memorial_R0199116,blocked,,2026-09-24,0,,workday,Multifamily Property Manager,South Carolina,A,workday:greystar:/job/Auxo-at-Memorial-Houston-TX/Groundskeeper---Auxo-at-Memorial_R0199116
Greystar,Groundskeeper - Avignon Townhomes,"Avignon Townhomes, Redmond, WA",https://greystar.wd1.myworkdayjobs.com/External/job/Avignon-Townhomes-Redmond-WA/Groundskeeper---Avignon-Townhomes_R0201317-1,blocked,,2026-09-24,0,,workday,Multifamily Property Manager,South Carolina,A,workday:greystar:/job/Avignon-Townhomes-Redmond-WA/Groundskeeper---Avignon-Townhomes_R0201317-1
Greystar,Groundskeeper - Bella Tess,"Bella Tess, Spokane Valley, WA",https://greystar.wd1.myworkdayjobs.com/External/job/Bella-Tess-Spokane-Valley-WA/Groundskeeper---Bella-Tess_R0195416,blocked,,2026-09-24,0,,workday,Multifamily Property Manager,South Carolina,A,workday:greystar:/job/Bella-Tess-Spokane-Valley-WA/Groundskeeper---Bella-Tess_R0195416
Greystar,Groundskeeper - Brickyard at Barbers Hill,"Brickyard at Barbers Hill, Mont Belvieu, TX",https://greystar.wd1.myworkdayjobs.com/External/job/Brickyard-at-Barbers-Hill-Mont-Belvieu-TX/Groundskeeper---Brickyard-at-Barbers-Hill_R0194886-1,blocked,,2026-09-24,0,,workday,Multifamily Property Manager,South Carolina,A,workday:greystar:/job/Brickyard-at-Barbers-Hill-Mont-Belvieu-TX/Groundskeeper---Brickyard-at-Barbers-Hill_R0194886-1
Greystar,Groundskeeper - Brisa at Shadow Lake,"Brisa at Shadowlake, Houston, TX",https://greystar.wd1.myworkdayjobs.com/External/job/Brisa-at-Shadowlake-Houston-TX/Groundskeeper---Brisa-at-Shadow-Lake_R0198816,blocked,,2026-09-24,0,,workday,Multifamily Property Manager,South Carolina,A,workday:greystar:/job/Brisa-at-Shadowlake-Houston-TX/Groundskeeper---Brisa-at-Shadow-Lake_R0198816
Greystar,Groundskeeper - Broadstone Jordan Ranch,"Broadstone Jordan Ranch, Katy, TX",https://greystar.wd1.myworkdayjobs.com/External/job/Broadstone-Jordan-Ranch-Katy-TX/Groundskeeper---Broadstone-Jordan-Ranch_R0193941,blocked,,2026-09-24,0,,workday,Multifamily Property Manager,South Carolina,A,workday:greystar:/job/Broadstone-Jordan-Ranch-Katy-TX/Groundskeeper---Broadstone-Jordan-Ranch_R0193941
Greystar,Groundskeeper - Cadena at the Falls,"Cadena at the Falls, Austin, TX",https://greystar.wd1.myworkdayjobs.com/External/job/Cadena-at-the-Falls-Austin-TX/Groundskeeper-Porter---Cadena-at-the-Falls_R0200919,blocked,,2026-09-24,0,,workday,Multifamily Property Manager,South Carolina,A,workday:greystar:/job/Cadena-at-the-Falls-Austin-TX/Groundskeeper-Porter---Cadena-at-the-Falls_R0200919
Greystar,Groundskeeper - Dexter Lake Union,"Dexter Lake Union, Seattle, WA",https://greystar.wd1.myworkdayjobs.com/External/job/Dexter-Lake-Union-Seattle-WA/Groundskeeper---Dexter-Lake-Union_R0200799,blocked,,2026-09-24,0,,workday,Multifamily Property Manager,South Carolina,A,workday:greystar:/job/Dexter-Lake-Union-Seattle-WA/Groundskeeper---Dexter-Lake-Union_R0200799
Greystar,Groundskeeper - Discovery at Kingwood,"Discovery at Kingwood, Kingwood, TX",https://greystar.wd1.myworkdayjobs.com/External/job/Discovery-at-Kingwood-Kingwood-TX/Groundskeeper---Kingwood-Community_R0200266-1,blocked,,2026-09-24,0,,workday,Multifamily Property Manager,South Carolina,A,workday:greystar:/job/Discovery-at-Kingwood-Kingwood-TX/Groundskeeper---Kingwood-Community_R0200266-1
Greystar,Groundskeeper - District on La Frontera,"District on La Frontera, Austin, TX",https://greystar.wd1.myworkdayjobs.com/External/job/District-on-La-Frontera-Austin-TX/Groundskeeper---District-on-La-Frontera_R0198976,blocked,,2026-09-24,0,,workday,Multifamily Property Manager,South Carolina,A,workday:greystar:/job/District-on-La-Frontera-Austin-TX/Groundskeeper---District-on-La-Frontera_R0198976
Greystar,Groundskeeper - Elan Med Center,"Elan Med Center, Houston, TX",https://greystar.wd1.myworkdayjobs.com/External/job/Elan-Med-Center-Houston-TX/Groundskeeper---Elan-Med-Center_R0201794,live,,2026-09-24,0,,workday,Multifamily Property Manager,South Carolina,A,workday:greystar:/job/Elan-Med-Center-Houston-TX/Groundskeeper---Elan-Med-Center_R0201794
Greystar,Groundskeeper - Ensley,"Ensley, Colorado Springs, CO",https://greystar.wd1.myworkdayjobs.com/External/job/Ensley-Colorado-Springs-CO/Groundskeeper---Ensley_R0201477,blocked,,2026-09-24,0,,workday,Multifamily Property Manager,South Carolina,A,workday:greystar:/job/Ensley-Colorado-Springs-CO/Groundskeeper---Ensley_R0201477
Greystar,Groundskeeper - Glade at the Groves,"Glade at the Groves, Humble, TX",https://greystar.wd1.myworkdayjobs.com/External/job/Glade-at-the-Groves-Humble-TX/Groundskeeper---Glade-at-the-Groves_R0199059,blocked,,2026-09-24,0,,workday,Multifamily Property Manager,South Carolina,A,workday:greystar:/job/Glade-at-the-Groves-Humble-TX/Groundskeeper---Glade-at-the-Groves_R0199059
Greystar,Groundskeeper - Marlowe Wellington,"Marlowe Wellington, Fort Worth, TX",https://greystar.wd1.myworkdayjobs.com/External/job/Marlowe-Wellington-Fort-Worth-TX/Groundskeeper---Marlowe-Wellington_R0198824,blocked,,2026-09-24,0,,workday,Multifamily Property Manager,South Carolina,A,workday:greystar:/job/Marlowe-Wellington-Fort-Worth-TX/Groundskeeper---Marlowe-Wellington_R0198824
Greystar,Groundskeeper - Oak Crest,"Oak Crest, Houston, TX",https://greystar.wd1.myworkdayjobs.com/External/job/Oak-Crest-Houston-TX/Groundskeeper---Oak-Crest_R0201136,blocked,,2026-09-24,0,,workday,Multifamily Property Manager,South Carolina,A,workday:greystar:/job/Oak-Crest-Houston-TX/Groundskeeper---Oak-Crest_R0201136
Greystar,Groundskeeper - Pines of Woodforest,"Pines of Woodforest, Houston, TX",https://greystar.wd1.myworkdayjobs.com/External/job/Pines-of-Woodforest-Houston-TX/Groundskeeper---Pines-of-Woodforest_R0201410,live,,2026-09-24,0,,workday,Multifamily Property Manager,South Carolina,A,workday:greystar:/job/Pines-of-Woodforest-Houston-TX/Groundskeeper---Pines-of-Woodforest_R0201410
Greystar,Groundskeeper - Savannah Oaks,"Savannah Oaks, San Antonio, TX",https://greystar.wd1.myworkdayjobs.com/External/job/Savannah-Oaks-San-Antonio-TX/Groundskeeper---Savannah-Oaks_R0201351,blocked,,2026-09-24,0,,workday,Multifamily Property Manager,South Carolina,A,workday:greystar:/job/Savannah-Oaks-San-Antonio-TX/Groundskeeper---Savannah-Oaks_R0201351
Greystar,Groundskeeper - Starlight,"Starlight, Austin, TX",https://greystar.wd1.myworkdayjobs.com/External/job/Starlight-Austin-TX/Groundskeeper---Starlight_R0200264,blocked,,2026-09-24,0,,workday,Multifamily Property Manager,South Carolina,A,workday:greystar:/job/Starlight-Austin-TX/Groundskeeper---Starlight_R0200264
Greystar,Groundskeeper - Summerwell Wildcat Ranch,"Summerwell Wildcat Ranch, Crandall, TX",https://greystar.wd1.myworkdayjobs.com/External/job/Summerwell-Wildcat-Ranch-Crandall-TX/Groundskeeper---Summerwell-Wildcat-Ranch_R0198356,blocked,,2026-09-24,0,,workday,Multifamily Property Manager,South Carolina,A,workday:greystar:/job/Summerwell-Wildcat-Ranch-Crandall-TX/Groundskeeper---Summerwell-Wildcat-Ranch_R0198356
Greystar,Groundskeeper - Summitt Ridge,"Summitt Ridge, Denver, CO",https://greystar.wd1.myworkdayjobs.com/External/job/Summitt-Ridge-Denver-CO/Groundskeeper---Summitt-Ridge_R0197742,blocked,,2026-09-24,0,,workday,Multifamily Property Manager,South Carolina,A,workday:greystar:/job/Summitt-Ridge-Denver-CO/Groundskeeper---Summitt-Ridge_R0197742
Greystar,Groundskeeper - The Met,"The Met, Austin, TX",https://greystar.wd1.myworkdayjobs.com/External/job/The-Met-Austin-TX/Groundskeeper---The-Met_R0201062,blocked,,2026-09-24,0,,workday,Multifamily Property Manager,South Carolina,A,workday:greystar:/job/The-Met-Austin-TX/Groundskeeper---The-Met_R0201062
Greystar,Groundskeeper - The Rice,"The Rice, Houston, TX",https://greystar.wd1.myworkdayjobs.com/External/job/The-Rice-Houston-TX/Groundskeeper---The-Rice_R0195047,blocked,,2026-09-24,0,,workday,Multifamily Property Manager,South Carolina,A,workday:greystar:/job/The-Rice-Houston-TX/Groundskeeper---The-Rice_R0195047
Greystar,Groundskeeper - The View at TPC,"The View at TPC, San Antonio, TX",https://greystar.wd1.myworkdayjobs.com/External/job/The-View-at-TPC-San-Antonio-TX/Groundskeeper---The-View-at-TPC_R0199165,blocked,,2026-09-24,0,,workday,Multifamily Property Manager,South Carolina,A,workday:greystar:/job/The-View-at-TPC-San-Antonio-TX/Groundskeeper---The-View-at-TPC_R0199165
Greystar,Groundskeeper - The Waters at Hammond,"The Waters at Hammond, Hammond, LA",https://greystar.wd1.myworkdayjobs.com/External/job/The-Waters-at-Hammond-Hammond-LA/Groundskeeper---The-Waters-at-Hammond_R0200248,blocked,,2026-09-24,0,,workday,Multifamily Property Manager,South Carolina,A,workday:greystar:/job/The-Waters-at-Hammond-Hammond-LA/Groundskeeper---The-Waters-at-Hammond_R0200248
Greystar,Groundskeeper - The Waterview,"The Waterview, Richmond, TX",https://greystar.wd1.myworkdayjobs.com/External/job/The-Waterview-Richmond-TX/Groundskeeper---The-Waterview_R0201248,blocked,,2026-09-24,0,,workday,Multifamily Property Manager,South Carolina,A,workday:greystar:/job/The-Waterview-Richmond-TX/Groundskeeper---The-Waterview_R0201248
Greystar,Groundskeeper - The Windsor,"The Windsor (CO), Lakewood, CO",https://greystar.wd1.myworkdayjobs.com/External/job/The-Windsor-CO-Lakewood-CO/Groundskeeper---The-Windsor_R0200506,blocked,,2026-09-24,0,,workday,Multifamily Property Manager,South Carolina,A,workday:greystar:/job/The-Windsor-CO-Lakewood-CO/Groundskeeper---The-Windsor_R0200506
Greystar,Groundskeeper - US Fairgrounds,"US Fairgrounds, Rosenberg, TX",https://greystar.wd1.myworkdayjobs.com/External/job/US-Fairgrounds-Rosenberg-TX/Groundskeeper---US-Fairgrounds_R0201818,live,,2026-09-24,0,,workday,Multifamily Property Manager,South Carolina,A,workday:greystar:/job/US-Fairgrounds-Rosenberg-TX/Groundskeeper---US-Fairgrounds_R0201818
Greystar,Groundskeeper - Vantage Med Center,"Vantage Med Center, Houston, TX",https://greystar.wd1.myworkdayjobs.com/External/job/Vantage-Med-Center-Houston-TX/Groundskeeper---Vantage-Med-Center_R0188822,blocked,,2026-09-24,0,,workday,Multifamily Property Manager,South Carolina,A,workday:greystar:/job/Vantage-Med-Center-Houston-TX/Groundskeeper---Vantage-Med-Center_R0188822
Greystar,Groundskeeper - Walker Landing,"Walker Landing, Aurora, CO",https://greystar.wd1.myworkdayjobs.com/External/job/Walker-Landing-Aurora-CO/Groundskeeper---Walker-Landing_R0199342-1,blocked,,2026-09-24,0,,workday,Multifamily Property Manager,South Carolina,A,workday:greystar:/job/Walker-Landing-Aurora-CO/Groundskeeper---Walker-Landing_R0199342-1
Greystar,Groundskeeper - Watervue,"Watervue, Lake Charles, LA",https://greystar.wd1.myworkdayjobs.com/External/job/Watervue-Lake-Charles-LA/Groundskeeper---Watervue_R0201292,live,,2026-09-24,0,,workday,Multifamily Property Manager,South Carolina,A,workday:greystar:/job/Watervue-Lake-Charles-LA/Groundskeeper---Watervue_R0201292
Greystar,Groundskeeper / Porter - Kapilina Beach Homes,"Kapilina Beach Homes, Ewa Beach, HI",https://greystar.wd1.myworkdayjobs.com/External/job/Kapilina-Beach-Homes-Ewa-Beach-HI/Groundskeeper-Porter---Pool-Porter---Kapilina-Beach-Homes_R0201574,live,,2026-09-24,0,,workday,Multifamily Property Manager,South Carolina,A,workday:greystar:/job/Kapilina-Beach-Homes-Ewa-Beach-HI/Groundskeeper-Porter---Pool-Porter---Kapilina-Beach-Homes_R0201574
Greystar,Groundskeeper / Porter - Kapilina Beach Homes,"Kapilina Beach Homes, Ewa Beach, HI",https://greystar.wd1.myworkdayjobs.com/External/job/Kapilina-Beach-Homes-Ewa-Beach-HI/Groundskeeper---Porter---Kapilina-Beach-Homes_R0190145,blocked,,2026-09-24,0,,workday,Multifamily Property Manager,South Carolina,A,workday:greystar:/job/Kapilina-Beach-Homes-Ewa-Beach-HI/Groundskeeper---Porter---Kapilina-Beach-Homes_R0190145
Greystar,Groundskeeper- Ascend at McKinney North,"Ascend at McKinney North, McKinney, TX",https://greystar.wd1.myworkdayjobs.com/External/job/Ascend-at-McKinney-North-McKinney-TX/Groundskeeper--Ascend-at-McKinney-North_R0201422,blocked,,2026-09-24,0,,workday,Multifamily Property Manager,South Carolina,A,workday:greystar:/job/Ascend-at-McKinney-North-McKinney-TX/Groundskeeper--Ascend-at-McKinney-North_R0201422
Greystar,Groundskeeper- Bardin Greene,"Bardin Greene, Arlington, TX",https://greystar.wd1.myworkdayjobs.com/External/job/Bardin-Greene-Arlington-TX/Groundskeeper--Bardin-Greene_R0201666,live,,2026-09-24,0,,workday,Multifamily Property Manager,South Carolina,A,workday:greystar:/job/Bardin-Greene-Arlington-TX/Groundskeeper--Bardin-Greene_R0201666
Greystar,Groundskeeper- The Waller,"The Waller, Austin, TX",https://greystar.wd1.myworkdayjobs.com/External/job/The-Waller-Austin-TX/Groundskeeper--The-Waller_R0188935,blocked,,2026-09-24,0,,workday,Multifamily Property Manager,South Carolina,A,workday:greystar:/job/The-Waller-Austin-TX/Groundskeeper--The-Waller_R0188935
Greystar,Groundskeeper/ Porter - Prose Columbus,"Prose Columbus, Columbus, GA",https://greystar.wd1.myworkdayjobs.com/External/job/Prose-Columbus-Columbus-GA/Groundskeeper--Porter---Prose-Columbus_R0200306,blocked,,2026-09-24,0,,workday,Multifamily Property Manager,South Carolina,A,workday:greystar:/job/Prose-Columbus-Columbus-GA/Groundskeeper--Porter---Prose-Columbus_R0200306
Greystar,Groundskeeper/Porter,"Birmingham, AL",https://greystar.wd1.myworkdayjobs.com/External/job/Birmingham-AL/Groundskeeper-Porter_R0201956,live,,2026-09-24,0,,workday,Multifamily Property Manager,South Carolina,A,workday:greystar:/job/Birmingham-AL/Groundskeeper-Porter_R0201956
Greystar,Groundskeeper/Porter,"Oversea at Flagler Banyan Square, West Palm Beach, FL",https://greystar.wd1.myworkdayjobs.com/External/job/Oversea-at-Flagler-Banyan-Square-West-Palm-Beach-FL/Groundskeeper-Porter_R0198536,blocked,,2026-09-24,0,,workday,Multifamily Property Manager,South Carolina,A,workday:greystar:/job/Oversea-at-Flagler-Banyan-Square-West-Palm-Beach-FL/Groundskeeper-Porter_R0198536
Greystar,Groundskeeper/Porter (Multi-Site) - Union Baseline & Union 9Seventy,2 Locations,https://greystar.wd1.myworkdayjobs.com/External/job/Union-9Seventy-Boulder-CO/Groundskeeper-Porter--Multi-Site----Union-Baseline---Union-9Seventy_R0199228,blocked,,2026-09-24,0,,workday,Multifamily Property Manager,South Carolina,A,workday:greystar:/job/Union-9Seventy-Boulder-CO/Groundskeeper-Porter--Multi-Site----Union-Baseline---Union-9Seventy_R0199228
Greystar,Groundskeeper/Porter - Abrazo at Rice Hope,"Abrazo at Rice Hope, Port Wentworth, GA",https://greystar.wd1.myworkdayjobs.com/External/job/Abrazo-at-Rice-Hope-Port-Wentworth-GA/Groundskeeper-Porter---Abrazo-at-Rice-Hope_R0201677,live,,2026-09-24,0,,workday,Multifamily Property Manager,South Carolina,A,workday:greystar:/job/Abrazo-at-Rice-Hope-Port-Wentworth-GA/Groundskeeper-Porter---Abrazo-at-Rice-Hope_R0201677
Greystar,Groundskeeper/Porter - Accolade Auburn (Student Living),"Accolade Auburn, Auburn, AL",https://greystar.wd1.myworkdayjobs.com/External/job/Accolade-Auburn-Auburn-AL/Groundskeeper-Porter---Accolade-Auburn--Student-Living-_R0198616,blocked,,2026-09-24,0,,workday,Multifamily Property Manager,South Carolina,A,workday:greystar:/job/Accolade-Auburn-Auburn-AL/Groundskeeper-Porter---Accolade-Auburn--Student-Living-_R0198616
Greystar,Groundskeeper/Porter - Amelia,"Amelia, Miami, FL",https://greystar.wd1.myworkdayjobs.com/External/job/Amelia-Miami-FL/Groundskeeper-Porter---Amelia_R0195225,blocked,,2026-09-24,0,,workday,Multifamily Property Manager,South Carolina,A,workday:greystar:/job/Amelia-Miami-FL/Groundskeeper-Porter---Amelia_R0195225
Greystar,Groundskeeper/Porter - Arcadia at Veranda Falls,"Arcadia at Veranda Falls, Port St. Lucie, FL",https://greystar.wd1.myworkdayjobs.com/External/job/Arcadia-at-Veranda-Falls-Port-St-Lucie-FL/Groundskeeper-Porter---Arcadia-at-Veranda-Falls_R0200477,blocked,,2026-09-24,0,,workday,Multifamily Property Manager,South Carolina,A,workday:greystar:/job/Arcadia-at-Veranda-Falls-Port-St-Lucie-FL/Groundskeeper-Porter---Arcadia-at-Veranda-Falls_R0200477
Greystar,Groundskeeper/Porter - Ayrsley Lofts + Broadstone Ayrsley,2 Locations,https://greystar.wd1.myworkdayjobs.com/External/job/Ayrsley-Lofts-Charlotte-NC/Groundskeeper-Porter---Ayrsley-Lofts---Broadstone-Ayrsley_R0200371,blocked,,2026-09-24,0,,workday,Multifamily Property Manager,South Carolina,A,workday:greystar:/job/Ayrsley-Lofts-Charlotte-NC/Groundskeeper-Porter---Ayrsley-Lofts---Broadstone-Ayrsley_R0200371
Greystar,Groundskeeper/Porter - Elan LoSo,"Elan LoSo, Charlotte, NC",https://greystar.wd1.myworkdayjobs.com/External/job/Elan-LoSo-Charlotte-NC/Groundskeeper-Porter---Elan-LoSo_R0199363,blocked,,2026-09-24,0,,workday,Multifamily Property Manager,South Carolina,A,workday:greystar:/job/Elan-LoSo-Charlotte-NC/Groundskeeper-Porter---Elan-LoSo_R0199363
Greystar,Groundskeeper/Porter - Escena,"Escena, Las Vegas, NV",https://greystar.wd1.myworkdayjobs.com/External/job/Escena-Las-Vegas-NV/Groundskeeper-Porter---Escena_R0194032,live,,2026-09-24,0,,workday,Multifamily Property Manager,South Carolina,A,workday:greystar:/job/Escena-Las-Vegas-NV/Groundskeeper-Porter---Escena_R0194032
Greystar,Groundskeeper/Porter - Gateway at Tempe (Student Living),"Gateway at Tempe, Tempe, AZ",https://greystar.wd1.myworkdayjobs.com/External/job/Gateway-at-Tempe-Tempe-AZ/Groundskeeper-Porter---Gateway-at-Tempe--Student-Living-_R0201453,live,,2026-09-24,0,,workday,Multifamily Property Manager,South Carolina,A,workday:greystar:/job/Gateway-at-Tempe-Tempe-AZ/Groundskeeper-Porter---Gateway-at-Tempe--Student-Living-_R0201453
Greystar,Groundskeeper/Porter - Harbor Grove,"Harbor Grove, Stuart, FL",https://greystar.wd1.myworkdayjobs.com/External/job/Harbor-Grove-Stuart-FL/Groundskeeper-Porter---Harbor-Grove_R0199837,blocked,,2026-09-24,0,,workday,Multifamily Property Manager,South Carolina,A,workday:greystar:/job/Harbor-Grove-Stuart-FL/Groundskeeper-Porter---Harbor-Grove_R0199837
Greystar,Groundskeeper/Porter - Heartwood at Lockwood Glen,"Heartwood at Lockwood Glen, Franklin, TN",https://greystar.wd1.myworkdayjobs.com/External/job/Heartwood-at-Lockwood-Glen-Franklin-TN/Groundskeeper-Porter---Heartwood-at-Lockwood-Glen_R0200981,blocked,,2026-09-24,0,,workday,Multifamily Property Manager,South Carolina,A,workday:greystar:/job/Heartwood-at-Lockwood-Glen-Franklin-TN/Groundskeeper-Porter---Heartwood-at-Lockwood-Glen_R0200981
Greystar,Groundskeeper/Porter - Iconic on Alvarado (Student Living),"Iconic on Alvarado, San Diego, CA",https://greystar.wd1.myworkdayjobs.com/External/job/Iconic-on-Alvarado-San-Diego-CA/Groundskeeper-Porter---Iconic-on-Alvarado--Student-Living-_R0192597,blocked,,2026-09-24,0,,workday,Multifamily Property Manager,South Carolina,A,workday:greystar:/job/Iconic-on-Alvarado-San-Diego-CA/Groundskeeper-Porter---Iconic-on-Alvarado--Student-Living-_R0192597
Greystar,Groundskeeper/Porter - La Terraza,"La Terraza, San Jose, CA",https://greystar.wd1.myworkdayjobs.com/External/job/La-Terraza-San-Jose-CA/Groundskeeper-Porter---La-Terraza_R0196020,blocked,,2026-09-24,0,,workday,Multifamily Property Manager,South Carolina,A,workday:greystar:/job/La-Terraza-San-Jose-CA/Groundskeeper-Porter---La-Terraza_R0196020
Greystar,Groundskeeper/Porter - Marlowe Brookwood,"Marlowe Brookwood, Austell, GA",https://greystar.wd1.myworkdayjobs.com/External/job/Marlowe-Brookwood-Austell-GA/Groundskeeper-Porter---Marlowe-Brookwood_R0199546,blocked,,2026-09-24,0,,workday,Multifamily Property Manager,South Carolina,A,workday:greystar:/job/Marlowe-Brookwood-Austell-GA/Groundskeeper-Porter---Marlowe-Brookwood_R0199546
Greystar,Groundskeeper/Porter - Monarch 716 (Student Living),"Monarch 716, Buffalo, NY",https://greystar.wd1.myworkdayjobs.com/External/job/Monarch-716-Buffalo-NY/Groundskeeper-Porter---Monarch-716--Student-Living-_R0192048,blocked,,2026-09-24,0,,workday,Multifamily Property Manager,South Carolina,A,workday:greystar:/job/Monarch-716-Buffalo-NY/Groundskeeper-Porter---Monarch-716--Student-Living-_R0192048
Greystar,Groundskeeper/Porter - Ridge at Robinson,"Ridge at Robinson, Pittsburgh, PA",https://greystar.wd1.myworkdayjobs.com/External/job/Ridge-at-Robinson-Pittsburgh-PA/Groundskeeper-Porter---Ridge-at-Robinson_R0199359,blocked,,2026-09-24,0,,workday,Multifamily Property Manager,South Carolina,A,workday:greystar:/job/Ridge-at-Robinson-Pittsburgh-PA/Groundskeeper-Porter---Ridge-at-Robinson_R0199359
Greystar,Groundskeeper/Porter - Sanctuary at Eagle Creek,"Sanctuary at Eagle Creek, Orlando, FL",https://greystar.wd1.myworkdayjobs.com/External/job/Sanctuary-at-Eagle-Creek-Orlando-FL/Groundskeeper-Porter---Sanctuary-at-Eagle-Creek_R0201633,live,,2026-09-24,0,,workday,Multifamily Property Manager,South Carolina,A,workday:greystar:/job/Sanctuary-at-Eagle-Creek-Orlando-FL/Groundskeeper-Porter---Sanctuary-at-Eagle-Creek_R0201633
Greystar,Groundskeeper/Porter - Selene Tomoka Village,"Selene Tomoka Village, Daytona Beach, FL",https://greystar.wd1.myworkdayjobs.com/External/job/Selene-Tomoka-Village-Daytona-Beach-FL/Groundskeeper-Porter---Selene-Tomoka-Village_R0197541,blocked,,2026-09-24,0,,workday,Multifamily Property Manager,South Carolina,A,workday:greystar:/job/Selene-Tomoka-Village-Daytona-Beach-FL/Groundskeeper-Porter---Selene-Tomoka-Village_R0197541
Greystar,Groundskeeper/Porter - Strawberry Hill,"Strawberry Hill, Charlotte, NC",https://greystar.wd1.myworkdayjobs.com/External/job/Strawberry-Hill-Charlotte-NC/Groundskeeper-Porter---Strawberry-Hill_R0196431,live,,2026-09-24,0,,workday,Multifamily Property Manager,South Carolina,A,workday:greystar:/job/Strawberry-Hill-Charlotte-NC/Groundskeeper-Porter---Strawberry-Hill_R0196431
Greystar,Groundskeeper/Porter - Summerhouse Lakewood Ranch,"Summerhouse Lakewood Ranch, Lakewood Ranch, FL",https://greystar.wd1.myworkdayjobs.com/External/job/Summerhouse-Lakewood-Ranch-Lakewood-Ranch-FL/Groundskeeper-Porter---Summerhouse-Lakewood-Ranch_R0197661,blocked,,2026-09-24,0,,workday,Multifamily Property Manager,South Carolina,A,workday:greystar:/job/Summerhouse-Lakewood-Ranch-Lakewood-Ranch-FL/Groundskeeper-Porter---Summerhouse-Lakewood-Ranch_R0197661
Greystar,Groundskeeper/Porter - The Bricks at Perimeter Center,"Dunwoody, GA",https://greystar.wd1.myworkdayjobs.com/External/job/Dunwoody-GA/Groundskeeper-Porter---The-Bricks-at-Perimeter-Center_R0198739,live,,2026-09-24,0,,workday,Multifamily Property Manager,South Carolina,A,workday:greystar:/job/Dunwoody-GA/Groundskeeper-Porter---The-Bricks-at-Perimeter-Center_R0198739
Greystar,Groundskeeper/Porter - Union Grantville (Student Living),"Union Grantville, San Diego, CA",https://greystar.wd1.myworkdayjobs.com/External/job/Union-Grantville-San-Diego-CA/Groundskeeper-Porter---Union-Grantville--Student-Living-_R0190742-1,blocked,,2026-09-24,0,,workday,Multifamily Property Manager,South Carolina,A,workday:greystar:/job/Union-Grantville-San-Diego-CA/Groundskeeper-Porter---Union-Grantville--Student-Living-_R0190742-1
Greystar,Housekeeper (Lease Up) - Residences at Silver Ridge,"Residences at Silver Ridge, Humble, TX",https://greystar.wd1.myworkdayjobs.com/External/job/Residences-at-Silver-Ridge-Humble-TX/Housekeeper--Lease-Up----Residences-at-Silver-Ridge_R0200567,blocked,,2026-09-24,0,,workday,Multifamily Property Manager,South Carolina,A,workday:greystar:/job/Residences-at-Silver-Ridge-Humble-TX/Housekeeper--Lease-Up----Residences-at-Silver-Ridge_R0200567
Greystar,Housekeeper (Lease Up) – Prose on the Range,"Prose On The Range, San Antonio, TX",https://greystar.wd1.myworkdayjobs.com/External/job/Prose-On-The-Range-San-Antonio-TX/Housekeeper--Lease-Up----Prose-on-the-Range_R0199693,blocked,,2026-09-24,0,,workday,Multifamily Property Manager,South Carolina,A,workday:greystar:/job/Prose-On-The-Range-San-Antonio-TX/Housekeeper--Lease-Up----Prose-on-the-Range_R0199693
Greystar,Housekeeper (Lease-Up) - Broadstone North Lamar,"Broadstone North Lamar, Austin, TX",https://greystar.wd1.myworkdayjobs.com/External/job/Broadstone-North-Lamar-Austin-TX/Housekeeper--Lease-Up----Broadstone-North-Lamar_R0199690,blocked,,2026-09-24,0,,workday,Multifamily Property Manager,South Carolina,A,workday:greystar:/job/Broadstone-North-Lamar-Austin-TX/Housekeeper--Lease-Up----Broadstone-North-Lamar_R0199690
Greystar,Housekeeper - AYA ABQ,"AYA ABQ, Albuquerque, NM",https://greystar.wd1.myworkdayjobs.com/External/job/AYA-ABQ-Albuquerque-NM/Housekeeper---AYA-ABQ_R0195805,blocked,,2026-09-24,0,,workday,Multifamily Property Manager,South Carolina,A,workday:greystar:/job/AYA-ABQ-Albuquerque-NM/Housekeeper---AYA-ABQ_R0195805
Greystar,Housekeeper - Bricks at Perimeter Center,"Dunwoody, GA",https://greystar.wd1.myworkdayjobs.com/External/job/Dunwoody-GA/Housekeeper---Bricks-at-Perimeter-Center_R0201556,live,,2026-09-24,0,,workday,Multifamily Property Manager,South Carolina,A,workday:greystar:/job/Dunwoody-GA/Housekeeper---Bricks-at-Perimeter-Center_R0201556
Greystar,Housekeeper - Broadstone Jordan Ranch,"Broadstone Jordan Ranch, Katy, TX",https://greystar.wd1.myworkdayjobs.com/External/job/Broadstone-Jordan-Ranch-Katy-TX/Housekeeper---Broadstone-Jordan-Ranch_R0200083,blocked,,2026-09-24,0,,workday,Multifamily Property Manager,South Carolina,A,workday:greystar:/job/Broadstone-Jordan-Ranch-Katy-TX/Housekeeper---Broadstone-Jordan-Ranch_R0200083
Greystar,Housekeeper - Elkwood,"Elkwood, Flagstaff, AZ",https://greystar.wd1.myworkdayjobs.com/External/job/Elkwood-Flagstaff-AZ/Housekeeper---Elkwood_R0194631,live,,2026-09-24,0,,workday,Multifamily Property Manager,South Carolina,A,workday:greystar:/job/Elkwood-Flagstaff-AZ/Housekeeper---Elkwood_R0194631
Greystar,Housekeeper - Evergreen Commons (Student Living),"Evergreen Commons, Lock Haven, PA",https://greystar.wd1.myworkdayjobs.com/External/job/Evergreen-Commons-Lock-Haven-PA/Housekeeper---Evergreen-Commons--Student-Living-_R0200525-1,blocked,,2026-09-24,0,,workday,Multifamily Property Manager,South Carolina,A,workday:greystar:/job/Evergreen-Commons-Lock-Haven-PA/Housekeeper---Evergreen-Commons--Student-Living-_R0200525-1
Greystar,Housekeeper - Maplewood (Student Living),"Maplewood, Ithaca, NY",https://greystar.wd1.myworkdayjobs.com/External/job/Maplewood-Ithaca-NY/Housekeeper---Maplewood--Student-Living-_R0198752,blocked,,2026-09-24,0,,workday,Multifamily Property Manager,South Carolina,A,workday:greystar:/job/Maplewood-Ithaca-NY/Housekeeper---Maplewood--Student-Living-_R0198752
Greystar,Housekeeper - Prose Vista West,"Prose Vista West, San Antonio, TX",https://greystar.wd1.myworkdayjobs.com/External/job/Prose-Vista-West-San-Antonio-TX/Housekeeper---Prose-Vista-West_R0199394-1,blocked,,2026-09-24,0,,workday,Multifamily Property Manager,South Carolina,A,workday:greystar:/job/Prose-Vista-West-San-Antonio-TX/Housekeeper---Prose-Vista-West_R0199394-1
Greystar,Housekeeper - US Fairgrounds,"US Fairgrounds, Rosenberg, TX",https://greystar.wd1.myworkdayjobs.com/External/job/US-Fairgrounds-Rosenberg-TX/Housekeeper---US-Fairgrounds_R0201817-1,live,,2026-09-24,0,,workday,Multifamily Property Manager,South Carolina,A,workday:greystar:/job/US-Fairgrounds-Rosenberg-TX/Housekeeper---US-Fairgrounds_R0201817-1
Greystar,Industrial Superintendent,"City Office Atlanta, Atlanta, GA",https://greystar.wd1.myworkdayjobs.com/External/job/City-Office-Atlanta-Atlanta-GA/Industrial-Superintendent_R0194943,blocked,,2026-09-24,0,,workday,Multifamily Property Manager,South Carolina,A,workday:greystar:/job/City-Office-Atlanta-Atlanta-GA/Industrial-Superintendent_R0194943
Greystar,Interim Assistant Community Manager - Palomar Station,"Palomar Station, San Marcos, CA",https://greystar.wd1.myworkdayjobs.com/External/job/Palomar-Station-San-Marcos-CA/Interim-Assistant-Community-Manager---Palomar-Station_R0200459,blocked,,2026-09-24,0,,workday,Multifamily Property Manager,South Carolina,A,workday:greystar:/job/Palomar-Station-San-Marcos-CA/Interim-Assistant-Community-Manager---Palomar-Station_R0200459
Greystar,Interim Maintenance Technician - Castlerock,"Castlerock, Riverside, CA",https://greystar.wd1.myworkdayjobs.com/External/job/Castlerock-Riverside-CA/Interim-Maintenance-Technician---Castlerock_R0199815,blocked,,2026-09-24,0,ops,workday,Multifamily Property Manager,South Carolina,A,workday:greystar:/job/Castlerock-Riverside-CA/Interim-Maintenance-Technician---Castlerock_R0199815
Greystar,Interim Senior Service Technician - Vora Mission Valley,"Vora Mission Valley East, San Diego, CA",https://greystar.wd1.myworkdayjobs.com/External/job/Vora-Mission-Valley-East-San-Diego-CA/Interim-Senior-Service-Technician---Vora-Mission-Valley_R0196670,blocked,,2026-09-24,0,,workday,Multifamily Property Manager,South Carolina,A,workday:greystar:/job/Vora-Mission-Valley-East-San-Diego-CA/Interim-Senior-Service-Technician---Vora-Mission-Valley_R0196670
Greystar,Lead Concierge - Ledger Union Market,"Ledger Union Market, Washington, DC",https://greystar.wd1.myworkdayjobs.com/External/job/Ledger-Union-Market-Washington-DC/Lead-Concierge---Ledger-Union-Market_R0199144,blocked,,2026-09-24,0,,workday,Multifamily Property Manager,South Carolina,A,workday:greystar:/job/Ledger-Union-Market-Washington-DC/Lead-Concierge---Ledger-Union-Market_R0199144
Greystar,Lead Maintenance Technician - Park 19,"Sawbuck, Portland, OR",https://greystar.wd1.myworkdayjobs.com/External/job/Sawbuck-Portland-OR/Lead-Maintenance-Technician---Park-19_R0202011,live,,2026-09-24,0,ops,workday,Multifamily Property Manager,South Carolina,A,workday:greystar:/job/Sawbuck-Portland-OR/Lead-Maintenance-Technician---Park-19_R0202011
Greystar,Lead Maintenance Technician- Avana West Park,"Avana West Park, Burnsville, MN",https://greystar.wd1.myworkdayjobs.com/External/job/Avana-West-Park-Burnsville-MN/Lead-Maintenance-Technician--Avana-West-Park_R0201230,blocked,,2026-09-24,0,ops,workday,Multifamily Property Manager,South Carolina,A,workday:greystar:/job/Avana-West-Park-Burnsville-MN/Lead-Maintenance-Technician--Avana-West-Park_R0201230
Greystar,Lead Service Technician - Union Tempe (Student Living),"Union Tempe, Tempe, AZ",https://greystar.wd1.myworkdayjobs.com/External/job/Union-Tempe-Tempe-AZ/Lead-Service-Technician---Union-Tempe--Student-Living-_R0198951,blocked,,2026-09-24,0,,workday,Multifamily Property Manager,South Carolina,A,workday:greystar:/job/Union-Tempe-Tempe-AZ/Lead-Service-Technician---Union-Tempe--Student-Living-_R0198951
Greystar,Lease Up Community Manager - Weymouth,"City Office Boston, Boston, MA",https://greystar.wd1.myworkdayjobs.com/External/job/City-Office-Boston-Boston-MA/Lease-Up-Community-Manager---Weymouth_R0200778,live,,2026-09-24,0,,workday,Multifamily Property Manager,South Carolina,A,workday:greystar:/job/City-Office-Boston-Boston-MA/Lease-Up-Community-Manager---Weymouth_R0200778
Greystar,Lease Up Leasing Professional - Weymouth,"City Office Boston, Boston, MA",https://greystar.wd1.myworkdayjobs.com/External/job/City-Office-Boston-Boston-MA/Lease-Up-Leasing-Professional---Weymouth_R0201464,live,,2026-09-24,0,ops,workday,Multifamily Property Manager,South Carolina,A,workday:greystar:/job/City-Office-Boston-Boston-MA/Lease-Up-Leasing-Professional---Weymouth_R0201464
Greystar,Lease Up Service Supervisor - Liberty Lane,"City Office Boston, Boston, MA",https://greystar.wd1.myworkdayjobs.com/External/job/City-Office-Boston-Boston-MA/Lease-Up-Service-Supervisor---Liberty-Lane_R0201597,live,,2026-09-24,0,,workday,Multifamily Property Manager,South Carolina,A,workday:greystar:/job/City-Office-Boston-Boston-MA/Lease-Up-Service-Supervisor---Liberty-Lane_R0201597
Greystar,Lease Up Service Supervisor - Weymouth,"City Office Boston, Boston, MA",https://greystar.wd1.myworkdayjobs.com/External/job/City-Office-Boston-Boston-MA/Lease-Up-Service-Supervisor---Weymouth_R0200781,blocked,,2026-09-24,0,,workday,Multifamily Property Manager,South Carolina,A,workday:greystar:/job/City-Office-Boston-Boston-MA/Lease-Up-Service-Supervisor---Weymouth_R0200781
Greystar,Lease-Up Community Manager - Liberty Lane,"City Office Boston, Boston, MA",https://greystar.wd1.myworkdayjobs.com/External/job/City-Office-Boston-Boston-MA/Lease-Up-Community-Manager---Liberty-Lane_R0200540,blocked,,2026-09-24,0,,workday,Multifamily Property Manager,South Carolina,A,workday:greystar:/job/City-Office-Boston-Boston-MA/Lease-Up-Community-Manager---Liberty-Lane_R0200540
Greystar,Lease-Up Leasing Professional - Kaye,"Kaye, Seattle, WA",https://greystar.wd1.myworkdayjobs.com/External/job/Kaye-Seattle-WA/Lease-Up-Leasing-Professional---Kaye_R0200175,blocked,,2026-09-24,0,ops,workday,Multifamily Property Manager,South Carolina,A,workday:greystar:/job/Kaye-Seattle-WA/Lease-Up-Leasing-Professional---Kaye_R0200175
Greystar,Lease-up Community Manager - Alexan Woodinville,"Alexan Woodinville, Woodinville, WA",https://greystar.wd1.myworkdayjobs.com/External/job/Alexan-Woodinville-Woodinville-WA/Lease-up-Community-Manager---Alexan-Woodinville_R0200737,blocked,,2026-09-24,0,,workday,Multifamily Property Manager,South Carolina,A,workday:greystar:/job/Alexan-Woodinville-Woodinville-WA/Lease-up-Community-Manager---Alexan-Woodinville_R0200737
Greystar,Lease-up Community Manager - Farmington,"City Office Salt Lake City, Salt Lake City, UT",https://greystar.wd1.myworkdayjobs.com/External/job/City-Office-Salt-Lake-City-Salt-Lake-City-UT/Lease-up-Community-Manager---Farmington_R0200487-1,blocked,,2026-09-24,0,,workday,Multifamily Property Manager,South Carolina,A,workday:greystar:/job/City-Office-Salt-Lake-City-Salt-Lake-City-UT/Lease-up-Community-Manager---Farmington_R0200487-1
Greystar,Leasing & Marketing Manager - Accolade on Samson (Student Living),"Accolade on Sansom, Philadelphia, PA",https://greystar.wd1.myworkdayjobs.com/External/job/Accolade-on-Sansom-Philadelphia-PA/Leasing---Marketing-Manager---Accolade-on-Samson--Student-Living-_R0199619,live,,2026-09-24,0,ops,workday,Multifamily Property Manager,South Carolina,A,workday:greystar:/job/Accolade-on-Sansom-Philadelphia-PA/Leasing---Marketing-Manager---Accolade-on-Samson--Student-Living-_R0199619
Greystar,Leasing Consultant (Lease-Up) - Everleigh Castle Pines,"Everleigh Castle Pines, Castle Pines, CO",https://greystar.wd1.myworkdayjobs.com/External/job/Everleigh-Castle-Pines-Castle-Pines-CO/Leasing-Consultant--Lease-Up----Everleigh-Castle-Pines_R0201667,live,,2026-09-24,0,ops,workday,Multifamily Property Manager,South Carolina,A,workday:greystar:/job/Everleigh-Castle-Pines-Castle-Pines-CO/Leasing-Consultant--Lease-Up----Everleigh-Castle-Pines_R0201667
Greystar,"Leasing Consultant (Lease-Up) - Sarasota, FL",2 Locations,https://greystar.wd1.myworkdayjobs.com/External/job/City-Office-Orlando-Orlando-FL/Leasing-Consultant--Lease-Up----Sarasota--FL_R0196233,blocked,,2026-09-24,0,ops,workday,Multifamily Property Manager,South Carolina,A,workday:greystar:/job/City-Office-Orlando-Orlando-FL/Leasing-Consultant--Lease-Up----Sarasota--FL_R0196233
Greystar,Leasing Consultant (Lease-Up) - The Pointe at Lakewood Ranch,"The Pointe at Lakewood Ranch, Lakewood Ranch, FL",https://greystar.wd1.myworkdayjobs.com/External/job/The-Pointe-at-Lakewood-Ranch-Lakewood-Ranch-FL/Leasing-Consultant--Lease-Up----The-Pointe-at-Lakewood-Ranch_R0201529-1,blocked,,2026-09-24,0,ops,workday,Multifamily Property Manager,South Carolina,A,workday:greystar:/job/The-Pointe-at-Lakewood-Ranch-Lakewood-Ranch-FL/Leasing-Consultant--Lease-Up----The-Pointe-at-Lakewood-Ranch_R0201529-1
Greystar,Leasing Consultant (Part-Time)  - River Rock at Alexander Farms,"River Rock at Alexander Farms (The Village), Cornelius, NC",https://greystar.wd1.myworkdayjobs.com/External/job/River-Rock-at-Alexander-Farms-The-Village-Cornelius-NC/Leasing-Consultant--Part-Time-----River-Rock-at-Alexander-Farms_R0198677,live,,2026-09-24,0,ops,workday,Multifamily Property Manager,South Carolina,A,workday:greystar:/job/River-Rock-at-Alexander-Farms-The-Village-Cornelius-NC/Leasing-Consultant--Part-Time-----River-Rock-at-Alexander-Farms_R0198677
Greystar,Leasing Consultant (Part-Time) - Everleigh Palm Desert,"Everleigh Palm Desert, Palm Desert, CA",https://greystar.wd1.myworkdayjobs.com/External/job/Everleigh-Palm-Desert-Palm-Desert-CA/Leasing-Consultant--Part-Time----Everleigh-Palm-Desert_R0193777,blocked,,2026-09-24,0,ops,workday,Multifamily Property Manager,South Carolina,A,workday:greystar:/job/Everleigh-Palm-Desert-Palm-Desert-CA/Leasing-Consultant--Part-Time----Everleigh-Palm-Desert_R0193777
Greystar,Leasing Consultant (Senior Living) - Arietta,"Arietta, Sarasota, FL",https://greystar.wd1.myworkdayjobs.com/External/job/Arietta-Sarasota-FL/Leasing-Consultant--Senior-Living----Arietta_R0201894,live,,2026-09-24,0,ops,workday,Multifamily Property Manager,South Carolina,A,workday:greystar:/job/Arietta-Sarasota-FL/Leasing-Consultant--Senior-Living----Arietta_R0201894
Greystar,Leasing Consultant - Album Quail Springs,"Album Quail Springs, Oklahoma City, OK",https://greystar.wd1.myworkdayjobs.com/External/job/Album-Quail-Springs-Oklahoma-City-OK/Leasing-Consultant---Album-Quail-Springs_R0198151,blocked,,2026-09-24,0,ops,workday,Multifamily Property Manager,South Carolina,A,workday:greystar:/job/Album-Quail-Springs-Oklahoma-City-OK/Leasing-Consultant---Album-Quail-Springs_R0198151
Greystar,Leasing Consultant - Alders Cross Creek,"Alders Cross Creek, Fulshear, TX",https://greystar.wd1.myworkdayjobs.com/External/job/Alders-Cross-Creek-Fulshear-TX/Leasing-Consultant---Alders-Cross-Creek_R0201873,live,,2026-09-24,0,ops,workday,Multifamily Property Manager,South Carolina,A,workday:greystar:/job/Alders-Cross-Creek-Fulshear-TX/Leasing-Consultant---Alders-Cross-Creek_R0201873
Greystar,Leasing Consultant - Everleigh Palm Beach Gardens,"Everleigh Palm Beach Gardens, Palm Beach Gardens, FL",https://greystar.wd1.myworkdayjobs.com/External/job/Everleigh-Palm-Beach-Gardens-Palm-Beach-Gardens-FL/Leasing-Consultant---Everleigh-Palm-Beach-Gardens_R0199036,blocked,,2026-09-24,0,ops,workday,Multifamily Property Manager,South Carolina,A,workday:greystar:/job/Everleigh-Palm-Beach-Gardens-Palm-Beach-Gardens-FL/Leasing-Consultant---Everleigh-Palm-Beach-Gardens_R0199036
Greystar,Leasing Consultant - Lease Up,"The Russell (VA), Richmond, VA",https://greystar.wd1.myworkdayjobs.com/External/job/The-Russell-VA-Richmond-VA/Leasing-Consultant---Lease-Up_R0198774,blocked,,2026-09-24,0,ops,workday,Multifamily Property Manager,South Carolina,A,workday:greystar:/job/The-Russell-VA-Richmond-VA/Leasing-Consultant---Lease-Up_R0198774
Greystar,Leasing Consultant - Overture Greenville,"Overture Greenville, Greenville, SC",https://greystar.wd1.myworkdayjobs.com/External/job/Overture-Greenville-Greenville-SC/Leasing-Consultant---Overture-Greenville_R0201146,blocked,,2026-09-24,0,ops,workday,Multifamily Property Manager,South Carolina,A,workday:greystar:/job/Overture-Greenville-Greenville-SC/Leasing-Consultant---Overture-Greenville_R0201146
Greystar,Leasing Consultant - Overture Mueller 55+,"Overture Mueller, Austin, TX",https://greystar.wd1.myworkdayjobs.com/External/job/Overture-Mueller-Austin-TX/Leasing-Consultant---Overture-Mueller-55-_R0201217,blocked,,2026-09-24,0,ops,workday,Multifamily Property Manager,South Carolina,A,workday:greystar:/job/Overture-Mueller-Austin-TX/Leasing-Consultant---Overture-Mueller-55-_R0201217
Greystar,Leasing Consultant - Overture Providence 55+,"Overture Providence, Charlotte, NC",https://greystar.wd1.myworkdayjobs.com/External/job/Overture-Providence-Charlotte-NC/Leasing-Consultant---Overture-Providence-55-_R0201933,live,,2026-09-24,0,ops,workday,Multifamily Property Manager,South Carolina,A,workday:greystar:/job/Overture-Providence-Charlotte-NC/Leasing-Consultant---Overture-Providence-55-_R0201933
Greystar,Leasing Consultant - Solana Lakewood,"Solana Lakewood, Lakewood, CO",https://greystar.wd1.myworkdayjobs.com/External/job/Solana-Lakewood-Lakewood-CO/Leasing-Consultant--Solana-Lakewood_R0199498,blocked,,2026-09-24,0,ops,workday,Multifamily Property Manager,South Carolina,A,workday:greystar:/job/Solana-Lakewood-Lakewood-CO/Leasing-Consultant--Solana-Lakewood_R0199498
Greystar,Leasing Consultant - Station 650,"Station 650, Alexandria, VA",https://greystar.wd1.myworkdayjobs.com/External/job/Station-650-Alexandria-VA/Leasing-Consultant---Station-650_R0199333,blocked,,2026-09-24,0,ops,workday,Multifamily Property Manager,South Carolina,A,workday:greystar:/job/Station-650-Alexandria-VA/Leasing-Consultant---Station-650_R0199333
Greystar,"Leasing Consultant - West Miami, FL",3 Locations,https://greystar.wd1.myworkdayjobs.com/External/job/City-Office-South-Florida-Ft-Lauderdale-FL/Leasing-Consultant---West-Miami--FL_R0201885,live,,2026-09-24,0,ops,workday,Multifamily Property Manager,South Carolina,A,workday:greystar:/job/City-Office-South-Florida-Ft-Lauderdale-FL/Leasing-Consultant---West-Miami--FL_R0201885
Greystar,Leasing Manager - Alexan Camellia,"Alexan Camellia, San Diego, CA",https://greystar.wd1.myworkdayjobs.com/External/job/Alexan-Camellia-San-Diego-CA/Leasing-Manager---Alexan-Camellia_R0200364,blocked,,2026-09-24,0,ops,workday,Multifamily Property Manager,South Carolina,A,workday:greystar:/job/Alexan-Camellia-San-Diego-CA/Leasing-Manager---Alexan-Camellia_R0200364
Greystar,Leasing Manager - Aster & Links,"Aster & Links, Sarasota, FL",https://greystar.wd1.myworkdayjobs.com/External/job/Aster--Links-Sarasota-FL/Leasing-Manager---Aster---Links_R0201188,blocked,,2026-09-24,0,ops,workday,Multifamily Property Manager,South Carolina,A,workday:greystar:/job/Aster--Links-Sarasota-FL/Leasing-Manager---Aster---Links_R0201188
Greystar,Leasing Manager - Camber Villas (Student Living),"Camber Villas, Bryan, TX",https://greystar.wd1.myworkdayjobs.com/External/job/Camber-Villas-Bryan-TX/Leasing-Manager---Camber-Villas--Student-Living-_R0200625,blocked,,2026-09-24,0,ops,workday,Multifamily Property Manager,South Carolina,A,workday:greystar:/job/Camber-Villas-Bryan-TX/Leasing-Manager---Camber-Villas--Student-Living-_R0200625
Greystar,Leasing Manager - Co/Relate West Adams (Student Living),"Co/Relate West Adams, Los Angeles, CA",https://greystar.wd1.myworkdayjobs.com/External/job/CoRelate-West-Adams-Los-Angeles-CA/Leasing-Manager---Co-Relate-West-Adams--Student-Living-_R0190029-1,blocked,,2026-09-24,0,ops,workday,Multifamily Property Manager,South Carolina,A,workday:greystar:/job/CoRelate-West-Adams-Los-Angeles-CA/Leasing-Manager---Co-Relate-West-Adams--Student-Living-_R0190029-1
Greystar,Leasing Manager - Drake West Village (Student Living),"Drake West Village, Des Moines, IA",https://greystar.wd1.myworkdayjobs.com/External/job/Drake-West-Village-Des-Moines-IA/Leasing-Manager---Drake-West-Village--Student-Living-_R0197927-1,blocked,,2026-09-24,0,ops,workday,Multifamily Property Manager,South Carolina,A,workday:greystar:/job/Drake-West-Village-Des-Moines-IA/Leasing-Manager---Drake-West-Village--Student-Living-_R0197927-1
Greystar,Leasing Manager - Elan Madison Yards,"Elan Madison Yards, Atlanta, GA",https://greystar.wd1.myworkdayjobs.com/External/job/Elan-Madison-Yards-Atlanta-GA/Leasing-Manager---Elan-Madison-Yards_R0199479,blocked,,2026-09-24,0,ops,workday,Multifamily Property Manager,South Carolina,A,workday:greystar:/job/Elan-Madison-Yards-Atlanta-GA/Leasing-Manager---Elan-Madison-Yards_R0199479
Greystar,Leasing Manager - Ethos,"Ethos (WA), Kent, WA",https://greystar.wd1.myworkdayjobs.com/External/job/Ethos-WA-Kent-WA/Leasing-Manager---Ethos_R0199943,blocked,,2026-09-24,0,ops,workday,Multifamily Property Manager,South Carolina,A,workday:greystar:/job/Ethos-WA-Kent-WA/Leasing-Manager---Ethos_R0199943
Greystar,Leasing Manager - Haven at M (Student Living),"Haven at M, Huntsville, TX",https://greystar.wd1.myworkdayjobs.com/External/job/Haven-at-M-Huntsville-TX/Leasing-Manager---Haven-at-M--Student-Living-_R0193518,blocked,,2026-09-24,0,ops,workday,Multifamily Property Manager,South Carolina,A,workday:greystar:/job/Haven-at-M-Huntsville-TX/Leasing-Manager---Haven-at-M--Student-Living-_R0193518
Greystar,Leasing Manager - Liberty Bay Club,"Liberty Bay Club, Bayonne, NJ",https://greystar.wd1.myworkdayjobs.com/External/job/Liberty-Bay-Club-Bayonne-NJ/Leasing-Manager---Liberty-Bay-Club_R0200429,blocked,,2026-09-24,0,ops,workday,Multifamily Property Manager,South Carolina,A,workday:greystar:/job/Liberty-Bay-Club-Bayonne-NJ/Leasing-Manager---Liberty-Bay-Club_R0200429
Greystar,Leasing Manager - Marlowe Lake Manatee,"Marlowe Lake Manatee, Bradenton, FL",https://greystar.wd1.myworkdayjobs.com/External/job/Marlowe-Lake-Manatee-Bradenton-FL/Leasing-Professional---Marlowe-Lake-Manatee_R0199765,blocked,,2026-09-24,0,ops,workday,Multifamily Property Manager,South Carolina,A,workday:greystar:/job/Marlowe-Lake-Manatee-Bradenton-FL/Leasing-Professional---Marlowe-Lake-Manatee_R0199765
Greystar,Leasing Manager - Mission Valley,"City Office Escondido, Escondido, CA",https://greystar.wd1.myworkdayjobs.com/External/job/City-Office-Escondido-Escondido-CA/Leasing-Manager---San-Diego_R0201182,live,,2026-09-24,0,ops,workday,Multifamily Property Manager,South Carolina,A,workday:greystar:/job/City-Office-Escondido-Escondido-CA/Leasing-Manager---San-Diego_R0201182
Greystar,Leasing Manager - Next on Lex/Brio,"Next on Lex, Glendale, CA",https://greystar.wd1.myworkdayjobs.com/External/job/Next-on-Lex-Glendale-CA/Leasing-Manager---Next-on-Lex-Brio_R0201889,live,,2026-09-24,0,ops,workday,Multifamily Property Manager,South Carolina,A,workday:greystar:/job/Next-on-Lex-Glendale-CA/Leasing-Manager---Next-on-Lex-Brio_R0201889
Greystar,Leasing Manager - Parc at 720 (Student Living),"Parc at 720, Edwardsville, IL",https://greystar.wd1.myworkdayjobs.com/External/job/Parc-at-720-Edwardsville-IL/Leasing-Manager---Parc-at-720--Student-Living-_R0193111,blocked,,2026-09-24,0,ops,workday,Multifamily Property Manager,South Carolina,A,workday:greystar:/job/Parc-at-720-Edwardsville-IL/Leasing-Manager---Parc-at-720--Student-Living-_R0193111
Greystar,Leasing Manager - Sarasota,"Sarasota, FL",https://greystar.wd1.myworkdayjobs.com/External/job/Sarasota-FL/Leasing-Manager---Sarasota_R0200911,blocked,,2026-09-24,0,ops,workday,Multifamily Property Manager,South Carolina,A,workday:greystar:/job/Sarasota-FL/Leasing-Manager---Sarasota_R0200911
Greystar,Leasing Manager - Sienna Residences,"Sienna Residences, Pomona, CA",https://greystar.wd1.myworkdayjobs.com/External/job/Sienna-Residences-Pomona-CA/Leasing-Manager---Sienna-Residences_R0198818,blocked,,2026-09-24,0,ops,workday,Multifamily Property Manager,South Carolina,A,workday:greystar:/job/Sienna-Residences-Pomona-CA/Leasing-Manager---Sienna-Residences_R0198818
Greystar,Leasing Manager - Slate at Merrimack,"Slate at Merrimack, Merrimack, NH",https://greystar.wd1.myworkdayjobs.com/External/job/Slate-at-Merrimack-Merrimack-NH/Leasing-Manager---Slate-at-Merrimack_R0201522,blocked,,2026-09-24,0,ops,workday,Multifamily Property Manager,South Carolina,A,workday:greystar:/job/Slate-at-Merrimack-Merrimack-NH/Leasing-Manager---Slate-at-Merrimack_R0201522
Greystar,Leasing Manager - Sola at Pacific Highlands Ranch,"Sola at Pacific Highlands Ranch, San Diego, CA",https://greystar.wd1.myworkdayjobs.com/External/job/Sola-at-Pacific-Highlands-Ranch-San-Diego-CA/Leasing-Manager---Sola-at-Pacific-Highlands-Ranch_R0199255,blocked,,2026-09-24,0,ops,workday,Multifamily Property Manager,South Carolina,A,workday:greystar:/job/Sola-at-Pacific-Highlands-Ranch-San-Diego-CA/Leasing-Manager---Sola-at-Pacific-Highlands-Ranch_R0199255
Greystar,Leasing Manager - Summit Place (Student Living),"Summit Place (SC), Charleston, SC",https://greystar.wd1.myworkdayjobs.com/External/job/Summit-Place-SC-Charleston-SC/Leasing-Manager---Summit-Place--Student-Living-_R0200969,blocked,,2026-09-24,0,ops,workday,Multifamily Property Manager,South Carolina,A,workday:greystar:/job/Summit-Place-SC-Charleston-SC/Leasing-Manager---Summit-Place--Student-Living-_R0200969
Greystar,Leasing Manager - The Landing,"The Landing (Inglewood,CA), Inglewood, CA",https://greystar.wd1.myworkdayjobs.com/External/job/The-Landing-InglewoodCA-Inglewood-CA/Leasing-Manager---The-Landing_R0199801,blocked,,2026-09-24,0,ops,workday,Multifamily Property Manager,South Carolina,A,workday:greystar:/job/The-Landing-InglewoodCA-Inglewood-CA/Leasing-Manager---The-Landing_R0199801
Greystar,Leasing Manager - Treehaus Clemson (Student Living),"Treehaus Clemson, Seneca, SC",https://greystar.wd1.myworkdayjobs.com/External/job/Treehaus-Clemson-Seneca-SC/Leasing-Manager---Treehaus-Clemson--Student-Living-_R0199050,blocked,,2026-09-24,0,ops,workday,Multifamily Property Manager,South Carolina,A,workday:greystar:/job/Treehaus-Clemson-Seneca-SC/Leasing-Manager---Treehaus-Clemson--Student-Living-_R0199050
Greystar,Leasing Manager - Zig Apartments,"Zig, Seattle, WA",https://greystar.wd1.myworkdayjobs.com/External/job/Zig-Seattle-WA/Leasing-Manager---Zig-Apartments_R0201581,live,,2026-09-24,0,ops,workday,Multifamily Property Manager,South Carolina,A,workday:greystar:/job/Zig-Seattle-WA/Leasing-Manager---Zig-Apartments_R0201581
Greystar,Leasing Manager- Meta Christy House (Student Living),"Meta Christy House, Philadelphia, PA",https://greystar.wd1.myworkdayjobs.com/External/job/Meta-Christy-House-Philadelphia-PA/Leasing-Manager--Meta-Christy-House--Student-Living-_R0200994,blocked,,2026-09-24,0,ops,workday,Multifamily Property Manager,South Carolina,A,workday:greystar:/job/Meta-Christy-House-Philadelphia-PA/Leasing-Manager--Meta-Christy-House--Student-Living-_R0200994
Greystar,Leasing Professional,"Birmingham, AL",https://greystar.wd1.myworkdayjobs.com/External/job/Birmingham-AL/Leasing-Professional_R0201950,live,,2026-09-24,0,ops,workday,Multifamily Property Manager,South Carolina,A,workday:greystar:/job/Birmingham-AL/Leasing-Professional_R0201950
Greystar,Leasing Professional,"Charlotte, NC",https://greystar.wd1.myworkdayjobs.com/External/job/Charlotte-NC/Leasing-Professional_R0199755,blocked,,2026-09-24,0,ops,workday,Multifamily Property Manager,South Carolina,A,workday:greystar:/job/Charlotte-NC/Leasing-Professional_R0199755
Greystar,Leasing Professional,"Toronto Corporate Office, Toronto, CAN",https://greystar.wd1.myworkdayjobs.com/External/job/Toronto-Corporate-Office-Toronto-CAN/Leasing-Professional_R0197925,blocked,,2026-09-24,0,ops,workday,Multifamily Property Manager,South Carolina,A,workday:greystar:/job/Toronto-Corporate-Office-Toronto-CAN/Leasing-Professional_R0197925
Greystar,Leasing Professional,"Toronto Corporate Office, Toronto, CAN",https://greystar.wd1.myworkdayjobs.com/External/job/Toronto-Corporate-Office-Toronto-CAN/Leasing-Professional_R0191913-1,blocked,,2026-09-24,0,ops,workday,Multifamily Property Manager,South Carolina,A,workday:greystar:/job/Toronto-Corporate-Office-Toronto-CAN/Leasing-Professional_R0191913-1
Greystar,Leasing Professional (Lease Up) - Residences at Silver Ridge,"Residences at Silver Ridge, Humble, TX",https://greystar.wd1.myworkdayjobs.com/External/job/Residences-at-Silver-Ridge-Humble-TX/Leasing-Professional--Lease-Up----Residences-at-Silver-Ridge_R0200584-1,blocked,,2026-09-24,0,ops,workday,Multifamily Property Manager,South Carolina,A,workday:greystar:/job/Residences-at-Silver-Ridge-Humble-TX/Leasing-Professional--Lease-Up----Residences-at-Silver-Ridge_R0200584-1
Greystar,Leasing Professional (Lease Up) - Samuel,"Samuel, Tempe, AZ",https://greystar.wd1.myworkdayjobs.com/External/job/Samuel-Tempe-AZ/Leasing-Professional--Lease-Up----Samuel_R0201821,live,,2026-09-24,0,ops,workday,Multifamily Property Manager,South Carolina,A,workday:greystar:/job/Samuel-Tempe-AZ/Leasing-Professional--Lease-Up----Samuel_R0201821
Greystar,Leasing Professional (Lease Up) - Summerwell Marvida,"Summerwell Marvida, Cypress, TX",https://greystar.wd1.myworkdayjobs.com/External/job/Summerwell-Marvida-Cypress-TX/Leasing-Professional--Lease-Up----Summerwell-Marvida_R0200382-1,blocked,,2026-09-24,0,ops,workday,Multifamily Property Manager,South Carolina,A,workday:greystar:/job/Summerwell-Marvida-Cypress-TX/Leasing-Professional--Lease-Up----Summerwell-Marvida_R0200382-1
Greystar,Leasing Professional (Lease Up) - The Lucille Waco,"The Lucille Waco, Waco, TX",https://greystar.wd1.myworkdayjobs.com/External/job/The-Lucille-Waco-Waco-TX/Leasing-Professional--Lease-Up----The-Lucille-Waco_R0198908,blocked,,2026-09-24,0,ops,workday,Multifamily Property Manager,South Carolina,A,workday:greystar:/job/The-Lucille-Waco-Waco-TX/Leasing-Professional--Lease-Up----The-Lucille-Waco_R0198908
Greystar,Leasing Professional (Lease Up) - The Maris,"The Maris, Austin, TX",https://greystar.wd1.myworkdayjobs.com/External/job/The-Maris-Austin-TX/Leasing-Professional--Lease-Up----The-Maris_R0202060,live,,2026-09-24,0,ops,workday,Multifamily Property Manager,South Carolina,A,workday:greystar:/job/The-Maris-Austin-TX/Leasing-Professional--Lease-Up----The-Maris_R0202060
Greystar,Leasing Professional (Lease-Up) - Broadstone Candela,"Broadstone Candela, Richmond, TX",https://greystar.wd1.myworkdayjobs.com/External/job/Broadstone-Candela-Richmond-TX/Leasing-Professional--Lease-Up----Broadstone-Candela_R0196833,blocked,,2026-09-24,0,ops,workday,Multifamily Property Manager,South Carolina,A,workday:greystar:/job/Broadstone-Candela-Richmond-TX/Leasing-Professional--Lease-Up----Broadstone-Candela_R0196833
Greystar,Leasing Professional (Lease-Up) - Cypress Heights,"Cypress Heights, Cypress, TX",https://greystar.wd1.myworkdayjobs.com/External/job/Cypress-Heights-Cypress-TX/Leasing-Professional--Lease-Up----Cypress-Heights_R0201629,live,,2026-09-24,0,ops,workday,Multifamily Property Manager,South Carolina,A,workday:greystar:/job/Cypress-Heights-Cypress-TX/Leasing-Professional--Lease-Up----Cypress-Heights_R0201629
Greystar,Leasing Professional (Multi Site) - North Austin,"Caso University Heights, Round Rock, TX",https://greystar.wd1.myworkdayjobs.com/External/job/Caso-University-Heights-Round-Rock-TX/Leasing-Professional--Multi-Site----North-Austin_R0201356,live,,2026-09-24,0,ops,workday,Multifamily Property Manager,South Carolina,A,workday:greystar:/job/Caso-University-Heights-Round-Rock-TX/Leasing-Professional--Multi-Site----North-Austin_R0201356
Greystar,Leasing Professional (Multi-Site),3 Locations,https://greystar.wd1.myworkdayjobs.com/External/job/Sunstone-NC-Chapel-Hill-NC/Leasing-Professional--Multi-Site-_R0197734,blocked,,2026-09-24,0,ops,workday,Multifamily Property Manager,South Carolina,A,workday:greystar:/job/Sunstone-NC-Chapel-Hill-NC/Leasing-Professional--Multi-Site-_R0197734
Greystar,Leasing Professional (Multi-Site),"Sedgefield, Charlotte, NC",https://greystar.wd1.myworkdayjobs.com/External/job/Sedgefield-Charlotte-NC/Leasing-Professional--Multi-Site-_R0196740,live,,2026-09-24,0,ops,workday,Multifamily Property Manager,South Carolina,A,workday:greystar:/job/Sedgefield-Charlotte-NC/Leasing-Professional--Multi-Site-_R0196740
Greystar,Leasing Professional (Part - Time) - Villas at Princeton Lakes,"Villas at Princeton Lakes, Atlanta, GA",https://greystar.wd1.myworkdayjobs.com/External/job/Villas-at-Princeton-Lakes-Atlanta-GA/Leasing-Professional--Part---Time----Villas-at-Princeton-Lakes_R0196054,blocked,,2026-09-24,0,ops,workday,Multifamily Property Manager,South Carolina,A,workday:greystar:/job/Villas-at-Princeton-Lakes-Atlanta-GA/Leasing-Professional--Part---Time----Villas-at-Princeton-Lakes_R0196054
Greystar,Leasing Professional (Part Time) - Pradera,"Pradera (San Antonio,TX), San Antonio, TX",https://greystar.wd1.myworkdayjobs.com/External/job/Pradera-San-AntonioTX-San-Antonio-TX/Leasing-Professional--Part-Time----Pradera_R0201425-1,blocked,,2026-09-24,0,ops,workday,Multifamily Property Manager,South Carolina,A,workday:greystar:/job/Pradera-San-AntonioTX-San-Antonio-TX/Leasing-Professional--Part-Time----Pradera_R0201425-1
Greystar,Leasing Professional (Part Time) - The Waters at Hammond,"The Waters at Hammond, Hammond, LA",https://greystar.wd1.myworkdayjobs.com/External/job/The-Waters-at-Hammond-Hammond-LA/Leasing-Professional--Part-Time----The-Waters-at-Hammond_R0199371-1,blocked,,2026-09-24,0,ops,workday,Multifamily Property Manager,South Carolina,A,workday:greystar:/job/The-Waters-at-Hammond-Hammond-LA/Leasing-Professional--Part-Time----The-Waters-at-Hammond_R0199371-1
Greystar,Leasing Professional (Part- time) - Eden at Kendall West,"Eden at Kendall West, Jacksonville, FL",https://greystar.wd1.myworkdayjobs.com/External/job/Eden-at-Kendall-West-Jacksonville-FL/Leasing-Professional--Part--time----Eden-at-Kendall-West_R0201268,blocked,,2026-09-24,0,ops,workday,Multifamily Property Manager,South Carolina,A,workday:greystar:/job/Eden-at-Kendall-West-Jacksonville-FL/Leasing-Professional--Part--time----Eden-at-Kendall-West_R0201268
Greystar,Leasing Professional (Part-Time) - Atlantic Springs,"Atlantic Springs, Raleigh, NC",https://greystar.wd1.myworkdayjobs.com/External/job/Atlantic-Springs-Raleigh-NC/Leasing-Professional--Part-Time----Atlantic-Springs_R0199225,blocked,,2026-09-24,0,ops,workday,Multifamily Property Manager,South Carolina,A,workday:greystar:/job/Atlantic-Springs-Raleigh-NC/Leasing-Professional--Part-Time----Atlantic-Springs_R0199225
Greystar,Leasing Professional (Part-Time) - Creekside Townhomes,"Creekside Townhomes, Richardson, TX",https://greystar.wd1.myworkdayjobs.com/External/job/Creekside-Townhomes-Richardson-TX/Leasing-Professional--Part-Time----Creekside-Townhomes_R0201163,blocked,,2026-09-24,0,ops,workday,Multifamily Property Manager,South Carolina,A,workday:greystar:/job/Creekside-Townhomes-Richardson-TX/Leasing-Professional--Part-Time----Creekside-Townhomes_R0201163
Greystar,Leasing Professional (Part-Time) - Griffin Durham,"Griffin Durham, Durham, NC",https://greystar.wd1.myworkdayjobs.com/External/job/Griffin-Durham-Durham-NC/Leasing-Professional--Part-Time----Griffin-Durham_R0199774,blocked,,2026-09-24,0,ops,workday,Multifamily Property Manager,South Carolina,A,workday:greystar:/job/Griffin-Durham-Durham-NC/Leasing-Professional--Part-Time----Griffin-Durham_R0199774
Greystar,Leasing Professional (Part-Time) - Ludlam Point,"Ludlam Point, Miami, FL",https://greystar.wd1.myworkdayjobs.com/External/job/Ludlam-Point-Miami-FL/Leasing-Professional--Part-Time----Ludlam-Point_R0195221,blocked,,2026-09-24,0,ops,workday,Multifamily Property Manager,South Carolina,A,workday:greystar:/job/Ludlam-Point-Miami-FL/Leasing-Professional--Part-Time----Ludlam-Point_R0195221
Greystar,Leasing Professional (Temporary) - Rustico,"Rustico, Boerne, TX",https://greystar.wd1.myworkdayjobs.com/External/job/Rustico-Boerne-TX/Leasing-Professional--Temporary----Rustico_R0201421,blocked,,2026-09-24,0,ops,workday,Multifamily Property Manager,South Carolina,A,workday:greystar:/job/Rustico-Boerne-TX/Leasing-Professional--Temporary----Rustico_R0201421
Greystar,Leasing Professional -  Bardin Green,"Bardin Greene, Arlington, TX",https://greystar.wd1.myworkdayjobs.com/External/job/Bardin-Greene-Arlington-TX/Leasing-Professional----Bardin-Green_R0200017,blocked,,2026-09-24,0,ops,workday,Multifamily Property Manager,South Carolina,A,workday:greystar:/job/Bardin-Greene-Arlington-TX/Leasing-Professional----Bardin-Green_R0200017
Greystar,Leasing Professional - (Part-Time) - Dane Park North Garland,"Dane Park North Garland, Garland, TX",https://greystar.wd1.myworkdayjobs.com/External/job/Dane-Park-North-Garland-Garland-TX/Leasing-Professional----Part-Time----Dane-Park-North-Garland_R0200381,blocked,,2026-09-24,0,ops,workday,Multifamily Property Manager,South Carolina,A,workday:greystar:/job/Dane-Park-North-Garland-Garland-TX/Leasing-Professional----Part-Time----Dane-Park-North-Garland_R0200381
Greystar,Leasing Professional - 222 North City,"222 North City, San Marcos, CA",https://greystar.wd1.myworkdayjobs.com/External/job/222-North-City-San-Marcos-CA/Leasing-Professional---222-North-City_R0201309,blocked,,2026-09-24,0,ops,workday,Multifamily Property Manager,South Carolina,A,workday:greystar:/job/222-North-City-San-Marcos-CA/Leasing-Professional---222-North-City_R0201309
Greystar,Leasing Professional - 25 North Lex,"25 North Lex, White Plains, NY",https://greystar.wd1.myworkdayjobs.com/External/job/25-North-Lex-White-Plains-NY/Leasing-Professional---25-North-Lex_R0199517,blocked,,2026-09-24,0,ops,workday,Multifamily Property Manager,South Carolina,A,workday:greystar:/job/25-North-Lex-White-Plains-NY/Leasing-Professional---25-North-Lex_R0199517
Greystar,Leasing Professional - 3500 West View,"3500 West View, Henrico, VA",https://greystar.wd1.myworkdayjobs.com/External/job/3500-West-View-Henrico-VA/Leasing-Professional---3500-West-View_R0199700,blocked,,2026-09-24,0,ops,workday,Multifamily Property Manager,South Carolina,A,workday:greystar:/job/3500-West-View-Henrico-VA/Leasing-Professional---3500-West-View_R0199700
Greystar,Leasing Professional - 505 Summit,"505 Summit, Jersey City, NJ",https://greystar.wd1.myworkdayjobs.com/External/job/505-Summit-Jersey-City-NJ/Leasing-Professional---505-Summit_R0198486,blocked,,2026-09-24,0,ops,workday,Multifamily Property Manager,South Carolina,A,workday:greystar:/job/505-Summit-Jersey-City-NJ/Leasing-Professional---505-Summit_R0198486
Greystar,Leasing Professional - 601 Pax,"601 PAX, Phoenix, AZ",https://greystar.wd1.myworkdayjobs.com/External/job/601-PAX-Phoenix-AZ/Leasing-Professional---601-Pax_R0201497,blocked,,2026-09-24,0,ops,workday,Multifamily Property Manager,South Carolina,A,workday:greystar:/job/601-PAX-Phoenix-AZ/Leasing-Professional---601-Pax_R0201497
Greystar,Leasing Professional - Alamo Residences at Spurs Lane,"Alamo Residences at Spurs Lane, San Antonio, TX",https://greystar.wd1.myworkdayjobs.com/External/job/Alamo-Residences-at-Spurs-Lane-San-Antonio-TX/Leasing-Professional---Alamo-Residences-at-Spurs-Lane_R0200179,blocked,,2026-09-24,0,ops,workday,Multifamily Property Manager,South Carolina,A,workday:greystar:/job/Alamo-Residences-at-Spurs-Lane-San-Antonio-TX/Leasing-Professional---Alamo-Residences-at-Spurs-Lane_R0200179
Greystar,Leasing Professional - Albion on Northwest,"Albion on Northwest, Palatine, IL",https://greystar.wd1.myworkdayjobs.com/External/job/Albion-on-Northwest-Palatine-IL/Leasing-Professional---Albion-on-Northwest_R0202098,live,,2026-09-24,0,ops,workday,Multifamily Property Manager,South Carolina,A,workday:greystar:/job/Albion-on-Northwest-Palatine-IL/Leasing-Professional---Albion-on-Northwest_R0202098
Greystar,Leasing Professional - Alexan Rivercrest,"Alexan Rivercrest, Austin, TX",https://greystar.wd1.myworkdayjobs.com/External/job/Alexan-Rivercrest-Austin-TX/Leasing-Professional---Alexan-Rivercrest_R0197610,blocked,,2026-09-24,0,ops,workday,Multifamily Property Manager,South Carolina,A,workday:greystar:/job/Alexan-Rivercrest-Austin-TX/Leasing-Professional---Alexan-Rivercrest_R0197610
Greystar,Leasing Professional - Alexan by the Galleria,"Alexan by the Galleria, Dallas, TX",https://greystar.wd1.myworkdayjobs.com/External/job/Alexan-by-the-Galleria-Dallas-TX/Leasing-Professional---Alexan-by-the-Galleria_R0201265,blocked,,2026-09-24,0,ops,workday,Multifamily Property Manager,South Carolina,A,workday:greystar:/job/Alexan-by-the-Galleria-Dallas-TX/Leasing-Professional---Alexan-by-the-Galleria_R0201265
Greystar,Leasing Professional - Allaso Peak,"Allaso Peak, Colorado Springs, CO",https://greystar.wd1.myworkdayjobs.com/External/job/Allaso-Peak-Colorado-Springs-CO/Leasing-Professional---Allaso-Peak_R0201479,blocked,,2026-09-24,0,ops,workday,Multifamily Property Manager,South Carolina,A,workday:greystar:/job/Allaso-Peak-Colorado-Springs-CO/Leasing-Professional---Allaso-Peak_R0201479
Greystar,Leasing Professional - Alta Avondale,"Alta Avondale, Avondale, AZ",https://greystar.wd1.myworkdayjobs.com/External/job/Alta-Avondale-Avondale-AZ/Leasing-Professional---Alta-Avondale_R0200870,live,,2026-09-24,0,ops,workday,Multifamily Property Manager,South Carolina,A,workday:greystar:/job/Alta-Avondale-Avondale-AZ/Leasing-Professional---Alta-Avondale_R0200870
Greystar,Leasing Professional - Alta Civic Station,"Alta Civic Station, Gresham, OR",https://greystar.wd1.myworkdayjobs.com/External/job/Alta-Civic-Station-Gresham-OR/Leasing-Professional---Alta-Civic-Station_R0194000,blocked,,2026-09-24,0,ops,workday,Multifamily Property Manager,South Carolina,A,workday:greystar:/job/Alta-Civic-Station-Gresham-OR/Leasing-Professional---Alta-Civic-Station_R0194000
Greystar,Leasing Professional - Alta Federal Hill,"Alta Federal Hill, Baltimore, MD",https://greystar.wd1.myworkdayjobs.com/External/job/Alta-Federal-Hill-Baltimore-MD/Leasing-Professional---Alta-Federal-Hill_R0201981,live,,2026-09-24,0,ops,workday,Multifamily Property Manager,South Carolina,A,workday:greystar:/job/Alta-Federal-Hill-Baltimore-MD/Leasing-Professional---Alta-Federal-Hill_R0201981
Greystar,Leasing Professional - Alta Lofts on the Levee,"Alta Lofts on the Levee, Nashville, TN",https://greystar.wd1.myworkdayjobs.com/External/job/Alta-Lofts-on-the-Levee-Nashville-TN/Leasing-Professional---Alta-Lofts-on-the-Levee_R0198170,blocked,,2026-09-24,0,ops,workday,Multifamily Property Manager,South Carolina,A,workday:greystar:/job/Alta-Lofts-on-the-Levee-Nashville-TN/Leasing-Professional---Alta-Lofts-on-the-Levee_R0198170
Greystar,Leasing Professional - Alta Nova,"Alta NOVA, Falls Church, VA",https://greystar.wd1.myworkdayjobs.com/External/job/Alta-NOVA-Falls-Church-VA/Leasing-Professional---Alta-Nova_R0198921,blocked,,2026-09-24,0,ops,workday,Multifamily Property Manager,South Carolina,A,workday:greystar:/job/Alta-NOVA-Falls-Church-VA/Leasing-Professional---Alta-Nova_R0198921
Greystar,Leasing Professional - Alta University Place,"Alta University Place, University Place, WA",https://greystar.wd1.myworkdayjobs.com/External/job/Alta-University-Place-University-Place-WA/Leasing-Professional---Alta-University-Place_R0201944,live,,2026-09-24,0,ops,workday,Multifamily Property Manager,South Carolina,A,workday:greystar:/job/Alta-University-Place-University-Place-WA/Leasing-Professional---Alta-University-Place_R0201944
Greystar,Leasing Professional - Alta at The Farm,"Alta at the Farm, Allen, TX",https://greystar.wd1.myworkdayjobs.com/External/job/Alta-at-the-Farm-Allen-TX/Leasing-Professional---Alta-at-The-Farm_R0199674,blocked,,2026-09-24,0,ops,workday,Multifamily Property Manager,South Carolina,A,workday:greystar:/job/Alta-at-the-Farm-Allen-TX/Leasing-Professional---Alta-at-The-Farm_R0199674
Greystar,Leasing Professional - Altera Jacaranda,"Altera Jacaranda, Venice, FL",https://greystar.wd1.myworkdayjobs.com/External/job/Altera-Jacaranda-Venice-FL/Leasing-Professional---Altera-Jacaranda_R0199990,blocked,,2026-09-24,0,ops,workday,Multifamily Property Manager,South Carolina,A,workday:greystar:/job/Altera-Jacaranda-Venice-FL/Leasing-Professional---Altera-Jacaranda_R0199990
Greystar,Leasing Professional - Altera Union City,"Altera Union City, Fairburn, GA",https://greystar.wd1.myworkdayjobs.com/External/job/Altera-Union-City-Fairburn-GA/Leasing-Professional---Altera-Union-City_R0199536,blocked,,2026-09-24,0,ops,workday,Multifamily Property Manager,South Carolina,A,workday:greystar:/job/Altera-Union-City-Fairburn-GA/Leasing-Professional---Altera-Union-City_R0199536
Greystar,Leasing Professional - Amazon Falls,"Amazon Falls, Eagle, ID",https://greystar.wd1.myworkdayjobs.com/External/job/Amazon-Falls-Eagle-ID/Leasing-Professional---Amazon-Falls_R0201656,live,,2026-09-24,0,ops,workday,Multifamily Property Manager,South Carolina,A,workday:greystar:/job/Amazon-Falls-Eagle-ID/Leasing-Professional---Amazon-Falls_R0201656
Greystar,Leasing Professional - Amble at First Creek,"Amble at First Creek, Henderson, CO",https://greystar.wd1.myworkdayjobs.com/External/job/Amble-at-First-Creek-Henderson-CO/Leasing-Professional---Amble-at-First-Creek_R0201663,live,,2026-09-24,0,ops,workday,Multifamily Property Manager,South Carolina,A,workday:greystar:/job/Amble-at-First-Creek-Henderson-CO/Leasing-Professional---Amble-at-First-Creek_R0201663
Greystar,Leasing Professional - Arbor Heights,"Arbor Heights, Tigard, OR",https://greystar.wd1.myworkdayjobs.com/External/job/Arbor-Heights-Tigard-OR/Leasing-Professional---Arbor-Heights_R0194659,live,,2026-09-24,0,ops,workday,Multifamily Property Manager,South Carolina,A,workday:greystar:/job/Arbor-Heights-Tigard-OR/Leasing-Professional---Arbor-Heights_R0194659
Greystar,Leasing Professional - Arcadia 1850,"Arcadia 1850, Buford, GA",https://greystar.wd1.myworkdayjobs.com/External/job/Arcadia-1850-Buford-GA/Leasing-Professional---Arcadia-1850_R0200014-1,blocked,,2026-09-24,0,ops,workday,Multifamily Property Manager,South Carolina,A,workday:greystar:/job/Arcadia-1850-Buford-GA/Leasing-Professional---Arcadia-1850_R0200014-1
Greystar,Leasing Professional - Arcadia at Carolina Forest,"Arcadia at Carolina Forest, Myrtle Beach, SC",https://greystar.wd1.myworkdayjobs.com/External/job/Arcadia-at-Carolina-Forest-Myrtle-Beach-SC/Leasing-Professional---Arcadia-at-Carolina-Forest_R0201423,live,,2026-09-24,0,ops,workday,Multifamily Property Manager,South Carolina,A,workday:greystar:/job/Arcadia-at-Carolina-Forest-Myrtle-Beach-SC/Leasing-Professional---Arcadia-at-Carolina-Forest_R0201423
Greystar,Leasing Professional - Arcadia at Symphony Park,"Arcadia at Symphony Park, McDonough, GA",https://greystar.wd1.myworkdayjobs.com/External/job/Arcadia-at-Symphony-Park-McDonough-GA/Leasing-Professional---Arcadia-at-Symphony-Park_R0198374,blocked,,2026-09-24,0,ops,workday,Multifamily Property Manager,South Carolina,A,workday:greystar:/job/Arcadia-at-Symphony-Park-McDonough-GA/Leasing-Professional---Arcadia-at-Symphony-Park_R0198374
Greystar,Leasing Professional - Arlington 360,"Arlington 360, Arlington, MA",https://greystar.wd1.myworkdayjobs.com/External/job/Arlington-360-Arlington-MA/Leasing-Professional---Arlington-360_R0201576,live,,2026-09-24,0,ops,workday,Multifamily Property Manager,South Carolina,A,workday:greystar:/job/Arlington-360-Arlington-MA/Leasing-Professional---Arlington-360_R0201576
Greystar,Leasing Professional - Artemis at Spring Canyon,"Artemis at Spring Canyon, Colorado Springs, CO",https://greystar.wd1.myworkdayjobs.com/External/job/Artemis-at-Spring-Canyon-Colorado-Springs-CO/Leasing-Professional---Artemis-at-Spring-Canyon_R0197923,blocked,,2026-09-24,0,ops,workday,Multifamily Property Manager,South Carolina,A,workday:greystar:/job/Artemis-at-Spring-Canyon-Colorado-Springs-CO/Leasing-Professional---Artemis-at-Spring-Canyon_R0197923
Greystar,Leasing Professional - Ascend at Arcadia,"Ascend at Arcadia, Denver, CO",https://greystar.wd1.myworkdayjobs.com/External/job/Ascend-at-Arcadia-Denver-CO/Leasing-Professional---Ascend-at-Arcadia_R0199576,blocked,,2026-09-24,0,ops,workday,Multifamily Property Manager,South Carolina,A,workday:greystar:/job/Ascend-at-Arcadia-Denver-CO/Leasing-Professional---Ascend-at-Arcadia_R0199576
Greystar,Leasing Professional - Ascend at Celina Hills,"Ascend at Celina Hills, Celina, TX",https://greystar.wd1.myworkdayjobs.com/External/job/Ascend-at-Celina-Hills-Celina-TX/Leasing-Professional---Ascend-at-Celina-Hills_R0201426,blocked,,2026-09-24,0,ops,workday,Multifamily Property Manager,South Carolina,A,workday:greystar:/job/Ascend-at-Celina-Hills-Celina-TX/Leasing-Professional---Ascend-at-Celina-Hills_R0201426
Greystar,Leasing Professional - Ascend at Pioneer Hill,"Ascend at Pioneer Hill, Austin, TX",https://greystar.wd1.myworkdayjobs.com/External/job/Ascend-at-Pioneer-Hill-Austin-TX/Leasing-Professional---Ascend-at-Pioneer-Hill_R0200646,blocked,,2026-09-24,0,ops,workday,Multifamily Property Manager,South Carolina,A,workday:greystar:/job/Ascend-at-Pioneer-Hill-Austin-TX/Leasing-Professional---Ascend-at-Pioneer-Hill_R0200646
Greystar,Leasing Professional - Aston City Springs,"Aston City Springs, Sandy Springs, GA",https://greystar.wd1.myworkdayjobs.com/External/job/Aston-City-Springs-Sandy-Springs-GA/Leasing-Professional---Aston-City-Springs_R0201714,live,,2026-09-24,0,ops,workday,Multifamily Property Manager,South Carolina,A,workday:greystar:/job/Aston-City-Springs-Sandy-Springs-GA/Leasing-Professional---Aston-City-Springs_R0201714
Greystar,Leasing Professional - Auxo at Memorial,"Auxo at Memorial, Houston, TX",https://greystar.wd1.myworkdayjobs.com/External/job/Auxo-at-Memorial-Houston-TX/Leasing-Professional---Auxo-at-Memorial_R0201247,blocked,,2026-09-24,0,ops,workday,Multifamily Property Manager,South Carolina,A,workday:greystar:/job/Auxo-at-Memorial-Houston-TX/Leasing-Professional---Auxo-at-Memorial_R0201247
Greystar,Leasing Professional - Avana Lexington,"Avana Lexington, Nashville, TN",https://greystar.wd1.myworkdayjobs.com/External/job/Avana-Lexington-Nashville-TN/Leasing-Professional---Avana-Lexington_R0194770,live,,2026-09-24,0,ops,workday,Multifamily Property Manager,South Carolina,A,workday:greystar:/job/Avana-Lexington-Nashville-TN/Leasing-Professional---Avana-Lexington_R0194770
Greystar,Leasing Professional - Avana Long Point,"Avana Long Point, Mount Pleasant, SC",https://greystar.wd1.myworkdayjobs.com/External/job/Avana-Long-Point-Mount-Pleasant-SC/Leasing-Professional---Avana-Long-Point_R0201967,live,,2026-09-24,0,ops,workday,Multifamily Property Manager,South Carolina,A,workday:greystar:/job/Avana-Long-Point-Mount-Pleasant-SC/Leasing-Professional---Avana-Long-Point_R0201967
Greystar,Leasing Professional - Avana Overlook,"Avana Overlook, Antioch, TN",https://greystar.wd1.myworkdayjobs.com/External/job/Avana-Overlook-Antioch-TN/Leasing-Professional---Avana-Overlook_R0200948,blocked,,2026-09-24,0,ops,workday,Multifamily Property Manager,South Carolina,A,workday:greystar:/job/Avana-Overlook-Antioch-TN/Leasing-Professional---Avana-Overlook_R0200948
Greystar,Leasing Professional - Avana South Station,"Avana at South Station, Tukwila, WA",https://greystar.wd1.myworkdayjobs.com/External/job/Avana-at-South-Station-Tukwila-WA/Leasing-Professional---Avana-South-Station_R0200396,blocked,,2026-09-24,0,ops,workday,Multifamily Property Manager,South Carolina,A,workday:greystar:/job/Avana-at-South-Station-Tukwila-WA/Leasing-Professional---Avana-South-Station_R0200396
Greystar,Leasing Professional - Avana South Station,"Avana at South Station, Tukwila, WA",https://greystar.wd1.myworkdayjobs.com/External/job/Avana-at-South-Station-Tukwila-WA/Leasing-Professional---Avana-South-Station_R0198705-1,live,,2026-09-24,0,ops,workday,Multifamily Property Manager,South Carolina,A,workday:greystar:/job/Avana-at-South-Station-Tukwila-WA/Leasing-Professional---Avana-South-Station_R0198705-1
Greystar,Leasing Professional - Avana Woods,"Avana Woods, Alpharetta, GA",https://greystar.wd1.myworkdayjobs.com/External/job/Avana-Woods-Alpharetta-GA/Leasing-Professional---Avana-Woods_R0200005,blocked,,2026-09-24,0,ops,workday,Multifamily Property Manager,South Carolina,A,workday:greystar:/job/Avana-Woods-Alpharetta-GA/Leasing-Professional---Avana-Woods_R0200005
Greystar,Leasing Professional - Avelyn Manor,"Avelyn Manor, Manor, TX",https://greystar.wd1.myworkdayjobs.com/External/job/Avelyn-Manor-Manor-TX/Leasing-Professional---Avelyn-Manor_R0201721,live,,2026-09-24,0,ops,workday,Multifamily Property Manager,South Carolina,A,workday:greystar:/job/Avelyn-Manor-Manor-TX/Leasing-Professional---Avelyn-Manor_R0201721
Greystar,Leasing Professional - Aventino,"Aventino, Los Gatos, CA",https://greystar.wd1.myworkdayjobs.com/External/job/Aventino-Los-Gatos-CA/Leasing-Professional---Aventino_R0191839,blocked,,2026-09-24,0,ops,workday,Multifamily Property Manager,South Carolina,A,workday:greystar:/job/Aventino-Los-Gatos-CA/Leasing-Professional---Aventino_R0191839
Greystar,Leasing Professional - Aventura Bellevue,"Aventura Bellevue, Nashville, TN",https://greystar.wd1.myworkdayjobs.com/External/job/Aventura-Bellevue-Nashville-TN/Leasing-Professional---Aventura-Bellevue_R0201881,live,,2026-09-24,0,ops,workday,Multifamily Property Manager,South Carolina,A,workday:greystar:/job/Aventura-Bellevue-Nashville-TN/Leasing-Professional---Aventura-Bellevue_R0201881
Greystar,Leasing Professional - Avila at Rancho Santa Margarita,"Avila at Rancho Santa Margarita, Rancho Santa Margarita, CA",https://greystar.wd1.myworkdayjobs.com/External/job/Avila-at-Rancho-Santa-Margarita-Rancho-Santa-Margarita-CA/Leasing-Professional---Avila-at-Rancho-Santa-Margarita_R0194773,blocked,,2026-09-24,0,ops,workday,Multifamily Property Manager,South Carolina,A,workday:greystar:/job/Avila-at-Rancho-Santa-Margarita-Rancho-Santa-Margarita-CA/Leasing-Professional---Avila-at-Rancho-Santa-Margarita_R0194773
Greystar,Leasing Professional - Ballard on the Park,"Ballard on the Park, Seattle, WA",https://greystar.wd1.myworkdayjobs.com/External/job/Ballard-on-the-Park-Seattle-WA/Ballard---Leasing-Professional_R0201536,live,,2026-09-24,0,ops,workday,Multifamily Property Manager,South Carolina,A,workday:greystar:/job/Ballard-on-the-Park-Seattle-WA/Ballard---Leasing-Professional_R0201536
Greystar,Leasing Professional - Bay Court at Harbour Pointe,"Bay Court at Harbour Pointe, Mukilteo, WA",https://greystar.wd1.myworkdayjobs.com/External/job/Bay-Court-at-Harbour-Pointe-Mukilteo-WA/Leasing-Professional---Bay-Court-at-Harbour-Pointe_R0200795,blocked,,2026-09-24,0,ops,workday,Multifamily Property Manager,South Carolina,A,workday:greystar:/job/Bay-Court-at-Harbour-Pointe-Mukilteo-WA/Leasing-Professional---Bay-Court-at-Harbour-Pointe_R0200795
Greystar,Leasing Professional - Bella Mirage (TEMPORARY),"Bella Mirage, Avondale, AZ",https://greystar.wd1.myworkdayjobs.com/External/job/Bella-Mirage-Avondale-AZ/Floating-Leasing-Professional---Bella-Mirage_R0201642,live,,2026-09-24,0,ops,workday,Multifamily Property Manager,South Carolina,A,workday:greystar:/job/Bella-Mirage-Avondale-AZ/Floating-Leasing-Professional---Bella-Mirage_R0201642
Greystar,Leasing Professional - Belmont,"Belmont, Orlando, FL",https://greystar.wd1.myworkdayjobs.com/External/job/Belmont-Orlando-FL/Leasing-Professional---Belmont_R0200347-1,blocked,,2026-09-24,0,ops,workday,Multifamily Property Manager,South Carolina,A,workday:greystar:/job/Belmont-Orlando-FL/Leasing-Professional---Belmont_R0200347-1
Greystar,Leasing Professional - Benton Pointe,"Benton Pointe, Allen, TX",https://greystar.wd1.myworkdayjobs.com/External/job/Benton-Pointe-Allen-TX/Leasing-Professional---Benton-Pointe_R0199685,blocked,,2026-09-24,0,ops,workday,Multifamily Property Manager,South Carolina,A,workday:greystar:/job/Benton-Pointe-Allen-TX/Leasing-Professional---Benton-Pointe_R0199685
Greystar,Leasing Professional - Boardwalk at Town Center,"Boardwalk at Town Center, Spring, TX",https://greystar.wd1.myworkdayjobs.com/External/job/Boardwalk-at-Town-Center-Spring-TX/Leasing-Professional---Boardwalk-at-Town-Center_R0192519,blocked,,2026-09-24,0,ops,workday,Multifamily Property Manager,South Carolina,A,workday:greystar:/job/Boardwalk-at-Town-Center-Spring-TX/Leasing-Professional---Boardwalk-at-Town-Center_R0192519
Greystar,Leasing Professional - Braeswood Place,"Braeswood Place, Houston, TX",https://greystar.wd1.myworkdayjobs.com/External/job/Braeswood-Place-Houston-TX/Leasing-Professional---Braeswood-Place_R0199117,blocked,,2026-09-24,0,ops,workday,Multifamily Property Manager,South Carolina,A,workday:greystar:/job/Braeswood-Place-Houston-TX/Leasing-Professional---Braeswood-Place_R0199117
Greystar,Leasing Professional - Broadstone Baybrook,"Broadstone Baybrook, Webster, TX",https://greystar.wd1.myworkdayjobs.com/External/job/Broadstone-Baybrook-Webster-TX/Leasing-Professional---Broadstone-Baybrook_R0200097-1,blocked,,2026-09-24,0,ops,workday,Multifamily Property Manager,South Carolina,A,workday:greystar:/job/Broadstone-Baybrook-Webster-TX/Leasing-Professional---Broadstone-Baybrook_R0200097-1
Greystar,Leasing Professional - Broadstone Solmere,"Broadstone Solmere, Lakewood, WA",https://greystar.wd1.myworkdayjobs.com/External/job/Broadstone-Solmere-Lakewood-WA/Lease-Professional---Broadstone-Solmere_R0200453,blocked,,2026-09-24,0,ops,workday,Multifamily Property Manager,South Carolina,A,workday:greystar:/job/Broadstone-Solmere-Lakewood-WA/Lease-Professional---Broadstone-Solmere_R0200453
Greystar,Leasing Professional - Broadstone Soren,"Broadstone Soren, San Diego, CA",https://greystar.wd1.myworkdayjobs.com/External/job/Broadstone-Soren-San-Diego-CA/Leasing-Professional---Broadstone-Soren_R0201183-1,blocked,,2026-09-24,0,ops,workday,Multifamily Property Manager,South Carolina,A,workday:greystar:/job/Broadstone-Soren-San-Diego-CA/Leasing-Professional---Broadstone-Soren_R0201183-1
Greystar,Leasing Professional - Broadstone Tempe Station,"Broadstone Tempe Station, Tempe, AZ",https://greystar.wd1.myworkdayjobs.com/External/job/Broadstone-Tempe-Station-Tempe-AZ/Leasing-Professional---Broadstone-Tempe-Station_R0200736,blocked,,2026-09-24,0,ops,workday,Multifamily Property Manager,South Carolina,A,workday:greystar:/job/Broadstone-Tempe-Station-Tempe-AZ/Leasing-Professional---Broadstone-Tempe-Station_R0200736
Greystar,Leasing Professional - Broadstone at Sierra Vista,"Broadstone at Sierra Vista, Rosharon, TX",https://greystar.wd1.myworkdayjobs.com/External/job/Broadstone-at-Sierra-Vista-Rosharon-TX/Leasing-Professional---Broadstone-at-Sierra-Vista_R0198926,blocked,,2026-09-24,0,ops,workday,Multifamily Property Manager,South Carolina,A,workday:greystar:/job/Broadstone-at-Sierra-Vista-Rosharon-TX/Leasing-Professional---Broadstone-at-Sierra-Vista_R0198926
Greystar,Leasing Professional - Broadview at Vanderbilt (Student Living),"The Broadview at Vanderbilt, Nashville, TN",https://greystar.wd1.myworkdayjobs.com/External/job/The-Broadview-at-Vanderbilt-Nashville-TN/Leasing-Professional---Broadview-at-Vanderbilt--Student-Living-_R0201634,live,,2026-09-24,0,ops,workday,Multifamily Property Manager,South Carolina,A,workday:greystar:/job/The-Broadview-at-Vanderbilt-Nashville-TN/Leasing-Professional---Broadview-at-Vanderbilt--Student-Living-_R0201634
Greystar,Leasing Professional - Cadia on the Loop,"Cadia on the Loop, Kissimmee, FL",https://greystar.wd1.myworkdayjobs.com/External/job/Cadia-on-the-Loop-Kissimmee-FL/Leasing-Professional---Cadia-on-the-Loop_R0197204,blocked,,2026-09-24,0,ops,workday,Multifamily Property Manager,South Carolina,A,workday:greystar:/job/Cadia-on-the-Loop-Kissimmee-FL/Leasing-Professional---Cadia-on-the-Loop_R0197204
Greystar,Leasing Professional - Canvas at the Quarry,"Canvas at the Quarry, Charlotte, NC",https://greystar.wd1.myworkdayjobs.com/External/job/Canvas-at-the-Quarry-Charlotte-NC/Leasing-Professional---Canvas-at-the-Quarry_R0202133,live,,2026-09-24,0,ops,workday,Multifamily Property Manager,South Carolina,A,workday:greystar:/job/Canvas-at-the-Quarry-Charlotte-NC/Leasing-Professional---Canvas-at-the-Quarry_R0202133
Greystar,Leasing Professional - Canyon Park,"Canyon Park (OR), Beaverton, OR",https://greystar.wd1.myworkdayjobs.com/External/job/Canyon-Park-OR-Beaverton-OR/Leasing-Professional---Canyon-Park_R0201037,blocked,,2026-09-24,0,ops,workday,Multifamily Property Manager,South Carolina,A,workday:greystar:/job/Canyon-Park-OR-Beaverton-OR/Leasing-Professional---Canyon-Park_R0201037
Greystar,Leasing Professional - Carelton Courtyard,"Carelton Courtyard, Galveston, TX",https://greystar.wd1.myworkdayjobs.com/External/job/Carelton-Courtyard-Galveston-TX/Leasing-Professional---Carelton-Courtyard_R0200174,blocked,,2026-09-24,0,ops,workday,Multifamily Property Manager,South Carolina,A,workday:greystar:/job/Carelton-Courtyard-Galveston-TX/Leasing-Professional---Carelton-Courtyard_R0200174
Greystar,Leasing Professional - Cascades at Southern Hills,"Cascades at Southern Hills, Tulsa, OK",https://greystar.wd1.myworkdayjobs.com/External/job/Cascades-at-Southern-Hills-Tulsa-OK/Leasing-Professional---Cascades-at-Southern-Hills_R0195806,blocked,,2026-09-24,0,ops,workday,Multifamily Property Manager,South Carolina,A,workday:greystar:/job/Cascades-at-Southern-Hills-Tulsa-OK/Leasing-Professional---Cascades-at-Southern-Hills_R0195806
Greystar,Leasing Professional - Cedar House,"Cedar House, Vancouver, WA",https://greystar.wd1.myworkdayjobs.com/External/job/Cedar-House-Vancouver-WA/Leasing-Professional---Cedar-House_R0199974,blocked,,2026-09-24,0,ops,workday,Multifamily Property Manager,South Carolina,A,workday:greystar:/job/Cedar-House-Vancouver-WA/Leasing-Professional---Cedar-House_R0199974
Greystar,Leasing Professional - Central Townhomes,"Central Townhomes, Summerville, SC",https://greystar.wd1.myworkdayjobs.com/External/job/Central-Townhomes-Summerville-SC/Leasing-Professional---Central-Townhomes_R0199046,blocked,,2026-09-24,0,ops,workday,Multifamily Property Manager,South Carolina,A,workday:greystar:/job/Central-Townhomes-Summerville-SC/Leasing-Professional---Central-Townhomes_R0199046
Greystar,Leasing Professional - Centric Gateway,"Centric Gateway, Charlotte, NC",https://greystar.wd1.myworkdayjobs.com/External/job/Centric-Gateway-Charlotte-NC/Leasing-Professional---Centric-Gateway_R0199745,blocked,,2026-09-24,0,ops,workday,Multifamily Property Manager,South Carolina,A,workday:greystar:/job/Centric-Gateway-Charlotte-NC/Leasing-Professional---Centric-Gateway_R0199745
Greystar,"Leasing Professional - Charles North and South - Vineyard, UT","City Office Salt Lake City, Salt Lake City, UT",https://greystar.wd1.myworkdayjobs.com/External/job/City-Office-Salt-Lake-City-Salt-Lake-City-UT/Leasing-Professional---Charles-North-and-South---Vineyard--UT_R0200211,blocked,,2026-09-24,0,ops,workday,Multifamily Property Manager,South Carolina,A,workday:greystar:/job/City-Office-Salt-Lake-City-Salt-Lake-City-UT/Leasing-Professional---Charles-North-and-South---Vineyard--UT_R0200211
Greystar,Leasing Professional - Circle at Point Park,"Circle at Point Park, Houston, TX",https://greystar.wd1.myworkdayjobs.com/External/job/Circle-at-Point-Park-Houston-TX/Leasing-Professional---Circle-at-Point-Park_R0200024,blocked,,2026-09-24,0,ops,workday,Multifamily Property Manager,South Carolina,A,workday:greystar:/job/Circle-at-Point-Park-Houston-TX/Leasing-Professional---Circle-at-Point-Park_R0200024
Greystar,Leasing Professional - Citrus Court,"Citrus Court, Whittier, CA",https://greystar.wd1.myworkdayjobs.com/External/job/Citrus-Court-Whittier-CA/Leasing-Professional---Citrus-Court_R0198453,blocked,,2026-09-24,0,ops,workday,Multifamily Property Manager,South Carolina,A,workday:greystar:/job/Citrus-Court-Whittier-CA/Leasing-Professional---Citrus-Court_R0198453
Greystar,Leasing Professional - Cleo,"Cleo, Dallas, TX",https://greystar.wd1.myworkdayjobs.com/External/job/Cleo-Dallas-TX/Leasing-Professional---Cleo_R0200403-1,blocked,,2026-09-24,0,ops,workday,Multifamily Property Manager,South Carolina,A,workday:greystar:/job/Cleo-Dallas-TX/Leasing-Professional---Cleo_R0200403-1
Greystar,Leasing Professional - Coldwater,"Coldwater, Austin, TX",https://greystar.wd1.myworkdayjobs.com/External/job/Coldwater-Austin-TX/Leasing-Professional---Coldwater_R0198707,live,,2026-09-24,0,ops,workday,Multifamily Property Manager,South Carolina,A,workday:greystar:/job/Coldwater-Austin-TX/Leasing-Professional---Coldwater_R0198707
Greystar,Leasing Professional - Cordoba,"Cordoba, Doral, FL",https://greystar.wd1.myworkdayjobs.com/External/job/Cordoba-Doral-FL/Leasing-Professional---Cordoba_R0199218,blocked,,2026-09-24,0,ops,workday,Multifamily Property Manager,South Carolina,A,workday:greystar:/job/Cordoba-Doral-FL/Leasing-Professional---Cordoba_R0199218
Greystar,Leasing Professional - Crescent Park,"Crescent Park, Eugene, OR",https://greystar.wd1.myworkdayjobs.com/External/job/Crescent-Park-Eugene-OR/Leasing-Professional---Crescent-Park_R0201883,live,,2026-09-24,0,ops,workday,Multifamily Property Manager,South Carolina,A,workday:greystar:/job/Crescent-Park-Eugene-OR/Leasing-Professional---Crescent-Park_R0201883
Greystar,Leasing Professional - Cypress area,"Cypress, TX",https://greystar.wd1.myworkdayjobs.com/External/job/Cypress-TX/Leasing-Professional---Cypress-area_R0201741,live,,2026-09-24,0,ops,workday,Multifamily Property Manager,South Carolina,A,workday:greystar:/job/Cypress-TX/Leasing-Professional---Cypress-area_R0201741
Greystar,Leasing Professional - Delaware (Student Living),"Delaware Apartments, Santa Cruz, CA",https://greystar.wd1.myworkdayjobs.com/External/job/Delaware-Apartments-Santa-Cruz-CA/Leasing-Professional---Delaware--Student-Living-_R0200407,blocked,,2026-09-24,0,ops,workday,Multifamily Property Manager,South Carolina,A,workday:greystar:/job/Delaware-Apartments-Santa-Cruz-CA/Leasing-Professional---Delaware--Student-Living-_R0200407
Greystar,Leasing Professional - Delhaven Pointe,"Delhaven Pointe, Murrieta, CA",https://greystar.wd1.myworkdayjobs.com/External/job/Delhaven-Pointe-Murrieta-CA/Leasing-Professional---Delhaven-Pointe_R0201829,live,,2026-09-24,0,ops,workday,Multifamily Property Manager,South Carolina,A,workday:greystar:/job/Delhaven-Pointe-Murrieta-CA/Leasing-Professional---Delhaven-Pointe_R0201829
Greystar,Leasing Professional - Dianne,"Dianne, Portland, OR",https://greystar.wd1.myworkdayjobs.com/External/job/Dianne-Portland-OR/Leasing-Professional---Dianne_R0201919,live,,2026-09-24,0,ops,workday,Multifamily Property Manager,South Carolina,A,workday:greystar:/job/Dianne-Portland-OR/Leasing-Professional---Dianne_R0201919
Greystar,Leasing Professional - Discovery at Kingwood,"Discovery at Kingwood, Kingwood, TX",https://greystar.wd1.myworkdayjobs.com/External/job/Discovery-at-Kingwood-Kingwood-TX/Leasing-Professional---Discovery-at-Kingwood_R0201808,live,,2026-09-24,0,ops,workday,Multifamily Property Manager,South Carolina,A,workday:greystar:/job/Discovery-at-Kingwood-Kingwood-TX/Leasing-Professional---Discovery-at-Kingwood_R0201808
Greystar,Leasing Professional - Dolphin Marina,"Dolphin Marina, Marina Del Rey, CA",https://greystar.wd1.myworkdayjobs.com/External/job/Dolphin-Marina-Marina-Del-Rey-CA/Leasing-Professional---Dolphin-Marina--Lease-Up-_R0197970,blocked,,2026-09-24,0,ops,workday,Multifamily Property Manager,South Carolina,A,workday:greystar:/job/Dolphin-Marina-Marina-Del-Rey-CA/Leasing-Professional---Dolphin-Marina--Lease-Up-_R0197970
Greystar,Leasing Professional - Domain Benbrook,"Domain Benbrook, Benbrook, TX",https://greystar.wd1.myworkdayjobs.com/External/job/Domain-Benbrook-Benbrook-TX/Leasing-Professional---Domain-Benbrook_R0196943,blocked,,2026-09-24,0,ops,workday,Multifamily Property Manager,South Carolina,A,workday:greystar:/job/Domain-Benbrook-Benbrook-TX/Leasing-Professional---Domain-Benbrook_R0196943
Greystar,Leasing Professional - Edge Flats,"Edge Flats, Winston-Salem, NC",https://greystar.wd1.myworkdayjobs.com/External/job/Edge-Flats-Winston-Salem-NC/Leasing-Professional---Edge-Flats_R0199088-1,blocked,,2026-09-24,0,ops,workday,Multifamily Property Manager,South Carolina,A,workday:greystar:/job/Edge-Flats-Winston-Salem-NC/Leasing-Professional---Edge-Flats_R0199088-1
Greystar,Leasing Professional - Elements,"Elements, San Jose, CA",https://greystar.wd1.myworkdayjobs.com/External/job/Elements-San-Jose-CA/Leasing-Professional---Elements_R0201585,live,,2026-09-24,0,ops,workday,Multifamily Property Manager,South Carolina,A,workday:greystar:/job/Elements-San-Jose-CA/Leasing-Professional---Elements_R0201585
Greystar,Leasing Professional - Emory West Cypress,"Emory West Cypress, Katy, TX",https://greystar.wd1.myworkdayjobs.com/External/job/Emory-West-Cypress-Katy-TX/Leasing-Professional---Emory-West-Cypress_R0199776,live,,2026-09-24,0,ops,workday,Multifamily Property Manager,South Carolina,A,workday:greystar:/job/Emory-West-Cypress-Katy-TX/Leasing-Professional---Emory-West-Cypress_R0199776
Greystar,Leasing Professional - Encanto at Mesa Del Sol,"Encanto at Mesa Del Sol, Albuquerque, NM",https://greystar.wd1.myworkdayjobs.com/External/job/Encanto-at-Mesa-Del-Sol-Albuquerque-NM/Leasing-Professional---Encanto-at-Mesa-Del-Sol_R0201553,live,,2026-09-24,0,ops,workday,Multifamily Property Manager,South Carolina,A,workday:greystar:/job/Encanto-at-Mesa-Del-Sol-Albuquerque-NM/Leasing-Professional---Encanto-at-Mesa-Del-Sol_R0201553
Greystar,Leasing Professional - Estates at Bee Cave,"Estates at Bee Cave, Bee Cave, TX",https://greystar.wd1.myworkdayjobs.com/External/job/Estates-at-Bee-Cave-Bee-Cave-TX/Leasing-Professional---Estates-at-Bee-Cave_R0201394,live,,2026-09-24,0,ops,workday,Multifamily Property Manager,South Carolina,A,workday:greystar:/job/Estates-at-Bee-Cave-Bee-Cave-TX/Leasing-Professional---Estates-at-Bee-Cave_R0201394
Greystar,Leasing Professional - Fiat House,2 Locations,https://greystar.wd1.myworkdayjobs.com/External/job/FIAT-House-Fort-Lee-NJ/Leasing-Professional---Fiat-House_R0200115,blocked,,2026-09-24,0,ops,workday,Multifamily Property Manager,South Carolina,A,workday:greystar:/job/FIAT-House-Fort-Lee-NJ/Leasing-Professional---Fiat-House_R0200115
Greystar,Leasing Professional - Foxtail Commons,"Foxtail Commons, Ridgeland, SC",https://greystar.wd1.myworkdayjobs.com/External/job/Foxtail-Commons-Ridgeland-SC/Leasing-Professional---Foxtail-Commons_R0197412,blocked,,2026-09-24,0,ops,workday,Multifamily Property Manager,South Carolina,A,workday:greystar:/job/Foxtail-Commons-Ridgeland-SC/Leasing-Professional---Foxtail-Commons_R0197412
Greystar,Leasing Professional - Garden Park,"Garden Park, Portland, OR",https://greystar.wd1.myworkdayjobs.com/External/job/Garden-Park-Portland-OR/Leasing-Professional---Garden-Park_R0200375,blocked,,2026-09-24,0,ops,workday,Multifamily Property Manager,South Carolina,A,workday:greystar:/job/Garden-Park-Portland-OR/Leasing-Professional---Garden-Park_R0200375
Greystar,Leasing Professional - Glo,"Glo, Albuquerque, NM",https://greystar.wd1.myworkdayjobs.com/External/job/Glo-Albuquerque-NM/Leasing-Professional---Glo_R0198789,blocked,,2026-09-24,0,ops,workday,Multifamily Property Manager,South Carolina,A,workday:greystar:/job/Glo-Albuquerque-NM/Leasing-Professional---Glo_R0198789
Greystar,Leasing Professional - Habitat Residences,"Habitat Residences, Los Angeles, CA",https://greystar.wd1.myworkdayjobs.com/External/job/Habitat-Residences-Los-Angeles-CA/Leasing-Professional---Habitat-Residences_R0197583,blocked,,2026-09-24,0,ops,workday,Multifamily Property Manager,South Carolina,A,workday:greystar:/job/Habitat-Residences-Los-Angeles-CA/Leasing-Professional---Habitat-Residences_R0197583
Greystar,Leasing Professional - Hardrock Canyon,"Hardrock Canyon, Austin, TX",https://greystar.wd1.myworkdayjobs.com/External/job/Hardrock-Canyon-Austin-TX/Leasing-Professional---Hardrock-Canyon_R0198771,blocked,,2026-09-24,0,ops,workday,Multifamily Property Manager,South Carolina,A,workday:greystar:/job/Hardrock-Canyon-Austin-TX/Leasing-Professional---Hardrock-Canyon_R0198771
Greystar,Leasing Professional - Haven at Largo Station,"Haven Largo, Largo, MD",https://greystar.wd1.myworkdayjobs.com/External/job/Haven-Largo-Largo-MD/Leasing-Professional---PG-County--MD_R0199711,blocked,,2026-09-24,0,ops,workday,Multifamily Property Manager,South Carolina,A,workday:greystar:/job/Haven-Largo-Largo-MD/Leasing-Professional---PG-County--MD_R0199711
Greystar,Leasing Professional - Haven at Mission Trace,"Haven at Mission Trace, Richmond, TX",https://greystar.wd1.myworkdayjobs.com/External/job/Haven-at-Mission-Trace-Richmond-TX/Leasing-Professional---Haven-at-Mission-Trace_R0201534,live,,2026-09-24,0,ops,workday,Multifamily Property Manager,South Carolina,A,workday:greystar:/job/Haven-at-Mission-Trace-Richmond-TX/Leasing-Professional---Haven-at-Mission-Trace_R0201534
Greystar,Leasing Professional - Haven at Towne Center,"Haven at Towne Center, Glendale, AZ",https://greystar.wd1.myworkdayjobs.com/External/job/Haven-at-Towne-Center-Glendale-AZ/Leasing-Professional---Haven-at-Towne-Center_R0201966,live,,2026-09-24,0,ops,workday,Multifamily Property Manager,South Carolina,A,workday:greystar:/job/Haven-at-Towne-Center-Glendale-AZ/Leasing-Professional---Haven-at-Towne-Center_R0201966
Greystar,Leasing Professional - Heights area,"City Office Houston, Houston, TX",https://greystar.wd1.myworkdayjobs.com/External/job/City-Office-Houston-Houston-TX/Leasing-Professional---Heights-area_R0199272,blocked,,2026-09-24,0,ops,workday,Multifamily Property Manager,South Carolina,A,workday:greystar:/job/City-Office-Houston-Houston-TX/Leasing-Professional---Heights-area_R0199272
Greystar,Leasing Professional - High Point Uptown,"High Point Uptown, Houston, TX",https://greystar.wd1.myworkdayjobs.com/External/job/High-Point-Uptown-Houston-TX/Leasing-Professional---High-Point-Uptown_R0199320,blocked,,2026-09-24,0,ops,workday,Multifamily Property Manager,South Carolina,A,workday:greystar:/job/High-Point-Uptown-Houston-TX/Leasing-Professional---High-Point-Uptown_R0199320
Greystar,Leasing Professional - Houston House,"Houston House, Houston, TX",https://greystar.wd1.myworkdayjobs.com/External/job/Houston-House-Houston-TX/Leasing-Professional---Houston-House_R0199053,blocked,,2026-09-24,0,ops,workday,Multifamily Property Manager,South Carolina,A,workday:greystar:/job/Houston-House-Houston-TX/Leasing-Professional---Houston-House_R0199053
Greystar,Leasing Professional - Hyde Square,"Hyde Square, Bellevue, WA",https://greystar.wd1.myworkdayjobs.com/External/job/Hyde-Square-Bellevue-WA/Leasing-Professional---Hyde-Square_R0197555,blocked,,2026-09-24,0,ops,workday,Multifamily Property Manager,South Carolina,A,workday:greystar:/job/Hyde-Square-Bellevue-WA/Leasing-Professional---Hyde-Square_R0197555
Greystar,"Leasing Professional - Indigo 19 (Virginia Beach, VA)","Remote Virginia, Remote Virginia, VA",https://greystar.wd1.myworkdayjobs.com/External/job/Remote-Virginia-Remote-Virginia-VA/Leasing-Professional---Indigo-19--Virginia-Beach--VA-_R0194503,blocked,,2026-09-24,0,ops,workday,Multifamily Property Manager,South Carolina,A,workday:greystar:/job/Remote-Virginia-Remote-Virginia-VA/Leasing-Professional---Indigo-19--Virginia-Beach--VA-_R0194503
Greystar,"Leasing Professional - Jersey City, NJ","Embankment House, Jersey City, NJ",https://greystar.wd1.myworkdayjobs.com/External/job/Embankment-House-Jersey-City-NJ/Leasing-Professional---Jersey-City--NJ_R0200610,blocked,,2026-09-24,0,ops,workday,Multifamily Property Manager,South Carolina,A,workday:greystar:/job/Embankment-House-Jersey-City-NJ/Leasing-Professional---Jersey-City--NJ_R0200610
Greystar,Leasing Professional - Juniper,"Juniper (CA), Daly City, CA",https://greystar.wd1.myworkdayjobs.com/External/job/Juniper-CA-Daly-City-CA/Leasing-Professional---Juniper_R0201094,blocked,,2026-09-24,0,ops,workday,Multifamily Property Manager,South Carolina,A,workday:greystar:/job/Juniper-CA-Daly-City-CA/Leasing-Professional---Juniper_R0201094
Greystar,Leasing Professional - Kapolei Lofts,"Kapolei Lofts, Kapolei, HI",https://greystar.wd1.myworkdayjobs.com/External/job/Kapolei-Lofts-Kapolei-HI/Leasing-Professional---Kapolei-Lofts_R0195903,blocked,,2026-09-24,0,ops,workday,Multifamily Property Manager,South Carolina,A,workday:greystar:/job/Kapolei-Lofts-Kapolei-HI/Leasing-Professional---Kapolei-Lofts_R0195903
Greystar,Leasing Professional - Kenyon Square Apartments,"Kenyon Square Apartments, Westerville, OH",https://greystar.wd1.myworkdayjobs.com/External/job/Kenyon-Square-Apartments-Westerville-OH/Leasing-Professional---Kenyon-Square-Apartments_R0199769,blocked,,2026-09-24,0,ops,workday,Multifamily Property Manager,South Carolina,A,workday:greystar:/job/Kenyon-Square-Apartments-Westerville-OH/Leasing-Professional---Kenyon-Square-Apartments_R0199769
Greystar,Leasing Professional - Lago,"Lago, St. Augustine, FL",https://greystar.wd1.myworkdayjobs.com/External/job/Lago-St-Augustine-FL/Leasing-Professional---Lago_R0200339,blocked,,2026-09-24,0,ops,workday,Multifamily Property Manager,South Carolina,A,workday:greystar:/job/Lago-St-Augustine-FL/Leasing-Professional---Lago_R0200339
Greystar,Leasing Professional - Landings at Sweetwater Creek,"Landings at Sweetwater Creek, Lithia Springs, GA",https://greystar.wd1.myworkdayjobs.com/External/job/Landings-at-Sweetwater-Creek-Lithia-Springs-GA/Leasing-Professional---Landings-at-Sweetwater-Creek_R0201236,blocked,,2026-09-24,0,ops,workday,Multifamily Property Manager,South Carolina,A,workday:greystar:/job/Landings-at-Sweetwater-Creek-Lithia-Springs-GA/Leasing-Professional---Landings-at-Sweetwater-Creek_R0201236
Greystar,Leasing Professional - Landmark (Student Living),"Landmark (MI), Ann Arbor, MI",https://greystar.wd1.myworkdayjobs.com/External/job/Landmark-MI-Ann-Arbor-MI/Leasing-Professional---Landmark--Student-Living-_R0192510,blocked,,2026-09-24,0,ops,workday,Multifamily Property Manager,South Carolina,A,workday:greystar:/job/Landmark-MI-Ann-Arbor-MI/Leasing-Professional---Landmark--Student-Living-_R0192510
Greystar,Leasing Professional - Lantower Brandon Crossroads,"Lantower Brandon Crossroads, Tampa, FL",https://greystar.wd1.myworkdayjobs.com/External/job/Lantower-Brandon-Crossroads-Tampa-FL/Leasing-Professional---Lantower-Brandon-Crossroads_R0200079,blocked,,2026-09-24,0,ops,workday,Multifamily Property Manager,South Carolina,A,workday:greystar:/job/Lantower-Brandon-Crossroads-Tampa-FL/Leasing-Professional---Lantower-Brandon-Crossroads_R0200079
Greystar,Leasing Professional - Lantower Garrison Park,"Lantower Garrison Park, Charlotte, NC",https://greystar.wd1.myworkdayjobs.com/External/job/Lantower-Garrison-Park-Charlotte-NC/Leasing-Professional---Lantower-Garrison-Park_R0200249-1,blocked,,2026-09-24,0,ops,workday,Multifamily Property Manager,South Carolina,A,workday:greystar:/job/Lantower-Garrison-Park-Charlotte-NC/Leasing-Professional---Lantower-Garrison-Park_R0200249-1
Greystar,Leasing Professional - Lantower Grande Flats,"Lantower Grande Flats, Orlando, FL",https://greystar.wd1.myworkdayjobs.com/External/job/Lantower-Grande-Flats-Orlando-FL/Leasing-Professional---Lantower-Grande-Flats_R0199819,blocked,,2026-09-24,0,ops,workday,Multifamily Property Manager,South Carolina,A,workday:greystar:/job/Lantower-Grande-Flats-Orlando-FL/Leasing-Professional---Lantower-Grande-Flats_R0199819
Greystar,Leasing Professional - Lantower River Landing,"Lantower River Landing, Miami, FL",https://greystar.wd1.myworkdayjobs.com/External/job/Lantower-River-Landing-Miami-FL/Leasing-Professional---Lantower-River-Landing_R0197537,blocked,,2026-09-24,0,ops,workday,Multifamily Property Manager,South Carolina,A,workday:greystar:/job/Lantower-River-Landing-Miami-FL/Leasing-Professional---Lantower-River-Landing_R0197537
Greystar,Leasing Professional - Laurel Preston Hollow,"The Laurel Preston Hollow, Dallas, TX",https://greystar.wd1.myworkdayjobs.com/External/job/The-Laurel-Preston-Hollow-Dallas-TX/Leasing-Professional---Laurel-Preston-Hollow_R0200923,blocked,,2026-09-24,0,ops,workday,Multifamily Property Manager,South Carolina,A,workday:greystar:/job/The-Laurel-Preston-Hollow-Dallas-TX/Leasing-Professional---Laurel-Preston-Hollow_R0200923
Greystar,Leasing Professional - Lions Gate North,"Lions Gate North, Redmond, WA",https://greystar.wd1.myworkdayjobs.com/External/job/Lions-Gate-North-Redmond-WA/Leasing-Professional---Lions-Gate-North_R0199715,blocked,,2026-09-24,0,ops,workday,Multifamily Property Manager,South Carolina,A,workday:greystar:/job/Lions-Gate-North-Redmond-WA/Leasing-Professional---Lions-Gate-North_R0199715
Greystar,Leasing Professional - Lookout Pointe,"Lookout Pointe, Selma, TX",https://greystar.wd1.myworkdayjobs.com/External/job/Lookout-Pointe-Selma-TX/Leasing-Professional---Lookout-Pointe_R0200950,blocked,,2026-09-24,0,ops,workday,Multifamily Property Manager,South Carolina,A,workday:greystar:/job/Lookout-Pointe-Selma-TX/Leasing-Professional---Lookout-Pointe_R0200950
Greystar,"Leasing Professional - Los Angeles, CA","City Office Newport, Newport Beach, CA",https://greystar.wd1.myworkdayjobs.com/External/job/City-Office-Newport-Newport-Beach-CA/Leasing-Professonal---Los-Angeles--CA_R0197683,blocked,,2026-09-24,0,ops,workday,Multifamily Property Manager,South Carolina,A,workday:greystar:/job/City-Office-Newport-Newport-Beach-CA/Leasing-Professonal---Los-Angeles--CA_R0197683
Greystar,Leasing Professional - Lowry Park,"Lowry Park, Denver, CO",https://greystar.wd1.myworkdayjobs.com/External/job/Lowry-Park-Denver-CO/Leasing-Professional---Lowry-Park_R0196190,blocked,,2026-09-24,0,ops,workday,Multifamily Property Manager,South Carolina,A,workday:greystar:/job/Lowry-Park-Denver-CO/Leasing-Professional---Lowry-Park_R0196190
Greystar,Leasing Professional - Lowry Park,"Lowry Park, Denver, CO",https://greystar.wd1.myworkdayjobs.com/External/job/Lowry-Park-Denver-CO/Leasing-Professional---Lowry-Park_R0200026,blocked,,2026-09-24,0,ops,workday,Multifamily Property Manager,South Carolina,A,workday:greystar:/job/Lowry-Park-Denver-CO/Leasing-Professional---Lowry-Park_R0200026
Greystar,Leasing Professional - Madrid,"Madrid, Los Angeles, CA",https://greystar.wd1.myworkdayjobs.com/External/job/Madrid-Los-Angeles-CA/Leasing-Professional---Madrid_R0199407,blocked,,2026-09-24,0,ops,workday,Multifamily Property Manager,South Carolina,A,workday:greystar:/job/Madrid-Los-Angeles-CA/Leasing-Professional---Madrid_R0199407
Greystar,Leasing Professional - Manhattan Shores,"Manhattan Shores, Manhattan Beach, CA",https://greystar.wd1.myworkdayjobs.com/External/job/Manhattan-Shores-Manhattan-Beach-CA/Leasing-Professional---Manhattan-Shores_R0197828,blocked,,2026-09-24,0,ops,workday,Multifamily Property Manager,South Carolina,A,workday:greystar:/job/Manhattan-Shores-Manhattan-Beach-CA/Leasing-Professional---Manhattan-Shores_R0197828
Greystar,Leasing Professional - Marlow,"Marlow, Columbia, MD",https://greystar.wd1.myworkdayjobs.com/External/job/Marlow-Columbia-MD/Leasing-Professional---Marlow_R0199552,blocked,,2026-09-24,0,ops,workday,Multifamily Property Manager,South Carolina,A,workday:greystar:/job/Marlow-Columbia-MD/Leasing-Professional---Marlow_R0199552
Greystar,Leasing Professional - Marlowe Sand Canyon,"Marlowe Sand Canyon, Santa Clarita, CA",https://greystar.wd1.myworkdayjobs.com/External/job/Marlowe-Sand-Canyon-Santa-Clarita-CA/Leasing-Professional---Marlowe-Sand-Canyon_R0200961,blocked,,2026-09-24,0,ops,workday,Multifamily Property Manager,South Carolina,A,workday:greystar:/job/Marlowe-Sand-Canyon-Santa-Clarita-CA/Leasing-Professional---Marlowe-Sand-Canyon_R0200961
Greystar,Leasing Professional - Marlowe Wellington,"Marlowe Wellington, Fort Worth, TX",https://greystar.wd1.myworkdayjobs.com/External/job/Marlowe-Wellington-Fort-Worth-TX/Leasing-Professional---Marlowe-Wellington_R0199581,blocked,,2026-09-24,0,ops,workday,Multifamily Property Manager,South Carolina,A,workday:greystar:/job/Marlowe-Wellington-Fort-Worth-TX/Leasing-Professional---Marlowe-Wellington_R0199581
Greystar,Leasing Professional - Marston Music Row,"Marston Music Row, Nashville, TN",https://greystar.wd1.myworkdayjobs.com/External/job/Marston-Music-Row-Nashville-TN/Leasing-Professional---Marston-Music-Row_R0201459,blocked,,2026-09-24,0,ops,workday,Multifamily Property Manager,South Carolina,A,workday:greystar:/job/Marston-Music-Row-Nashville-TN/Leasing-Professional---Marston-Music-Row_R0201459
Greystar,Leasing Professional - Maxwell At Bascom,"Maxwell at Bascom, San Jose, CA",https://greystar.wd1.myworkdayjobs.com/External/job/Maxwell-at-Bascom-San-Jose-CA/Leasing-Profession---Maxwell-At-Bascom_R0197347,blocked,,2026-09-24,0,ops,workday,Multifamily Property Manager,South Carolina,A,workday:greystar:/job/Maxwell-at-Bascom-San-Jose-CA/Leasing-Profession---Maxwell-At-Bascom_R0197347
Greystar,Leasing Professional - Milo Block C,"Milo Block C North, San Marcos, CA",https://greystar.wd1.myworkdayjobs.com/External/job/Milo-Block-C-North-San-Marcos-CA/Leasing-Professional---Milo-Block-C_R0202001-1,live,,2026-09-24,0,ops,workday,Multifamily Property Manager,South Carolina,A,workday:greystar:/job/Milo-Block-C-North-San-Marcos-CA/Leasing-Professional---Milo-Block-C_R0202001-1
Greystar,Leasing Professional - Mira Crystal Lake,"Mira Crystal Lake, Port Orange, FL",https://greystar.wd1.myworkdayjobs.com/External/job/Mira-Crystal-Lake-Port-Orange-FL/Leasing-Professional---Mira-Crystal-Lake_R0195629,blocked,,2026-09-24,0,ops,workday,Multifamily Property Manager,South Carolina,A,workday:greystar:/job/Mira-Crystal-Lake-Port-Orange-FL/Leasing-Professional---Mira-Crystal-Lake_R0195629
Greystar,Leasing Professional - Mira Vista Hills,"Mira Vista Hills, Antioch, CA",https://greystar.wd1.myworkdayjobs.com/External/job/Mira-Vista-Hills-Antioch-CA/Leasing-Professional---Mira-Vista-Hills_R0201998,live,,2026-09-24,0,ops,workday,Multifamily Property Manager,South Carolina,A,workday:greystar:/job/Mira-Vista-Hills-Antioch-CA/Leasing-Professional---Mira-Vista-Hills_R0201998
Greystar,Leasing Professional - Montclair - Lease-Up,"Montclair Scottsdale, Scottsdale, AZ",https://greystar.wd1.myworkdayjobs.com/External/job/Montclair-Scottsdale-Scottsdale-AZ/Leasing-Professional---Montclair_R0199499,blocked,,2026-09-24,0,ops,workday,Multifamily Property Manager,South Carolina,A,workday:greystar:/job/Montclair-Scottsdale-Scottsdale-AZ/Leasing-Professional---Montclair_R0199499
Greystar,Leasing Professional - Mosaic at Largo Station,"Mosaic at Largo Station, Largo, MD",https://greystar.wd1.myworkdayjobs.com/External/job/Mosaic-at-Largo-Station-Largo-MD/Leasing-Professional---Mosaic-at-Largo-Station_R0199992,blocked,,2026-09-24,0,ops,workday,Multifamily Property Manager,South Carolina,A,workday:greystar:/job/Mosaic-at-Largo-Station-Largo-MD/Leasing-Professional---Mosaic-at-Largo-Station_R0199992
Greystar,Leasing Professional - Museum House,"Museum House, Seattle, WA",https://greystar.wd1.myworkdayjobs.com/External/job/Museum-House-Seattle-WA/Leasing-Professional---Museum-House_R0201550-1,live,,2026-09-24,0,ops,workday,Multifamily Property Manager,South Carolina,A,workday:greystar:/job/Museum-House-Seattle-WA/Leasing-Professional---Museum-House_R0201550-1
Greystar,Leasing Professional - NOVEL Manchester Farm,"NOVEL Manchester Farm, Murfreesboro, TN",https://greystar.wd1.myworkdayjobs.com/External/job/NOVEL-Manchester-Farm-Murfreesboro-TN/Leasing-Professional---NOVEL-Manchester-Farm_R0195764,blocked,,2026-09-24,0,ops,workday,Multifamily Property Manager,South Carolina,A,workday:greystar:/job/NOVEL-Manchester-Farm-Murfreesboro-TN/Leasing-Professional---NOVEL-Manchester-Farm_R0195764
Greystar,Leasing Professional - Nash Springs,"Nash Springs Apartments, Colorado Springs, CO",https://greystar.wd1.myworkdayjobs.com/External/job/Nash-Springs-Apartments-Colorado-Springs-CO/Leasing-Professional---Nash-Springs_R0200502,blocked,,2026-09-24,0,ops,workday,Multifamily Property Manager,South Carolina,A,workday:greystar:/job/Nash-Springs-Apartments-Colorado-Springs-CO/Leasing-Professional---Nash-Springs_R0200502
Greystar,Leasing Professional - Navette on the Bay,"Navette on the Bay, Miami, FL",https://greystar.wd1.myworkdayjobs.com/External/job/Navette-on-the-Bay-Miami-FL/Leasing-Professional---Navette-on-the-Bay_R0202025,live,,2026-09-24,0,ops,workday,Multifamily Property Manager,South Carolina,A,workday:greystar:/job/Navette-on-the-Bay-Miami-FL/Leasing-Professional---Navette-on-the-Bay_R0202025
Greystar,Leasing Professional - Navette on the Bay,"Navette on the Bay, Miami, FL",https://greystar.wd1.myworkdayjobs.com/External/job/Navette-on-the-Bay-Miami-FL/Leasing-Professional---Navette-on-the-Bay_R0202023,live,,2026-09-24,0,ops,workday,Multifamily Property Manager,South Carolina,A,workday:greystar:/job/Navette-on-the-Bay-Miami-FL/Leasing-Professional---Navette-on-the-Bay_R0202023
Greystar,"Leasing Professional - Nexus Apartments (VA Beach, VA)","Nexus, Virginia Beach, VA",https://greystar.wd1.myworkdayjobs.com/External/job/Nexus-Virginia-Beach-VA/Leasing-Professional---Nexus-Apartments--VA-Beach--VA-_R0198490,blocked,,2026-09-24,0,ops,workday,Multifamily Property Manager,South Carolina,A,workday:greystar:/job/Nexus-Virginia-Beach-VA/Leasing-Professional---Nexus-Apartments--VA-Beach--VA-_R0198490
Greystar,Leasing Professional - Nine Hollywood,"Nine Hollywood, Hollywood, FL",https://greystar.wd1.myworkdayjobs.com/External/job/Nine-Hollywood-Hollywood-FL/Leasing-Professional---Hollywood_R0195556,blocked,,2026-09-24,0,ops,workday,Multifamily Property Manager,South Carolina,A,workday:greystar:/job/Nine-Hollywood-Hollywood-FL/Leasing-Professional---Hollywood_R0195556
Greystar,Leasing Professional - Novi at Lowry,"Novi at Lowry, Denver, CO",https://greystar.wd1.myworkdayjobs.com/External/job/Novi-at-Lowry-Denver-CO/Leasing-Professional---Novi-at-Lowry_R0198272,live,,2026-09-24,0,ops,workday,Multifamily Property Manager,South Carolina,A,workday:greystar:/job/Novi-at-Lowry-Denver-CO/Leasing-Professional---Novi-at-Lowry_R0198272
Greystar,Leasing Professional - Olivine,"Olivine, Phoenix, AZ",https://greystar.wd1.myworkdayjobs.com/External/job/Olivine-Phoenix-AZ/Leasing-Professional---Olivine_R0200052,blocked,,2026-09-24,0,ops,workday,Multifamily Property Manager,South Carolina,A,workday:greystar:/job/Olivine-Phoenix-AZ/Leasing-Professional---Olivine_R0200052
Greystar,Leasing Professional - Oversea at Flagler Banyan Square,"Oversea at Flagler Banyan Square, West Palm Beach, FL",https://greystar.wd1.myworkdayjobs.com/External/job/Oversea-at-Flagler-Banyan-Square-West-Palm-Beach-FL/Leasing-Professional---Oversea-at-Flagler-Banyan-Square_R0199511,blocked,,2026-09-24,0,ops,workday,Multifamily Property Manager,South Carolina,A,workday:greystar:/job/Oversea-at-Flagler-Banyan-Square-West-Palm-Beach-FL/Leasing-Professional---Oversea-at-Flagler-Banyan-Square_R0199511
Greystar,Leasing Professional - Parc Haven,"Parc Haven, Las Vegas, NV",https://greystar.wd1.myworkdayjobs.com/External/job/Parc-Haven-Las-Vegas-NV/Leasing-Professional---Parc-Haven_R0200509-1,blocked,,2026-09-24,0,ops,workday,Multifamily Property Manager,South Carolina,A,workday:greystar:/job/Parc-Haven-Las-Vegas-NV/Leasing-Professional---Parc-Haven_R0200509-1
Greystar,Leasing Professional - Parc Roundtree Ranch (Temporary),"Parc Roundtree Ranch, Peoria, AZ",https://greystar.wd1.myworkdayjobs.com/External/job/Parc-Roundtree-Ranch-Peoria-AZ/Floating-Leasing-Professional---Parc-Roundtree-Ranch_R0200743,blocked,,2026-09-24,0,ops,workday,Multifamily Property Manager,South Carolina,A,workday:greystar:/job/Parc-Roundtree-Ranch-Peoria-AZ/Floating-Leasing-Professional---Parc-Roundtree-Ranch_R0200743
Greystar,Leasing Professional - Park Newport,"Park Newport, Newport Beach, CA",https://greystar.wd1.myworkdayjobs.com/External/job/Park-Newport-Newport-Beach-CA/Leasing-Professional---Park-Newport_R0197259,blocked,,2026-09-24,0,ops,workday,Multifamily Property Manager,South Carolina,A,workday:greystar:/job/Park-Newport-Newport-Beach-CA/Leasing-Professional---Park-Newport_R0197259
Greystar,Leasing Professional - Part-time - Townes at Mill Run,"The Townes at Mill Run, Owings Mills, MD",https://greystar.wd1.myworkdayjobs.com/External/job/The-Townes-at-Mill-Run-Owings-Mills-MD/Leasing-Professional---Part-time---Townes-at-Mill-Run_R0197564,blocked,,2026-09-24,0,ops,workday,Multifamily Property Manager,South Carolina,A,workday:greystar:/job/The-Townes-at-Mill-Run-Owings-Mills-MD/Leasing-Professional---Part-time---Townes-at-Mill-Run_R0197564
Greystar,Leasing Professional - Parx at Everett,"Parx at Everett, Everett, WA",https://greystar.wd1.myworkdayjobs.com/External/job/Parx-at-Everett-Everett-WA/Leasing-Professional---Parx-at-Everett_R0197823,blocked,,2026-09-24,0,ops,workday,Multifamily Property Manager,South Carolina,A,workday:greystar:/job/Parx-at-Everett-Everett-WA/Leasing-Professional---Parx-at-Everett_R0197823
Greystar,Leasing Professional - Pearl DTC,"PearlDTC, Denver, CO",https://greystar.wd1.myworkdayjobs.com/External/job/PearlDTC-Denver-CO/Leasing-Professional---Pearl-DTC_R0201034,blocked,,2026-09-24,0,ops,workday,Multifamily Property Manager,South Carolina,A,workday:greystar:/job/PearlDTC-Denver-CO/Leasing-Professional---Pearl-DTC_R0201034
Greystar,Leasing Professional - Pilot & Park,"Pilot & Park, Savannah, GA",https://greystar.wd1.myworkdayjobs.com/External/job/Pilot--Park-Savannah-GA/Leasing-Professional---Pilot---Park_R0200772,blocked,,2026-09-24,0,ops,workday,Multifamily Property Manager,South Carolina,A,workday:greystar:/job/Pilot--Park-Savannah-GA/Leasing-Professional---Pilot---Park_R0200772
Greystar,Leasing Professional - Pine Gardens,"Pines Garden at City Center, Pembroke Pines, FL",https://greystar.wd1.myworkdayjobs.com/External/job/Pines-Garden-at-City-Center-Pembroke-Pines-FL/Leasing-Professional---Pine-Gardens_R0201521,blocked,,2026-09-24,0,ops,workday,Multifamily Property Manager,South Carolina,A,workday:greystar:/job/Pines-Garden-at-City-Center-Pembroke-Pines-FL/Leasing-Professional---Pine-Gardens_R0201521
Greystar,Leasing Professional - Pinewood Estates,"Pinewood Estates, Albuquerque, NM",https://greystar.wd1.myworkdayjobs.com/External/job/Pinewood-Estates-Albuquerque-NM/Leasing-Professional---Pinewood-Estates_R0200183,blocked,,2026-09-24,0,ops,workday,Multifamily Property Manager,South Carolina,A,workday:greystar:/job/Pinewood-Estates-Albuquerque-NM/Leasing-Professional---Pinewood-Estates_R0200183
Greystar,Leasing Professional - Platform,"Platform (TX), Austin, TX",https://greystar.wd1.myworkdayjobs.com/External/job/Platform-TX-Austin-TX/Leasing-Professional---Platform_R0198898-1,blocked,,2026-09-24,0,ops,workday,Multifamily Property Manager,South Carolina,A,workday:greystar:/job/Platform-TX-Austin-TX/Leasing-Professional---Platform_R0198898-1
Greystar,Leasing Professional - Postmaster Flats,"Postmaster Flats, Hutto, TX",https://greystar.wd1.myworkdayjobs.com/External/job/Postmaster-Flats-Hutto-TX/Leasing-Professional---Postmaster-Flats_R0191812,blocked,,2026-09-24,0,ops,workday,Multifamily Property Manager,South Carolina,A,workday:greystar:/job/Postmaster-Flats-Hutto-TX/Leasing-Professional---Postmaster-Flats_R0191812
Greystar,Leasing Professional - Preserve at Westfields,"Preserve at Westfields, Chantilly, VA",https://greystar.wd1.myworkdayjobs.com/External/job/Preserve-at-Westfields-Chantilly-VA/Leasing-Professional---Preserve-at-Westfields_R0194794,blocked,,2026-09-24,0,ops,workday,Multifamily Property Manager,South Carolina,A,workday:greystar:/job/Preserve-at-Westfields-Chantilly-VA/Leasing-Professional---Preserve-at-Westfields_R0194794
Greystar,Leasing Professional - Prose Anna Town Square,"Prose  Anna Town Square, Anna, TX",https://greystar.wd1.myworkdayjobs.com/External/job/Prose--Anna-Town-Square-Anna-TX/Leasing-Professional---Prose-Anna-Town-Square_R0200782,blocked,,2026-09-24,0,ops,workday,Multifamily Property Manager,South Carolina,A,workday:greystar:/job/Prose--Anna-Town-Square-Anna-TX/Leasing-Professional---Prose-Anna-Town-Square_R0200782
Greystar,Leasing Professional - Prose Southcenter,"Prose Southcenter, Tukwila, WA",https://greystar.wd1.myworkdayjobs.com/External/job/Prose-Southcenter-Tukwila-WA/Leasing-Professional---Prose-Southcenter_R0200883,blocked,,2026-09-24,0,ops,workday,Multifamily Property Manager,South Carolina,A,workday:greystar:/job/Prose-Southcenter-Tukwila-WA/Leasing-Professional---Prose-Southcenter_R0200883
Greystar,Leasing Professional - Queens Wedgewood Houston,"Queens Wedgewood Houston, Nashville, TN",https://greystar.wd1.myworkdayjobs.com/External/job/Queens-Wedgewood-Houston-Nashville-TN/Leasing-Professional---Queens-Wedgewood-Houston_R0201854-1,live,,2026-09-24,0,ops,workday,Multifamily Property Manager,South Carolina,A,workday:greystar:/job/Queens-Wedgewood-Houston-Nashville-TN/Leasing-Professional---Queens-Wedgewood-Houston_R0201854-1
Greystar,Leasing Professional - Republic House at Frisco Bridges,"Republic House at Frisco Bridges, Frisco, TX",https://greystar.wd1.myworkdayjobs.com/External/job/Republic-House-at-Frisco-Bridges-Frisco-TX/Leasing-Professional---Republic-House-at-Frisco-Bridges_R0201005,blocked,,2026-09-24,0,ops,workday,Multifamily Property Manager,South Carolina,A,workday:greystar:/job/Republic-House-at-Frisco-Bridges-Frisco-TX/Leasing-Professional---Republic-House-at-Frisco-Bridges_R0201005
Greystar,Leasing Professional - Reserve at Garden Oaks,"Reserve at Garden Oaks, Houston, TX",https://greystar.wd1.myworkdayjobs.com/External/job/Reserve-at-Garden-Oaks-Houston-TX/Leasing-Professional---Reserve-at-Garden-Oaks_R0199861,blocked,,2026-09-24,0,ops,workday,Multifamily Property Manager,South Carolina,A,workday:greystar:/job/Reserve-at-Garden-Oaks-Houston-TX/Leasing-Professional---Reserve-at-Garden-Oaks_R0199861
Greystar,Leasing Professional - Revela,"Revela, Mountain View, CA",https://greystar.wd1.myworkdayjobs.com/External/job/Revela-Mountain-View-CA/Leasing-Professional---Revela_R0189721,blocked,,2026-09-24,0,ops,workday,Multifamily Property Manager,South Carolina,A,workday:greystar:/job/Revela-Mountain-View-CA/Leasing-Professional---Revela_R0189721
Greystar,"Leasing Professional - Richmond, VA",13 Locations,https://greystar.wd1.myworkdayjobs.com/External/job/Avia-VA-Richmond-VA/Leasing-Professional---Richmond--VA_R0191877,blocked,,2026-09-24,0,ops,workday,Multifamily Property Manager,South Carolina,A,workday:greystar:/job/Avia-VA-Richmond-VA/Leasing-Professional---Richmond--VA_R0191877
Greystar,Leasing Professional - River Terrace,"River Terrace, Eugene, OR",https://greystar.wd1.myworkdayjobs.com/External/job/River-Terrace-Eugene-OR/Leasing-Professional---River-Terrace_R0193466,blocked,,2026-09-24,0,ops,workday,Multifamily Property Manager,South Carolina,A,workday:greystar:/job/River-Terrace-Eugene-OR/Leasing-Professional---River-Terrace_R0193466
Greystar,Leasing Professional - Riverchase Vista,"Riverchase Vista, Savannah, GA",https://greystar.wd1.myworkdayjobs.com/External/job/Riverchase-Vista-Savannah-GA/Leasing-Professional---Riverchase-Vista_R0201982,live,,2026-09-24,0,ops,workday,Multifamily Property Manager,South Carolina,A,workday:greystar:/job/Riverchase-Vista-Savannah-GA/Leasing-Professional---Riverchase-Vista_R0201982
Greystar,Leasing Professional - Riverwood at New Canaan,"Riverwood at New Canaan, New Canaan, CT",https://greystar.wd1.myworkdayjobs.com/External/job/Riverwood-at-New-Canaan-New-Canaan-CT/Leasing-Professional---Riverwood-at-New-Canaan_R0198528-1,blocked,,2026-09-24,0,ops,workday,Multifamily Property Manager,South Carolina,A,workday:greystar:/job/Riverwood-at-New-Canaan-New-Canaan-CT/Leasing-Professional---Riverwood-at-New-Canaan_R0198528-1
Greystar,Leasing Professional - Sandbar,"Sandbar, Santa Rosa Beach, FL",https://greystar.wd1.myworkdayjobs.com/External/job/Sandbar-Santa-Rosa-Beach-FL/Leasing-Professional---Sandbar_R0200236,blocked,,2026-09-24,0,ops,workday,Multifamily Property Manager,South Carolina,A,workday:greystar:/job/Sandbar-Santa-Rosa-Beach-FL/Leasing-Professional---Sandbar_R0200236
Greystar,Leasing Professional - Santana Row,"Santana Row, San Jose, CA",https://greystar.wd1.myworkdayjobs.com/External/job/Santana-Row-San-Jose-CA/Dual-Site-Leasing-Professional---Santana-Row_R0195474,blocked,,2026-09-24,0,ops,workday,Multifamily Property Manager,South Carolina,A,workday:greystar:/job/Santana-Row-San-Jose-CA/Dual-Site-Leasing-Professional---Santana-Row_R0195474
Greystar,Leasing Professional - Saratoga,"Saratoga (TX), Lewisville, TX",https://greystar.wd1.myworkdayjobs.com/External/job/Saratoga-TX-Lewisville-TX/Leasing-Professional---Saratoga_R0196828-1,blocked,,2026-09-24,0,ops,workday,Multifamily Property Manager,South Carolina,A,workday:greystar:/job/Saratoga-TX-Lewisville-TX/Leasing-Professional---Saratoga_R0196828-1
Greystar,Leasing Professional - Scotland Yard,"Scotland Yard, Houston, TX",https://greystar.wd1.myworkdayjobs.com/External/job/Scotland-Yard-Houston-TX/Leasing-Professional---Scotland-Yard_R0199637,blocked,,2026-09-24,0,ops,workday,Multifamily Property Manager,South Carolina,A,workday:greystar:/job/Scotland-Yard-Houston-TX/Leasing-Professional---Scotland-Yard_R0199637
Greystar,Leasing Professional - Selene Tomoka Village,"Selene Tomoka Village, Daytona Beach, FL",https://greystar.wd1.myworkdayjobs.com/External/job/Selene-Tomoka-Village-Daytona-Beach-FL/Leasing-Professional---Selene-Tomoka-Village_R0201963,live,,2026-09-24,0,ops,workday,Multifamily Property Manager,South Carolina,A,workday:greystar:/job/Selene-Tomoka-Village-Daytona-Beach-FL/Leasing-Professional---Selene-Tomoka-Village_R0201963
Greystar,Leasing Professional - Sevens,"Sevens, Mountain View, CA",https://greystar.wd1.myworkdayjobs.com/External/job/Sevens-Mountain-View-CA/Leasing-Professional---Sevens_R0194516,blocked,,2026-09-24,0,ops,workday,Multifamily Property Manager,South Carolina,A,workday:greystar:/job/Sevens-Mountain-View-CA/Leasing-Professional---Sevens_R0194516
Greystar,"Leasing Professional - Sewell, NJ","City Office New Jersey, Madison, NJ",https://greystar.wd1.myworkdayjobs.com/External/job/City-Office-New-Jersey-Madison-NJ/Leasing-Professional---Woodmont-Townsquare_R0197308,blocked,,2026-09-24,0,ops,workday,Multifamily Property Manager,South Carolina,A,workday:greystar:/job/City-Office-New-Jersey-Madison-NJ/Leasing-Professional---Woodmont-Townsquare_R0197308
Greystar,Leasing Professional - Silo Phase I,"Silo, San Diego, CA",https://greystar.wd1.myworkdayjobs.com/External/job/Silo-San-Diego-CA/Leasing-Professional---Silo-Phase-I_R0200456,blocked,,2026-09-24,0,ops,workday,Multifamily Property Manager,South Carolina,A,workday:greystar:/job/Silo-San-Diego-CA/Leasing-Professional---Silo-Phase-I_R0200456
Greystar,Leasing Professional - Silver,"Silver, San Jose, CA",https://greystar.wd1.myworkdayjobs.com/External/job/Silver-San-Jose-CA/Leasing-Professional---Silver_R0201649,live,,2026-09-24,0,ops,workday,Multifamily Property Manager,South Carolina,A,workday:greystar:/job/Silver-San-Jose-CA/Leasing-Professional---Silver_R0201649
Greystar,Leasing Professional - SoMa at Brickell,"SoMa at Brickell, Miami, FL",https://greystar.wd1.myworkdayjobs.com/External/job/SoMa-at-Brickell-Miami-FL/Leasing-Professional---SoMa-at-Brickell_R0198779,live,,2026-09-24,0,ops,workday,Multifamily Property Manager,South Carolina,A,workday:greystar:/job/SoMa-at-Brickell-Miami-FL/Leasing-Professional---SoMa-at-Brickell_R0198779
Greystar,Leasing Professional - Solaire,"Solaire (San Francisco,CA), San Francisco, CA",https://greystar.wd1.myworkdayjobs.com/External/job/Solaire-San-FranciscoCA-San-Francisco-CA/Leasing-Professional---Solaire_R0202006,live,,2026-09-24,0,ops,workday,Multifamily Property Manager,South Carolina,A,workday:greystar:/job/Solaire-San-FranciscoCA-San-Francisco-CA/Leasing-Professional---Solaire_R0202006
Greystar,Leasing Professional - Solara Vista,"Solara Vista, Phoenix, AZ",https://greystar.wd1.myworkdayjobs.com/External/job/Solara-Vista-Phoenix-AZ/Leasing-Professional---Solara-Vista_R0201040,blocked,,2026-09-24,0,ops,workday,Multifamily Property Manager,South Carolina,A,workday:greystar:/job/Solara-Vista-Phoenix-AZ/Leasing-Professional---Solara-Vista_R0201040
Greystar,Leasing Professional - Solena West Miami,"Solena West Miami, West Miami, FL",https://greystar.wd1.myworkdayjobs.com/External/job/Solena-West-Miami-West-Miami-FL/Leasing-Professional---Solena-West-Miami_R0199944,blocked,,2026-09-24,0,ops,workday,Multifamily Property Manager,South Carolina,A,workday:greystar:/job/Solena-West-Miami-West-Miami-FL/Leasing-Professional---Solena-West-Miami_R0199944
Greystar,Leasing Professional - Solis Sandy Springs,"Solis Sandy Springs, Sandy Springs, GA",https://greystar.wd1.myworkdayjobs.com/External/job/Solis-Sandy-Springs-Sandy-Springs-GA/Leasing-Professional---Solis-Sandy-Springs_R0201857-1,live,,2026-09-24,0,ops,workday,Multifamily Property Manager,South Carolina,A,workday:greystar:/job/Solis-Sandy-Springs-Sandy-Springs-GA/Leasing-Professional---Solis-Sandy-Springs_R0201857-1
Greystar,Leasing Professional - Soma Towers,"Soma Towers, Bellevue, WA",https://greystar.wd1.myworkdayjobs.com/External/job/Soma-Towers-Bellevue-WA/Leasing-Professional---Soma-Towers_R0201792,live,,2026-09-24,0,ops,workday,Multifamily Property Manager,South Carolina,A,workday:greystar:/job/Soma-Towers-Bellevue-WA/Leasing-Professional---Soma-Towers_R0201792
Greystar,Leasing Professional - South Shore,"South Shore, Alameda, CA",https://greystar.wd1.myworkdayjobs.com/External/job/South-Shore-Alameda-CA/Leasing-Professional---South-Shore_R0197960,blocked,,2026-09-24,0,ops,workday,Multifamily Property Manager,South Carolina,A,workday:greystar:/job/South-Shore-Alameda-CA/Leasing-Professional---South-Shore_R0197960
Greystar,Leasing Professional - South area,"League City, TX",https://greystar.wd1.myworkdayjobs.com/External/job/League-City-TX/Leasing-Professional---Houston-area_R0197372,blocked,,2026-09-24,0,ops,workday,Multifamily Property Manager,South Carolina,A,workday:greystar:/job/League-City-TX/Leasing-Professional---Houston-area_R0197372
Greystar,Leasing Professional - South palm,2 Locations,https://greystar.wd1.myworkdayjobs.com/External/job/South-Palm-Daly-City-CA/Leasing-Professional---South-palm_R0197180,blocked,,2026-09-24,0,ops,workday,Multifamily Property Manager,South Carolina,A,workday:greystar:/job/South-Palm-Daly-City-CA/Leasing-Professional---South-palm_R0197180
Greystar,Leasing Professional - Spectra Parks,"Spectra Parks, Austin, TX",https://greystar.wd1.myworkdayjobs.com/External/job/Spectra-Parks-Austin-TX/Leasing-Professional---Spectra-Parks_R0198713,blocked,,2026-09-24,0,ops,workday,Multifamily Property Manager,South Carolina,A,workday:greystar:/job/Spectra-Parks-Austin-TX/Leasing-Professional---Spectra-Parks_R0198713
Greystar,Leasing Professional - Station A,"Station A, Madison, TN",https://greystar.wd1.myworkdayjobs.com/External/job/Station-A-Madison-TN/Leasing-Professional---Station-A_R0201383,blocked,,2026-09-24,0,ops,workday,Multifamily Property Manager,South Carolina,A,workday:greystar:/job/Station-A-Madison-TN/Leasing-Professional---Station-A_R0201383
Greystar,Leasing Professional - Student Living,"City Office Seattle, Seattle, WA",https://greystar.wd1.myworkdayjobs.com/External/job/City-Office-Seattle-Seattle-WA/Leasing-Professional---Student-Living_R0193331,blocked,,2026-09-24,0,ops,workday,Multifamily Property Manager,South Carolina,A,workday:greystar:/job/City-Office-Seattle-Seattle-WA/Leasing-Professional---Student-Living_R0193331
Greystar,Leasing Professional - Summit Place (Student Living),"Summit Place (SC), Charleston, SC",https://greystar.wd1.myworkdayjobs.com/External/job/Summit-Place-SC-Charleston-SC/Leasing-Professional---Summit-Place--Student-Living-_R0200971,blocked,,2026-09-24,0,ops,workday,Multifamily Property Manager,South Carolina,A,workday:greystar:/job/Summit-Place-SC-Charleston-SC/Leasing-Professional---Summit-Place--Student-Living-_R0200971
Greystar,Leasing Professional - Terrazzo,"Terrazzo, Austin, TX",https://greystar.wd1.myworkdayjobs.com/External/job/Terrazzo-Austin-TX/Leasing-Professional---Terrazzo_R0197085,blocked,,2026-09-24,0,ops,workday,Multifamily Property Manager,South Carolina,A,workday:greystar:/job/Terrazzo-Austin-TX/Leasing-Professional---Terrazzo_R0197085
Greystar,Leasing Professional - Tessa Madison,"Tessa Madison, Madison, TN",https://greystar.wd1.myworkdayjobs.com/External/job/Tessa-Madison-Madison-TN/Leasing-Professional---Tessa-Madison_R0201461,blocked,,2026-09-24,0,ops,workday,Multifamily Property Manager,South Carolina,A,workday:greystar:/job/Tessa-Madison-Madison-TN/Leasing-Professional---Tessa-Madison_R0201461
Greystar,Leasing Professional - The Arden (Lease Up),"The Arden (AZ), Mesa, AZ",https://greystar.wd1.myworkdayjobs.com/External/job/The-Arden-AZ-Mesa-AZ/Leasing-Professional---The-Arden--Lease-Up-_R0201502,live,,2026-09-24,0,ops,workday,Multifamily Property Manager,South Carolina,A,workday:greystar:/job/The-Arden-AZ-Mesa-AZ/Leasing-Professional---The-Arden--Lease-Up-_R0201502
Greystar,Leasing Professional - The Artreaux,"The Artreaux, Winston-Salem, NC",https://greystar.wd1.myworkdayjobs.com/External/job/The-Artreaux-Winston-Salem-NC/Leasing-Professional---The-Artreaux_R0202020-1,live,,2026-09-24,0,ops,workday,Multifamily Property Manager,South Carolina,A,workday:greystar:/job/The-Artreaux-Winston-Salem-NC/Leasing-Professional---The-Artreaux_R0202020-1
Greystar,Leasing Professional - The Ashborough,"The Ashborough, Ashburn, VA",https://greystar.wd1.myworkdayjobs.com/External/job/The-Ashborough-Ashburn-VA/Leasing-Professional---The-Ashborough_R0201771,live,,2026-09-24,0,ops,workday,Multifamily Property Manager,South Carolina,A,workday:greystar:/job/The-Ashborough-Ashburn-VA/Leasing-Professional---The-Ashborough_R0201771
Greystar,Leasing Professional - The Aster,"The Aster (TN), knoxville, TN",https://greystar.wd1.myworkdayjobs.com/External/job/The-Aster-TN-knoxville-TN/Leasing-Professional---The-Aster_R0198145,blocked,,2026-09-24,0,ops,workday,Multifamily Property Manager,South Carolina,A,workday:greystar:/job/The-Aster-TN-knoxville-TN/Leasing-Professional---The-Aster_R0198145
Greystar,Leasing Professional - The Bennett,"The Bennett, Charlottesville, VA",https://greystar.wd1.myworkdayjobs.com/External/job/The-Bennett-Charlottesville-VA/Leasing-Professional---The-Bennett_R0196211,blocked,,2026-09-24,0,ops,workday,Multifamily Property Manager,South Carolina,A,workday:greystar:/job/The-Bennett-Charlottesville-VA/Leasing-Professional---The-Bennett_R0196211
Greystar,Leasing Professional - The Bricks at Perimeter Center,"Dunwoody, GA",https://greystar.wd1.myworkdayjobs.com/External/job/Dunwoody-GA/Leasing-Professional---The-Bricks-at-Perimeter-Center_R0198735,live,,2026-09-24,0,ops,workday,Multifamily Property Manager,South Carolina,A,workday:greystar:/job/Dunwoody-GA/Leasing-Professional---The-Bricks-at-Perimeter-Center_R0198735
Greystar,Leasing Professional - The Briscoe,"The Briscoe, Dallas, TX",https://greystar.wd1.myworkdayjobs.com/External/job/The-Briscoe-Dallas-TX/Leasing-Professional---The-Briscoe_R0200064,blocked,,2026-09-24,0,ops,workday,Multifamily Property Manager,South Carolina,A,workday:greystar:/job/The-Briscoe-Dallas-TX/Leasing-Professional---The-Briscoe_R0200064
Greystar,Leasing Professional - The Charles,"The Charles (MD), Bethesda, MD",https://greystar.wd1.myworkdayjobs.com/External/job/The-Charles-MD-Bethesda-MD/Leasing-Professional---The-Charles_R0200960,blocked,,2026-09-24,0,ops,workday,Multifamily Property Manager,South Carolina,A,workday:greystar:/job/The-Charles-MD-Bethesda-MD/Leasing-Professional---The-Charles_R0200960
Greystar,Leasing Professional - The Charles Denver West,"The Charles Denver West, Golden, CO",https://greystar.wd1.myworkdayjobs.com/External/job/The-Charles-Denver-West-Golden-CO/Leasing-Professional---The-Charles-Denver-West_R0202113,live,,2026-09-24,0,ops,workday,Multifamily Property Manager,South Carolina,A,workday:greystar:/job/The-Charles-Denver-West-Golden-CO/Leasing-Professional---The-Charles-Denver-West_R0202113
Greystar,Leasing Professional - The Cline,"The Cline, Seattle, WA",https://greystar.wd1.myworkdayjobs.com/External/job/The-Cline-Seattle-WA/Leasing-Professional---The-Cline_R0198465,blocked,,2026-09-24,0,ops,workday,Multifamily Property Manager,South Carolina,A,workday:greystar:/job/The-Cline-Seattle-WA/Leasing-Professional---The-Cline_R0198465
Greystar,Leasing Professional - The Colwick,"The Colwick, Charlotte, NC",https://greystar.wd1.myworkdayjobs.com/External/job/The-Colwick-Charlotte-NC/Leasing-Professional---The-Colwick_R0199789,blocked,,2026-09-24,0,ops,workday,Multifamily Property Manager,South Carolina,A,workday:greystar:/job/The-Colwick-Charlotte-NC/Leasing-Professional---The-Colwick_R0199789
Greystar,Leasing Professional - The Commons at Drum Hill,"City Office Boston, Boston, MA",https://greystar.wd1.myworkdayjobs.com/External/job/City-Office-Boston-Boston-MA/Leasing-Professional---The-Commons-at-Drum-Hill_R0198329,blocked,,2026-09-24,0,ops,workday,Multifamily Property Manager,South Carolina,A,workday:greystar:/job/City-Office-Boston-Boston-MA/Leasing-Professional---The-Commons-at-Drum-Hill_R0198329
Greystar,Leasing Professional - The Daley at Shady Grove,"The Daley at Shady Grove, Derwood, MD",https://greystar.wd1.myworkdayjobs.com/External/job/The-Daley-at-Shady-Grove-Derwood-MD/Leasing-Professional---The-Daley-at-Shady-Grove_R0198887-1,blocked,,2026-09-24,0,ops,workday,Multifamily Property Manager,South Carolina,A,workday:greystar:/job/The-Daley-at-Shady-Grove-Derwood-MD/Leasing-Professional---The-Daley-at-Shady-Grove_R0198887-1
Greystar,Leasing Professional - The Danforth,"The Danforth, Seattle, WA",https://greystar.wd1.myworkdayjobs.com/External/job/The-Danforth-Seattle-WA/Leasing-Professional---The-Danforth_R0201565,live,,2026-09-24,0,ops,workday,Multifamily Property Manager,South Carolina,A,workday:greystar:/job/The-Danforth-Seattle-WA/Leasing-Professional---The-Danforth_R0201565
Greystar,Leasing Professional - The Gallery at Noho Commons,"The Gallery at NoHo Commons, North Hollywood, CA",https://greystar.wd1.myworkdayjobs.com/External/job/The-Gallery-at-NoHo-Commons-North-Hollywood-CA/Leasing-Professional---The-Gallery-at-Noho-Commons_R0201028-1,blocked,,2026-09-24,0,ops,workday,Multifamily Property Manager,South Carolina,A,workday:greystar:/job/The-Gallery-at-NoHo-Commons-North-Hollywood-CA/Leasing-Professional---The-Gallery-at-Noho-Commons_R0201028-1
Greystar,Leasing Professional - The Gin Mill,"The Gin Mill, Arlington, TX",https://greystar.wd1.myworkdayjobs.com/External/job/The-Gin-Mill-Arlington-TX/Leasing-Professional---The-Gin-Mill_R0200918,blocked,,2026-09-24,0,ops,workday,Multifamily Property Manager,South Carolina,A,workday:greystar:/job/The-Gin-Mill-Arlington-TX/Leasing-Professional---The-Gin-Mill_R0200918
Greystar,Leasing Professional - The Griffin,"The Griffin, Scottsdale, AZ",https://greystar.wd1.myworkdayjobs.com/External/job/The-Griffin-Scottsdale-AZ/Leasing-Professional---The-Griffin_R0200051,blocked,,2026-09-24,0,ops,workday,Multifamily Property Manager,South Carolina,A,workday:greystar:/job/The-Griffin-Scottsdale-AZ/Leasing-Professional---The-Griffin_R0200051
Greystar,Leasing Professional - The Grove Somerset,"The Grove Somerset, Somerset, NJ",https://greystar.wd1.myworkdayjobs.com/External/job/The-Grove-Somerset-Somerset-NJ/Leasing-Professional---The-Grove-Somerset_R0200609,blocked,,2026-09-24,0,ops,workday,Multifamily Property Manager,South Carolina,A,workday:greystar:/job/The-Grove-Somerset-Somerset-NJ/Leasing-Professional---The-Grove-Somerset_R0200609
Greystar,Leasing Professional - The Hadley,"The Hadley Apartments, Cape Coral, FL",https://greystar.wd1.myworkdayjobs.com/External/job/The-Hadley-Apartments-Cape-Coral-FL/Leasing-Professional---The-Hadley_R0201385,blocked,,2026-09-24,0,ops,workday,Multifamily Property Manager,South Carolina,A,workday:greystar:/job/The-Hadley-Apartments-Cape-Coral-FL/Leasing-Professional---The-Hadley_R0201385
Greystar,Leasing Professional - The M Club,"The M Club Apartments, Indianapolis, IN",https://greystar.wd1.myworkdayjobs.com/External/job/The-M-Club-Apartments-Indianapolis-IN/Leasing-Professional---The-M-Club_R0200505,blocked,,2026-09-24,0,ops,workday,Multifamily Property Manager,South Carolina,A,workday:greystar:/job/The-M-Club-Apartments-Indianapolis-IN/Leasing-Professional---The-M-Club_R0200505
Greystar,Leasing Professional - The Meadows at Burnside Farms,"The Meadows at Burnside Farms, Columbia, SC",https://greystar.wd1.myworkdayjobs.com/External/job/The-Meadows-at-Burnside-Farms-Columbia-SC/Leasing-Professional---The-Meadows-at-Burnside-Farms_R0200679,blocked,,2026-09-24,0,ops,workday,Multifamily Property Manager,South Carolina,A,workday:greystar:/job/The-Meadows-at-Burnside-Farms-Columbia-SC/Leasing-Professional---The-Meadows-at-Burnside-Farms_R0200679
Greystar,Leasing Professional - The Morgan,"The Morgan (TX), Austin, TX",https://greystar.wd1.myworkdayjobs.com/External/job/The-Morgan-TX-Austin-TX/Leasing-Professional---The-Morgan_R0200820,blocked,,2026-09-24,0,ops,workday,Multifamily Property Manager,South Carolina,A,workday:greystar:/job/The-Morgan-TX-Austin-TX/Leasing-Professional---The-Morgan_R0200820
Greystar,Leasing Professional - The Morgan at Chapel Hill,"The Morgan at Chapel Hill, Chapel Hill, NC",https://greystar.wd1.myworkdayjobs.com/External/job/The-Morgan-at-Chapel-Hill-Chapel-Hill-NC/Leasing-Professional---The-Morgan-at-Chapel-Hill_R0201795-1,live,,2026-09-24,0,ops,workday,Multifamily Property Manager,South Carolina,A,workday:greystar:/job/The-Morgan-at-Chapel-Hill-Chapel-Hill-NC/Leasing-Professional---The-Morgan-at-Chapel-Hill_R0201795-1
Greystar,Leasing Professional - The Noble,"The Noble, Philadelphia, PA",https://greystar.wd1.myworkdayjobs.com/External/job/The-Noble-Philadelphia-PA/Leasing-Professional---The-Noble_R0201579-1,live,,2026-09-24,0,ops,workday,Multifamily Property Manager,South Carolina,A,workday:greystar:/job/The-Noble-Philadelphia-PA/Leasing-Professional---The-Noble_R0201579-1
Greystar,Leasing Professional - The Oaks on the Square (Student Living),"The Oaks on The Square, Storrs, CT",https://greystar.wd1.myworkdayjobs.com/External/job/The-Oaks-on-The-Square-Storrs-CT/Leasing-Professional---The-Oaks-on-the-Square--Student-Living-_R0200991,blocked,,2026-09-24,0,ops,workday,Multifamily Property Manager,South Carolina,A,workday:greystar:/job/The-Oaks-on-The-Square-Storrs-CT/Leasing-Professional---The-Oaks-on-the-Square--Student-Living-_R0200991
Greystar,Leasing Professional - The One at Montgomery,"The One at Montgomery, Montgomery, AL",https://greystar.wd1.myworkdayjobs.com/External/job/The-One-at-Montgomery-Montgomery-AL/Leasing-Professional---The-One-at-Montgomery_R0195144-1,blocked,,2026-09-24,0,ops,workday,Multifamily Property Manager,South Carolina,A,workday:greystar:/job/The-One-at-Montgomery-Montgomery-AL/Leasing-Professional---The-One-at-Montgomery_R0195144-1
Greystar,Leasing Professional - The Preserve,"The Preserve, Grapevine, TX",https://greystar.wd1.myworkdayjobs.com/External/job/The-Preserve-Grapevine-TX/Leasing-Professional---The-Preserve_R0200283,blocked,,2026-09-24,0,ops,workday,Multifamily Property Manager,South Carolina,A,workday:greystar:/job/The-Preserve-Grapevine-TX/Leasing-Professional---The-Preserve_R0200283
Greystar,Leasing Professional - The Quarry Alamo Heights,"The Quarry Alamo Heights, San Antonio, TX",https://greystar.wd1.myworkdayjobs.com/External/job/The-Quarry-Alamo-Heights-San-Antonio-TX/Leasing-Professional---The-Quarry-Alamo-Heights_R0198808,blocked,,2026-09-24,0,ops,workday,Multifamily Property Manager,South Carolina,A,workday:greystar:/job/The-Quarry-Alamo-Heights-San-Antonio-TX/Leasing-Professional---The-Quarry-Alamo-Heights_R0198808
Greystar,Leasing Professional - The Reserve,"The Reserve, Albuquerque, NM",https://greystar.wd1.myworkdayjobs.com/External/job/The-Reserve-Albuquerque-NM/Leasing-Professional---The-Reserve_R0201575,live,,2026-09-24,0,ops,workday,Multifamily Property Manager,South Carolina,A,workday:greystar:/job/The-Reserve-Albuquerque-NM/Leasing-Professional---The-Reserve_R0201575
Greystar,Leasing Professional - The Reserve at Camp Creek,"The Reserve at Camp Creek, Gallatin, TN",https://greystar.wd1.myworkdayjobs.com/External/job/The-Reserve-at-Camp-Creek-Gallatin-TN/Leasing-Professional---The-Reserve-at-Camp-Creek_R0201463,blocked,,2026-09-24,0,ops,workday,Multifamily Property Manager,South Carolina,A,workday:greystar:/job/The-Reserve-at-Camp-Creek-Gallatin-TN/Leasing-Professional---The-Reserve-at-Camp-Creek_R0201463
Greystar,Leasing Professional - The Retreat at Vista Lake,"The Retreat at Vista Lake, Fort Myers, FL",https://greystar.wd1.myworkdayjobs.com/External/job/The-Retreat-at-Vista-Lake-Fort-Myers-FL/Leasing-Professional---The-Retreat-at-Vista-Lake_R0201086,blocked,,2026-09-24,0,ops,workday,Multifamily Property Manager,South Carolina,A,workday:greystar:/job/The-Retreat-at-Vista-Lake-Fort-Myers-FL/Leasing-Professional---The-Retreat-at-Vista-Lake_R0201086
Greystar,Leasing Professional - The Station at Othello Park,"The Station at Othello Park, Seattle, WA",https://greystar.wd1.myworkdayjobs.com/External/job/The-Station-at-Othello-Park-Seattle-WA/Leasing-Professional---The-Station-at-Othello-Park_R0199170,blocked,,2026-09-24,0,ops,workday,Multifamily Property Manager,South Carolina,A,workday:greystar:/job/The-Station-at-Othello-Park-Seattle-WA/Leasing-Professional---The-Station-at-Othello-Park_R0199170
Greystar,Leasing Professional - The Tenzing,"The Tenzing, Westminster, CO",https://greystar.wd1.myworkdayjobs.com/External/job/The-Tenzing-Westminster-CO/Leasing-Professional---The-Tenzing_R0199878-1,blocked,,2026-09-24,0,ops,workday,Multifamily Property Manager,South Carolina,A,workday:greystar:/job/The-Tenzing-Westminster-CO/Leasing-Professional---The-Tenzing_R0199878-1
Greystar,Leasing Professional - The Tobin Estate,"The Tobin Estate, San Antonio, TX",https://greystar.wd1.myworkdayjobs.com/External/job/The-Tobin-Estate-San-Antonio-TX/Leasing-Professional---The-Tobin-Estate_R0200063,blocked,,2026-09-24,0,ops,workday,Multifamily Property Manager,South Carolina,A,workday:greystar:/job/The-Tobin-Estate-San-Antonio-TX/Leasing-Professional---The-Tobin-Estate_R0200063
Greystar,"Leasing Professional - The Village Residences, Mountain View","City Office San Jose, San Jose, CA",https://greystar.wd1.myworkdayjobs.com/External/job/City-Office-San-Jose-San-Jose-CA/Leasing-Professional---The-Village-Residences--Mountain-View_R0201260,blocked,,2026-09-24,0,ops,workday,Multifamily Property Manager,South Carolina,A,workday:greystar:/job/City-Office-San-Jose-San-Jose-CA/Leasing-Professional---The-Village-Residences--Mountain-View_R0201260
Greystar,Leasing Professional - The Wentworth at Lexington Ranch,"The Wentworth at Lexington Ranch, Frisco, TX",https://greystar.wd1.myworkdayjobs.com/External/job/The-Wentworth-at-Lexington-Ranch-Frisco-TX/Leasing-Professional---The-Wentworth-at-Lexington-Ranch_R0202053,live,,2026-09-24,0,ops,workday,Multifamily Property Manager,South Carolina,A,workday:greystar:/job/The-Wentworth-at-Lexington-Ranch-Frisco-TX/Leasing-Professional---The-Wentworth-at-Lexington-Ranch_R0202053
Greystar,Leasing Professional - The Windsor,"The Windsor (CA), Walnut Creek, CA",https://greystar.wd1.myworkdayjobs.com/External/job/The-Windsor-CA-Walnut-Creek-CA/Leasing-Professional---The-Windsor_R0201169,blocked,,2026-09-24,0,ops,workday,Multifamily Property Manager,South Carolina,A,workday:greystar:/job/The-Windsor-CA-Walnut-Creek-CA/Leasing-Professional---The-Windsor_R0201169
Greystar,Leasing Professional - The Winnifred + The Winston,2 Locations,https://greystar.wd1.myworkdayjobs.com/External/job/The-Winnifred-Charlotte-NC/Leasing-Professional---The-Winnifred---The-Winston_R0201139,blocked,,2026-09-24,0,ops,workday,Multifamily Property Manager,South Carolina,A,workday:greystar:/job/The-Winnifred-Charlotte-NC/Leasing-Professional---The-Winnifred---The-Winston_R0201139
Greystar,Leasing Professional - Thorton Place,"Thornton Place, Seattle, WA",https://greystar.wd1.myworkdayjobs.com/External/job/Thornton-Place-Seattle-WA/Leasing-Professional---Thorton-Place_R0201638,live,,2026-09-24,0,ops,workday,Multifamily Property Manager,South Carolina,A,workday:greystar:/job/Thornton-Place-Seattle-WA/Leasing-Professional---Thorton-Place_R0201638
Greystar,Leasing Professional - Tortuga Bay at Waterford Lakes,"Tortuga Bay at Waterford Lakes, Orlando, FL",https://greystar.wd1.myworkdayjobs.com/External/job/Tortuga-Bay-at-Waterford-Lakes-Orlando-FL/Leasing-Professional---Tortuga-Bay-at-Waterford-Lakes_R0200268,blocked,,2026-09-24,0,ops,workday,Multifamily Property Manager,South Carolina,A,workday:greystar:/job/Tortuga-Bay-at-Waterford-Lakes-Orlando-FL/Leasing-Professional---Tortuga-Bay-at-Waterford-Lakes_R0200268
Greystar,Leasing Professional - Tradition at Stonewater,"Tradition at Stonewater, Cary, NC",https://greystar.wd1.myworkdayjobs.com/External/job/Tradition-at-Stonewater-Cary-NC/Leasing-Professional---Tradition-at-Stonewater_R0201223,blocked,,2026-09-24,0,ops,workday,Multifamily Property Manager,South Carolina,A,workday:greystar:/job/Tradition-at-Stonewater-Cary-NC/Leasing-Professional---Tradition-at-Stonewater_R0201223
Greystar,Leasing Professional - Trella Uptown,"Trella Uptown, Charlotte, NC",https://greystar.wd1.myworkdayjobs.com/External/job/Trella-Uptown-Charlotte-NC/Leasing-Professional---Trella-Uptown_R0200066,blocked,,2026-09-24,0,ops,workday,Multifamily Property Manager,South Carolina,A,workday:greystar:/job/Trella-Uptown-Charlotte-NC/Leasing-Professional---Trella-Uptown_R0200066
Greystar,Leasing Professional - Triana,"Triana, Woodland Hills, CA",https://greystar.wd1.myworkdayjobs.com/External/job/Triana-Woodland-Hills-CA/Leasing-Professional---Triana_R0200432,blocked,,2026-09-24,0,ops,workday,Multifamily Property Manager,South Carolina,A,workday:greystar:/job/Triana-Woodland-Hills-CA/Leasing-Professional---Triana_R0200432
Greystar,Leasing Professional - Trinity Exchange,"Trinity Exchange, New Port Richey, FL",https://greystar.wd1.myworkdayjobs.com/External/job/Trinity-Exchange-New-Port-Richey-FL/Leasing-Professional---Trinity-Exchange_R0201489,blocked,,2026-09-24,0,ops,workday,Multifamily Property Manager,South Carolina,A,workday:greystar:/job/Trinity-Exchange-New-Port-Richey-FL/Leasing-Professional---Trinity-Exchange_R0201489
Greystar,Leasing Professional - Union Tempe (Student Living),"Union Tempe, Tempe, AZ",https://greystar.wd1.myworkdayjobs.com/External/job/Union-Tempe-Tempe-AZ/Leasing-Professional---Union-Tempe--Student-Living-_R0200867,blocked,,2026-09-24,0,ops,workday,Multifamily Property Manager,South Carolina,A,workday:greystar:/job/Union-Tempe-Tempe-AZ/Leasing-Professional---Union-Tempe--Student-Living-_R0200867
Greystar,Leasing Professional - Verde Esterra Park,"Verde Esterra Park, Redmond, WA",https://greystar.wd1.myworkdayjobs.com/External/job/Verde-Esterra-Park-Redmond-WA/Leasing-Professional---Verde-Esterra-Park_R0199563,blocked,,2026-09-24,0,ops,workday,Multifamily Property Manager,South Carolina,A,workday:greystar:/job/Verde-Esterra-Park-Redmond-WA/Leasing-Professional---Verde-Esterra-Park_R0199563
Greystar,Leasing Professional - Vida at Morgan Hill,"Vida at Morgan Hill, Morgan Hill, CA",https://greystar.wd1.myworkdayjobs.com/External/job/Vida-at-Morgan-Hill-Morgan-Hill-CA/Leasing-Professional---Vida-at-Morgan-Hill_R0200457,blocked,,2026-09-24,0,ops,workday,Multifamily Property Manager,South Carolina,A,workday:greystar:/job/Vida-at-Morgan-Hill-Morgan-Hill-CA/Leasing-Professional---Vida-at-Morgan-Hill_R0200457
Greystar,Leasing Professional - Villas at 28th,"Villas at 28th, Vancouver, WA",https://greystar.wd1.myworkdayjobs.com/External/job/Villas-at-28th-Vancouver-WA/Leasing-Professional---Villas-at-28th_R0199859-1,blocked,,2026-09-24,0,ops,workday,Multifamily Property Manager,South Carolina,A,workday:greystar:/job/Villas-at-28th-Vancouver-WA/Leasing-Professional---Villas-at-28th_R0199859-1
Greystar,Leasing Professional - Villas at Gateway,"Villas at Gateway, Pinellas Park, FL",https://greystar.wd1.myworkdayjobs.com/External/job/Villas-at-Gateway-Pinellas-Park-FL/Leasing-Professional---Villas-at-Gateway_R0199452,blocked,,2026-09-24,0,ops,workday,Multifamily Property Manager,South Carolina,A,workday:greystar:/job/Villas-at-Gateway-Pinellas-Park-FL/Leasing-Professional---Villas-at-Gateway_R0199452
Greystar,Leasing Professional - Vue at The Ridge,"Vue at The Ridge, Apopka, FL",https://greystar.wd1.myworkdayjobs.com/External/job/Vue-at-The-Ridge-Apopka-FL/Leasing-Professional---Vue-at-The-Ridge_R0201787,live,,2026-09-24,0,ops,workday,Multifamily Property Manager,South Carolina,A,workday:greystar:/job/Vue-at-The-Ridge-Apopka-FL/Leasing-Professional---Vue-at-The-Ridge_R0201787
Greystar,Leasing Professional - Wardman Park (Lease Up),"Aerie, Washington, DC",https://greystar.wd1.myworkdayjobs.com/External/job/Aerie-Washington-DC/Leasing-Professional---Wardman-Park--Lease-Up-_R0199916,blocked,,2026-09-24,0,ops,workday,Multifamily Property Manager,South Carolina,A,workday:greystar:/job/Aerie-Washington-DC/Leasing-Professional---Wardman-Park--Lease-Up-_R0199916
Greystar,Leasing Professional - Waterleaf at Murrells Inlet,"Waterleaf at Murrells Inlet, Murrells Inlet, SC",https://greystar.wd1.myworkdayjobs.com/External/job/Waterleaf-at-Murrells-Inlet-Murrells-Inlet-SC/Leasing-Professional---Waterleaf-at-Murrells-Inlet_R0200765,blocked,,2026-09-24,0,ops,workday,Multifamily Property Manager,South Carolina,A,workday:greystar:/job/Waterleaf-at-Murrells-Inlet-Murrells-Inlet-SC/Leasing-Professional---Waterleaf-at-Murrells-Inlet_R0200765
Greystar,Leasing Professional - Waterwalk at Shelter Cove,"Waterwalk at Shelter Cove Towne Centre, Hilton Head Island, SC",https://greystar.wd1.myworkdayjobs.com/External/job/Waterwalk-at-Shelter-Cove-Towne-Centre-Hilton-Head-Island-SC/Leasing-Professional---Waterwalk-at-Shelter-Cove_R0201283,blocked,,2026-09-24,0,ops,workday,Multifamily Property Manager,South Carolina,A,workday:greystar:/job/Waterwalk-at-Shelter-Cove-Towne-Centre-Hilton-Head-Island-SC/Leasing-Professional---Waterwalk-at-Shelter-Cove_R0201283
Greystar,Leasing Professional - West 5th LA,"West 5th LA, Los Angeles, CA",https://greystar.wd1.myworkdayjobs.com/External/job/West-5th-LA-Los-Angeles-CA/Leasing-Professional---West-5th-LA_R0197006-1,blocked,,2026-09-24,0,ops,workday,Multifamily Property Manager,South Carolina,A,workday:greystar:/job/West-5th-LA-Los-Angeles-CA/Leasing-Professional---West-5th-LA_R0197006-1
Greystar,Leasing Professional - West End,"West End District, Beaverton, OR",https://greystar.wd1.myworkdayjobs.com/External/job/West-End-District-Beaverton-OR/Leasing-Professional---West-End_R0201031,blocked,,2026-09-24,0,ops,workday,Multifamily Property Manager,South Carolina,A,workday:greystar:/job/West-End-District-Beaverton-OR/Leasing-Professional---West-End_R0201031
Greystar,Leasing Professional - West San Antonio area,"City Office San Antonio, San Antonio, TX",https://greystar.wd1.myworkdayjobs.com/External/job/City-Office-San-Antonio-San-Antonio-TX/Leasing-Professional---West-San-Antonio-area_R0199888,blocked,,2026-09-24,0,ops,workday,Multifamily Property Manager,South Carolina,A,workday:greystar:/job/City-Office-San-Antonio-San-Antonio-TX/Leasing-Professional---West-San-Antonio-area_R0199888
Greystar,Leasing Professional - Yardly Algodon,"Yardly Algodon, Phoenix, AZ",https://greystar.wd1.myworkdayjobs.com/External/job/Yardly-Algodon-Phoenix-AZ/Leasing-Professional---Yardly-Algodon_R0201668,live,,2026-09-24,0,ops,workday,Multifamily Property Manager,South Carolina,A,workday:greystar:/job/Yardly-Algodon-Phoenix-AZ/Leasing-Professional---Yardly-Algodon_R0201668
Greystar,Leasing Professional 2 - Vista Williams Ranch,"Vista Williams Ranch, RIchmond, TX",https://greystar.wd1.myworkdayjobs.com/External/job/Vista-Williams-Ranch-RIchmond-TX/Leasing-Professional-2---Vista-Williams-Ranch_R0198286,blocked,,2026-09-24,0,ops,workday,Multifamily Property Manager,South Carolina,A,workday:greystar:/job/Vista-Williams-Ranch-RIchmond-TX/Leasing-Professional-2---Vista-Williams-Ranch_R0198286
Greystar,Leasing Professional- Alanza Place,"Alanza Place, Phoenix, AZ",https://greystar.wd1.myworkdayjobs.com/External/job/Alanza-Place-Phoenix-AZ/Leasing-Professional--Alanza-Place_R0201968,live,,2026-09-24,0,ops,workday,Multifamily Property Manager,South Carolina,A,workday:greystar:/job/Alanza-Place-Phoenix-AZ/Leasing-Professional--Alanza-Place_R0201968
Greystar,Leasing Professional- Solas Glendale,"Solas Glendale, Glendale, AZ",https://greystar.wd1.myworkdayjobs.com/External/job/Solas-Glendale-Glendale-AZ/Leasing-Professional--Solas-Glendale_R0199730,blocked,,2026-09-24,0,ops,workday,Multifamily Property Manager,South Carolina,A,workday:greystar:/job/Solas-Glendale-Glendale-AZ/Leasing-Professional--Solas-Glendale_R0199730
Greystar,"Leasing Professional- St. Louis, MO",3 Locations,https://greystar.wd1.myworkdayjobs.com/External/job/Remote-Missouri-Remote-Missouri-MO/Leasing-Professional--St-Louis--MO_R0196947,blocked,,2026-09-24,0,ops,workday,Multifamily Property Manager,South Carolina,A,workday:greystar:/job/Remote-Missouri-Remote-Missouri-MO/Leasing-Professional--St-Louis--MO_R0196947
Greystar,Leasing Professional- The Chapman,"The Chapman, Rochester, MI",https://greystar.wd1.myworkdayjobs.com/External/job/The-Chapman-Rochester-MI/Leasing-Professional--The-Chapman_R0201811,live,,2026-09-24,0,ops,workday,Multifamily Property Manager,South Carolina,A,workday:greystar:/job/The-Chapman-Rochester-MI/Leasing-Professional--The-Chapman_R0201811
Greystar,Leasing Professional- The Duncan,"The Duncan, Madison, WI",https://greystar.wd1.myworkdayjobs.com/External/job/The-Duncan-Madison-WI/Leasing-Professional--The-Duncan_R0197162,blocked,,2026-09-24,0,ops,workday,Multifamily Property Manager,South Carolina,A,workday:greystar:/job/The-Duncan-Madison-WI/Leasing-Professional--The-Duncan_R0197162
Greystar,Leasing Professional- The Island Residences at Carlson Center,"The Island Residences at Carlson Center, Minnetonka, MN",https://greystar.wd1.myworkdayjobs.com/External/job/The-Island-Residences-at-Carlson-Center-Minnetonka-MN/Leasing-Professional--The-Island-Residences-at-Carlson-Center_R0199625,blocked,,2026-09-24,0,ops,workday,Multifamily Property Manager,South Carolina,A,workday:greystar:/job/The-Island-Residences-at-Carlson-Center-Minnetonka-MN/Leasing-Professional--The-Island-Residences-at-Carlson-Center_R0199625
Greystar,Leasing Professional- Union Chapel Hill (Student Living),"Union Chapel Hill, Chapel Hill, NC",https://greystar.wd1.myworkdayjobs.com/External/job/Union-Chapel-Hill-Chapel-Hill-NC/Leasing-Professional--Union-Chapel-Hill--Student-Living-_R0198659,blocked,,2026-09-24,0,ops,workday,Multifamily Property Manager,South Carolina,A,workday:greystar:/job/Union-Chapel-Hill-Chapel-Hill-NC/Leasing-Professional--Union-Chapel-Hill--Student-Living-_R0198659
Greystar,Leasing Professional- Wylde at Eagle Creek,"Wylde at Eagle Creek, Indianapolis, IN",https://greystar.wd1.myworkdayjobs.com/External/job/Wylde-at-Eagle-Creek-Indianapolis-IN/Leasing-Professional--Wylde-at-Eagle-Creek_R0200750,blocked,,2026-09-24,0,ops,workday,Multifamily Property Manager,South Carolina,A,workday:greystar:/job/Wylde-at-Eagle-Creek-Indianapolis-IN/Leasing-Professional--Wylde-at-Eagle-Creek_R0200750
Greystar,Leasing/Sales Consultant- Icon Riverwalk,"Icon Riverwalk, Plainsboro, NJ",https://greystar.wd1.myworkdayjobs.com/External/job/Icon-Riverwalk-Plainsboro-NJ/Leasing-Sales-Consultant--Icon-Riverwalk_R0195626-1,blocked,,2026-09-24,0,sales,workday,Multifamily Property Manager,South Carolina,A,workday:greystar:/job/Icon-Riverwalk-Plainsboro-NJ/Leasing-Sales-Consultant--Icon-Riverwalk_R0195626-1
Greystar,Lifestyle Coordinator - Parq on Speer,"Parq on Speer, Denver, CO",https://greystar.wd1.myworkdayjobs.com/External/job/Parq-on-Speer-Denver-CO/Lifestyle-Coordinator---Parq-on-Speer_R0201903,live,,2026-09-24,0,,workday,Multifamily Property Manager,South Carolina,A,workday:greystar:/job/Parq-on-Speer-Denver-CO/Lifestyle-Coordinator---Parq-on-Speer_R0201903
Greystar,Los Angeles Hiring Event - All Positions - Llewellyn,"Llewellyn, Los Angeles, CA",https://greystar.wd1.myworkdayjobs.com/External/job/Llewellyn-Los-Angeles-CA/Los-Angeles-Hiring-Event---All-Positions---Llewellyn_R0197783-1,blocked,,2026-09-24,0,,workday,Multifamily Property Manager,South Carolina,A,workday:greystar:/job/Llewellyn-Los-Angeles-CA/Los-Angeles-Hiring-Event---All-Positions---Llewellyn_R0197783-1
Greystar,Mainteance Supervisor - Dianne,"Dianne, Portland, OR",https://greystar.wd1.myworkdayjobs.com/External/job/Dianne-Portland-OR/Mainteance-Supervisor---Dianne_R0201920,live,,2026-09-24,0,,workday,Multifamily Property Manager,South Carolina,A,workday:greystar:/job/Dianne-Portland-OR/Mainteance-Supervisor---Dianne_R0201920
Greystar,Mainteance Supervisor - Oak Street Lofts,"Oak Street Lofts, Tigard, OR",https://greystar.wd1.myworkdayjobs.com/External/job/Oak-Street-Lofts-Tigard-OR/Mainteance-Supervisor---Oak-Street-Lofts_R0199161,blocked,,2026-09-24,0,,workday,Multifamily Property Manager,South Carolina,A,workday:greystar:/job/Oak-Street-Lofts-Tigard-OR/Mainteance-Supervisor---Oak-Street-Lofts_R0199161
Greystar,Mainteance Supervisor - Pennwood Apartments,"Pennwood Apartments, Meridian, ID",https://greystar.wd1.myworkdayjobs.com/External/job/Pennwood-Apartments-Meridian-ID/Mainteance-Supervisor---Pennwood-Apartments_R0197193,live,,2026-09-24,0,,workday,Multifamily Property Manager,South Carolina,A,workday:greystar:/job/Pennwood-Apartments-Meridian-ID/Mainteance-Supervisor---Pennwood-Apartments_R0197193
Greystar,Mainteance Technician - Canyon Creek Apartments,"Canyon Creek, Wilsonville, OR",https://greystar.wd1.myworkdayjobs.com/External/job/Canyon-Creek-Wilsonville-OR/Mainteance-Technician---Canyon-Creek-Apartments_R0196583,blocked,,2026-09-24,0,,workday,Multifamily Property Manager,South Carolina,A,workday:greystar:/job/Canyon-Creek-Wilsonville-OR/Mainteance-Technician---Canyon-Creek-Apartments_R0196583
Greystar,Maintenance  Supervisor - Katy Sunterra,"Eden at Sunterra, Katy, TX",https://greystar.wd1.myworkdayjobs.com/External/job/Eden-at-Sunterra-Katy-TX/Maintenance--Supervisor---Katy-Sunterra_R0200250,blocked,,2026-09-24,0,ops,workday,Multifamily Property Manager,South Carolina,A,workday:greystar:/job/Eden-at-Sunterra-Katy-TX/Maintenance--Supervisor---Katy-Sunterra_R0200250
Greystar,Maintenance Administrative Assistant- Residential Learning Community (Student Living),2 Locations,https://greystar.wd1.myworkdayjobs.com/External/job/Residential-Learning-Community-Laredo-TX/Maintenance-Administrative-Assistant--Residential-Learning-Community--Student-Living-_R0198850,blocked,,2026-09-24,0,ops,workday,Multifamily Property Manager,South Carolina,A,workday:greystar:/job/Residential-Learning-Community-Laredo-TX/Maintenance-Administrative-Assistant--Residential-Learning-Community--Student-Living-_R0198850
Greystar,Maintenance Lead  - Broadstone Craft,"Broadstone Craft, Charlotte, NC",https://greystar.wd1.myworkdayjobs.com/External/job/Broadstone-Craft-Charlotte-NC/Maintenance-Lead----Broadstone-Craft_R0202108,live,,2026-09-24,0,ops,workday,Multifamily Property Manager,South Carolina,A,workday:greystar:/job/Broadstone-Craft-Charlotte-NC/Maintenance-Lead----Broadstone-Craft_R0202108
Greystar,Maintenance Lead - Renaissance at Preston Hollow,"Renaissance at Preston Hollow, Dallas, TX",https://greystar.wd1.myworkdayjobs.com/External/job/Renaissance-at-Preston-Hollow-Dallas-TX/Maintenance-Lead---Renaissance-at-Preston-Hollow_R0202014,live,,2026-09-24,0,ops,workday,Multifamily Property Manager,South Carolina,A,workday:greystar:/job/Renaissance-at-Preston-Hollow-Dallas-TX/Maintenance-Lead---Renaissance-at-Preston-Hollow_R0202014
Greystar,Maintenance Supervisor,"Birmingham, AL",https://greystar.wd1.myworkdayjobs.com/External/job/Birmingham-AL/Maintenance-Supervisor_R0201951,live,,2026-09-24,0,ops,workday,Multifamily Property Manager,South Carolina,A,workday:greystar:/job/Birmingham-AL/Maintenance-Supervisor_R0201951
Greystar,Maintenance Supervisor,"Niagara, Canada",https://greystar.wd1.myworkdayjobs.com/External/job/Niagara-Canada/Maintenance-Supervisor_R0200622,blocked,,2026-09-24,0,ops,workday,Multifamily Property Manager,South Carolina,A,workday:greystar:/job/Niagara-Canada/Maintenance-Supervisor_R0200622
Greystar,Maintenance Supervisor,"Calgary, AB",https://greystar.wd1.myworkdayjobs.com/External/job/Calgary-AB/Maintenance-Supervisor_R0200521,blocked,,2026-09-24,0,ops,workday,Multifamily Property Manager,South Carolina,A,workday:greystar:/job/Calgary-AB/Maintenance-Supervisor_R0200521
Greystar,Maintenance Supervisor,"Charlotte, NC",https://greystar.wd1.myworkdayjobs.com/External/job/Charlotte-NC/Maintenance-Supervisor_R0199754,blocked,,2026-09-24,0,ops,workday,Multifamily Property Manager,South Carolina,A,workday:greystar:/job/Charlotte-NC/Maintenance-Supervisor_R0199754
Greystar,Maintenance Supervisor,"Toronto, ON, CA",https://greystar.wd1.myworkdayjobs.com/External/job/Toronto-ON-CA/Maintenance-Supervisor_R0199033,blocked,,2026-09-24,0,ops,workday,Multifamily Property Manager,South Carolina,A,workday:greystar:/job/Toronto-ON-CA/Maintenance-Supervisor_R0199033
Greystar,Maintenance Supervisor (Floating) - Harmon Foxbank,"Harmon Foxbank, Moncks Corner, SC",https://greystar.wd1.myworkdayjobs.com/External/job/Harmon-Foxbank-Moncks-Corner-SC/Maintenance-Supervisor--Floating----Harmon-Foxbank_R0199352,blocked,,2026-09-24,0,ops,workday,Multifamily Property Manager,South Carolina,A,workday:greystar:/job/Harmon-Foxbank-Moncks-Corner-SC/Maintenance-Supervisor--Floating----Harmon-Foxbank_R0199352
Greystar,Maintenance Supervisor (Lease - Up) -The Summerfield,"The Summerfield, Midlothian, VA",https://greystar.wd1.myworkdayjobs.com/External/job/The-Summerfield-Midlothian-VA/Maintenance-Supervisor--Lease---Up---The-Summerfield_R0201613,live,,2026-09-24,0,ops,workday,Multifamily Property Manager,South Carolina,A,workday:greystar:/job/The-Summerfield-Midlothian-VA/Maintenance-Supervisor--Lease---Up---The-Summerfield_R0201613
Greystar,Maintenance Supervisor (Lease Up) - Residences at Silver Ridge,"Residences at Silver Ridge, Humble, TX",https://greystar.wd1.myworkdayjobs.com/External/job/Residences-at-Silver-Ridge-Humble-TX/Maintenance-Supervisor--Lease-Up----Residences-at-Silver-Ridge_R0198996,blocked,,2026-09-24,0,ops,workday,Multifamily Property Manager,South Carolina,A,workday:greystar:/job/Residences-at-Silver-Ridge-Humble-TX/Maintenance-Supervisor--Lease-Up----Residences-at-Silver-Ridge_R0198996
Greystar,Maintenance Supervisor (Lease-Up) - Aspendale Littleton,"Aspendale Littleton, Littleton, CO",https://greystar.wd1.myworkdayjobs.com/External/job/Aspendale-Littleton-Littleton-CO/Maintenance-Supervisor--Lease-Up----Aspendale-Littleton_R0200726-1,blocked,,2026-09-24,0,ops,workday,Multifamily Property Manager,South Carolina,A,workday:greystar:/job/Aspendale-Littleton-Littleton-CO/Maintenance-Supervisor--Lease-Up----Aspendale-Littleton_R0200726-1
Greystar,Maintenance Supervisor (Lease-Up) - Lake Forest at Swift Creek,"Lake Forest at Swift Creek, Midlothian, VA",https://greystar.wd1.myworkdayjobs.com/External/job/Lake-Forest-at-Swift-Creek-Midlothian-VA/Maintenance-Supervisor--Lease-Up----Lake-Forest-at-Swift-Creek_R0197931,blocked,,2026-09-24,0,ops,workday,Multifamily Property Manager,South Carolina,A,workday:greystar:/job/Lake-Forest-at-Swift-Creek-Midlothian-VA/Maintenance-Supervisor--Lease-Up----Lake-Forest-at-Swift-Creek_R0197931
Greystar,Maintenance Supervisor (Lease-Up) - The Penny,"The Penny, Annapolis, MD",https://greystar.wd1.myworkdayjobs.com/External/job/The-Penny-Annapolis-MD/Maintenance-Supervisor--Lease-Up----The-Penny_R0200711,blocked,,2026-09-24,0,ops,workday,Multifamily Property Manager,South Carolina,A,workday:greystar:/job/The-Penny-Annapolis-MD/Maintenance-Supervisor--Lease-Up----The-Penny_R0200711
Greystar,Maintenance Supervisor (Lease-up)- Avanza at Hyde Park,"Avanza at Hyde Park, Noblesville, IN",https://greystar.wd1.myworkdayjobs.com/External/job/Avanza-at-Hyde-Park-Noblesville-IN/Maintenance-Supervisor--Lease-up---Avanza-at-Hyde-Park_R0201227,blocked,,2026-09-24,0,ops,workday,Multifamily Property Manager,South Carolina,A,workday:greystar:/job/Avanza-at-Hyde-Park-Noblesville-IN/Maintenance-Supervisor--Lease-up---Avanza-at-Hyde-Park_R0201227
Greystar,"Maintenance Supervisor (Temple, TX) - Villas on the Hill - Conv","Villas on the Hill, Temple, TX",https://greystar.wd1.myworkdayjobs.com/External/job/Villas-on-the-Hill-Temple-TX/Maintenance-Supervisor--Temple--TX----Villas-on-the-Hill---Conv_R0200721,blocked,,2026-09-24,0,ops,workday,Multifamily Property Manager,South Carolina,A,workday:greystar:/job/Villas-on-the-Hill-Temple-TX/Maintenance-Supervisor--Temple--TX----Villas-on-the-Hill---Conv_R0200721
Greystar,Maintenance Supervisor - 550 Northridge,"550 Northridge, Sandy Springs, GA",https://greystar.wd1.myworkdayjobs.com/External/job/550-Northridge-Sandy-Springs-GA/Maintenance-Supervisor---550-Northridge_R0201303,live,,2026-09-24,0,ops,workday,Multifamily Property Manager,South Carolina,A,workday:greystar:/job/550-Northridge-Sandy-Springs-GA/Maintenance-Supervisor---550-Northridge_R0201303
Greystar,Maintenance Supervisor - 800 Sixth,"800 Sixth, New York, NY",https://greystar.wd1.myworkdayjobs.com/External/job/800-Sixth-New-York-NY/Maintenance-Supervisor---800-Sixth_R0201718,live,,2026-09-24,0,ops,workday,Multifamily Property Manager,South Carolina,A,workday:greystar:/job/800-Sixth-New-York-NY/Maintenance-Supervisor---800-Sixth_R0201718
Greystar,Maintenance Supervisor - AV8,"AV8, San Diego, CA",https://greystar.wd1.myworkdayjobs.com/External/job/AV8-San-Diego-CA/Maintenance-Supervisor---AV8_R0195615,blocked,,2026-09-24,0,ops,workday,Multifamily Property Manager,South Carolina,A,workday:greystar:/job/AV8-San-Diego-CA/Maintenance-Supervisor---AV8_R0195615
Greystar,Maintenance Supervisor - Altera Jacaranda,"Altera Jacaranda, Venice, FL",https://greystar.wd1.myworkdayjobs.com/External/job/Altera-Jacaranda-Venice-FL/Maintenance-Supervisor---Altera-Jacaranda_R0199518,blocked,,2026-09-24,0,ops,workday,Multifamily Property Manager,South Carolina,A,workday:greystar:/job/Altera-Jacaranda-Venice-FL/Maintenance-Supervisor---Altera-Jacaranda_R0199518
Greystar,Maintenance Supervisor - Amelia Farmers Market,"Amelia Farmers Market, Dallas, TX",https://greystar.wd1.myworkdayjobs.com/External/job/Amelia-Farmers-Market-Dallas-TX/Maintenance-Supervisor---Amelia-Farmers-Market_R0201943,live,,2026-09-24,0,ops,workday,Multifamily Property Manager,South Carolina,A,workday:greystar:/job/Amelia-Farmers-Market-Dallas-TX/Maintenance-Supervisor---Amelia-Farmers-Market_R0201943
Greystar,Maintenance Supervisor - Apex Marathon Village,"Apex Marathon Village, Nashville, TN",https://greystar.wd1.myworkdayjobs.com/External/job/Apex-Marathon-Village-Nashville-TN/Maintenance-Supervisor---Apex-Marathon-Village_R0199390,blocked,,2026-09-24,0,ops,workday,Multifamily Property Manager,South Carolina,A,workday:greystar:/job/Apex-Marathon-Village-Nashville-TN/Maintenance-Supervisor---Apex-Marathon-Village_R0199390
Greystar,Maintenance Supervisor - Arbolada,"Arbolada, San Antonio, TX",https://greystar.wd1.myworkdayjobs.com/External/job/Arbolada-San-Antonio-TX/Maintenance-Supervisor---Arbolada_R0200993,blocked,,2026-09-24,0,ops,workday,Multifamily Property Manager,South Carolina,A,workday:greystar:/job/Arbolada-San-Antonio-TX/Maintenance-Supervisor---Arbolada_R0200993
Greystar,Maintenance Supervisor - Arcadia 1850,"Arcadia 1850, Buford, GA",https://greystar.wd1.myworkdayjobs.com/External/job/Arcadia-1850-Buford-GA/Maintenance-Supervisor---Arcadia-1850_R0199767,blocked,,2026-09-24,0,ops,workday,Multifamily Property Manager,South Carolina,A,workday:greystar:/job/Arcadia-1850-Buford-GA/Maintenance-Supervisor---Arcadia-1850_R0199767
Greystar,Maintenance Supervisor - Asheville,"Asheville, NC",https://greystar.wd1.myworkdayjobs.com/External/job/Asheville-NC/Maintenance-Supervisor---Asheville_R0199357,blocked,,2026-09-24,0,ops,workday,Multifamily Property Manager,South Carolina,A,workday:greystar:/job/Asheville-NC/Maintenance-Supervisor---Asheville_R0199357
Greystar,Maintenance Supervisor - Avana Kennesaw,"Avana Kennesaw, Kennesaw, GA",https://greystar.wd1.myworkdayjobs.com/External/job/Avana-Kennesaw-Kennesaw-GA/Maintenance-Supervisor---Avana-Kennesaw_R0199853,blocked,,2026-09-24,0,ops,workday,Multifamily Property Manager,South Carolina,A,workday:greystar:/job/Avana-Kennesaw-Kennesaw-GA/Maintenance-Supervisor---Avana-Kennesaw_R0199853
Greystar,Maintenance Supervisor - Avana Matthews,"Avana Matthews, Matthews, NC",https://greystar.wd1.myworkdayjobs.com/External/job/Avana-Matthews-Matthews-NC/Maintenance-Supervisor---Avana-Matthews_R0199920,blocked,,2026-09-24,0,ops,workday,Multifamily Property Manager,South Carolina,A,workday:greystar:/job/Avana-Matthews-Matthews-NC/Maintenance-Supervisor---Avana-Matthews_R0199920
Greystar,Maintenance Supervisor - Avana Overlook,"Avana Overlook, Antioch, TN",https://greystar.wd1.myworkdayjobs.com/External/job/Avana-Overlook-Antioch-TN/Maintenance-Supervisor---Avana-Overlook_R0199740,blocked,,2026-09-24,0,ops,workday,Multifamily Property Manager,South Carolina,A,workday:greystar:/job/Avana-Overlook-Antioch-TN/Maintenance-Supervisor---Avana-Overlook_R0199740
Greystar,Maintenance Supervisor - Avana South Station,"Avana at South Station, Tukwila, WA",https://greystar.wd1.myworkdayjobs.com/External/job/Avana-at-South-Station-Tukwila-WA/Maintenance-Supervisor---Avana-South-Station_R0196602,blocked,,2026-09-24,0,ops,workday,Multifamily Property Manager,South Carolina,A,workday:greystar:/job/Avana-at-South-Station-Tukwila-WA/Maintenance-Supervisor---Avana-South-Station_R0196602
Greystar,Maintenance Supervisor - Avana Woods,"Avana Woods, Alpharetta, GA",https://greystar.wd1.myworkdayjobs.com/External/job/Avana-Woods-Alpharetta-GA/Maintenance-Supervisor---Avana-Woods_R0200917,blocked,,2026-09-24,0,ops,workday,Multifamily Property Manager,South Carolina,A,workday:greystar:/job/Avana-Woods-Alpharetta-GA/Maintenance-Supervisor---Avana-Woods_R0200917
Greystar,Maintenance Supervisor - Broadstone Frontera Ridge,"Broadstone Frontera Ridge, Round Rock, TX",https://greystar.wd1.myworkdayjobs.com/External/job/Broadstone-Frontera-Ridge-Round-Rock-TX/Maintenance-Supervisor---Broadstone-Frontera-Ridge_R0196694,blocked,,2026-09-24,0,ops,workday,Multifamily Property Manager,South Carolina,A,workday:greystar:/job/Broadstone-Frontera-Ridge-Round-Rock-TX/Maintenance-Supervisor---Broadstone-Frontera-Ridge_R0196694
Greystar,Maintenance Supervisor - Broadstone Strata,"Broadstone Strata, Seattle, WA",https://greystar.wd1.myworkdayjobs.com/External/job/Broadstone-Strata-Seattle-WA/Maintenance-Supervisor---Broadstone-Strata_R0199241,live,,2026-09-24,0,ops,workday,Multifamily Property Manager,South Carolina,A,workday:greystar:/job/Broadstone-Strata-Seattle-WA/Maintenance-Supervisor---Broadstone-Strata_R0199241
Greystar,Maintenance Supervisor - Broadwater,"Broadwater, Pasadena, TX",https://greystar.wd1.myworkdayjobs.com/External/job/Broadwater-Pasadena-TX/Maintenance-Supervisor---Broadwater_R0199933,blocked,,2026-09-24,0,ops,workday,Multifamily Property Manager,South Carolina,A,workday:greystar:/job/Broadwater-Pasadena-TX/Maintenance-Supervisor---Broadwater_R0199933
Greystar,Maintenance Supervisor - Carelton Courtyard,"Carelton Courtyard, Galveston, TX",https://greystar.wd1.myworkdayjobs.com/External/job/Carelton-Courtyard-Galveston-TX/Maintenance-Supervisor---Carelton-Courtyard_R0198661,blocked,,2026-09-24,0,ops,workday,Multifamily Property Manager,South Carolina,A,workday:greystar:/job/Carelton-Courtyard-Galveston-TX/Maintenance-Supervisor---Carelton-Courtyard_R0198661
Greystar,Maintenance Supervisor - Cue,"Cue, Seattle, WA",https://greystar.wd1.myworkdayjobs.com/External/job/Cue-Seattle-WA/Maintenance-Supervisor---Cue_R0198845,blocked,,2026-09-24,0,ops,workday,Multifamily Property Manager,South Carolina,A,workday:greystar:/job/Cue-Seattle-WA/Maintenance-Supervisor---Cue_R0198845
Greystar,Maintenance Supervisor - Discovery at Kingwood,"Discovery at Kingwood, Kingwood, TX",https://greystar.wd1.myworkdayjobs.com/External/job/Discovery-at-Kingwood-Kingwood-TX/Maintenance-Supervisor---Discovery-at-Kingwood_R0202102,live,,2026-09-24,0,ops,workday,Multifamily Property Manager,South Carolina,A,workday:greystar:/job/Discovery-at-Kingwood-Kingwood-TX/Maintenance-Supervisor---Discovery-at-Kingwood_R0202102
Greystar,"Maintenance Supervisor - Downtown Brooklyn, NY","City Office New York, New York, NY",https://greystar.wd1.myworkdayjobs.com/External/job/City-Office-New-York-New-York-NY/Maintenance-Supervisor---Downtown-Brooklyn--NY_R0201879,live,,2026-09-24,0,ops,workday,Multifamily Property Manager,South Carolina,A,workday:greystar:/job/City-Office-New-York-New-York-NY/Maintenance-Supervisor---Downtown-Brooklyn--NY_R0201879
Greystar,Maintenance Supervisor - Enduro,"Enduro, Ogden, UT",https://greystar.wd1.myworkdayjobs.com/External/job/Enduro-Ogden-UT/Maintenance-Supervisor---Enduro_R0202033,live,,2026-09-24,0,ops,workday,Multifamily Property Manager,South Carolina,A,workday:greystar:/job/Enduro-Ogden-UT/Maintenance-Supervisor---Enduro_R0202033
Greystar,Maintenance Supervisor - Four Lakes at Clearwater,"Four Lakes at Clearwater, Clearwater, FL",https://greystar.wd1.myworkdayjobs.com/External/job/Four-Lakes-at-Clearwater-Clearwater-FL/Maintenance-Supervisor---Four-Lakes-at-Clearwater_R0200572,blocked,,2026-09-24,0,ops,workday,Multifamily Property Manager,South Carolina,A,workday:greystar:/job/Four-Lakes-at-Clearwater-Clearwater-FL/Maintenance-Supervisor---Four-Lakes-at-Clearwater_R0200572
Greystar,Maintenance Supervisor - Haven at Largo Station,"Haven Largo, Largo, MD",https://greystar.wd1.myworkdayjobs.com/External/job/Haven-Largo-Largo-MD/Maintenance-Supervisor---PG-County--MD_R0199705-1,blocked,,2026-09-24,0,ops,workday,Multifamily Property Manager,South Carolina,A,workday:greystar:/job/Haven-Largo-Largo-MD/Maintenance-Supervisor---PG-County--MD_R0199705-1
Greystar,Maintenance Supervisor - Hayloft Big Creek,"Hayloft Big Creek, Alpharetta, GA",https://greystar.wd1.myworkdayjobs.com/External/job/Hayloft-Big-Creek-Alpharetta-GA/Maintenance-Supervisor---Hayloft-Big-Creek_R0200670,blocked,,2026-09-24,0,ops,workday,Multifamily Property Manager,South Carolina,A,workday:greystar:/job/Hayloft-Big-Creek-Alpharetta-GA/Maintenance-Supervisor---Hayloft-Big-Creek_R0200670
Greystar,Maintenance Supervisor - HeatherGate,"HeatherGate at Oxford Valley, Langhorne, PA",https://greystar.wd1.myworkdayjobs.com/External/job/HeatherGate-at-Oxford-Valley-Langhorne-PA/Maintenance-Supervisor---HeatherGate_R0197380,blocked,,2026-09-24,0,ops,workday,Multifamily Property Manager,South Carolina,A,workday:greystar:/job/HeatherGate-at-Oxford-Valley-Langhorne-PA/Maintenance-Supervisor---HeatherGate_R0197380
Greystar,Maintenance Supervisor - Highpoint Club,"Highpoint Club, Orlando, FL",https://greystar.wd1.myworkdayjobs.com/External/job/Highpoint-Club-Orlando-FL/Maintenance-Supervisor---Highpoint-Club_R0200390,blocked,,2026-09-24,0,ops,workday,Multifamily Property Manager,South Carolina,A,workday:greystar:/job/Highpoint-Club-Orlando-FL/Maintenance-Supervisor---Highpoint-Club_R0200390
Greystar,Maintenance Supervisor - Indigo 19,"Indigo 19, Virginia Beach, VA",https://greystar.wd1.myworkdayjobs.com/External/job/Indigo-19-Virginia-Beach-VA/Maintenance-Supervisor---Indigo-19_R0200251-1,blocked,,2026-09-24,0,ops,workday,Multifamily Property Manager,South Carolina,A,workday:greystar:/job/Indigo-19-Virginia-Beach-VA/Maintenance-Supervisor---Indigo-19_R0200251-1
Greystar,Maintenance Supervisor - Kapolei Lofts,"Kapolei Lofts, Kapolei, HI",https://greystar.wd1.myworkdayjobs.com/External/job/Kapolei-Lofts-Kapolei-HI/Maintenance-Supervisor---Kapolei-Lofts_R0195894,blocked,,2026-09-24,0,ops,workday,Multifamily Property Manager,South Carolina,A,workday:greystar:/job/Kapolei-Lofts-Kapolei-HI/Maintenance-Supervisor---Kapolei-Lofts_R0195894
Greystar,Maintenance Supervisor - La Maison River Oaks,"La Maison River Oaks, Houston, TX",https://greystar.wd1.myworkdayjobs.com/External/job/La-Maison-River-Oaks-Houston-TX/Maintenance-Supervisor---La-Maison-River-Oaks_R0199605,blocked,,2026-09-24,0,ops,workday,Multifamily Property Manager,South Carolina,A,workday:greystar:/job/La-Maison-River-Oaks-Houston-TX/Maintenance-Supervisor---La-Maison-River-Oaks_R0199605
Greystar,Maintenance Supervisor - Lease Up - Ophelia,"Ophelia, Pittsburgh, PA",https://greystar.wd1.myworkdayjobs.com/External/job/Ophelia-Pittsburgh-PA/Maintenance-Supervisor---Lease-Up---Ophelia_R0199929-1,blocked,,2026-09-24,0,ops,workday,Multifamily Property Manager,South Carolina,A,workday:greystar:/job/Ophelia-Pittsburgh-PA/Maintenance-Supervisor---Lease-Up---Ophelia_R0199929-1
Greystar,Maintenance Supervisor - Lineage at Willow Creek,"Lineage at Willow Creek, Beaverton, OR",https://greystar.wd1.myworkdayjobs.com/External/job/Lineage-at-Willow-Creek-Beaverton-OR/Maintenance-Supervisor---Lineage-at-Willow-Creek_R0194779-1,blocked,,2026-09-24,0,ops,workday,Multifamily Property Manager,South Carolina,A,workday:greystar:/job/Lineage-at-Willow-Creek-Beaverton-OR/Maintenance-Supervisor---Lineage-at-Willow-Creek_R0194779-1
Greystar,Maintenance Supervisor - Livano Cary,"Livano Cary, Cary, NC",https://greystar.wd1.myworkdayjobs.com/External/job/Livano-Cary-Cary-NC/Maintenance-Supervisor---Livano-Cary_R0197324,blocked,,2026-09-24,0,ops,workday,Multifamily Property Manager,South Carolina,A,workday:greystar:/job/Livano-Cary-Cary-NC/Maintenance-Supervisor---Livano-Cary_R0197324
Greystar,Maintenance Supervisor - Livermore Gardens,"Livermore Gardens, Livermore, CA",https://greystar.wd1.myworkdayjobs.com/External/job/Livermore-Gardens-Livermore-CA/Maintenance-Supervisor---Livermore-Gardens_R0195741-1,blocked,,2026-09-24,0,ops,workday,Multifamily Property Manager,South Carolina,A,workday:greystar:/job/Livermore-Gardens-Livermore-CA/Maintenance-Supervisor---Livermore-Gardens_R0195741-1
Greystar,Maintenance Supervisor - Lookout Pointe,"Lookout Pointe, Selma, TX",https://greystar.wd1.myworkdayjobs.com/External/job/Lookout-Pointe-Selma-TX/Maintenance-Supervisor---Lookout-Pointe_R0200276,live,,2026-09-24,0,ops,workday,Multifamily Property Manager,South Carolina,A,workday:greystar:/job/Lookout-Pointe-Selma-TX/Maintenance-Supervisor---Lookout-Pointe_R0200276
Greystar,"Maintenance Supervisor - Los Angeles, CA","City Office Newport, Newport Beach, CA",https://greystar.wd1.myworkdayjobs.com/External/job/City-Office-Newport-Newport-Beach-CA/Maintenance-Supervisor---Los-Angeles--CA_R0198427,blocked,,2026-09-24,0,ops,workday,Multifamily Property Manager,South Carolina,A,workday:greystar:/job/City-Office-Newport-Newport-Beach-CA/Maintenance-Supervisor---Los-Angeles--CA_R0198427
Greystar,Maintenance Supervisor - Manhattan Shores,"Manhattan Shores, Manhattan Beach, CA",https://greystar.wd1.myworkdayjobs.com/External/job/Manhattan-Shores-Manhattan-Beach-CA/Maintenance-Supervisor---Manhattan-Shores_R0197824,blocked,,2026-09-24,0,ops,workday,Multifamily Property Manager,South Carolina,A,workday:greystar:/job/Manhattan-Shores-Manhattan-Beach-CA/Maintenance-Supervisor---Manhattan-Shores_R0197824
Greystar,Maintenance Supervisor - Marion Lake,"Marion Lake, Savannah, GA",https://greystar.wd1.myworkdayjobs.com/External/job/Marion-Lake-Savannah-GA/Maintenance-Supervisor---Marion-Lake_R0201284,blocked,,2026-09-24,0,ops,workday,Multifamily Property Manager,South Carolina,A,workday:greystar:/job/Marion-Lake-Savannah-GA/Maintenance-Supervisor---Marion-Lake_R0201284
Greystar,Maintenance Supervisor - Marlowe Summerville,"Marlowe Summerville, Summerville, SC",https://greystar.wd1.myworkdayjobs.com/External/job/Marlowe-Summerville-Summerville-SC/Maintenance-Supervisor---Marlowe-Summerville_R0197461,blocked,,2026-09-24,0,ops,workday,Multifamily Property Manager,South Carolina,A,workday:greystar:/job/Marlowe-Summerville-Summerville-SC/Maintenance-Supervisor---Marlowe-Summerville_R0197461
Greystar,Maintenance Supervisor - McAlpine Vista,"McAlpine Vista, Charlotte, NC",https://greystar.wd1.myworkdayjobs.com/External/job/McAlpine-Vista-Charlotte-NC/Maintenance-Supervisor---McAlpine-Vista_R0197317,blocked,,2026-09-24,0,ops,workday,Multifamily Property Manager,South Carolina,A,workday:greystar:/job/McAlpine-Vista-Charlotte-NC/Maintenance-Supervisor---McAlpine-Vista_R0197317
Greystar,Maintenance Supervisor - Miami,"Miami, FL",https://greystar.wd1.myworkdayjobs.com/External/job/Miami-FL/Maintenance-Supervisor---Miami_R0197169,blocked,,2026-09-24,0,ops,workday,Multifamily Property Manager,South Carolina,A,workday:greystar:/job/Miami-FL/Maintenance-Supervisor---Miami_R0197169
Greystar,Maintenance Supervisor - Millpond,"Millpond, American Fork, UT",https://greystar.wd1.myworkdayjobs.com/External/job/Millpond-American-Fork-UT/Maintenance-Supervisor---Millpond_R0201592,live,,2026-09-24,0,ops,workday,Multifamily Property Manager,South Carolina,A,workday:greystar:/job/Millpond-American-Fork-UT/Maintenance-Supervisor---Millpond_R0201592
Greystar,Maintenance Supervisor - Muse at SoCo,"Muse at SoCo, Austin, TX",https://greystar.wd1.myworkdayjobs.com/External/job/Muse-at-SoCo-Austin-TX/Maintenance-Supervisor---Muse-at-SoCo_R0202087,live,,2026-09-24,0,ops,workday,Multifamily Property Manager,South Carolina,A,workday:greystar:/job/Muse-at-SoCo-Austin-TX/Maintenance-Supervisor---Muse-at-SoCo_R0202087
Greystar,Maintenance Supervisor - Northerly,"Northerly, Nashville, TN",https://greystar.wd1.myworkdayjobs.com/External/job/Northerly-Nashville-TN/Maintenance-Supervisor---Northerly_R0201985,live,,2026-09-24,0,ops,workday,Multifamily Property Manager,South Carolina,A,workday:greystar:/job/Northerly-Nashville-TN/Maintenance-Supervisor---Northerly_R0201985
Greystar,Maintenance Supervisor - Northern Virginia,"City Office DC, Arlington, VA",https://greystar.wd1.myworkdayjobs.com/External/job/City-Office-DC-Arlington-VA/Maintenance-Supervisor---Northern-Virginia_R0190974,blocked,,2026-09-24,0,ops,workday,Multifamily Property Manager,South Carolina,A,workday:greystar:/job/City-Office-DC-Arlington-VA/Maintenance-Supervisor---Northern-Virginia_R0190974
Greystar,Maintenance Supervisor - Notting Hill,"Notting Hill, Chapel Hill, NC",https://greystar.wd1.myworkdayjobs.com/External/job/Notting-Hill-Chapel-Hill-NC/Maintenance-Supervisor---Notting-Hill_R0201610,live,,2026-09-24,0,ops,workday,Multifamily Property Manager,South Carolina,A,workday:greystar:/job/Notting-Hill-Chapel-Hill-NC/Maintenance-Supervisor---Notting-Hill_R0201610
Greystar,Maintenance Supervisor - Novi at Queen Anne,"Novi at Queen Anne, Seattle, WA",https://greystar.wd1.myworkdayjobs.com/External/job/Novi-at-Queen-Anne-Seattle-WA/Maintenance-Supervisor---Novi-at-Queen-Anne_R0200696,blocked,,2026-09-24,0,ops,workday,Multifamily Property Manager,South Carolina,A,workday:greystar:/job/Novi-at-Queen-Anne-Seattle-WA/Maintenance-Supervisor---Novi-at-Queen-Anne_R0200696
Greystar,Maintenance Supervisor - Oasis at Woodlands,"Oasis at Magnolia, Magnolia, TX",https://greystar.wd1.myworkdayjobs.com/External/job/Oasis-at-Magnolia-Magnolia-TX/Maintenance-Supervisor---Oasis-at-Woodlands_R0201490,live,,2026-09-24,0,ops,workday,Multifamily Property Manager,South Carolina,A,workday:greystar:/job/Oasis-at-Magnolia-Magnolia-TX/Maintenance-Supervisor---Oasis-at-Woodlands_R0201490
Greystar,Maintenance Supervisor - Opus L.A.,"Opus LA, Los Angeles, CA",https://greystar.wd1.myworkdayjobs.com/External/job/Opus-LA-Los-Angeles-CA/Maintenance-Supervisor---Opus-LA_R0201884-1,live,,2026-09-24,0,ops,workday,Multifamily Property Manager,South Carolina,A,workday:greystar:/job/Opus-LA-Los-Angeles-CA/Maintenance-Supervisor---Opus-LA_R0201884-1
Greystar,Maintenance Supervisor - Overture Providence,"Overture Providence, Charlotte, NC",https://greystar.wd1.myworkdayjobs.com/External/job/Overture-Providence-Charlotte-NC/Maintenance-Supervisor---Overture-Providence_R0201766,live,,2026-09-24,0,ops,workday,Multifamily Property Manager,South Carolina,A,workday:greystar:/job/Overture-Providence-Charlotte-NC/Maintenance-Supervisor---Overture-Providence_R0201766
Greystar,Maintenance Supervisor - Pinecrest Landing,"Pinecrest Landing, Dickinson, TX",https://greystar.wd1.myworkdayjobs.com/External/job/Pinecrest-Landing-Dickinson-TX/Maintenance-Supervisor---Pinecrest-Landing_R0200428,blocked,,2026-09-24,0,ops,workday,Multifamily Property Manager,South Carolina,A,workday:greystar:/job/Pinecrest-Landing-Dickinson-TX/Maintenance-Supervisor---Pinecrest-Landing_R0200428
Greystar,"Maintenance Supervisor - Raleigh, NC",2 Locations,https://greystar.wd1.myworkdayjobs.com/External/job/City-Office-Raleigh-Raleigh-NC/Maintenance-Supervisor---Raleigh--NC_R0199252,blocked,,2026-09-24,0,ops,workday,Multifamily Property Manager,South Carolina,A,workday:greystar:/job/City-Office-Raleigh-Raleigh-NC/Maintenance-Supervisor---Raleigh--NC_R0199252
Greystar,Maintenance Supervisor - Regency Park,"Regency Park (TX), Cypress, TX",https://greystar.wd1.myworkdayjobs.com/External/job/Regency-Park-TX-Cypress-TX/Maintenance-Supervisor---Cypress-area_R0197864-1,blocked,,2026-09-24,0,ops,workday,Multifamily Property Manager,South Carolina,A,workday:greystar:/job/Regency-Park-TX-Cypress-TX/Maintenance-Supervisor---Cypress-area_R0197864-1
Greystar,Maintenance Supervisor - Renza,"Renza, Charlotte, NC",https://greystar.wd1.myworkdayjobs.com/External/job/Renza-Charlotte-NC/Maintenance-Supervisor---Renza_R0191012-1,blocked,,2026-09-24,0,ops,workday,Multifamily Property Manager,South Carolina,A,workday:greystar:/job/Renza-Charlotte-NC/Maintenance-Supervisor---Renza_R0191012-1
Greystar,"Maintenance Supervisor - Revere Washington, DC","City Office DC, Arlington, VA",https://greystar.wd1.myworkdayjobs.com/External/job/City-Office-DC-Arlington-VA/Maintenance-Supervisor---Revere-Washington--DC_R0201293-1,blocked,,2026-09-24,0,ops,workday,Multifamily Property Manager,South Carolina,A,workday:greystar:/job/City-Office-DC-Arlington-VA/Maintenance-Supervisor---Revere-Washington--DC_R0201293-1
Greystar,Maintenance Supervisor - Rio Point,"Rio Point, Charlottesville, VA",https://greystar.wd1.myworkdayjobs.com/External/job/Rio-Point-Charlottesville-VA/Maintenance-Supervisor---Rio-Point_R0198506,blocked,,2026-09-24,0,ops,workday,Multifamily Property Manager,South Carolina,A,workday:greystar:/job/Rio-Point-Charlottesville-VA/Maintenance-Supervisor---Rio-Point_R0198506
Greystar,Maintenance Supervisor - Savoy,"Savoy (CA), Sunnyvale, CA",https://greystar.wd1.myworkdayjobs.com/External/job/Savoy-CA-Sunnyvale-CA/Maintenance-Supervisor---Savoy_R0201904,live,,2026-09-24,0,ops,workday,Multifamily Property Manager,South Carolina,A,workday:greystar:/job/Savoy-CA-Sunnyvale-CA/Maintenance-Supervisor---Savoy_R0201904
Greystar,Maintenance Supervisor - Sawbuck,"Sawbuck, Portland, OR",https://greystar.wd1.myworkdayjobs.com/External/job/Sawbuck-Portland-OR/Maintenance-Supervisor---Sawbuck_R0202009,live,,2026-09-24,0,ops,workday,Multifamily Property Manager,South Carolina,A,workday:greystar:/job/Sawbuck-Portland-OR/Maintenance-Supervisor---Sawbuck_R0202009
Greystar,Maintenance Supervisor - Serena Village,"Serena Village, Fontana, CA",https://greystar.wd1.myworkdayjobs.com/External/job/Serena-Village-Fontana-CA/Maintenance-Supervisor---Serena-Village_R0199485,blocked,,2026-09-24,0,ops,workday,Multifamily Property Manager,South Carolina,A,workday:greystar:/job/Serena-Village-Fontana-CA/Maintenance-Supervisor---Serena-Village_R0199485
Greystar,Maintenance Supervisor - Silver,"Silver, San Jose, CA",https://greystar.wd1.myworkdayjobs.com/External/job/Silver-San-Jose-CA/Maintenance-Supervisor---Silver_R0201646,live,,2026-09-24,0,ops,workday,Multifamily Property Manager,South Carolina,A,workday:greystar:/job/Silver-San-Jose-CA/Maintenance-Supervisor---Silver_R0201646
Greystar,Maintenance Supervisor - Silver Bay,"Remote Idaho, Remote Idaho, ID",https://greystar.wd1.myworkdayjobs.com/External/job/Remote-Idaho-Remote-Idaho-ID/Maintenance-Supervisor---Silver-Bay_R0201870-1,live,,2026-09-24,0,ops,workday,Multifamily Property Manager,South Carolina,A,workday:greystar:/job/Remote-Idaho-Remote-Idaho-ID/Maintenance-Supervisor---Silver-Bay_R0201870-1
Greystar,Maintenance Supervisor - South Portland/Wilsonville,"City Office Portland, Portland, OR",https://greystar.wd1.myworkdayjobs.com/External/job/City-Office-Portland-Portland-OR/Maintenance-Supervisor---South-Portland-Wilsonville_R0194593,blocked,,2026-09-24,0,ops,workday,Multifamily Property Manager,South Carolina,A,workday:greystar:/job/City-Office-Portland-Portland-OR/Maintenance-Supervisor---South-Portland-Wilsonville_R0194593
Greystar,Maintenance Supervisor - Spyglass,"Spyglass Seaside, Charleston, SC",https://greystar.wd1.myworkdayjobs.com/External/job/Spyglass-Seaside-Charleston-SC/Maintenance-Supervisor---Spyglass_R0201678,live,,2026-09-24,0,ops,workday,Multifamily Property Manager,South Carolina,A,workday:greystar:/job/Spyglass-Seaside-Charleston-SC/Maintenance-Supervisor---Spyglass_R0201678
Greystar,Maintenance Supervisor - Summerwell Avian Pointe,"Summerwell Avian Pointe, Apopka, FL",https://greystar.wd1.myworkdayjobs.com/External/job/Summerwell-Avian-Pointe-Apopka-FL/Maintenance-Supervisor---Summerwell-Avian-Pointe_R0200859,live,,2026-09-24,0,ops,workday,Multifamily Property Manager,South Carolina,A,workday:greystar:/job/Summerwell-Avian-Pointe-Apopka-FL/Maintenance-Supervisor---Summerwell-Avian-Pointe_R0200859
Greystar,Maintenance Supervisor - Tacara Westpointe Village,"Tacara Westpointe Village, New Braunfels, TX",https://greystar.wd1.myworkdayjobs.com/External/job/Tacara-Westpointe-Village-New-Braunfels-TX/Maintenance-Supervisor---Tacara-Westpointe-Village_R0199044-1,blocked,,2026-09-24,0,ops,workday,Multifamily Property Manager,South Carolina,A,workday:greystar:/job/Tacara-Westpointe-Village-New-Braunfels-TX/Maintenance-Supervisor---Tacara-Westpointe-Village_R0199044-1
Greystar,Maintenance Supervisor - Tapestry,"Tapestry, Seattle, WA",https://greystar.wd1.myworkdayjobs.com/External/job/Tapestry-Seattle-WA/Maintenance-Supervisor---Tapestry_R0197977,blocked,,2026-09-24,0,ops,workday,Multifamily Property Manager,South Carolina,A,workday:greystar:/job/Tapestry-Seattle-WA/Maintenance-Supervisor---Tapestry_R0197977
Greystar,Maintenance Supervisor - The Asbury,"Asbury Apartments, Tampa, FL",https://greystar.wd1.myworkdayjobs.com/External/job/Asbury-Apartments-Tampa-FL/Maintenance-Supervisor---The-Asbury_R0196960,blocked,,2026-09-24,0,ops,workday,Multifamily Property Manager,South Carolina,A,workday:greystar:/job/Asbury-Apartments-Tampa-FL/Maintenance-Supervisor---The-Asbury_R0196960
Greystar,Maintenance Supervisor - The Boulevard,"The Boulevard (SC), Mount Pleasant, SC",https://greystar.wd1.myworkdayjobs.com/External/job/The-Boulevard-SC-Mount-Pleasant-SC/Maintenance-Supervisor---The-Boulevard_R0199748,blocked,,2026-09-24,0,ops,workday,Multifamily Property Manager,South Carolina,A,workday:greystar:/job/The-Boulevard-SC-Mount-Pleasant-SC/Maintenance-Supervisor---The-Boulevard_R0199748
Greystar,Maintenance Supervisor - The Bricks at Perimeter Center,"Dunwoody, GA",https://greystar.wd1.myworkdayjobs.com/External/job/Dunwoody-GA/Maintenance-Supervisor---The-Bricks-at-Perimeter-Center_R0198736,live,,2026-09-24,0,ops,workday,Multifamily Property Manager,South Carolina,A,workday:greystar:/job/Dunwoody-GA/Maintenance-Supervisor---The-Bricks-at-Perimeter-Center_R0198736
Greystar,Maintenance Supervisor - The Canter,"The Canter, Aiken, SC",https://greystar.wd1.myworkdayjobs.com/External/job/The-Canter-Aiken-SC/Maintenance-Supervisor---The-Canter_R0196642,blocked,,2026-09-24,0,ops,workday,Multifamily Property Manager,South Carolina,A,workday:greystar:/job/The-Canter-Aiken-SC/Maintenance-Supervisor---The-Canter_R0196642
Greystar,Maintenance Supervisor - The Colwick,"The Colwick, Charlotte, NC",https://greystar.wd1.myworkdayjobs.com/External/job/The-Colwick-Charlotte-NC/Maintenance-Supervisor---The-Colwick_R0201392-1,blocked,,2026-09-24,0,ops,workday,Multifamily Property Manager,South Carolina,A,workday:greystar:/job/The-Colwick-Charlotte-NC/Maintenance-Supervisor---The-Colwick_R0201392-1
Greystar,Maintenance Supervisor - The Commons at Rivertown,"The Commons at Rivertown, Grandville, MI",https://greystar.wd1.myworkdayjobs.com/External/job/The-Commons-at-Rivertown-Grandville-MI/Maintenance-Supervisor---The-Commons-at-Rivertown_R0196154,blocked,,2026-09-24,0,ops,workday,Multifamily Property Manager,South Carolina,A,workday:greystar:/job/The-Commons-at-Rivertown-Grandville-MI/Maintenance-Supervisor---The-Commons-at-Rivertown_R0196154
Greystar,Maintenance Supervisor - The Everlin at Indian Trail,"The Everlin at Indian Trail, Indian Trail, NC",https://greystar.wd1.myworkdayjobs.com/External/job/The-Everlin-at-Indian-Trail-Indian-Trail-NC/Maintenance-Supervisor---The-Everlin-at-Indian-Trail_R0199550,blocked,,2026-09-24,0,ops,workday,Multifamily Property Manager,South Carolina,A,workday:greystar:/job/The-Everlin-at-Indian-Trail-Indian-Trail-NC/Maintenance-Supervisor---The-Everlin-at-Indian-Trail_R0199550
Greystar,Maintenance Supervisor - The Harlow,"The Harlow, Sacramento, CA",https://greystar.wd1.myworkdayjobs.com/External/job/The-Harlow-Sacramento-CA/Maintenance-Supervisor---The-Harlow_R0200152,blocked,,2026-09-24,0,ops,workday,Multifamily Property Manager,South Carolina,A,workday:greystar:/job/The-Harlow-Sacramento-CA/Maintenance-Supervisor---The-Harlow_R0200152
Greystar,Maintenance Supervisor - The Harper at Harmon Meadow,"The Harper at Harmon Meadow, Secaucus, NJ",https://greystar.wd1.myworkdayjobs.com/External/job/The-Harper-at-Harmon-Meadow-Secaucus-NJ/Maintenance-Supervisor---The-Harper-at-Harmon-Meadow_R0201701,live,,2026-09-24,0,ops,workday,Multifamily Property Manager,South Carolina,A,workday:greystar:/job/The-Harper-at-Harmon-Meadow-Secaucus-NJ/Maintenance-Supervisor---The-Harper-at-Harmon-Meadow_R0201701
Greystar,Maintenance Supervisor - The Ian,"The Ian, Herndon, VA",https://greystar.wd1.myworkdayjobs.com/External/job/The-Ian-Herndon-VA/Maintenance-Supervisor---The-Ian_R0199419,blocked,,2026-09-24,0,ops,workday,Multifamily Property Manager,South Carolina,A,workday:greystar:/job/The-Ian-Herndon-VA/Maintenance-Supervisor---The-Ian_R0199419
Greystar,Maintenance Supervisor - The Mica,"The Mica, Santa Fe, NM",https://greystar.wd1.myworkdayjobs.com/External/job/The-Mica-Santa-Fe-NM/Maintenance-Supervisor---The-Mica_R0201601,live,,2026-09-24,0,ops,workday,Multifamily Property Manager,South Carolina,A,workday:greystar:/job/The-Mica-Santa-Fe-NM/Maintenance-Supervisor---The-Mica_R0201601
Greystar,Maintenance Supervisor - The Oliver (Student Living),"The Oliver (DC), Washington, DC",https://greystar.wd1.myworkdayjobs.com/External/job/The-Oliver-DC-Washington-DC/Maintenance-Supervisor---The-Oliver--Student-Living-_R0197455,blocked,,2026-09-24,0,ops,workday,Multifamily Property Manager,South Carolina,A,workday:greystar:/job/The-Oliver-DC-Washington-DC/Maintenance-Supervisor---The-Oliver--Student-Living-_R0197455
Greystar,Maintenance Supervisor - The Range on Oleander,"The Range on Oleander, Wilmington, NC",https://greystar.wd1.myworkdayjobs.com/External/job/The-Range-on-Oleander-Wilmington-NC/Maintenance-Supervisor---The-Range-on-Oleander_R0201110,blocked,,2026-09-24,0,ops,workday,Multifamily Property Manager,South Carolina,A,workday:greystar:/job/The-Range-on-Oleander-Wilmington-NC/Maintenance-Supervisor---The-Range-on-Oleander_R0201110
Greystar,Maintenance Supervisor - The Residence at SouthPark,"The Residence at SouthPark, Charlotte, NC",https://greystar.wd1.myworkdayjobs.com/External/job/The-Residence-at-SouthPark-Charlotte-NC/Maintenance-Supervisor---The-Residence-at-SouthPark_R0201118,blocked,,2026-09-24,0,ops,workday,Multifamily Property Manager,South Carolina,A,workday:greystar:/job/The-Residence-at-SouthPark-Charlotte-NC/Maintenance-Supervisor---The-Residence-at-SouthPark_R0201118
Greystar,"Maintenance Supervisor - The Russel, Richmond, VA","The Russell (VA), Richmond, VA",https://greystar.wd1.myworkdayjobs.com/External/job/The-Russell-VA-Richmond-VA/Maintenance-Supervisor---The-Russel--Richmond--VA_R0197752,blocked,,2026-09-24,0,ops,workday,Multifamily Property Manager,South Carolina,A,workday:greystar:/job/The-Russell-VA-Richmond-VA/Maintenance-Supervisor---The-Russel--Richmond--VA_R0197752
Greystar,Maintenance Supervisor - The Wilds at Richmond Hill,"The Wilds at Richmond Hill, Richmond Hill, GA",https://greystar.wd1.myworkdayjobs.com/External/job/The-Wilds-at-Richmond-Hill-Richmond-Hill-GA/Maintenance-Supervisor---The-Wilds-at-Richmond-Hill_R0194400,blocked,,2026-09-24,0,ops,workday,Multifamily Property Manager,South Carolina,A,workday:greystar:/job/The-Wilds-at-Richmond-Hill-Richmond-Hill-GA/Maintenance-Supervisor---The-Wilds-at-Richmond-Hill_R0194400
Greystar,Maintenance Supervisor - VIDA at Morgan Hill,"Vida at Morgan Hill, Morgan Hill, CA",https://greystar.wd1.myworkdayjobs.com/External/job/Vida-at-Morgan-Hill-Morgan-Hill-CA/Maintenance-Supervisor---VIDA-at-Morgan-Hill_R0200656,blocked,,2026-09-24,0,ops,workday,Multifamily Property Manager,South Carolina,A,workday:greystar:/job/Vida-at-Morgan-Hill-Morgan-Hill-CA/Maintenance-Supervisor---VIDA-at-Morgan-Hill_R0200656
Greystar,Maintenance Supervisor - Vancouver Lease Up,"City Office Portland, Portland, OR",https://greystar.wd1.myworkdayjobs.com/External/job/City-Office-Portland-Portland-OR/Maintenance-Supervisor---Vancouver-Lease-Up_R0199163,blocked,,2026-09-24,0,ops,workday,Multifamily Property Manager,South Carolina,A,workday:greystar:/job/City-Office-Portland-Portland-OR/Maintenance-Supervisor---Vancouver-Lease-Up_R0199163
Greystar,Maintenance Supervisor - Vara Sun Valley,"Vara Sun Valley, Monroe, NC",https://greystar.wd1.myworkdayjobs.com/External/job/Vara-Sun-Valley-Monroe-NC/Maintenance-Supervisor---Vara-Sun-Valley_R0200427,blocked,,2026-09-24,0,ops,workday,Multifamily Property Manager,South Carolina,A,workday:greystar:/job/Vara-Sun-Valley-Monroe-NC/Maintenance-Supervisor---Vara-Sun-Valley_R0200427
Greystar,Maintenance Supervisor - Verde Vista,"Verde Vista, Asheville, NC",https://greystar.wd1.myworkdayjobs.com/External/job/Verde-Vista-Asheville-NC/Maintenance-Supervisor---Verde-Vista_R0200956,blocked,,2026-09-24,0,ops,workday,Multifamily Property Manager,South Carolina,A,workday:greystar:/job/Verde-Vista-Asheville-NC/Maintenance-Supervisor---Verde-Vista_R0200956
Greystar,Maintenance Supervisor - Vista Williams Ranch,"Vista Williams Ranch, RIchmond, TX",https://greystar.wd1.myworkdayjobs.com/External/job/Vista-Williams-Ranch-RIchmond-TX/Maintenance-Supervisor---Vista-Williams-Ranch_R0199137,blocked,,2026-09-24,0,ops,workday,Multifamily Property Manager,South Carolina,A,workday:greystar:/job/Vista-Williams-Ranch-RIchmond-TX/Maintenance-Supervisor---Vista-Williams-Ranch_R0199137
Greystar,"Maintenance Supervisor - Waldorf, MD","The Ironwood, Waldorf, MD",https://greystar.wd1.myworkdayjobs.com/External/job/The-Ironwood-Waldorf-MD/Maintenance-Supervisor---Waldorf--MD_R0200686,blocked,,2026-09-24,0,ops,workday,Multifamily Property Manager,South Carolina,A,workday:greystar:/job/The-Ironwood-Waldorf-MD/Maintenance-Supervisor---Waldorf--MD_R0200686
Greystar,Maintenance Supervisor - Westwood,"Westwood, Carmichael, CA",https://greystar.wd1.myworkdayjobs.com/External/job/Westwood-Carmichael-CA/Maintenance-Supervisor---Westwood_R0201159,blocked,,2026-09-24,0,ops,workday,Multifamily Property Manager,South Carolina,A,workday:greystar:/job/Westwood-Carmichael-CA/Maintenance-Supervisor---Westwood_R0201159
Greystar,Maintenance Supervisor - Woodbridge Station,"Woodbridge Station, Woodbridge, VA",https://greystar.wd1.myworkdayjobs.com/External/job/Woodbridge-Station-Woodbridge-VA/Maintenance-Supervisor---Woodbridge-Station_R0198638,blocked,,2026-09-24,0,ops,workday,Multifamily Property Manager,South Carolina,A,workday:greystar:/job/Woodbridge-Station-Woodbridge-VA/Maintenance-Supervisor---Woodbridge-Station_R0198638
Greystar,"Maintenance Supervisor - Yonkers, NY",2 Locations,https://greystar.wd1.myworkdayjobs.com/External/job/City-Office-New-York-New-York-NY/Maintenance-Supervisor---Yonkers--NY_R0197603,blocked,,2026-09-24,0,ops,workday,Multifamily Property Manager,South Carolina,A,workday:greystar:/job/City-Office-New-York-New-York-NY/Maintenance-Supervisor---Yonkers--NY_R0197603
Greystar,Maintenance Supervisor – Alamo Residences at Spurs Lane,"Alamo Residences at Spurs Lane, San Antonio, TX",https://greystar.wd1.myworkdayjobs.com/External/job/Alamo-Residences-at-Spurs-Lane-San-Antonio-TX/Maintenance-Supervisor---Alamo-Residences-at-Spurs-Lane_R0199579,blocked,,2026-09-24,0,ops,workday,Multifamily Property Manager,South Carolina,A,workday:greystar:/job/Alamo-Residences-at-Spurs-Lane-San-Antonio-TX/Maintenance-Supervisor---Alamo-Residences-at-Spurs-Lane_R0199579
Greystar,Maintenance Supervisor- Bentley Village,"Bentley Village, Lake Elmo, MN",https://greystar.wd1.myworkdayjobs.com/External/job/Bentley-Village-Lake-Elmo-MN/Maintenance-Supervisor--Bentley-Village_R0198681,blocked,,2026-09-24,0,ops,workday,Multifamily Property Manager,South Carolina,A,workday:greystar:/job/Bentley-Village-Lake-Elmo-MN/Maintenance-Supervisor--Bentley-Village_R0198681
Greystar,"Maintenance Supervisor- Greater St. Louis, MO",2 Locations,https://greystar.wd1.myworkdayjobs.com/External/job/Remote-Missouri-Remote-Missouri-MO/Maintenance-Supervisor--Greater-St-Louis--MO_R0199858,blocked,,2026-09-24,0,ops,workday,Multifamily Property Manager,South Carolina,A,workday:greystar:/job/Remote-Missouri-Remote-Missouri-MO/Maintenance-Supervisor--Greater-St-Louis--MO_R0199858
Greystar,Maintenance Supervisor- Independence Park,"Independence Park, Canoga Park, CA",https://greystar.wd1.myworkdayjobs.com/External/job/Independence-Park-Canoga-Park-CA/Maintenance-Technician---Independence-Park_R0199989,blocked,,2026-09-24,0,ops,workday,Multifamily Property Manager,South Carolina,A,workday:greystar:/job/Independence-Park-Canoga-Park-CA/Maintenance-Technician---Independence-Park_R0199989
Greystar,Maintenance Supervisor- The Lodges on English Station Rd.,"The Lodges on English Station Rd., Louisville, KY",https://greystar.wd1.myworkdayjobs.com/External/job/The-Lodges-on-English-Station-Rd-Louisville-KY/Maintenance-Supervisor--The-Lodges-on-English-Station-Rd_R0201381,blocked,,2026-09-24,0,ops,workday,Multifamily Property Manager,South Carolina,A,workday:greystar:/job/The-Lodges-on-English-Station-Rd-Louisville-KY/Maintenance-Supervisor--The-Lodges-on-English-Station-Rd_R0201381
Greystar,"Maintenance Supervisor- The M Club ($2,000 Sign-On Bonus!)","The M Club Apartments, Indianapolis, IN",https://greystar.wd1.myworkdayjobs.com/External/job/The-M-Club-Apartments-Indianapolis-IN/Maintenance-Supervisor--The-M-Club---2-000-Sign-On-Bonus--_R0200952,blocked,,2026-09-24,0,ops,workday,Multifamily Property Manager,South Carolina,A,workday:greystar:/job/The-M-Club-Apartments-Indianapolis-IN/Maintenance-Supervisor--The-M-Club---2-000-Sign-On-Bonus--_R0200952
Greystar,Maintenance Supervisor- Wild Oak Apartments,"Wild Oak Apartments, Kansas City, MO",https://greystar.wd1.myworkdayjobs.com/External/job/Wild-Oak-Apartments-Kansas-City-MO/Maintenance-Supervisor--Wild-Oak-Apartments_R0198035,blocked,,2026-09-24,0,ops,workday,Multifamily Property Manager,South Carolina,A,workday:greystar:/job/Wild-Oak-Apartments-Kansas-City-MO/Maintenance-Supervisor--Wild-Oak-Apartments_R0198035
Greystar,Maintenance Tech - Trails at Timberline,"The Trails at Timberline, Fort Collins, CO",https://greystar.wd1.myworkdayjobs.com/External/job/The-Trails-at-Timberline-Fort-Collins-CO/Maintenance-Tech---Trails-at-Timberline_R0200076-1,blocked,,2026-09-24,0,ops,workday,Multifamily Property Manager,South Carolina,A,workday:greystar:/job/The-Trails-at-Timberline-Fort-Collins-CO/Maintenance-Tech---Trails-at-Timberline_R0200076-1
Greystar,Maintenance Techncian - River Terrace,"River Terrace, Eugene, OR",https://greystar.wd1.myworkdayjobs.com/External/job/River-Terrace-Eugene-OR/Maintenance-Techncian---River-Terrace_R0200395,blocked,,2026-09-24,0,ops,workday,Multifamily Property Manager,South Carolina,A,workday:greystar:/job/River-Terrace-Eugene-OR/Maintenance-Techncian---River-Terrace_R0200395
Greystar,Maintenance Technician,"Birmingham, AL",https://greystar.wd1.myworkdayjobs.com/External/job/Birmingham-AL/Maintenance-Technician_R0201955,live,,2026-09-24,0,ops,workday,Multifamily Property Manager,South Carolina,A,workday:greystar:/job/Birmingham-AL/Maintenance-Technician_R0201955
Greystar,Maintenance Technician,"City Office Atlanta, Atlanta, GA",https://greystar.wd1.myworkdayjobs.com/External/job/City-Office-Atlanta-Atlanta-GA/Maintenance-Technician_R0201485,blocked,,2026-09-24,0,ops,workday,Multifamily Property Manager,South Carolina,A,workday:greystar:/job/City-Office-Atlanta-Atlanta-GA/Maintenance-Technician_R0201485
Greystar,Maintenance Technician,"Bluestone on the Bay, Clearwater, FL",https://greystar.wd1.myworkdayjobs.com/External/job/Bluestone-on-the-Bay-Clearwater-FL/Maintenance-Technician_R0199025,blocked,,2026-09-24,0,ops,workday,Multifamily Property Manager,South Carolina,A,workday:greystar:/job/Bluestone-on-the-Bay-Clearwater-FL/Maintenance-Technician_R0199025
Greystar,Maintenance Technician,"Calgary, AB",https://greystar.wd1.myworkdayjobs.com/External/job/Calgary-AB/Maintenance-Technician_R0200518,blocked,,2026-09-24,0,ops,workday,Multifamily Property Manager,South Carolina,A,workday:greystar:/job/Calgary-AB/Maintenance-Technician_R0200518
Greystar,Maintenance Technician,"Toronto, ON, CA",https://greystar.wd1.myworkdayjobs.com/External/job/Toronto-ON-CA/Maintenance-Technician_R0199035,blocked,,2026-09-24,0,ops,workday,Multifamily Property Manager,South Carolina,A,workday:greystar:/job/Toronto-ON-CA/Maintenance-Technician_R0199035
Greystar,Maintenance Technician  (Lease Up) - Broadstone Candela,"Broadstone Candela, Richmond, TX",https://greystar.wd1.myworkdayjobs.com/External/job/Broadstone-Candela-Richmond-TX/Maintenance-Technician---Lease-Up----Broadstone-Candela_R0200706,blocked,,2026-09-24,0,ops,workday,Multifamily Property Manager,South Carolina,A,workday:greystar:/job/Broadstone-Candela-Richmond-TX/Maintenance-Technician---Lease-Up----Broadstone-Candela_R0200706
Greystar,Maintenance Technician  - Fourth Street East,"Fourth Street East, Oakland, CA",https://greystar.wd1.myworkdayjobs.com/External/job/Fourth-Street-East-Oakland-CA/Maintenance-Technician----Fourth-Street-East_R0197039,blocked,,2026-09-24,0,ops,workday,Multifamily Property Manager,South Carolina,A,workday:greystar:/job/Fourth-Street-East-Oakland-CA/Maintenance-Technician----Fourth-Street-East_R0197039
Greystar,Maintenance Technician  - Lighthouse Pointe,"Lighthouse Pointe, Corpus Christi, TX",https://greystar.wd1.myworkdayjobs.com/External/job/Lighthouse-Pointe-Corpus-Christi-TX/Maintenance-Technician----Lighthouse-Pointe_R0199543-1,blocked,,2026-09-24,0,ops,workday,Multifamily Property Manager,South Carolina,A,workday:greystar:/job/Lighthouse-Pointe-Corpus-Christi-TX/Maintenance-Technician----Lighthouse-Pointe_R0199543-1
Greystar,Maintenance Technician & Supervisor Hiring Event 9-3-2026,7 Locations,https://greystar.wd1.myworkdayjobs.com/External/job/Vermeer-Washington-DC/Maintenance-Technician---Supervisor-Hiring-Event-9-3-2026_R0198649-1,blocked,,2026-09-24,0,ops,workday,Multifamily Property Manager,South Carolina,A,workday:greystar:/job/Vermeer-Washington-DC/Maintenance-Technician---Supervisor-Hiring-Event-9-3-2026_R0198649-1
Greystar,"Maintenance Technician ($1,000 Sign-on!)  - Mt. Pleasant, SC","Restore at Carolina Park, Mount Pleasant, SC",https://greystar.wd1.myworkdayjobs.com/External/job/Restore-at-Carolina-Park-Mount-Pleasant-SC/Maintenance-Technician---Restore-at-Carolina-Park_R0198768,blocked,,2026-09-24,0,ops,workday,Multifamily Property Manager,South Carolina,A,workday:greystar:/job/Restore-at-Carolina-Park-Mount-Pleasant-SC/Maintenance-Technician---Restore-at-Carolina-Park_R0198768
Greystar,"Maintenance Technician ($1,000 Sign-on) - Overture West Ashley","Overture West Ashley, Charleston, SC",https://greystar.wd1.myworkdayjobs.com/External/job/Overture-West-Ashley-Charleston-SC/Maintenance-Technician---1-000-Sign-on----Overture-West-Ashley_R0194657,blocked,,2026-09-24,0,ops,workday,Multifamily Property Manager,South Carolina,A,workday:greystar:/job/Overture-West-Ashley-Charleston-SC/Maintenance-Technician---1-000-Sign-on----Overture-West-Ashley_R0194657
Greystar,Maintenance Technician (Floating) - Houston area,10 Locations,https://greystar.wd1.myworkdayjobs.com/External/job/Park-on-Memorial-Houston-TX/Maintenance-Technician--Floating----Houston-area_R0199887,blocked,,2026-09-24,0,ops,workday,Multifamily Property Manager,South Carolina,A,workday:greystar:/job/Park-on-Memorial-Houston-TX/Maintenance-Technician--Floating----Houston-area_R0199887
Greystar,Maintenance Technician (Lease Up) - Broadstone Creekside,"Broadstone Creekside, Cypress, TX",https://greystar.wd1.myworkdayjobs.com/External/job/Broadstone-Creekside-Cypress-TX/Service-Technician--Lease-Up----Broadstone-Creekside_R0196472,blocked,,2026-09-24,0,ops,workday,Multifamily Property Manager,South Carolina,A,workday:greystar:/job/Broadstone-Creekside-Cypress-TX/Service-Technician--Lease-Up----Broadstone-Creekside_R0196472
Greystar,Maintenance Technician (Lease Up) - The Terrace Townhomes,"The Terrace (TX), Austin, TX",https://greystar.wd1.myworkdayjobs.com/External/job/The-Terrace-TX-Austin-TX/Maintenance-Technician----Lease-Up--The-Terrace-Townhomes_R0197684,blocked,,2026-09-24,0,ops,workday,Multifamily Property Manager,South Carolina,A,workday:greystar:/job/The-Terrace-TX-Austin-TX/Maintenance-Technician----Lease-Up--The-Terrace-Townhomes_R0197684
Greystar,Maintenance Technician (Lease Up) - Waterline,"Waterline (TX), Pearland, TX",https://greystar.wd1.myworkdayjobs.com/External/job/Waterline-TX-Pearland-TX/Maintenance-Technician--Lease-Up----Waterline_R0195701,blocked,,2026-09-24,0,ops,workday,Multifamily Property Manager,South Carolina,A,workday:greystar:/job/Waterline-TX-Pearland-TX/Maintenance-Technician--Lease-Up----Waterline_R0195701
Greystar,Maintenance Technician (Lease-Up) - Odelle,"Odell, Austin, TX",https://greystar.wd1.myworkdayjobs.com/External/job/Odell-Austin-TX/Maintenance-Technician--Lease-Up----Odelle_R0201712,live,,2026-09-24,0,ops,workday,Multifamily Property Manager,South Carolina,A,workday:greystar:/job/Odell-Austin-TX/Maintenance-Technician--Lease-Up----Odelle_R0201712
Greystar,Maintenance Technician (Multi-Site),"Sedgefield, Charlotte, NC",https://greystar.wd1.myworkdayjobs.com/External/job/Sedgefield-Charlotte-NC/Maintenance-Technician--Multi-Site-_R0196738,live,,2026-09-24,0,ops,workday,Multifamily Property Manager,South Carolina,A,workday:greystar:/job/Sedgefield-Charlotte-NC/Maintenance-Technician--Multi-Site-_R0196738
Greystar,Maintenance Technician (Part - Time) - Summerwell Mill Creek,"Summerwell Mill Creek, Buford, GA",https://greystar.wd1.myworkdayjobs.com/External/job/Summerwell-Mill-Creek-Buford-GA/Maintenance-Technician--Part---Time----Summerwell-Mill-Creek_R0202080,live,,2026-09-24,0,ops,workday,Multifamily Property Manager,South Carolina,A,workday:greystar:/job/Summerwell-Mill-Creek-Buford-GA/Maintenance-Technician--Part---Time----Summerwell-Mill-Creek_R0202080
Greystar,Maintenance Technician (Part-Time)- Album Matthews,"Album Matthews, Matthews, NC",https://greystar.wd1.myworkdayjobs.com/External/job/Album-Matthews-Matthews-NC/Maintenance-Technician--Part-Time---Album-Matthews_R0194208,blocked,,2026-09-24,0,ops,workday,Multifamily Property Manager,South Carolina,A,workday:greystar:/job/Album-Matthews-Matthews-NC/Maintenance-Technician--Part-Time---Album-Matthews_R0194208
Greystar,Maintenance Technician -,"Garden Park, Portland, OR",https://greystar.wd1.myworkdayjobs.com/External/job/Garden-Park-Portland-OR/Maintenance-Technician--_R0201669,live,,2026-09-24,0,ops,workday,Multifamily Property Manager,South Carolina,A,workday:greystar:/job/Garden-Park-Portland-OR/Maintenance-Technician--_R0201669
Greystar,Maintenance Technician -  La Morada at Weston,"La Morada at Weston, Weston, FL",https://greystar.wd1.myworkdayjobs.com/External/job/La-Morada-at-Weston-Weston-FL/Maintenance-Technician----La-Morada-at-Weston_R0201066,blocked,,2026-09-24,0,ops,workday,Multifamily Property Manager,South Carolina,A,workday:greystar:/job/La-Morada-at-Weston-Weston-FL/Maintenance-Technician----La-Morada-at-Weston_R0201066
Greystar,Maintenance Technician - (Lease up) Ascend at Valverde,"Ascend at Valverde, Bastrop, TX",https://greystar.wd1.myworkdayjobs.com/External/job/Ascend-at-Valverde-Bastrop-TX/Maintenance-Technician----Lease-up--Ascend-at-Valverde_R0196068,blocked,,2026-09-24,0,ops,workday,Multifamily Property Manager,South Carolina,A,workday:greystar:/job/Ascend-at-Valverde-Bastrop-TX/Maintenance-Technician----Lease-up--Ascend-at-Valverde_R0196068
Greystar,Maintenance Technician - 10 WestEdge,"10 WestEdge, Charleston, SC",https://greystar.wd1.myworkdayjobs.com/External/job/10-WestEdge-Charleston-SC/Maintenance-Technician---10-WestEdge_R0201906,live,,2026-09-24,0,ops,workday,Multifamily Property Manager,South Carolina,A,workday:greystar:/job/10-WestEdge-Charleston-SC/Maintenance-Technician---10-WestEdge_R0201906
Greystar,Maintenance Technician - 1190 Mission,"1190 Mission, San Francisco, CA",https://greystar.wd1.myworkdayjobs.com/External/job/1190-Mission-San-Francisco-CA/Maintenance-Technician---1190-Mission_R0201097-1,blocked,,2026-09-24,0,ops,workday,Multifamily Property Manager,South Carolina,A,workday:greystar:/job/1190-Mission-San-Francisco-CA/Maintenance-Technician---1190-Mission_R0201097-1
Greystar,Maintenance Technician - 222 North City,"222 North City, San Marcos, CA",https://greystar.wd1.myworkdayjobs.com/External/job/222-North-City-San-Marcos-CA/Maintenance-Technician---222-North-City_R0195934,blocked,,2026-09-24,0,ops,workday,Multifamily Property Manager,South Carolina,A,workday:greystar:/job/222-North-City-San-Marcos-CA/Maintenance-Technician---222-North-City_R0195934
Greystar,Maintenance Technician - 403 West,"403 West - Conventional, Raleigh, NC",https://greystar.wd1.myworkdayjobs.com/External/job/403-West---Conventional-Raleigh-NC/Maintenance-Technician---403-West_R0201914,live,,2026-09-24,0,ops,workday,Multifamily Property Manager,South Carolina,A,workday:greystar:/job/403-West---Conventional-Raleigh-NC/Maintenance-Technician---403-West_R0201914
Greystar,Maintenance Technician - 5420 Sunset,"5420 Sunset, Los Angeles, CA",https://greystar.wd1.myworkdayjobs.com/External/job/5420-Sunset-Los-Angeles-CA/Maintenance-Technician---5420-Sunset_R0197903,blocked,,2026-09-24,0,ops,workday,Multifamily Property Manager,South Carolina,A,workday:greystar:/job/5420-Sunset-Los-Angeles-CA/Maintenance-Technician---5420-Sunset_R0197903
Greystar,Maintenance Technician - 5th Street Commons,"5th Street Commons, Austin, TX",https://greystar.wd1.myworkdayjobs.com/External/job/5th-Street-Commons-Austin-TX/Maintenance-Technician---5th-Street-Commons_R0198088,blocked,,2026-09-24,0,ops,workday,Multifamily Property Manager,South Carolina,A,workday:greystar:/job/5th-Street-Commons-Austin-TX/Maintenance-Technician---5th-Street-Commons_R0198088
Greystar,Maintenance Technician - 810 NINTH,"810 NINTH, Durham, NC",https://greystar.wd1.myworkdayjobs.com/External/job/810-NINTH-Durham-NC/Maintenance-Technician---810-NINTH_R0201930,live,,2026-09-24,0,ops,workday,Multifamily Property Manager,South Carolina,A,workday:greystar:/job/810-NINTH-Durham-NC/Maintenance-Technician---810-NINTH_R0201930
Greystar,Maintenance Technician - 91Fifty,"91Fifty, Houston, TX",https://greystar.wd1.myworkdayjobs.com/External/job/91Fifty-Houston-TX/Maintenance-Technician---91Fifty_R0197910,blocked,,2026-09-24,0,ops,workday,Multifamily Property Manager,South Carolina,A,workday:greystar:/job/91Fifty-Houston-TX/Maintenance-Technician---91Fifty_R0197910
Greystar,Maintenance Technician - ART Tower,"ART Tower, Portland, OR",https://greystar.wd1.myworkdayjobs.com/External/job/ART-Tower-Portland-OR/Maintenance-Technician---ART-Tower_R0198328,blocked,,2026-09-24,0,ops,workday,Multifamily Property Manager,South Carolina,A,workday:greystar:/job/ART-Tower-Portland-OR/Maintenance-Technician---ART-Tower_R0198328
Greystar,Maintenance Technician - Abrazo at Waterway Hills,"Abrazo at Waterway Hills, Longs, SC",https://greystar.wd1.myworkdayjobs.com/External/job/Abrazo-at-Waterway-Hills-Longs-SC/Maintenance-Technician---Abrazo-at-Waterway-Hills_R0197545,blocked,,2026-09-24,0,ops,workday,Multifamily Property Manager,South Carolina,A,workday:greystar:/job/Abrazo-at-Waterway-Hills-Longs-SC/Maintenance-Technician---Abrazo-at-Waterway-Hills_R0197545
Greystar,Maintenance Technician - Adega,"Adega, Rohnert Park, CA",https://greystar.wd1.myworkdayjobs.com/External/job/Adega-Rohnert-Park-CA/Maintenance-Technician---Adega_R0200953,blocked,,2026-09-24,0,ops,workday,Multifamily Property Manager,South Carolina,A,workday:greystar:/job/Adega-Rohnert-Park-CA/Maintenance-Technician---Adega_R0200953
Greystar,Maintenance Technician - Advenir at Mallory Lake,"Advenir at Mallory Lake, LaGrange, GA",https://greystar.wd1.myworkdayjobs.com/External/job/Advenir-at-Mallory-Lake-LaGrange-GA/Maintenance-Technician---Advenir-at-Mallory-Lake_R0200088-1,blocked,,2026-09-24,0,ops,workday,Multifamily Property Manager,South Carolina,A,workday:greystar:/job/Advenir-at-Mallory-Lake-LaGrange-GA/Maintenance-Technician---Advenir-at-Mallory-Lake_R0200088-1
Greystar,Maintenance Technician - Ainsworth,"Ainsworth, Richmond, VA",https://greystar.wd1.myworkdayjobs.com/External/job/Ainsworth-Richmond-VA/Maintenance-Technician---Ainsworth_R0201865,live,,2026-09-24,0,ops,workday,Multifamily Property Manager,South Carolina,A,workday:greystar:/job/Ainsworth-Richmond-VA/Maintenance-Technician---Ainsworth_R0201865
Greystar,Maintenance Technician - Alaire,"Alaire Apartment Homes, Renton, WA",https://greystar.wd1.myworkdayjobs.com/External/job/Alaire-Apartment-Homes-Renton-WA/Maintenance-Technician---Alaire_R0193176,blocked,,2026-09-24,0,ops,workday,Multifamily Property Manager,South Carolina,A,workday:greystar:/job/Alaire-Apartment-Homes-Renton-WA/Maintenance-Technician---Alaire_R0193176
Greystar,Maintenance Technician - Allaso Olivine,"Allaso Olivine, Albuquerque, NM",https://greystar.wd1.myworkdayjobs.com/External/job/Allaso-Olivine-Albuquerque-NM/Maintenance-Technician---Allaso-Olivine_R0196249,blocked,,2026-09-24,0,ops,workday,Multifamily Property Manager,South Carolina,A,workday:greystar:/job/Allaso-Olivine-Albuquerque-NM/Maintenance-Technician---Allaso-Olivine_R0196249
Greystar,Maintenance Technician - Alta City Side,"Alta City Side, Nashville, TN",https://greystar.wd1.myworkdayjobs.com/External/job/Alta-City-Side-Nashville-TN/Maintenance-Technician---Alta-City-Side_R0200984,blocked,,2026-09-24,0,ops,workday,Multifamily Property Manager,South Carolina,A,workday:greystar:/job/Alta-City-Side-Nashville-TN/Maintenance-Technician---Alta-City-Side_R0200984
Greystar,Maintenance Technician - Alta Rayzor Ranch,"Alta Rayzor Ranch, Denton, TX",https://greystar.wd1.myworkdayjobs.com/External/job/Alta-Rayzor-Ranch-Denton-TX/Maintenance-Technician---Alta-Rayzor-Ranch_R0201802,live,,2026-09-24,0,ops,workday,Multifamily Property Manager,South Carolina,A,workday:greystar:/job/Alta-Rayzor-Ranch-Denton-TX/Maintenance-Technician---Alta-Rayzor-Ranch_R0201802
Greystar,Maintenance Technician - Alta on the Row,"Aria on the Row, Worcester, MA",https://greystar.wd1.myworkdayjobs.com/External/job/Aria-on-the-Row-Worcester-MA/Maintenance-Technician---Alta-on-the-Row_R0201896,live,,2026-09-24,0,ops,workday,Multifamily Property Manager,South Carolina,A,workday:greystar:/job/Aria-on-the-Row-Worcester-MA/Maintenance-Technician---Alta-on-the-Row_R0201896
Greystar,Maintenance Technician - Aquatic Fourth Street,2 Locations,https://greystar.wd1.myworkdayjobs.com/External/job/Aquatic-III-Berkeley-CA/Maintenance-Technician---Aquatic-Fourth-Street_R0195511,blocked,,2026-09-24,0,ops,workday,Multifamily Property Manager,South Carolina,A,workday:greystar:/job/Aquatic-III-Berkeley-CA/Maintenance-Technician---Aquatic-Fourth-Street_R0195511
Greystar,Maintenance Technician - Arcadia at Symphony Park,"Arcadia at Symphony Park, McDonough, GA",https://greystar.wd1.myworkdayjobs.com/External/job/Arcadia-at-Symphony-Park-McDonough-GA/Maintenance-Technician---Arcadia-at-Symphony-Park_R0198377-1,blocked,,2026-09-24,0,ops,workday,Multifamily Property Manager,South Carolina,A,workday:greystar:/job/Arcadia-at-Symphony-Park-McDonough-GA/Maintenance-Technician---Arcadia-at-Symphony-Park_R0198377-1
Greystar,Maintenance Technician - Arcadia at Waterway Hills,"Arcadia at Waterway Hills, Longs, SC",https://greystar.wd1.myworkdayjobs.com/External/job/Arcadia-at-Waterway-Hills-Longs-SC/Maintenance-Technician---Arcadia-at-Waterway-Hills_R0198152,blocked,,2026-09-24,0,ops,workday,Multifamily Property Manager,South Carolina,A,workday:greystar:/job/Arcadia-at-Waterway-Hills-Longs-SC/Maintenance-Technician---Arcadia-at-Waterway-Hills_R0198152
Greystar,Maintenance Technician - Areum,"Areum, Monrovia, CA",https://greystar.wd1.myworkdayjobs.com/External/job/Areum-Monrovia-CA/Maintenance-Technician---Areum_R0199386,blocked,,2026-09-24,0,ops,workday,Multifamily Property Manager,South Carolina,A,workday:greystar:/job/Areum-Monrovia-CA/Maintenance-Technician---Areum_R0199386
Greystar,Maintenance Technician - Arlo,"Arlo (WA), Seattle, WA",https://greystar.wd1.myworkdayjobs.com/External/job/Arlo-WA-Seattle-WA/Maintenance-Technician---Arlo_R0199331,blocked,,2026-09-24,0,ops,workday,Multifamily Property Manager,South Carolina,A,workday:greystar:/job/Arlo-WA-Seattle-WA/Maintenance-Technician---Arlo_R0199331
Greystar,Maintenance Technician - Arlow at Blue Ridge,"Arlow at Blue Ridge, Raleigh, NC",https://greystar.wd1.myworkdayjobs.com/External/job/Arlow-at-Blue-Ridge-Raleigh-NC/Maintenance-Technician---Arlow-at-Blue-Ridge_R0136104,blocked,,2026-09-24,0,ops,workday,Multifamily Property Manager,South Carolina,A,workday:greystar:/job/Arlow-at-Blue-Ridge-Raleigh-NC/Maintenance-Technician---Arlow-at-Blue-Ridge_R0136104
Greystar,Maintenance Technician - Arrowhead Pointe,"Arrowhead Pointe, Albuquerque, NM",https://greystar.wd1.myworkdayjobs.com/External/job/Arrowhead-Pointe-Albuquerque-NM/Maintenance-Technician---Arrowhead-Pointe_R0201548,live,,2026-09-24,0,ops,workday,Multifamily Property Manager,South Carolina,A,workday:greystar:/job/Arrowhead-Pointe-Albuquerque-NM/Maintenance-Technician---Arrowhead-Pointe_R0201548
Greystar,Maintenance Technician - Artessa at Quarry Village,"Artessa at Quarry Village, San Antonio, TX",https://greystar.wd1.myworkdayjobs.com/External/job/Artessa-at-Quarry-Village-San-Antonio-TX/Maintenance-Technician---Artessa-at-Quarry-Village_R0200839,live,,2026-09-24,0,ops,workday,Multifamily Property Manager,South Carolina,A,workday:greystar:/job/Artessa-at-Quarry-Village-San-Antonio-TX/Maintenance-Technician---Artessa-at-Quarry-Village_R0200839
Greystar,Maintenance Technician - Ascend Morganton Park,"Ascend Morganton Park, Southern Pines, NC",https://greystar.wd1.myworkdayjobs.com/External/job/Ascend-Morganton-Park-Southern-Pines-NC/Maintenance-Technician---Ascend-Morganton-Park_R0201134,blocked,,2026-09-24,0,ops,workday,Multifamily Property Manager,South Carolina,A,workday:greystar:/job/Ascend-Morganton-Park-Southern-Pines-NC/Maintenance-Technician---Ascend-Morganton-Park_R0201134
Greystar,Maintenance Technician - Ascent St. Petersburg,"Ascent St. Petersburg, St. Petersburg, FL",https://greystar.wd1.myworkdayjobs.com/External/job/Ascent-St-Petersburg-St-Petersburg-FL/Maintenance-Technician---Ascent-St-Petersburg_R0199566,blocked,,2026-09-24,0,ops,workday,Multifamily Property Manager,South Carolina,A,workday:greystar:/job/Ascent-St-Petersburg-St-Petersburg-FL/Maintenance-Technician---Ascent-St-Petersburg_R0199566
Greystar,Maintenance Technician - Aspect,"Aspect, Fullerton, CA",https://greystar.wd1.myworkdayjobs.com/External/job/Aspect-Fullerton-CA/Maintenance-Technician---Aspect_R0201297,blocked,,2026-09-24,0,ops,workday,Multifamily Property Manager,South Carolina,A,workday:greystar:/job/Aspect-Fullerton-CA/Maintenance-Technician---Aspect_R0201297
Greystar,Maintenance Technician - Aspira,"Aspira, Seattle, WA",https://greystar.wd1.myworkdayjobs.com/External/job/Aspira-Seattle-WA/Maintenance-Technician---Aspira_R0197371,blocked,,2026-09-24,0,ops,workday,Multifamily Property Manager,South Carolina,A,workday:greystar:/job/Aspira-Seattle-WA/Maintenance-Technician---Aspira_R0197371
Greystar,Maintenance Technician - Avana Collins Creek,"Avana Collins Creek, Antioch, TN",https://greystar.wd1.myworkdayjobs.com/External/job/Avana-Collins-Creek-Antioch-TN/Maintenance-Technician---Avana-Collins-Creek_R0200478,blocked,,2026-09-24,0,ops,workday,Multifamily Property Manager,South Carolina,A,workday:greystar:/job/Avana-Collins-Creek-Antioch-TN/Maintenance-Technician---Avana-Collins-Creek_R0200478
Greystar,Maintenance Technician - Avana Cypress Creek,"Avana Cypress Creek, Fort Lauderdale, FL",https://greystar.wd1.myworkdayjobs.com/External/job/Avana-Cypress-Creek-Fort-Lauderdale-FL/Maintenance-Technician---Avana-Cypress-Creek_R0201516,blocked,,2026-09-24,0,ops,workday,Multifamily Property Manager,South Carolina,A,workday:greystar:/job/Avana-Cypress-Creek-Fort-Lauderdale-FL/Maintenance-Technician---Avana-Cypress-Creek_R0201516
Greystar,Maintenance Technician - Avana Matthews,"Avana Matthews, Matthews, NC",https://greystar.wd1.myworkdayjobs.com/External/job/Avana-Matthews-Matthews-NC/Maintenance-Technician---Avana-Matthews_R0199288,blocked,,2026-09-24,0,ops,workday,Multifamily Property Manager,South Carolina,A,workday:greystar:/job/Avana-Matthews-Matthews-NC/Maintenance-Technician---Avana-Matthews_R0199288
Greystar,Maintenance Technician - Avana Overlook,"Avana Overlook, Antioch, TN",https://greystar.wd1.myworkdayjobs.com/External/job/Avana-Overlook-Antioch-TN/Maintenance-Technician---Avana-Overlook_R0201274,blocked,,2026-09-24,0,ops,workday,Multifamily Property Manager,South Carolina,A,workday:greystar:/job/Avana-Overlook-Antioch-TN/Maintenance-Technician---Avana-Overlook_R0201274
Greystar,Maintenance Technician - Avana Powell Valley,"Avana Powell Valley, Gresham, OR",https://greystar.wd1.myworkdayjobs.com/External/job/Avana-Powell-Valley-Gresham-OR/Maintenance-Technician---Avana-Powell-Valley_R0200412,blocked,,2026-09-24,0,ops,workday,Multifamily Property Manager,South Carolina,A,workday:greystar:/job/Avana-Powell-Valley-Gresham-OR/Maintenance-Technician---Avana-Powell-Valley_R0200412
Greystar,Maintenance Technician - Avana Rancho Cucamonga,"Avana Rancho Cucamonga, Rancho Cucamonga, CA",https://greystar.wd1.myworkdayjobs.com/External/job/Avana-Rancho-Cucamonga-Rancho-Cucamonga-CA/Maintenance-Technician---Avana-Rancho-Cucamonga_R0201407,blocked,,2026-09-24,0,ops,workday,Multifamily Property Manager,South Carolina,A,workday:greystar:/job/Avana-Rancho-Cucamonga-Rancho-Cucamonga-CA/Maintenance-Technician---Avana-Rancho-Cucamonga_R0201407
Greystar,Maintenance Technician - Avana Star Lake Apartments,"Avana Star Lake, Federal Way, WA",https://greystar.wd1.myworkdayjobs.com/External/job/Avana-Star-Lake-Federal-Way-WA/Maintenance-Technician---Avana-Star-Lake-Apartments_R0199702-1,blocked,,2026-09-24,0,ops,workday,Multifamily Property Manager,South Carolina,A,workday:greystar:/job/Avana-Star-Lake-Federal-Way-WA/Maintenance-Technician---Avana-Star-Lake-Apartments_R0199702-1
Greystar,Maintenance Technician - Avana Sunnyvale,"Avana Sunnyvale, Sunnyvale, CA",https://greystar.wd1.myworkdayjobs.com/External/job/Avana-Sunnyvale-Sunnyvale-CA/Maintenance-Technician---Avana-Sunnyvale_R0196788,blocked,,2026-09-24,0,ops,workday,Multifamily Property Manager,South Carolina,A,workday:greystar:/job/Avana-Sunnyvale-Sunnyvale-CA/Maintenance-Technician---Avana-Sunnyvale_R0196788
Greystar,Maintenance Technician - Avana Townpark,"Avana TownPark, Kennesaw, GA",https://greystar.wd1.myworkdayjobs.com/External/job/Avana-TownPark-Kennesaw-GA/Maintenance-Technician---Avana-Townpark_R0201294,blocked,,2026-09-24,0,ops,workday,Multifamily Property Manager,South Carolina,A,workday:greystar:/job/Avana-TownPark-Kennesaw-GA/Maintenance-Technician---Avana-Townpark_R0201294
Greystar,Maintenance Technician - Avana on Main,"Avana on Main, Atlanta, GA",https://greystar.wd1.myworkdayjobs.com/External/job/Avana-on-Main-Atlanta-GA/Maintenance-Technician---Avana-on-Main_R0201604-1,live,,2026-09-24,0,ops,workday,Multifamily Property Manager,South Carolina,A,workday:greystar:/job/Avana-on-Main-Atlanta-GA/Maintenance-Technician---Avana-on-Main_R0201604-1
Greystar,Maintenance Technician - Aventura RTP,"Aventura RTP, Durham, NC",https://greystar.wd1.myworkdayjobs.com/External/job/Aventura-RTP-Durham-NC/Maintenance-Technician---Aventura-RTP_R0201237,blocked,,2026-09-24,0,ops,workday,Multifamily Property Manager,South Carolina,A,workday:greystar:/job/Aventura-RTP-Durham-NC/Maintenance-Technician---Aventura-RTP_R0201237
Greystar,Maintenance Technician - Avia,"Avia (VA), Richmond, VA",https://greystar.wd1.myworkdayjobs.com/External/job/Avia-VA-Richmond-VA/Maintenance-Technician---Avia_R0199701-1,blocked,,2026-09-24,0,ops,workday,Multifamily Property Manager,South Carolina,A,workday:greystar:/job/Avia-VA-Richmond-VA/Maintenance-Technician---Avia_R0199701-1
Greystar,Maintenance Technician - Aviara at Mountain House,"Aviara at Mountain House, Mountain House, CA",https://greystar.wd1.myworkdayjobs.com/External/job/Aviara-at-Mountain-House-Mountain-House-CA/Maintenance-Technician---Aviara-at-Mountain-House_R0198369,blocked,,2026-09-24,0,ops,workday,Multifamily Property Manager,South Carolina,A,workday:greystar:/job/Aviara-at-Mountain-House-Mountain-House-CA/Maintenance-Technician---Aviara-at-Mountain-House_R0198369
Greystar,Maintenance Technician - Avila at Rancho Santa Margarita,"Avila at Rancho Santa Margarita, Rancho Santa Margarita, CA",https://greystar.wd1.myworkdayjobs.com/External/job/Avila-at-Rancho-Santa-Margarita-Rancho-Santa-Margarita-CA/Maintenance-Technician---Avila-at-Rancho-Santa-Margarita_R0201151,blocked,,2026-09-24,0,ops,workday,Multifamily Property Manager,South Carolina,A,workday:greystar:/job/Avila-at-Rancho-Santa-Margarita-Rancho-Santa-Margarita-CA/Maintenance-Technician---Avila-at-Rancho-Santa-Margarita_R0201151
Greystar,Maintenance Technician - Axiom La Jolla,"Axiom La Jolla, San Diego, CA",https://greystar.wd1.myworkdayjobs.com/External/job/Axiom-La-Jolla-San-Diego-CA/Maintenance-Technician---Axiom-La-Jolla_R0198338,blocked,,2026-09-24,0,ops,workday,Multifamily Property Manager,South Carolina,A,workday:greystar:/job/Axiom-La-Jolla-San-Diego-CA/Maintenance-Technician---Axiom-La-Jolla_R0198338
Greystar,Maintenance Technician - Baldwyn,"Baldwyn, Seattle, WA",https://greystar.wd1.myworkdayjobs.com/External/job/Baldwyn-Seattle-WA/Maintenance-Technician---Baldwyn_R0192705,blocked,,2026-09-24,0,ops,workday,Multifamily Property Manager,South Carolina,A,workday:greystar:/job/Baldwyn-Seattle-WA/Maintenance-Technician---Baldwyn_R0192705
Greystar,Maintenance Technician - Barton Creek Villas,"Barton Creek Villas, Austin, TX",https://greystar.wd1.myworkdayjobs.com/External/job/Barton-Creek-Villas-Austin-TX/Maintenance-Technician---Barton-Creek-Villas_R0197366,blocked,,2026-09-24,0,ops,workday,Multifamily Property Manager,South Carolina,A,workday:greystar:/job/Barton-Creek-Villas-Austin-TX/Maintenance-Technician---Barton-Creek-Villas_R0197366
Greystar,Maintenance Technician - Bayshore Landing,"Bayshore Landing, Annapolis, MD",https://greystar.wd1.myworkdayjobs.com/External/job/Bayshore-Landing-Annapolis-MD/Maintenance-Technician---Bayshore-Landing_R0200784,blocked,,2026-09-24,0,ops,workday,Multifamily Property Manager,South Carolina,A,workday:greystar:/job/Bayshore-Landing-Annapolis-MD/Maintenance-Technician---Bayshore-Landing_R0200784
Greystar,Maintenance Technician - Belmont,"Belmont, Orlando, FL",https://greystar.wd1.myworkdayjobs.com/External/job/Belmont-Orlando-FL/Maintenance-Technician---Belmont_R0200344,blocked,,2026-09-24,0,ops,workday,Multifamily Property Manager,South Carolina,A,workday:greystar:/job/Belmont-Orlando-FL/Maintenance-Technician---Belmont_R0200344
Greystar,Maintenance Technician - Bennet at BullStreet,"Bennet at BullStreet, Columbia, SC",https://greystar.wd1.myworkdayjobs.com/External/job/Bennet-at-BullStreet-Columbia-SC/Maintenance-Technician---Bennet-at-BullStreet_R0200385,live,,2026-09-24,0,ops,workday,Multifamily Property Manager,South Carolina,A,workday:greystar:/job/Bennet-at-BullStreet-Columbia-SC/Maintenance-Technician---Bennet-at-BullStreet_R0200385
Greystar,Maintenance Technician - Birchway Elk Grove,"Birchway Elk Grove, Elk Grove, CA",https://greystar.wd1.myworkdayjobs.com/External/job/Birchway-Elk-Grove-Elk-Grove-CA/Maintenance-Technician---Birchway-Elk-Grove_R0199872,blocked,,2026-09-24,0,ops,workday,Multifamily Property Manager,South Carolina,A,workday:greystar:/job/Birchway-Elk-Grove-Elk-Grove-CA/Maintenance-Technician---Birchway-Elk-Grove_R0199872
Greystar,Maintenance Technician - Birchway Rivergate,"Birchway Rivergate, Madison, TN",https://greystar.wd1.myworkdayjobs.com/External/job/Birchway-Rivergate-Madison-TN/Maintenance-Technician---Birchway-Rivergate_R0198493,blocked,,2026-09-24,0,ops,workday,Multifamily Property Manager,South Carolina,A,workday:greystar:/job/Birchway-Rivergate-Madison-TN/Maintenance-Technician---Birchway-Rivergate_R0198493
Greystar,Maintenance Technician - Brewers Block,"Brewers Block, Pittsburgh, PA",https://greystar.wd1.myworkdayjobs.com/External/job/Brewers-Block-Pittsburgh-PA/Maintenance-Technician---Brewers-Block_R0195797-1,blocked,,2026-09-24,0,ops,workday,Multifamily Property Manager,South Carolina,A,workday:greystar:/job/Brewers-Block-Pittsburgh-PA/Maintenance-Technician---Brewers-Block_R0195797-1
Greystar,Maintenance Technician - Bridgepointe,"Bridgepointe, San Mateo, CA",https://greystar.wd1.myworkdayjobs.com/External/job/Bridgepointe-San-Mateo-CA/Maintenance-Technician---Bridgepointe_R0198180,blocked,,2026-09-24,0,ops,workday,Multifamily Property Manager,South Carolina,A,workday:greystar:/job/Bridgepointe-San-Mateo-CA/Maintenance-Technician---Bridgepointe_R0198180
Greystar,Maintenance Technician - Brio at Lookout,"Brio at Lookout, San Antonio, TX",https://greystar.wd1.myworkdayjobs.com/External/job/Brio-at-Lookout-San-Antonio-TX/Maintenance-Technician---Brio-at-Lookout_R0196832-1,blocked,,2026-09-24,0,ops,workday,Multifamily Property Manager,South Carolina,A,workday:greystar:/job/Brio-at-Lookout-San-Antonio-TX/Maintenance-Technician---Brio-at-Lookout_R0196832-1
Greystar,Maintenance Technician - Broadstone Baybrook,"Broadstone Baybrook, Webster, TX",https://greystar.wd1.myworkdayjobs.com/External/job/Broadstone-Baybrook-Webster-TX/Maintenance-Technician---Broadstone-Baybrook_R0201308,blocked,,2026-09-24,0,ops,workday,Multifamily Property Manager,South Carolina,A,workday:greystar:/job/Broadstone-Baybrook-Webster-TX/Maintenance-Technician---Broadstone-Baybrook_R0201308
Greystar,Maintenance Technician - Broadstone Energy Park,"Broadstone Energy Park, Houston, TX",https://greystar.wd1.myworkdayjobs.com/External/job/Broadstone-Energy-Park-Houston-TX/Maintenance-Technician---Broadstone-Energy-Park_R0200194,blocked,,2026-09-24,0,ops,workday,Multifamily Property Manager,South Carolina,A,workday:greystar:/job/Broadstone-Energy-Park-Houston-TX/Maintenance-Technician---Broadstone-Energy-Park_R0200194
Greystar,Maintenance Technician - CHROMA,"CHROMA, Seattle, WA",https://greystar.wd1.myworkdayjobs.com/External/job/CHROMA-Seattle-WA/Maintenance-Technician---CHROMA_R0192220,blocked,,2026-09-24,0,ops,workday,Multifamily Property Manager,South Carolina,A,workday:greystar:/job/CHROMA-Seattle-WA/Maintenance-Technician---CHROMA_R0192220
Greystar,Maintenance Technician - Camellia at One Nexton,"Camellia at One Nexton, Summerville, SC",https://greystar.wd1.myworkdayjobs.com/External/job/Camellia-at-One-Nexton-Summerville-SC/Maintenance-Technician---Camellia-at-One-Nexton_R0198383,blocked,,2026-09-24,0,ops,workday,Multifamily Property Manager,South Carolina,A,workday:greystar:/job/Camellia-at-One-Nexton-Summerville-SC/Maintenance-Technician---Camellia-at-One-Nexton_R0198383
Greystar,Maintenance Technician - Cape Cod,"Everleigh Cape Cod, Hyannis, MA",https://greystar.wd1.myworkdayjobs.com/External/job/Everleigh-Cape-Cod-Hyannis-MA/Maintenance-Technician---Cape-Cod_R0196040,blocked,,2026-09-24,0,ops,workday,Multifamily Property Manager,South Carolina,A,workday:greystar:/job/Everleigh-Cape-Cod-Hyannis-MA/Maintenance-Technician---Cape-Cod_R0196040
Greystar,Maintenance Technician - Central Square at Watermark,"Central Square at Watermark Apartments, Mount Pleasant, SC",https://greystar.wd1.myworkdayjobs.com/External/job/Central-Square-at-Watermark-Apartments-Mount-Pleasant-SC/Maintenance-Technician---Central-Square-at-Watermark_R0198001,blocked,,2026-09-24,0,ops,workday,Multifamily Property Manager,South Carolina,A,workday:greystar:/job/Central-Square-at-Watermark-Apartments-Mount-Pleasant-SC/Maintenance-Technician---Central-Square-at-Watermark_R0198001
Greystar,Maintenance Technician - Chelsea Museum District,"Chelsea Museum District, Houston, TX",https://greystar.wd1.myworkdayjobs.com/External/job/Chelsea-Museum-District-Houston-TX/Maintenance-Technician---Chelsea-Museum-District_R0197882,blocked,,2026-09-24,0,ops,workday,Multifamily Property Manager,South Carolina,A,workday:greystar:/job/Chelsea-Museum-District-Houston-TX/Maintenance-Technician---Chelsea-Museum-District_R0197882
Greystar,Maintenance Technician - Cielo Point,"Cielo Point, Lauderhill, FL",https://greystar.wd1.myworkdayjobs.com/External/job/Cielo-Point-Lauderhill-FL/Maintenance-Technician---Cielo-Point_R0200719,blocked,,2026-09-24,0,ops,workday,Multifamily Property Manager,South Carolina,A,workday:greystar:/job/Cielo-Point-Lauderhill-FL/Maintenance-Technician---Cielo-Point_R0200719
Greystar,Maintenance Technician - Citizen House Blue Bluff,"Citizen House Blue Bluff, Austin, TX",https://greystar.wd1.myworkdayjobs.com/External/job/Citizen-House-Blue-Bluff-Austin-TX/Maintenance-Technician---Citizen-House-Blue-Bluff_R0200697,blocked,,2026-09-24,0,ops,workday,Multifamily Property Manager,South Carolina,A,workday:greystar:/job/Citizen-House-Blue-Bluff-Austin-TX/Maintenance-Technician---Citizen-House-Blue-Bluff_R0200697
Greystar,Maintenance Technician - Citizen House Decker,"Citizen House Decker, Austin, TX",https://greystar.wd1.myworkdayjobs.com/External/job/Citizen-House-Decker-Austin-TX/Maintenance-Technician---Citizen-House-Decker_R0199119,blocked,,2026-09-24,0,ops,workday,Multifamily Property Manager,South Carolina,A,workday:greystar:/job/Citizen-House-Decker-Austin-TX/Maintenance-Technician---Citizen-House-Decker_R0199119
Greystar,Maintenance Technician - Colette,"Colette, Washington, DC",https://greystar.wd1.myworkdayjobs.com/External/job/Colette-Washington-DC/Maintenance-Technician---Colette_R0201758,live,,2026-09-24,0,ops,workday,Multifamily Property Manager,South Carolina,A,workday:greystar:/job/Colette-Washington-DC/Maintenance-Technician---Colette_R0201758
Greystar,Maintenance Technician - Colonnade,"Colonnade (CA), San Jose, CA",https://greystar.wd1.myworkdayjobs.com/External/job/Colonnade-CA-San-Jose-CA/Maintenance-Technician---Colonnade_R0191257,blocked,,2026-09-24,0,ops,workday,Multifamily Property Manager,South Carolina,A,workday:greystar:/job/Colonnade-CA-San-Jose-CA/Maintenance-Technician---Colonnade_R0191257
Greystar,Maintenance Technician - Columns at Wakefield,"Columns at Wakefield, Raleigh, NC",https://greystar.wd1.myworkdayjobs.com/External/job/Columns-at-Wakefield-Raleigh-NC/Maintenance-Technician---Columns-at-Wakefield_R0198056,blocked,,2026-09-24,0,ops,workday,Multifamily Property Manager,South Carolina,A,workday:greystar:/job/Columns-at-Wakefield-Raleigh-NC/Maintenance-Technician---Columns-at-Wakefield_R0198056
Greystar,Maintenance Technician - Connection on Broadway,"Connection on Broadway, Seattle, WA",https://greystar.wd1.myworkdayjobs.com/External/job/Connection-on-Broadway-Seattle-WA/Maintenance-Technician---Connection-on-Broadway_R0191759,blocked,,2026-09-24,0,ops,workday,Multifamily Property Manager,South Carolina,A,workday:greystar:/job/Connection-on-Broadway-Seattle-WA/Maintenance-Technician---Connection-on-Broadway_R0191759
Greystar,Maintenance Technician - Copper Hills,"Copper Hills, Albuquerque, NM",https://greystar.wd1.myworkdayjobs.com/External/job/Copper-Hills-Albuquerque-NM/Maintenance-Technician---Copper-Hills_R0200551,blocked,,2026-09-24,0,ops,workday,Multifamily Property Manager,South Carolina,A,workday:greystar:/job/Copper-Hills-Albuquerque-NM/Maintenance-Technician---Copper-Hills_R0200551
Greystar,Maintenance Technician - Core at Sycamore Highlands,"Core at Sycamore Highlands, Riverside, CA",https://greystar.wd1.myworkdayjobs.com/External/job/Core-at-Sycamore-Highlands-Riverside-CA/Maintenance-Technician---Core-at-Sycamore-Highlands_R0199076,blocked,,2026-09-24,0,ops,workday,Multifamily Property Manager,South Carolina,A,workday:greystar:/job/Core-at-Sycamore-Highlands-Riverside-CA/Maintenance-Technician---Core-at-Sycamore-Highlands_R0199076
Greystar,Maintenance Technician - Creekside Apartments,"Creekside Apartments, Corvallis, OR",https://greystar.wd1.myworkdayjobs.com/External/job/Creekside-Apartments-Corvallis-OR/Maintenance-Technician---Creekside-Apartments_R0196654,blocked,,2026-09-24,0,ops,workday,Multifamily Property Manager,South Carolina,A,workday:greystar:/job/Creekside-Apartments-Corvallis-OR/Maintenance-Technician---Creekside-Apartments_R0196654
Greystar,Maintenance Technician - Creole on Yorktown,"Creole on Yorktown, Houston, TX",https://greystar.wd1.myworkdayjobs.com/External/job/Creole-on-Yorktown-Houston-TX/Maintenance-Technician---Creole-on-Yorktown_R0192633,blocked,,2026-09-24,0,ops,workday,Multifamily Property Manager,South Carolina,A,workday:greystar:/job/Creole-on-Yorktown-Houston-TX/Maintenance-Technician---Creole-on-Yorktown_R0192633
Greystar,Maintenance Technician - Crossing DC,"Crossing DC, Washington, DC",https://greystar.wd1.myworkdayjobs.com/External/job/Crossing-DC-Washington-DC/Maintenance-Technician---Crossing-DC_R0190388,blocked,,2026-09-24,0,ops,workday,Multifamily Property Manager,South Carolina,A,workday:greystar:/job/Crossing-DC-Washington-DC/Maintenance-Technician---Crossing-DC_R0190388
Greystar,Maintenance Technician - Cypress Heights,"Cypress Heights, Cypress, TX",https://greystar.wd1.myworkdayjobs.com/External/job/Cypress-Heights-Cypress-TX/Floating-Maintenance-Technician---Cypress-Heights-and-Sycamore-Heights_R0198620,blocked,,2026-09-24,0,ops,workday,Multifamily Property Manager,South Carolina,A,workday:greystar:/job/Cypress-Heights-Cypress-TX/Floating-Maintenance-Technician---Cypress-Heights-and-Sycamore-Heights_R0198620
Greystar,Maintenance Technician - Discovery at Kingwood,"Discovery at Kingwood, Kingwood, TX",https://greystar.wd1.myworkdayjobs.com/External/job/Discovery-at-Kingwood-Kingwood-TX/Maintenance-Technician---Discovery-at-Kingwood_R0200786,blocked,,2026-09-24,0,ops,workday,Multifamily Property Manager,South Carolina,A,workday:greystar:/job/Discovery-at-Kingwood-Kingwood-TX/Maintenance-Technician---Discovery-at-Kingwood_R0200786
Greystar,Maintenance Technician - Downtown area,"City Office Houston, Houston, TX",https://greystar.wd1.myworkdayjobs.com/External/job/City-Office-Houston-Houston-TX/Maintenance-Technician---Downtown-area_R0199930,blocked,,2026-09-24,0,ops,workday,Multifamily Property Manager,South Carolina,A,workday:greystar:/job/City-Office-Houston-Houston-TX/Maintenance-Technician---Downtown-area_R0199930
Greystar,Maintenance Technician - Eastgate Apartments (Student Living),"Eastgate Apartments, Waco, TX",https://greystar.wd1.myworkdayjobs.com/External/job/Eastgate-Apartments-Waco-TX/Maintenance-Technician---Eastgate-Apartments--Student-Living-_R0201276,blocked,,2026-09-24,0,ops,workday,Multifamily Property Manager,South Carolina,A,workday:greystar:/job/Eastgate-Apartments-Waco-TX/Maintenance-Technician---Eastgate-Apartments--Student-Living-_R0201276
Greystar,Maintenance Technician - Easton Place,"Easton Place, Murfreesboro, TN",https://greystar.wd1.myworkdayjobs.com/External/job/Easton-Place-Murfreesboro-TN/Maintenance-Technician---Easton-Place_R0201240,blocked,,2026-09-24,0,ops,workday,Multifamily Property Manager,South Carolina,A,workday:greystar:/job/Easton-Place-Murfreesboro-TN/Maintenance-Technician---Easton-Place_R0201240
Greystar,Maintenance Technician - Eden Heritage Lakes,"Eden Heritage Lakes, West Melbourne, FL",https://greystar.wd1.myworkdayjobs.com/External/job/Eden-Heritage-Lakes-West-Melbourne-FL/Maintenance-Technician---Eden-Heritage-Lakes_R0199822,blocked,,2026-09-24,0,ops,workday,Multifamily Property Manager,South Carolina,A,workday:greystar:/job/Eden-Heritage-Lakes-West-Melbourne-FL/Maintenance-Technician---Eden-Heritage-Lakes_R0199822
Greystar,Maintenance Technician - Edge Flats,"Edge Flats, Winston-Salem, NC",https://greystar.wd1.myworkdayjobs.com/External/job/Edge-Flats-Winston-Salem-NC/Maintenance-Technician---Edge-Flats_R0199946,blocked,,2026-09-24,0,ops,workday,Multifamily Property Manager,South Carolina,A,workday:greystar:/job/Edge-Flats-Winston-Salem-NC/Maintenance-Technician---Edge-Flats_R0199946
Greystar,Maintenance Technician - Effingham Parc,"Effingham Parc, Rincon, GA",https://greystar.wd1.myworkdayjobs.com/External/job/Effingham-Parc-Rincon-GA/Maintenance-Technician---Effingham-Parc_R0198860,blocked,,2026-09-24,0,ops,workday,Multifamily Property Manager,South Carolina,A,workday:greystar:/job/Effingham-Parc-Rincon-GA/Maintenance-Technician---Effingham-Parc_R0198860
Greystar,Maintenance Technician - Elan Capital Hills,"Elan Capital Hills, Raleigh, NC",https://greystar.wd1.myworkdayjobs.com/External/job/Elan-Capital-Hills-Raleigh-NC/Maintenance-Technician---Elan-Capital-Hills_R0195784,blocked,,2026-09-24,0,ops,workday,Multifamily Property Manager,South Carolina,A,workday:greystar:/job/Elan-Capital-Hills-Raleigh-NC/Maintenance-Technician---Elan-Capital-Hills_R0195784
Greystar,Maintenance Technician - Elan LoSo,"Elan LoSo, Charlotte, NC",https://greystar.wd1.myworkdayjobs.com/External/job/Elan-LoSo-Charlotte-NC/Maintenance-Technician---Elan-LoSo_R0201275,blocked,,2026-09-24,0,ops,workday,Multifamily Property Manager,South Carolina,A,workday:greystar:/job/Elan-LoSo-Charlotte-NC/Maintenance-Technician---Elan-LoSo_R0201275
Greystar,Maintenance Technician - Elan Smryna,"Elan Smyrna, Smyrna, TN",https://greystar.wd1.myworkdayjobs.com/External/job/Elan-Smyrna-Smyrna-TN/Maintenance-Technician---Elan-Smryna_R0194292,blocked,,2026-09-24,0,ops,workday,Multifamily Property Manager,South Carolina,A,workday:greystar:/job/Elan-Smyrna-Smyrna-TN/Maintenance-Technician---Elan-Smryna_R0194292
Greystar,Maintenance Technician - Elmhurst Village,"Elmhurst Village, Oviedo, FL",https://greystar.wd1.myworkdayjobs.com/External/job/Elmhurst-Village-Oviedo-FL/Maintenance-Technician---Elmhurst-Village_R0200563,blocked,,2026-09-24,0,ops,workday,Multifamily Property Manager,South Carolina,A,workday:greystar:/job/Elmhurst-Village-Oviedo-FL/Maintenance-Technician---Elmhurst-Village_R0200563
Greystar,Maintenance Technician - Elowen,"Elowen, San Diego, CA",https://greystar.wd1.myworkdayjobs.com/External/job/Elowen-San-Diego-CA/Maintenance-Technician---Elowen_R0199465,blocked,,2026-09-24,0,ops,workday,Multifamily Property Manager,South Carolina,A,workday:greystar:/job/Elowen-San-Diego-CA/Maintenance-Technician---Elowen_R0199465
Greystar,Maintenance Technician - Encore at the Park,"Encore at the Park, Durham, NC",https://greystar.wd1.myworkdayjobs.com/External/job/Encore-at-the-Park-Durham-NC/Maintenance-Technician---Encore-at-the-Park_R0201650-1,live,,2026-09-24,0,ops,workday,Multifamily Property Manager,South Carolina,A,workday:greystar:/job/Encore-at-the-Park-Durham-NC/Maintenance-Technician---Encore-at-the-Park_R0201650-1
Greystar,Maintenance Technician - Estates at Bee Cave,"Estates at Bee Cave, Bee Cave, TX",https://greystar.wd1.myworkdayjobs.com/External/job/Estates-at-Bee-Cave-Bee-Cave-TX/Maintenance-Technician---Estates-at-Bee-Cave_R0200580,blocked,,2026-09-24,0,ops,workday,Multifamily Property Manager,South Carolina,A,workday:greystar:/job/Estates-at-Bee-Cave-Bee-Cave-TX/Maintenance-Technician---Estates-at-Bee-Cave_R0200580
Greystar,Maintenance Technician - Fiori Apartments,"Fiori Apartments, Naples, FL",https://greystar.wd1.myworkdayjobs.com/External/job/Fiori-Apartments-Naples-FL/Maintenance-Technician---Fiori-Apartments_R0202049-1,live,,2026-09-24,0,ops,workday,Multifamily Property Manager,South Carolina,A,workday:greystar:/job/Fiori-Apartments-Naples-FL/Maintenance-Technician---Fiori-Apartments_R0202049-1
Greystar,Maintenance Technician - Fitzroy,"Fitzroy, Arlington, VA",https://greystar.wd1.myworkdayjobs.com/External/job/Fitzroy-Arlington-VA/Maintenance-Technician---Fitzroy_R0201316,blocked,,2026-09-24,0,ops,workday,Multifamily Property Manager,South Carolina,A,workday:greystar:/job/Fitzroy-Arlington-VA/Maintenance-Technician---Fitzroy_R0201316
Greystar,Maintenance Technician - Folio,"Folio, Austin, TX",https://greystar.wd1.myworkdayjobs.com/External/job/Folio-Austin-TX/Maintenance-Technician---Folio_R0198922-1,blocked,,2026-09-24,0,ops,workday,Multifamily Property Manager,South Carolina,A,workday:greystar:/job/Folio-Austin-TX/Maintenance-Technician---Folio_R0198922-1
Greystar,Maintenance Technician - Fourth Street East,"Fourth Street East, Oakland, CA",https://greystar.wd1.myworkdayjobs.com/External/job/Fourth-Street-East-Oakland-CA/Maintenance-Technician---Fourth-Street-East_R0201746,live,,2026-09-24,0,ops,workday,Multifamily Property Manager,South Carolina,A,workday:greystar:/job/Fourth-Street-East-Oakland-CA/Maintenance-Technician---Fourth-Street-East_R0201746
Greystar,Maintenance Technician - Gossett on Church,"Gossett on Church, Nashville, TN",https://greystar.wd1.myworkdayjobs.com/External/job/Gossett-on-Church-Nashville-TN/Maintenance-Technician---Gossett-on-Church_R0202017-1,live,,2026-09-24,0,ops,workday,Multifamily Property Manager,South Carolina,A,workday:greystar:/job/Gossett-on-Church-Nashville-TN/Maintenance-Technician---Gossett-on-Church_R0202017-1
Greystar,Maintenance Technician - Greenwich Place,"Greenwich Place, Owings Mills, MD",https://greystar.wd1.myworkdayjobs.com/External/job/Greenwich-Place-Owings-Mills-MD/Maintenance-Technician---Greenwich-Place_R0200714,blocked,,2026-09-24,0,ops,workday,Multifamily Property Manager,South Carolina,A,workday:greystar:/job/Greenwich-Place-Owings-Mills-MD/Maintenance-Technician---Greenwich-Place_R0200714
Greystar,Maintenance Technician - Hammock Park,"Hammock Park, Naples, FL",https://greystar.wd1.myworkdayjobs.com/External/job/Hammock-Park-Naples-FL/Maintenance-Technician---Hammock-Park_R0201487,blocked,,2026-09-24,0,ops,workday,Multifamily Property Manager,South Carolina,A,workday:greystar:/job/Hammock-Park-Naples-FL/Maintenance-Technician---Hammock-Park_R0201487
Greystar,Maintenance Technician - Harbor Park,"Harbor Park, Vallejo, CA",https://greystar.wd1.myworkdayjobs.com/External/job/Harbor-Park-Vallejo-CA/Maintenance-Technician---Harbor-Park_R0196223,blocked,,2026-09-24,0,ops,workday,Multifamily Property Manager,South Carolina,A,workday:greystar:/job/Harbor-Park-Vallejo-CA/Maintenance-Technician---Harbor-Park_R0196223
Greystar,Maintenance Technician - Hardware Village,"Hardware Village, Salt Lake City, UT",https://greystar.wd1.myworkdayjobs.com/External/job/Hardware-Village-Salt-Lake-City-UT/Maintenance-Technician---Hardware-Village_R0201595,live,,2026-09-24,0,ops,workday,Multifamily Property Manager,South Carolina,A,workday:greystar:/job/Hardware-Village-Salt-Lake-City-UT/Maintenance-Technician---Hardware-Village_R0201595
Greystar,Maintenance Technician - Harmon Foxbank,"Harmon Foxbank, Moncks Corner, SC",https://greystar.wd1.myworkdayjobs.com/External/job/Harmon-Foxbank-Moncks-Corner-SC/Maintenance-Technician---Harmon-Foxbank_R0199354,blocked,,2026-09-24,0,ops,workday,Multifamily Property Manager,South Carolina,A,workday:greystar:/job/Harmon-Foxbank-Moncks-Corner-SC/Maintenance-Technician---Harmon-Foxbank_R0199354
Greystar,Maintenance Technician - Haven at Mission Trace,"Haven at Mission Trace, Richmond, TX",https://greystar.wd1.myworkdayjobs.com/External/job/Haven-at-Mission-Trace-Richmond-TX/Maintenance-Technician---Haven-at-Mission-Trace_R0197115,blocked,,2026-09-24,0,ops,workday,Multifamily Property Manager,South Carolina,A,workday:greystar:/job/Haven-at-Mission-Trace-Richmond-TX/Maintenance-Technician---Haven-at-Mission-Trace_R0197115
Greystar,Maintenance Technician - Haven on Long Grove,"Haven on Long Grove, Aurora, IL",https://greystar.wd1.myworkdayjobs.com/External/job/Haven-on-Long-Grove-Aurora-IL/Maintenance-Technician---Haven-on-Long-Grove_R0198127,blocked,,2026-09-24,0,ops,workday,Multifamily Property Manager,South Carolina,A,workday:greystar:/job/Haven-on-Long-Grove-Aurora-IL/Maintenance-Technician---Haven-on-Long-Grove_R0198127
Greystar,Maintenance Technician - Headwaters at Autumn Hall,"Headwaters at Autumn Hall, Wilmington, NC",https://greystar.wd1.myworkdayjobs.com/External/job/Headwaters-at-Autumn-Hall-Wilmington-NC/Maintenance-Technician---Headwaters-at-Autumn-Hall_R0201395,blocked,,2026-09-24,0,ops,workday,Multifamily Property Manager,South Carolina,A,workday:greystar:/job/Headwaters-at-Autumn-Hall-Wilmington-NC/Maintenance-Technician---Headwaters-at-Autumn-Hall_R0201395
Greystar,Maintenance Technician - Heartline,"Heartline, Portland, OR",https://greystar.wd1.myworkdayjobs.com/External/job/Heartline-Portland-OR/Maintenance-Technician---Heartline_R0194018-1,blocked,,2026-09-24,0,ops,workday,Multifamily Property Manager,South Carolina,A,workday:greystar:/job/Heartline-Portland-OR/Maintenance-Technician---Heartline_R0194018-1
Greystar,Maintenance Technician - Hoboken Point,"Hoboken Point, Weehawken, NJ",https://greystar.wd1.myworkdayjobs.com/External/job/Hoboken-Point-Weehawken-NJ/Maintenance-Technician---Hoboken-Point_R0194084,blocked,,2026-09-24,0,ops,workday,Multifamily Property Manager,South Carolina,A,workday:greystar:/job/Hoboken-Point-Weehawken-NJ/Maintenance-Technician---Hoboken-Point_R0194084
Greystar,Maintenance Technician - Hominy at RiverBlue,"Hominy at RiverBlue, Asheville, NC",https://greystar.wd1.myworkdayjobs.com/External/job/Hominy-at-RiverBlue-Asheville-NC/Maintenance-Technician---Hominy-at-RiverBlue_R0198892-1,blocked,,2026-09-24,0,ops,workday,Multifamily Property Manager,South Carolina,A,workday:greystar:/job/Hominy-at-RiverBlue-Asheville-NC/Maintenance-Technician---Hominy-at-RiverBlue_R0198892-1
Greystar,Maintenance Technician - Hudson Lights,"Hudson Lights, Fort Lee, NJ",https://greystar.wd1.myworkdayjobs.com/External/job/Hudson-Lights-Fort-Lee-NJ/Maintenance-Technician---Hudson-Lights_R0201225,blocked,,2026-09-24,0,ops,workday,Multifamily Property Manager,South Carolina,A,workday:greystar:/job/Hudson-Lights-Fort-Lee-NJ/Maintenance-Technician---Hudson-Lights_R0201225
Greystar,Maintenance Technician - Huntington Park,"Huntington Park, Everett, WA",https://greystar.wd1.myworkdayjobs.com/External/job/Huntington-Park-Everett-WA/Maintenance-Technician---Huntington-Park_R0196787,blocked,,2026-09-24,0,ops,workday,Multifamily Property Manager,South Carolina,A,workday:greystar:/job/Huntington-Park-Everett-WA/Maintenance-Technician---Huntington-Park_R0196787
Greystar,Maintenance Technician - ICON,"Icon Riverwalk, Plainsboro, NJ",https://greystar.wd1.myworkdayjobs.com/External/job/Icon-Riverwalk-Plainsboro-NJ/Maintenance-Technician---ICON_R0200695,blocked,,2026-09-24,0,ops,workday,Multifamily Property Manager,South Carolina,A,workday:greystar:/job/Icon-Riverwalk-Plainsboro-NJ/Maintenance-Technician---ICON_R0200695
Greystar,Maintenance Technician - INOVA,"Inova, Reno, NV",https://greystar.wd1.myworkdayjobs.com/External/job/Inova-Reno-NV/Maintenance-Technician---INOVA_R0191143,blocked,,2026-09-24,0,ops,workday,Multifamily Property Manager,South Carolina,A,workday:greystar:/job/Inova-Reno-NV/Maintenance-Technician---INOVA_R0191143
Greystar,Maintenance Technician - Icon Apartments,"Icon Apartments, Killeen, TX",https://greystar.wd1.myworkdayjobs.com/External/job/Icon-Apartments-Killeen-TX/Maintenance-Technician---Icon-Apartments_R0198813,blocked,,2026-09-24,0,ops,workday,Multifamily Property Manager,South Carolina,A,workday:greystar:/job/Icon-Apartments-Killeen-TX/Maintenance-Technician---Icon-Apartments_R0198813
Greystar,Maintenance Technician - Indigo 19,"Indigo 19, Virginia Beach, VA",https://greystar.wd1.myworkdayjobs.com/External/job/Indigo-19-Virginia-Beach-VA/Maintenance-Technician---Indigo-19_R0200255-1,blocked,,2026-09-24,0,ops,workday,Multifamily Property Manager,South Carolina,A,workday:greystar:/job/Indigo-19-Virginia-Beach-VA/Maintenance-Technician---Indigo-19_R0200255-1
Greystar,"Maintenance Technician - Indigo 19 (Virginia Beach, VA)","Remote Virginia, Remote Virginia, VA",https://greystar.wd1.myworkdayjobs.com/External/job/Remote-Virginia-Remote-Virginia-VA/Maintenance-Technician---Indigo-19--Virginia-Beach--VA-_R0194512,blocked,,2026-09-24,0,ops,workday,Multifamily Property Manager,South Carolina,A,workday:greystar:/job/Remote-Virginia-Remote-Virginia-VA/Maintenance-Technician---Indigo-19--Virginia-Beach--VA-_R0194512
Greystar,Maintenance Technician - Irwin Park,"Irwin Park, Kent, WA",https://greystar.wd1.myworkdayjobs.com/External/job/Irwin-Park-Kent-WA/Maintenance-Technician---Irwin-Park_R0199258-2,blocked,,2026-09-24,0,ops,workday,Multifamily Property Manager,South Carolina,A,workday:greystar:/job/Irwin-Park-Kent-WA/Maintenance-Technician---Irwin-Park_R0199258-2
Greystar,Maintenance Technician - Island Square,"Island Square, Mercer Island, WA",https://greystar.wd1.myworkdayjobs.com/External/job/Island-Square-Mercer-Island-WA/Maintenance-Technician---Island-Square_R0201046,blocked,,2026-09-24,0,ops,workday,Multifamily Property Manager,South Carolina,A,workday:greystar:/job/Island-Square-Mercer-Island-WA/Maintenance-Technician---Island-Square_R0201046
Greystar,Maintenance Technician - Jackson School Village,"Jackson School Village, Hillsboro, OR",https://greystar.wd1.myworkdayjobs.com/External/job/Jackson-School-Village-Hillsboro-OR/Maintenance-Technician---Jackson-School-Village_R0200927-1,blocked,,2026-09-24,0,ops,workday,Multifamily Property Manager,South Carolina,A,workday:greystar:/job/Jackson-School-Village-Hillsboro-OR/Maintenance-Technician---Jackson-School-Village_R0200927-1
Greystar,Maintenance Technician - Jasper,"Jasper (CA), San Francisco, CA",https://greystar.wd1.myworkdayjobs.com/External/job/Jasper-CA-San-Francisco-CA/Maintenance-Technician---Jasper_R0201162,blocked,,2026-09-24,0,ops,workday,Multifamily Property Manager,South Carolina,A,workday:greystar:/job/Jasper-CA-San-Francisco-CA/Maintenance-Technician---Jasper_R0201162
Greystar,Maintenance Technician - Jasper Columbia Pike,"Jasper Columbia Pike, Arlington, VA",https://greystar.wd1.myworkdayjobs.com/External/job/Jasper-Columbia-Pike-Arlington-VA/Maintenance-Technician---Jasper-Columbia-Pike_R0195105,blocked,,2026-09-24,0,ops,workday,Multifamily Property Manager,South Carolina,A,workday:greystar:/job/Jasper-Columbia-Pike-Arlington-VA/Maintenance-Technician---Jasper-Columbia-Pike_R0195105
Greystar,Maintenance Technician - Jefferson at Dedham Station,"Jefferson at Dedham Station, Dedham, MA",https://greystar.wd1.myworkdayjobs.com/External/job/Jefferson-at-Dedham-Station-Dedham-MA/Maintenance-Technician---Jefferson-at-Dedham-Station_R0195277,blocked,,2026-09-24,0,ops,workday,Multifamily Property Manager,South Carolina,A,workday:greystar:/job/Jefferson-at-Dedham-Station-Dedham-MA/Maintenance-Technician---Jefferson-at-Dedham-Station_R0195277
Greystar,Maintenance Technician - Kapilina Beach Homes,"Kapilina Beach Homes, Ewa Beach, HI",https://greystar.wd1.myworkdayjobs.com/External/job/Kapilina-Beach-Homes-Ewa-Beach-HI/Maintenance-Technician---Kapilina-Beach-Homes_R0200022,blocked,,2026-09-24,0,ops,workday,Multifamily Property Manager,South Carolina,A,workday:greystar:/job/Kapilina-Beach-Homes-Ewa-Beach-HI/Maintenance-Technician---Kapilina-Beach-Homes_R0200022
Greystar,Maintenance Technician - Kendry Addition,"Kendry, Montclair, CA",https://greystar.wd1.myworkdayjobs.com/External/job/Kendry-Montclair-CA/Maintenance-Technician---Kendry-Addition_R0198654,live,,2026-09-24,0,ops,workday,Multifamily Property Manager,South Carolina,A,workday:greystar:/job/Kendry-Montclair-CA/Maintenance-Technician---Kendry-Addition_R0198654
Greystar,Maintenance Technician - Kurve,"Kurve, Los Angeles, CA",https://greystar.wd1.myworkdayjobs.com/External/job/Kurve-Los-Angeles-CA/Maintenance-Technician---Kurve_R0190684,blocked,,2026-09-24,0,ops,workday,Multifamily Property Manager,South Carolina,A,workday:greystar:/job/Kurve-Los-Angeles-CA/Maintenance-Technician---Kurve_R0190684
Greystar,Maintenance Technician - La Maison River Oaks,"La Maison River Oaks, Houston, TX",https://greystar.wd1.myworkdayjobs.com/External/job/La-Maison-River-Oaks-Houston-TX/Maintenance-Technician---La-Maison-River-Oaks_R0199262,blocked,,2026-09-24,0,ops,workday,Multifamily Property Manager,South Carolina,A,workday:greystar:/job/La-Maison-River-Oaks-Houston-TX/Maintenance-Technician---La-Maison-River-Oaks_R0199262
Greystar,Maintenance Technician - La Morada at Weston,"La Morada at Weston, Weston, FL",https://greystar.wd1.myworkdayjobs.com/External/job/La-Morada-at-Weston-Weston-FL/Maintenance-Technician---La-Morada-at-Weston_R0201224,blocked,,2026-09-24,0,ops,workday,Multifamily Property Manager,South Carolina,A,workday:greystar:/job/La-Morada-at-Weston-Weston-FL/Maintenance-Technician---La-Morada-at-Weston_R0201224
Greystar,Maintenance Technician - La Terraza,"La Terraza, San Jose, CA",https://greystar.wd1.myworkdayjobs.com/External/job/La-Terraza-San-Jose-CA/Maintenance-Technician---La-Terraza_R0198832,blocked,,2026-09-24,0,ops,workday,Multifamily Property Manager,South Carolina,A,workday:greystar:/job/La-Terraza-San-Jose-CA/Maintenance-Technician---La-Terraza_R0198832
Greystar,Maintenance Technician - La Vista,"La Vista, Santa Maria, CA",https://greystar.wd1.myworkdayjobs.com/External/job/La-Vista-Santa-Maria-CA/Maintenance-Technician---La-Vista_R0200582,blocked,,2026-09-24,0,ops,workday,Multifamily Property Manager,South Carolina,A,workday:greystar:/job/La-Vista-Santa-Maria-CA/Maintenance-Technician---La-Vista_R0200582
Greystar,Maintenance Technician - La Vue at Emerald Pointe,"La Vue at Emerald Pointe, Hollywood, FL",https://greystar.wd1.myworkdayjobs.com/External/job/La-Vue-at-Emerald-Pointe-Hollywood-FL/Maintenance-Technician---La-Vue-at-Emerald-Pointe_R0198192,blocked,,2026-09-24,0,ops,workday,Multifamily Property Manager,South Carolina,A,workday:greystar:/job/La-Vue-at-Emerald-Pointe-Hollywood-FL/Maintenance-Technician---La-Vue-at-Emerald-Pointe_R0198192
Greystar,Maintenance Technician - Lakeshore Pearl,"Lakeshore Pearl, Austin, TX",https://greystar.wd1.myworkdayjobs.com/External/job/Lakeshore-Pearl-Austin-TX/Maintenance-Technician---Lakeshore-Pearl_R0199361,blocked,,2026-09-24,0,ops,workday,Multifamily Property Manager,South Carolina,A,workday:greystar:/job/Lakeshore-Pearl-Austin-TX/Maintenance-Technician---Lakeshore-Pearl_R0199361
Greystar,"Maintenance Technician - Lansdale, PA","Pennbrook Station, Lansdale, PA",https://greystar.wd1.myworkdayjobs.com/External/job/Pennbrook-Station-Lansdale-PA/Maintenance-Technician---Lansdale--PA_R0201759,live,,2026-09-24,0,ops,workday,Multifamily Property Manager,South Carolina,A,workday:greystar:/job/Pennbrook-Station-Lansdale-PA/Maintenance-Technician---Lansdale--PA_R0201759
Greystar,Maintenance Technician - Lantower Round Rock,"Lantower Round Rock, Round Rock, TX",https://greystar.wd1.myworkdayjobs.com/External/job/Lantower-Round-Rock-Round-Rock-TX/Maintenance-Technician---Lantower-Round-Rock_R0201008,blocked,,2026-09-24,0,ops,workday,Multifamily Property Manager,South Carolina,A,workday:greystar:/job/Lantower-Round-Rock-Round-Rock-TX/Maintenance-Technician---Lantower-Round-Rock_R0201008
Greystar,Maintenance Technician - Lantower Sunrise,"Lantower Sunrise, Kissimmee, FL",https://greystar.wd1.myworkdayjobs.com/External/job/Lantower-Sunrise-Kissimmee-FL/Maintenance-Technician---Lantower-Sunrise_R0197329,blocked,,2026-09-24,0,ops,workday,Multifamily Property Manager,South Carolina,A,workday:greystar:/job/Lantower-Sunrise-Kissimmee-FL/Maintenance-Technician---Lantower-Sunrise_R0197329
Greystar,Maintenance Technician - Las Brisas,"Las Brisas (CA), Santa Maria, CA",https://greystar.wd1.myworkdayjobs.com/External/job/Las-Brisas-CA-Santa-Maria-CA/Maintenance-Technician---Las-Brisas_R0197971-1,blocked,,2026-09-24,0,ops,workday,Multifamily Property Manager,South Carolina,A,workday:greystar:/job/Las-Brisas-CA-Santa-Maria-CA/Maintenance-Technician---Las-Brisas_R0197971-1
Greystar,Maintenance Technician - Las Palmas,"Las Palmas (FL), Altamonte Springs, FL",https://greystar.wd1.myworkdayjobs.com/External/job/Las-Palmas-FL-Altamonte-Springs-FL/Maintenance-Technician---Las-Palmas_R0201006,live,,2026-09-24,0,ops,workday,Multifamily Property Manager,South Carolina,A,workday:greystar:/job/Las-Palmas-FL-Altamonte-Springs-FL/Maintenance-Technician---Las-Palmas_R0201006
Greystar,Maintenance Technician - Las Palmas,"Las Palmas (FL), Altamonte Springs, FL",https://greystar.wd1.myworkdayjobs.com/External/job/Las-Palmas-FL-Altamonte-Springs-FL/Maintenance-Technician---Las-Palmas_R0197762,blocked,,2026-09-24,0,ops,workday,Multifamily Property Manager,South Carolina,A,workday:greystar:/job/Las-Palmas-FL-Altamonte-Springs-FL/Maintenance-Technician---Las-Palmas_R0197762
Greystar,Maintenance Technician - Latitude33,"Latitude33, Escondido, CA",https://greystar.wd1.myworkdayjobs.com/External/job/Latitude33-Escondido-CA/Maintenance-Technician---Latitude33_R0194677,blocked,,2026-09-24,0,ops,workday,Multifamily Property Manager,South Carolina,A,workday:greystar:/job/Latitude33-Escondido-CA/Maintenance-Technician---Latitude33_R0194677
Greystar,Maintenance Technician - Launch,"Launch, Alameda, CA",https://greystar.wd1.myworkdayjobs.com/External/job/Launch-Alameda-CA/Maintenance-Technician---Launch_R0201165,blocked,,2026-09-24,0,ops,workday,Multifamily Property Manager,South Carolina,A,workday:greystar:/job/Launch-Alameda-CA/Maintenance-Technician---Launch_R0201165
Greystar,"Maintenance Technician - Laurel, A Collective","Laurel, A Collective, Charleston, SC",https://greystar.wd1.myworkdayjobs.com/External/job/Laurel-A-Collective-Charleston-SC/Maintenance-Technician---Laurel--A-Collective_R0194528,blocked,,2026-09-24,0,ops,workday,Multifamily Property Manager,South Carolina,A,workday:greystar:/job/Laurel-A-Collective-Charleston-SC/Maintenance-Technician---Laurel--A-Collective_R0194528
Greystar,Maintenance Technician - Loretto Heights,"Loretto Heights, Denver, CO",https://greystar.wd1.myworkdayjobs.com/External/job/Loretto-Heights-Denver-CO/Maintenance-Technician---Loretto-Heights_R0200628,blocked,,2026-09-24,0,ops,workday,Multifamily Property Manager,South Carolina,A,workday:greystar:/job/Loretto-Heights-Denver-CO/Maintenance-Technician---Loretto-Heights_R0200628
Greystar,Maintenance Technician - Luna Pointe,"Luna Pointe, Hampton, VA",https://greystar.wd1.myworkdayjobs.com/External/job/Luna-Pointe-Hampton-VA/Maintenance-Technician---Luna-Pointe_R0202050,live,,2026-09-24,0,ops,workday,Multifamily Property Manager,South Carolina,A,workday:greystar:/job/Luna-Pointe-Hampton-VA/Maintenance-Technician---Luna-Pointe_R0202050
Greystar,Maintenance Technician - M South,"M South, Tampa, FL",https://greystar.wd1.myworkdayjobs.com/External/job/M-South-Tampa-FL/Maintenance-Technician---M-South_R0200109-1,blocked,,2026-09-24,0,ops,workday,Multifamily Property Manager,South Carolina,A,workday:greystar:/job/M-South-Tampa-FL/Maintenance-Technician---M-South_R0200109-1
Greystar,Maintenance Technician - Marchon,"Marchon, Atlanta, GA",https://greystar.wd1.myworkdayjobs.com/External/job/Marchon-Atlanta-GA/Maintenance-Technician---Marchon_R0201688,live,,2026-09-24,0,ops,workday,Multifamily Property Manager,South Carolina,A,workday:greystar:/job/Marchon-Atlanta-GA/Maintenance-Technician---Marchon_R0201688
Greystar,Maintenance Technician - Maris,"Maris, Annapolis, MD",https://greystar.wd1.myworkdayjobs.com/External/job/Maris-Annapolis-MD/Maintenance-Technician---Maris_R0191535,blocked,,2026-09-24,0,ops,workday,Multifamily Property Manager,South Carolina,A,workday:greystar:/job/Maris-Annapolis-MD/Maintenance-Technician---Maris_R0191535
Greystar,Maintenance Technician - Marlow,"Marlow, Columbia, MD",https://greystar.wd1.myworkdayjobs.com/External/job/Marlow-Columbia-MD/Maintenance-Technician---Marlow_R0201020,blocked,,2026-09-24,0,ops,workday,Multifamily Property Manager,South Carolina,A,workday:greystar:/job/Marlow-Columbia-MD/Maintenance-Technician---Marlow_R0201020
Greystar,Maintenance Technician - Marlowe Lake Manatee,"Marlowe Lake Manatee, Bradenton, FL",https://greystar.wd1.myworkdayjobs.com/External/job/Marlowe-Lake-Manatee-Bradenton-FL/Maintenance-Technician---Marlowe-Lake-Manatee_R0200246-1,blocked,,2026-09-24,0,ops,workday,Multifamily Property Manager,South Carolina,A,workday:greystar:/job/Marlowe-Lake-Manatee-Bradenton-FL/Maintenance-Technician---Marlowe-Lake-Manatee_R0200246-1
Greystar,Maintenance Technician - Marlowe Sand Canyon,"Marlowe Sand Canyon, Santa Clarita, CA",https://greystar.wd1.myworkdayjobs.com/External/job/Marlowe-Sand-Canyon-Santa-Clarita-CA/Maintenance-Technician---Marlowe-Sand-Canyon_R0197829,blocked,,2026-09-24,0,ops,workday,Multifamily Property Manager,South Carolina,A,workday:greystar:/job/Marlowe-Sand-Canyon-Santa-Clarita-CA/Maintenance-Technician---Marlowe-Sand-Canyon_R0197829
Greystar,Maintenance Technician - Marlowe South Tampa,"Marlowe South Tampa, Tampa, FL",https://greystar.wd1.myworkdayjobs.com/External/job/Marlowe-South-Tampa-Tampa-FL/Maintenance-Technician---Marlowe-South-Tampa_R0201063,blocked,,2026-09-24,0,ops,workday,Multifamily Property Manager,South Carolina,A,workday:greystar:/job/Marlowe-South-Tampa-Tampa-FL/Maintenance-Technician---Marlowe-South-Tampa_R0201063
Greystar,Maintenance Technician - Marlowe Summerville,"Marlowe Summerville, Summerville, SC",https://greystar.wd1.myworkdayjobs.com/External/job/Marlowe-Summerville-Summerville-SC/Maintenance-Technician---Marlowe-Summerville_R0200366,blocked,,2026-09-24,0,ops,workday,Multifamily Property Manager,South Carolina,A,workday:greystar:/job/Marlowe-Summerville-Summerville-SC/Maintenance-Technician---Marlowe-Summerville_R0200366
Greystar,Maintenance Technician - Marlowe Summerville,"Marlowe Summerville, Summerville, SC",https://greystar.wd1.myworkdayjobs.com/External/job/Marlowe-Summerville-Summerville-SC/Maintenance-Technician---Marlowe-Summerville_R0199805,blocked,,2026-09-24,0,ops,workday,Multifamily Property Manager,South Carolina,A,workday:greystar:/job/Marlowe-Summerville-Summerville-SC/Maintenance-Technician---Marlowe-Summerville_R0199805
Greystar,Maintenance Technician - Marlowe Wellington,"Marlowe Wellington, Fort Worth, TX",https://greystar.wd1.myworkdayjobs.com/External/job/Marlowe-Wellington-Fort-Worth-TX/Maintenance-Technician---Marlowe-Wellington_R0194160,blocked,,2026-09-24,0,ops,workday,Multifamily Property Manager,South Carolina,A,workday:greystar:/job/Marlowe-Wellington-Fort-Worth-TX/Maintenance-Technician---Marlowe-Wellington_R0194160
Greystar,Maintenance Technician - Mason,"Mason (MA), Everett, MA",https://greystar.wd1.myworkdayjobs.com/External/job/Mason-MA-Everett-MA/Maintenance-Technician---Mason_R0196384,blocked,,2026-09-24,0,ops,workday,Multifamily Property Manager,South Carolina,A,workday:greystar:/job/Mason-MA-Everett-MA/Maintenance-Technician---Mason_R0196384
Greystar,Maintenance Technician - Matheson Mill by Broadstone,"Matheson Mill by Broadstone, Charlotte, NC",https://greystar.wd1.myworkdayjobs.com/External/job/Matheson-Mill-by-Broadstone-Charlotte-NC/Maintenance-Technician---Matheson-Mill-by-Broadstone_R0201744,live,,2026-09-24,0,ops,workday,Multifamily Property Manager,South Carolina,A,workday:greystar:/job/Matheson-Mill-by-Broadstone-Charlotte-NC/Maintenance-Technician---Matheson-Mill-by-Broadstone_R0201744
Greystar,Maintenance Technician - Maxwell at Bascom,"Maxwell at Bascom, San Jose, CA",https://greystar.wd1.myworkdayjobs.com/External/job/Maxwell-at-Bascom-San-Jose-CA/Maintenance-Technician---Maxwell-at-Bascom_R0197902,blocked,,2026-09-24,0,ops,workday,Multifamily Property Manager,South Carolina,A,workday:greystar:/job/Maxwell-at-Bascom-San-Jose-CA/Maintenance-Technician---Maxwell-at-Bascom_R0197902
Greystar,Maintenance Technician - Meeting Street Lofts,"Meeting Street Lofts, Charleston, SC",https://greystar.wd1.myworkdayjobs.com/External/job/Meeting-Street-Lofts-Charleston-SC/Maintenance-Technician---Meeting-Street-Lofts_R0200144-1,blocked,,2026-09-24,0,ops,workday,Multifamily Property Manager,South Carolina,A,workday:greystar:/job/Meeting-Street-Lofts-Charleston-SC/Maintenance-Technician---Meeting-Street-Lofts_R0200144-1
Greystar,Maintenance Technician - Metro at Fireclay,"Metro at Fireclay, Murray, UT",https://greystar.wd1.myworkdayjobs.com/External/job/Metro-at-Fireclay-Murray-UT/Maintenance-Technician---Metro-at-Fireclay_R0201797,live,,2026-09-24,0,ops,workday,Multifamily Property Manager,South Carolina,A,workday:greystar:/job/Metro-at-Fireclay-Murray-UT/Maintenance-Technician---Metro-at-Fireclay_R0201797
Greystar,Maintenance Technician - Midtown 5,"Midtown 5, Miami, FL",https://greystar.wd1.myworkdayjobs.com/External/job/Midtown-5-Miami-FL/Maintenance-Technician---Midtown-5_R0200619,blocked,,2026-09-24,0,ops,workday,Multifamily Property Manager,South Carolina,A,workday:greystar:/job/Midtown-5-Miami-FL/Maintenance-Technician---Midtown-5_R0200619
Greystar,Maintenance Technician - Millhaus,"Millhaus, Salt Lake City, UT",https://greystar.wd1.myworkdayjobs.com/External/job/Millhaus-Salt-Lake-City-UT/Maintenance-Technician---Millhaus_R0197688,blocked,,2026-09-24,0,ops,workday,Multifamily Property Manager,South Carolina,A,workday:greystar:/job/Millhaus-Salt-Lake-City-UT/Maintenance-Technician---Millhaus_R0197688
Greystar,Maintenance Technician - Montessa Heights,"Montessa Heights, Murrieta, CA",https://greystar.wd1.myworkdayjobs.com/External/job/Montessa-Heights-Murrieta-CA/Maintenance-Technician---Montessa-Heights_R0196573,blocked,,2026-09-24,0,ops,workday,Multifamily Property Manager,South Carolina,A,workday:greystar:/job/Montessa-Heights-Murrieta-CA/Maintenance-Technician---Montessa-Heights_R0196573
Greystar,Maintenance Technician - Montiavo Townhomes,"Montiavo, Santa Maria, CA",https://greystar.wd1.myworkdayjobs.com/External/job/Montiavo-Santa-Maria-CA/Maintenance-Technician---Montiavo-Townhomes_R0197001,blocked,,2026-09-24,0,ops,workday,Multifamily Property Manager,South Carolina,A,workday:greystar:/job/Montiavo-Santa-Maria-CA/Maintenance-Technician---Montiavo-Townhomes_R0197001
Greystar,Maintenance Technician - Multisite - Ayra at Hedges Creek/ Arbor Heights,2 Locations,https://greystar.wd1.myworkdayjobs.com/External/job/Arya-at-Hedges-Creek-Tualatin-OR/Maintenance-Technician---Multisite---Ayra-at-Hedges-Creek--Arbor-Heights_R0199724,blocked,,2026-09-24,0,ops,workday,Multifamily Property Manager,South Carolina,A,workday:greystar:/job/Arya-at-Hedges-Creek-Tualatin-OR/Maintenance-Technician---Multisite---Ayra-at-Hedges-Creek--Arbor-Heights_R0199724
Greystar,Maintenance Technician - Next on Lex/Brio,"Next on Lex, Glendale, CA",https://greystar.wd1.myworkdayjobs.com/External/job/Next-on-Lex-Glendale-CA/Maintenance-Technician---Next-on-Lex-Brio_R0201186,live,,2026-09-24,0,ops,workday,Multifamily Property Manager,South Carolina,A,workday:greystar:/job/Next-on-Lex-Glendale-CA/Maintenance-Technician---Next-on-Lex-Brio_R0201186
Greystar,Maintenance Technician - North Bethany Ridge,"North Bethany Ridge, Portland, OR",https://greystar.wd1.myworkdayjobs.com/External/job/North-Bethany-Ridge-Portland-OR/Maintenance-Technician---North-Bethany-Ridge_R0200666,blocked,,2026-09-24,0,ops,workday,Multifamily Property Manager,South Carolina,A,workday:greystar:/job/North-Bethany-Ridge-Portland-OR/Maintenance-Technician---North-Bethany-Ridge_R0200666
Greystar,Maintenance Technician - North Oaks Landing,"North Oaks Landing, Raleigh, NC",https://greystar.wd1.myworkdayjobs.com/External/job/North-Oaks-Landing-Raleigh-NC/Maintenance-Technician---North-Oaks-Landing_R0199312,blocked,,2026-09-24,0,ops,workday,Multifamily Property Manager,South Carolina,A,workday:greystar:/job/North-Oaks-Landing-Raleigh-NC/Maintenance-Technician---North-Oaks-Landing_R0199312
Greystar,Maintenance Technician - Northhaven,"Northhaven, Sanford, FL",https://greystar.wd1.myworkdayjobs.com/External/job/Northhaven-Sanford-FL/Maintenance-Technician---Northhaven_R0197653,blocked,,2026-09-24,0,ops,workday,Multifamily Property Manager,South Carolina,A,workday:greystar:/job/Northhaven-Sanford-FL/Maintenance-Technician---Northhaven_R0197653
Greystar,Maintenance Technician - Northshore,"Northshore, Austin, TX",https://greystar.wd1.myworkdayjobs.com/External/job/Northshore-Austin-TX/Maintenance-Technician---Northshore_R0200672,blocked,,2026-09-24,0,ops,workday,Multifamily Property Manager,South Carolina,A,workday:greystar:/job/Northshore-Austin-TX/Maintenance-Technician---Northshore_R0200672
Greystar,Maintenance Technician - Onyx,"Onyx (WA), Redmond, WA",https://greystar.wd1.myworkdayjobs.com/External/job/Onyx-WA-Redmond-WA/Maintenance-Technician---Onyx_R0200665,blocked,,2026-09-24,0,ops,workday,Multifamily Property Manager,South Carolina,A,workday:greystar:/job/Onyx-WA-Redmond-WA/Maintenance-Technician---Onyx_R0200665
Greystar,Maintenance Technician - Onyx 183,"Onyx 183, Austin, TX",https://greystar.wd1.myworkdayjobs.com/External/job/Onyx-183-Austin-TX/Maintenance-Technician--Onyx-183_R0198275,blocked,,2026-09-24,0,ops,workday,Multifamily Property Manager,South Carolina,A,workday:greystar:/job/Onyx-183-Austin-TX/Maintenance-Technician--Onyx-183_R0198275
Greystar,Maintenance Technician - Opus,"Opus LA, Los Angeles, CA",https://greystar.wd1.myworkdayjobs.com/External/job/Opus-LA-Los-Angeles-CA/Maintenance-Technician---Opus_R0198579-1,blocked,,2026-09-24,0,ops,workday,Multifamily Property Manager,South Carolina,A,workday:greystar:/job/Opus-LA-Los-Angeles-CA/Maintenance-Technician---Opus_R0198579-1
Greystar,Maintenance Technician - Overture RSM,"Overture Rancho Santa Margarita, Rancho Santa Margarita, CA",https://greystar.wd1.myworkdayjobs.com/External/job/Overture-Rancho-Santa-Margarita-Rancho-Santa-Margarita-CA/Maintenance-Technician---Overture-RSM_R0196364-1,blocked,,2026-09-24,0,ops,workday,Multifamily Property Manager,South Carolina,A,workday:greystar:/job/Overture-Rancho-Santa-Margarita-Rancho-Santa-Margarita-CA/Maintenance-Technician---Overture-RSM_R0196364-1
Greystar,Maintenance Technician - Palomino Park Red Canyon,"Red Canyon - Palomino Park, Highlands Ranch, CO",https://greystar.wd1.myworkdayjobs.com/External/job/Red-Canyon---Palomino-Park-Highlands-Ranch-CO/Maintenance-Technician---Palomino-Park-Red-Canyon_R0202115,live,,2026-09-24,0,ops,workday,Multifamily Property Manager,South Carolina,A,workday:greystar:/job/Red-Canyon---Palomino-Park-Highlands-Ranch-CO/Maintenance-Technician---Palomino-Park-Red-Canyon_R0202115
Greystar,Maintenance Technician - Park Crossing,"Park Crossing, Fairfield, CA",https://greystar.wd1.myworkdayjobs.com/External/job/Park-Crossing-Fairfield-CA/Maintenance-Technician---Park-Crossing_R0202002,live,,2026-09-24,0,ops,workday,Multifamily Property Manager,South Carolina,A,workday:greystar:/job/Park-Crossing-Fairfield-CA/Maintenance-Technician---Park-Crossing_R0202002
Greystar,Maintenance Technician - Patrick's Pointe,"Patrick's Pointe, Southern Pines, NC",https://greystar.wd1.myworkdayjobs.com/External/job/Patricks-Pointe-Southern-Pines-NC/Maintenance-Technician---Patrick-s-Pointe_R0201469,blocked,,2026-09-24,0,ops,workday,Multifamily Property Manager,South Carolina,A,workday:greystar:/job/Patricks-Pointe-Southern-Pines-NC/Maintenance-Technician---Patrick-s-Pointe_R0201469
Greystar,Maintenance Technician - Pax Place at Cascades,"Pax Place at Cascades, Sterling, VA",https://greystar.wd1.myworkdayjobs.com/External/job/Pax-Place-at-Cascades-Sterling-VA/Maintenance-Technician---Pax-Place-at-Cascades_R0199204,blocked,,2026-09-24,0,ops,workday,Multifamily Property Manager,South Carolina,A,workday:greystar:/job/Pax-Place-at-Cascades-Sterling-VA/Maintenance-Technician---Pax-Place-at-Cascades_R0199204
Greystar,Maintenance Technician - Peachtree Landing,"Peachtree Landing, Fairburn, GA",https://greystar.wd1.myworkdayjobs.com/External/job/Peachtree-Landing-Fairburn-GA/Maintenance-Technician---Peachtree-Landing_R0199301,blocked,,2026-09-24,0,ops,workday,Multifamily Property Manager,South Carolina,A,workday:greystar:/job/Peachtree-Landing-Fairburn-GA/Maintenance-Technician---Peachtree-Landing_R0199301
Greystar,Maintenance Technician - Perimeter Pointe,"Perimeter Pointe, Charlotte, NC",https://greystar.wd1.myworkdayjobs.com/External/job/Perimeter-Pointe-Charlotte-NC/Maintenance-Technician---Perimeter-Pointe_R0200358,blocked,,2026-09-24,0,ops,workday,Multifamily Property Manager,South Carolina,A,workday:greystar:/job/Perimeter-Pointe-Charlotte-NC/Maintenance-Technician---Perimeter-Pointe_R0200358
Greystar,Maintenance Technician - Petaluma Gardens,"Petaluma Gardens, Petaluma, CA",https://greystar.wd1.myworkdayjobs.com/External/job/Petaluma-Gardens-Petaluma-CA/Maintenance-Technician---Petaluma-Gardens_R0186779,blocked,,2026-09-24,0,ops,workday,Multifamily Property Manager,South Carolina,A,workday:greystar:/job/Petaluma-Gardens-Petaluma-CA/Maintenance-Technician---Petaluma-Gardens_R0186779
Greystar,Maintenance Technician - Piedmont House,"Piedmont House, Atlanta, GA",https://greystar.wd1.myworkdayjobs.com/External/job/Piedmont-House-Atlanta-GA/Maintenance-Technician---Piedmont-House_R0197800,blocked,,2026-09-24,0,ops,workday,Multifamily Property Manager,South Carolina,A,workday:greystar:/job/Piedmont-House-Atlanta-GA/Maintenance-Technician---Piedmont-House_R0197800
Greystar,Maintenance Technician - Pinewood,"Pinewood Estates, Albuquerque, NM",https://greystar.wd1.myworkdayjobs.com/External/job/Pinewood-Estates-Albuquerque-NM/Maintenance-Technician---Pinewood_R0197524,blocked,,2026-09-24,0,ops,workday,Multifamily Property Manager,South Carolina,A,workday:greystar:/job/Pinewood-Estates-Albuquerque-NM/Maintenance-Technician---Pinewood_R0197524
Greystar,Maintenance Technician - Platform,"Platform (TX), Austin, TX",https://greystar.wd1.myworkdayjobs.com/External/job/Platform-TX-Austin-TX/Maintenance-Technician---Platform_R0196109,blocked,,2026-09-24,0,ops,workday,Multifamily Property Manager,South Carolina,A,workday:greystar:/job/Platform-TX-Austin-TX/Maintenance-Technician---Platform_R0196109
Greystar,Maintenance Technician - Prelude at Paramount,"Prelude at Paramount, Meridian, ID",https://greystar.wd1.myworkdayjobs.com/External/job/Prelude-at-Paramount-Meridian-ID/Maintenance-Technician---Prelude-at-Paramount_R0200704,blocked,,2026-09-24,0,ops,workday,Multifamily Property Manager,South Carolina,A,workday:greystar:/job/Prelude-at-Paramount-Meridian-ID/Maintenance-Technician---Prelude-at-Paramount_R0200704
Greystar,Maintenance Technician - Preserve at Westfields,"Preserve at Westfields, Chantilly, VA",https://greystar.wd1.myworkdayjobs.com/External/job/Preserve-at-Westfields-Chantilly-VA/Maintenance-Technician---Preserve-at-Westfields_R0200101,blocked,,2026-09-24,0,ops,workday,Multifamily Property Manager,South Carolina,A,workday:greystar:/job/Preserve-at-Westfields-Chantilly-VA/Maintenance-Technician---Preserve-at-Westfields_R0200101
Greystar,Maintenance Technician - Presidium Regal,"Presidium Regal, Jacksonville, FL",https://greystar.wd1.myworkdayjobs.com/External/job/Presidium-Regal-Jacksonville-FL/Maintenance-Technician---Presidium-Regal_R0200611,blocked,,2026-09-24,0,ops,workday,Multifamily Property Manager,South Carolina,A,workday:greystar:/job/Presidium-Regal-Jacksonville-FL/Maintenance-Technician---Presidium-Regal_R0200611
Greystar,Maintenance Technician - Promenade Towers,"Promenade Towers, Los Angeles, CA",https://greystar.wd1.myworkdayjobs.com/External/job/Promenade-Towers-Los-Angeles-CA/Maintenance-Technician---Promenade-Towers_R0196203,blocked,,2026-09-24,0,ops,workday,Multifamily Property Manager,South Carolina,A,workday:greystar:/job/Promenade-Towers-Los-Angeles-CA/Maintenance-Technician---Promenade-Towers_R0196203
Greystar,Maintenance Technician - Prose Columbus,"Prose Columbus, Columbus, GA",https://greystar.wd1.myworkdayjobs.com/External/job/Prose-Columbus-Columbus-GA/Maintenance-Technician---Prose-Columbus_R0198675,live,,2026-09-24,0,ops,workday,Multifamily Property Manager,South Carolina,A,workday:greystar:/job/Prose-Columbus-Columbus-GA/Maintenance-Technician---Prose-Columbus_R0198675
Greystar,Maintenance Technician - RT 500,"RT 500, Berkeley Heights, NJ",https://greystar.wd1.myworkdayjobs.com/External/job/RT-500-Berkeley-Heights-NJ/Maintenance-Technician---RT-500_R0194660,blocked,,2026-09-24,0,ops,workday,Multifamily Property Manager,South Carolina,A,workday:greystar:/job/RT-500-Berkeley-Heights-NJ/Maintenance-Technician---RT-500_R0194660
Greystar,Maintenance Technician - Reedhouse,"Reedhouse, Boise, ID",https://greystar.wd1.myworkdayjobs.com/External/job/Reedhouse-Boise-ID/Floating-Service-Technician---Reedhouse_R0190357-1,blocked,,2026-09-24,0,ops,workday,Multifamily Property Manager,South Carolina,A,workday:greystar:/job/Reedhouse-Boise-ID/Floating-Service-Technician---Reedhouse_R0190357-1
Greystar,Maintenance Technician - Reflections,"Reflections, Lenexa, KS",https://greystar.wd1.myworkdayjobs.com/External/job/Reflections-Lenexa-KS/Maintenance-Technician---Reflections_R0202094,live,,2026-09-24,0,ops,workday,Multifamily Property Manager,South Carolina,A,workday:greystar:/job/Reflections-Lenexa-KS/Maintenance-Technician---Reflections_R0202094
Greystar,Maintenance Technician - Renaissance at Santa Rosa,"Renaissance Santa Rosa, Mary Esther, FL",https://greystar.wd1.myworkdayjobs.com/External/job/Renaissance-Santa-Rosa-Mary-Esther-FL/Maintenance-Technician---Renaissance-at-Santa-Rosa_R0201332,live,,2026-09-24,0,ops,workday,Multifamily Property Manager,South Carolina,A,workday:greystar:/job/Renaissance-Santa-Rosa-Mary-Esther-FL/Maintenance-Technician---Renaissance-at-Santa-Rosa_R0201332
Greystar,Maintenance Technician - Revela,"Revela, Mountain View, CA",https://greystar.wd1.myworkdayjobs.com/External/job/Revela-Mountain-View-CA/Maintenance-Technician---Revela_R0189724,blocked,,2026-09-24,0,ops,workday,Multifamily Property Manager,South Carolina,A,workday:greystar:/job/Revela-Mountain-View-CA/Maintenance-Technician---Revela_R0189724
Greystar,Maintenance Technician - Ridgestone,"Ridgestone, Lake Elsinore, CA",https://greystar.wd1.myworkdayjobs.com/External/job/Ridgestone-Lake-Elsinore-CA/Maintenance-Technician---Ridgestone_R0200713,blocked,,2026-09-24,0,ops,workday,Multifamily Property Manager,South Carolina,A,workday:greystar:/job/Ridgestone-Lake-Elsinore-CA/Maintenance-Technician---Ridgestone_R0200713
Greystar,Maintenance Technician - Rio Point,"Rio Point, Charlottesville, VA",https://greystar.wd1.myworkdayjobs.com/External/job/Rio-Point-Charlottesville-VA/Maintenance-Technician---Rio-Point_R0198508,blocked,,2026-09-24,0,ops,workday,Multifamily Property Manager,South Carolina,A,workday:greystar:/job/Rio-Point-Charlottesville-VA/Maintenance-Technician---Rio-Point_R0198508
Greystar,Maintenance Technician - Rise,"Rise (CA), Anaheim, CA",https://greystar.wd1.myworkdayjobs.com/External/job/Rise-CA-Anaheim-CA/Maintenance-Technician---Rise_R0200043,blocked,,2026-09-24,0,ops,workday,Multifamily Property Manager,South Carolina,A,workday:greystar:/job/Rise-CA-Anaheim-CA/Maintenance-Technician---Rise_R0200043
Greystar,Maintenance Technician - Rye Charlotte Ave,"Rye Charlotte Ave, Nashville, TN",https://greystar.wd1.myworkdayjobs.com/External/job/Rye-Charlotte-Ave-Nashville-TN/Maintenance-Technician---Rye-Charlotte-Ave_R0198889,blocked,,2026-09-24,0,ops,workday,Multifamily Property Manager,South Carolina,A,workday:greystar:/job/Rye-Charlotte-Ave-Nashville-TN/Maintenance-Technician---Rye-Charlotte-Ave_R0198889
Greystar,Maintenance Technician - Sage at Panorama,"Sage at Panorama, Denver, CO",https://greystar.wd1.myworkdayjobs.com/External/job/Sage-at-Panorama-Denver-CO/Maintenance-Technician---Sage-at-Panorama_R0201665,live,,2026-09-24,0,ops,workday,Multifamily Property Manager,South Carolina,A,workday:greystar:/job/Sage-at-Panorama-Denver-CO/Maintenance-Technician---Sage-at-Panorama_R0201665
Greystar,Maintenance Technician - Sanctuary at Eagle Creek,"Sanctuary at Eagle Creek, Orlando, FL",https://greystar.wd1.myworkdayjobs.com/External/job/Sanctuary-at-Eagle-Creek-Orlando-FL/Maintenance-Technician---Sanctuary-at-Eagle-Creek_R0201549,live,,2026-09-24,0,ops,workday,Multifamily Property Manager,South Carolina,A,workday:greystar:/job/Sanctuary-at-Eagle-Creek-Orlando-FL/Maintenance-Technician---Sanctuary-at-Eagle-Creek_R0201549
Greystar,Maintenance Technician - Sanctuary at Eagle Creek,"Sanctuary at Eagle Creek, Orlando, FL",https://greystar.wd1.myworkdayjobs.com/External/job/Sanctuary-at-Eagle-Creek-Orlando-FL/Maintenance-Technician---Sanctuary-at-Eagle-Creek_R0200846,live,,2026-09-24,0,ops,workday,Multifamily Property Manager,South Carolina,A,workday:greystar:/job/Sanctuary-at-Eagle-Creek-Orlando-FL/Maintenance-Technician---Sanctuary-at-Eagle-Creek_R0200846
Greystar,Maintenance Technician - Sandbar,"Sandbar, Santa Rosa Beach, FL",https://greystar.wd1.myworkdayjobs.com/External/job/Sandbar-Santa-Rosa-Beach-FL/Maintenance-Technician---Sandbar_R0198063,blocked,,2026-09-24,0,ops,workday,Multifamily Property Manager,South Carolina,A,workday:greystar:/job/Sandbar-Santa-Rosa-Beach-FL/Maintenance-Technician---Sandbar_R0198063
Greystar,Maintenance Technician - Savoy,"Savoy (CA), Sunnyvale, CA",https://greystar.wd1.myworkdayjobs.com/External/job/Savoy-CA-Sunnyvale-CA/Maintenance-Technician---Savoy_R0201911-1,live,,2026-09-24,0,ops,workday,Multifamily Property Manager,South Carolina,A,workday:greystar:/job/Savoy-CA-Sunnyvale-CA/Maintenance-Technician---Savoy_R0201911-1
Greystar,Maintenance Technician - Seasons at Farmington Reserve,"Seasons at Farmington Reserve, Bend, OR",https://greystar.wd1.myworkdayjobs.com/External/job/Seasons-at-Farmington-Reserve-Bend-OR/Maintenance-Technician---Seasons-at-Farmington-Reserve_R0191223,blocked,,2026-09-24,0,ops,workday,Multifamily Property Manager,South Carolina,A,workday:greystar:/job/Seasons-at-Farmington-Reserve-Bend-OR/Maintenance-Technician---Seasons-at-Farmington-Reserve_R0191223
Greystar,Maintenance Technician - Shoreline Gateway,"Shoreline Gateway, Long Beach, CA",https://greystar.wd1.myworkdayjobs.com/External/job/Shoreline-Gateway-Long-Beach-CA/Maintenance-Technician---Shoreline-Gateway_R0188516,blocked,,2026-09-24,0,ops,workday,Multifamily Property Manager,South Carolina,A,workday:greystar:/job/Shoreline-Gateway-Long-Beach-CA/Maintenance-Technician---Shoreline-Gateway_R0188516
Greystar,Maintenance Technician - Sienna Residences,"Sienna Residences, Pomona, CA",https://greystar.wd1.myworkdayjobs.com/External/job/Sienna-Residences-Pomona-CA/Maintenance-Technician---Sienna-Residences_R0200558,blocked,,2026-09-24,0,ops,workday,Multifamily Property Manager,South Carolina,A,workday:greystar:/job/Sienna-Residences-Pomona-CA/Maintenance-Technician---Sienna-Residences_R0200558
Greystar,Maintenance Technician - Silver,"City Office San Jose, San Jose, CA",https://greystar.wd1.myworkdayjobs.com/External/job/City-Office-San-Jose-San-Jose-CA/Maintenance-Technician---Silver_R0196763,blocked,,2026-09-24,0,ops,workday,Multifamily Property Manager,South Carolina,A,workday:greystar:/job/City-Office-San-Jose-San-Jose-CA/Maintenance-Technician---Silver_R0196763
Greystar,Maintenance Technician - Silver Bay,"Remote Idaho, Remote Idaho, ID",https://greystar.wd1.myworkdayjobs.com/External/job/Remote-Idaho-Remote-Idaho-ID/Maintenance-Technician---Silver-Bay_R0201406-1,live,,2026-09-24,0,ops,workday,Multifamily Property Manager,South Carolina,A,workday:greystar:/job/Remote-Idaho-Remote-Idaho-ID/Maintenance-Technician---Silver-Bay_R0201406-1
Greystar,Maintenance Technician - Sixty58,"Sixty 58, Sacramento, CA",https://greystar.wd1.myworkdayjobs.com/External/job/Sixty-58-Sacramento-CA/Maintenance-Technician---Sixty58_R0201369,blocked,,2026-09-24,0,ops,workday,Multifamily Property Manager,South Carolina,A,workday:greystar:/job/Sixty-58-Sacramento-CA/Maintenance-Technician---Sixty58_R0201369
Greystar,Maintenance Technician - Solana at Duarte Station,"Solana at Duarte Station, Duarte, CA",https://greystar.wd1.myworkdayjobs.com/External/job/Solana-at-Duarte-Station-Duarte-CA/Maintenance-Technician---Solana-at-Duarte-Station_R0201905,live,,2026-09-24,0,ops,workday,Multifamily Property Manager,South Carolina,A,workday:greystar:/job/Solana-at-Duarte-Station-Duarte-CA/Maintenance-Technician---Solana-at-Duarte-Station_R0201905
Greystar,Maintenance Technician - Solstice at Eastland Yards,"Solstice at Eastland Yards Apartments, Charlotte, NC",https://greystar.wd1.myworkdayjobs.com/External/job/Solstice-at-Eastland-Yards-Apartments-Charlotte-NC/Maintenance-Technician---Solstice-at-Eastland-Yards_R0200326,blocked,,2026-09-24,0,ops,workday,Multifamily Property Manager,South Carolina,A,workday:greystar:/job/Solstice-at-Eastland-Yards-Apartments-Charlotte-NC/Maintenance-Technician---Solstice-at-Eastland-Yards_R0200326
Greystar,Maintenance Technician - Soma Towers,"Soma Towers, Bellevue, WA",https://greystar.wd1.myworkdayjobs.com/External/job/Soma-Towers-Bellevue-WA/Maintenance-Technician---Soma-Towers_R0192332,live,,2026-09-24,0,ops,workday,Multifamily Property Manager,South Carolina,A,workday:greystar:/job/Soma-Towers-Bellevue-WA/Maintenance-Technician---Soma-Towers_R0192332
Greystar,Maintenance Technician - Sonya,"Sonya, Washington, DC",https://greystar.wd1.myworkdayjobs.com/External/job/Sonya-Washington-DC/Maintenance-Technician---Sonya_R0199650,blocked,,2026-09-24,0,ops,workday,Multifamily Property Manager,South Carolina,A,workday:greystar:/job/Sonya-Washington-DC/Maintenance-Technician---Sonya_R0199650
Greystar,Maintenance Technician - Sorella,"Sorella (NC), Charlotte, NC",https://greystar.wd1.myworkdayjobs.com/External/job/Sorella-NC-Charlotte-NC/Maintenance-Technician---Sorella_R0200562-1,blocked,,2026-09-24,0,ops,workday,Multifamily Property Manager,South Carolina,A,workday:greystar:/job/Sorella-NC-Charlotte-NC/Maintenance-Technician---Sorella_R0200562-1
Greystar,Maintenance Technician - South Ridge,"South Ridge, Williston, ND",https://greystar.wd1.myworkdayjobs.com/External/job/South-Ridge-Williston-ND/Maintenance-Technician---South-Ridge_R0197285,blocked,,2026-09-24,0,ops,workday,Multifamily Property Manager,South Carolina,A,workday:greystar:/job/South-Ridge-Williston-ND/Maintenance-Technician---South-Ridge_R0197285
Greystar,Maintenance Technician - Spyglass,"Spyglass Seaside, Charleston, SC",https://greystar.wd1.myworkdayjobs.com/External/job/Spyglass-Seaside-Charleston-SC/Maintenance-Technician---Spyglass_R0200141-1,blocked,,2026-09-24,0,ops,workday,Multifamily Property Manager,South Carolina,A,workday:greystar:/job/Spyglass-Seaside-Charleston-SC/Maintenance-Technician---Spyglass_R0200141-1
Greystar,Maintenance Technician - Stone Pointe,"Stone Pointe, Woodbridge, VA",https://greystar.wd1.myworkdayjobs.com/External/job/Stone-Pointe-Woodbridge-VA/Maintenance-Technician---Stone-Pointe_R0201635,live,,2026-09-24,0,ops,workday,Multifamily Property Manager,South Carolina,A,workday:greystar:/job/Stone-Pointe-Woodbridge-VA/Maintenance-Technician---Stone-Pointe_R0201635
Greystar,Maintenance Technician - Stonebrook,"Stonebrook, Sanford, FL",https://greystar.wd1.myworkdayjobs.com/External/job/Stonebrook-Sanford-FL/Maintenance-Technician---Stonebrook_R0197224,blocked,,2026-09-24,0,ops,workday,Multifamily Property Manager,South Carolina,A,workday:greystar:/job/Stonebrook-Sanford-FL/Maintenance-Technician---Stonebrook_R0197224
Greystar,Maintenance Technician - Strawberry Hill,"Strawberry Hill, Charlotte, NC",https://greystar.wd1.myworkdayjobs.com/External/job/Strawberry-Hill-Charlotte-NC/Maintenance-Technician---Strawberry-Hill_R0197786,live,,2026-09-24,0,ops,workday,Multifamily Property Manager,South Carolina,A,workday:greystar:/job/Strawberry-Hill-Charlotte-NC/Maintenance-Technician---Strawberry-Hill_R0197786
Greystar,Maintenance Technician - Summer Wind,"Summer Wind, Summerville, SC",https://greystar.wd1.myworkdayjobs.com/External/job/Summer-Wind-Summerville-SC/Maintenance-Technician---Summer-Wind_R0200149,blocked,,2026-09-24,0,ops,workday,Multifamily Property Manager,South Carolina,A,workday:greystar:/job/Summer-Wind-Summerville-SC/Maintenance-Technician---Summer-Wind_R0200149
Greystar,Maintenance Technician - Summerall,"Summerall, Tampa, FL",https://greystar.wd1.myworkdayjobs.com/External/job/Summerall-Tampa-FL/Maintenance-Technician---Summerall_R0199248,blocked,,2026-09-24,0,ops,workday,Multifamily Property Manager,South Carolina,A,workday:greystar:/job/Summerall-Tampa-FL/Maintenance-Technician---Summerall_R0199248
Greystar,Maintenance Technician - Sunstone,"Sunstone (NC), Chapel Hill, NC",https://greystar.wd1.myworkdayjobs.com/External/job/Sunstone-NC-Chapel-Hill-NC/Maintenance-Technician---Sunstone_R0201846,live,,2026-09-24,0,ops,workday,Multifamily Property Manager,South Carolina,A,workday:greystar:/job/Sunstone-NC-Chapel-Hill-NC/Maintenance-Technician---Sunstone_R0201846
Greystar,Maintenance Technician - Sycamore Heights,"Sycamore Heights, Spring, TX",https://greystar.wd1.myworkdayjobs.com/External/job/Sycamore-Heights-Spring-TX/Maintenance-Technician---Sycamore-Heights_R0201239,blocked,,2026-09-24,0,ops,workday,Multifamily Property Manager,South Carolina,A,workday:greystar:/job/Sycamore-Heights-Spring-TX/Maintenance-Technician---Sycamore-Heights_R0201239
Greystar,Maintenance Technician - TENTEN Campus Glendale,"TENTEN Campus Glendale, Glendale, CA",https://greystar.wd1.myworkdayjobs.com/External/job/TENTEN-Campus-Glendale-Glendale-CA/Maintenance-Technician---TENTEN-Campus-Glendale_R0201820,live,,2026-09-24,0,ops,workday,Multifamily Property Manager,South Carolina,A,workday:greystar:/job/TENTEN-Campus-Glendale-Glendale-CA/Maintenance-Technician---TENTEN-Campus-Glendale_R0201820
Greystar,Maintenance Technician - Tacara Weiss Ranch,"Tacara Weiss Ranch, Pflugerville, TX",https://greystar.wd1.myworkdayjobs.com/External/job/Tacara-Weiss-Ranch-Pflugerville-TX/Maintenance-Technician---Tacara-Weiss-Ranch_R0195274,blocked,,2026-09-24,0,ops,workday,Multifamily Property Manager,South Carolina,A,workday:greystar:/job/Tacara-Weiss-Ranch-Pflugerville-TX/Maintenance-Technician---Tacara-Weiss-Ranch_R0195274
Greystar,Maintenance Technician - Tapestry at Brentwood Town Center,"Tapestry at Brentwood Town Center, Brentwood, TN",https://greystar.wd1.myworkdayjobs.com/External/job/Tapestry-at-Brentwood-Town-Center-Brentwood-TN/Maintenance-Technician---Tapestry-at-Brentwood-Town-Center_R0198282,blocked,,2026-09-24,0,ops,workday,Multifamily Property Manager,South Carolina,A,workday:greystar:/job/Tapestry-at-Brentwood-Town-Center-Brentwood-TN/Maintenance-Technician---Tapestry-at-Brentwood-Town-Center_R0198282
Greystar,Maintenance Technician - Terra Vista,"Terra Vista (UT), Lehi, UT",https://greystar.wd1.myworkdayjobs.com/External/job/Terra-Vista-UT-Lehi-UT/Maintenance-Technician---Terra-Vista_R0201590,live,,2026-09-24,0,ops,workday,Multifamily Property Manager,South Carolina,A,workday:greystar:/job/Terra-Vista-UT-Lehi-UT/Maintenance-Technician---Terra-Vista_R0201590
Greystar,Maintenance Technician - Tesota Four Hills,"Tesota Four Hills, Albuquerque, NM",https://greystar.wd1.myworkdayjobs.com/External/job/Tesota-Four-Hills-Albuquerque-NM/Maintenance-Technician---Tesota-Four-Hills_R0201814,live,,2026-09-24,0,ops,workday,Multifamily Property Manager,South Carolina,A,workday:greystar:/job/Tesota-Four-Hills-Albuquerque-NM/Maintenance-Technician---Tesota-Four-Hills_R0201814
Greystar,Maintenance Technician - Tesota Morningside,"Tesota Morningside, Albuquerque, NM",https://greystar.wd1.myworkdayjobs.com/External/job/Tesota-Morningside-Albuquerque-NM/Maintenance-Technician---Tesota-Morningside_R0200694,blocked,,2026-09-24,0,ops,workday,Multifamily Property Manager,South Carolina,A,workday:greystar:/job/Tesota-Morningside-Albuquerque-NM/Maintenance-Technician---Tesota-Morningside_R0200694
Greystar,Maintenance Technician - The 85Twenty,"The 85Twenty, Indianapolis, IN",https://greystar.wd1.myworkdayjobs.com/External/job/The-85Twenty-Indianapolis-IN/Maintenance-Technician---The-85Twenty_R0200332,blocked,,2026-09-24,0,ops,workday,Multifamily Property Manager,South Carolina,A,workday:greystar:/job/The-85Twenty-Indianapolis-IN/Maintenance-Technician---The-85Twenty_R0200332
Greystar,Maintenance Technician - The Alexander,"The Alexander (PA), Philadelphia, PA",https://greystar.wd1.myworkdayjobs.com/External/job/The-Alexander-PA-Philadelphia-PA/Maintenance-Technician---The-Alexander_R0199024,blocked,,2026-09-24,0,ops,workday,Multifamily Property Manager,South Carolina,A,workday:greystar:/job/The-Alexander-PA-Philadelphia-PA/Maintenance-Technician---The-Alexander_R0199024
Greystar,Maintenance Technician - The Arvon,"The Arvon, Vancouver, WA",https://greystar.wd1.myworkdayjobs.com/External/job/The-Arvon-Vancouver-WA/Maintenance-Technician---The-Arvon_R0200730,blocked,,2026-09-24,0,ops,workday,Multifamily Property Manager,South Carolina,A,workday:greystar:/job/The-Arvon-Vancouver-WA/Maintenance-Technician---The-Arvon_R0200730
Greystar,Maintenance Technician - The Asher,"The Asher, Fremont, CA",https://greystar.wd1.myworkdayjobs.com/External/job/The-Asher-Fremont-CA/Maintenance-Technician---The-Asher_R0201264,blocked,,2026-09-24,0,ops,workday,Multifamily Property Manager,South Carolina,A,workday:greystar:/job/The-Asher-Fremont-CA/Maintenance-Technician---The-Asher_R0201264
Greystar,Maintenance Technician - The Atherton,"The Atherton, Charlotte, NC",https://greystar.wd1.myworkdayjobs.com/External/job/The-Atherton-Charlotte-NC/Maintenance-Technician---The-Atherton_R0201853,live,,2026-09-24,0,ops,workday,Multifamily Property Manager,South Carolina,A,workday:greystar:/job/The-Atherton-Charlotte-NC/Maintenance-Technician---The-Atherton_R0201853
Greystar,Maintenance Technician - The Aubry,"The Aubry, Albuquerque, NM",https://greystar.wd1.myworkdayjobs.com/External/job/The-Aubry-Albuquerque-NM/Maintenance-Technician---The-Aubry_R0201806,live,,2026-09-24,0,ops,workday,Multifamily Property Manager,South Carolina,A,workday:greystar:/job/The-Aubry-Albuquerque-NM/Maintenance-Technician---The-Aubry_R0201806
Greystar,Maintenance Technician - The Bennett,"The Bennett, Charlottesville, VA",https://greystar.wd1.myworkdayjobs.com/External/job/The-Bennett-Charlottesville-VA/Maintenance-Technician---The-Bennett_R0196206,blocked,,2026-09-24,0,ops,workday,Multifamily Property Manager,South Carolina,A,workday:greystar:/job/The-Bennett-Charlottesville-VA/Maintenance-Technician---The-Bennett_R0196206
Greystar,Maintenance Technician - The Boulevard,"The Boulevard (SC), Mount Pleasant, SC",https://greystar.wd1.myworkdayjobs.com/External/job/The-Boulevard-SC-Mount-Pleasant-SC/Maintenance-Technician---The-Boulevard_R0199125-1,blocked,,2026-09-24,0,ops,workday,Multifamily Property Manager,South Carolina,A,workday:greystar:/job/The-Boulevard-SC-Mount-Pleasant-SC/Maintenance-Technician---The-Boulevard_R0199125-1
Greystar,Maintenance Technician - The Bricks at Perimeter Center,"Dunwoody, GA",https://greystar.wd1.myworkdayjobs.com/External/job/Dunwoody-GA/Maintenance-Technician---The-Bricks-at-Perimeter-Center_R0198738,live,,2026-09-24,0,ops,workday,Multifamily Property Manager,South Carolina,A,workday:greystar:/job/Dunwoody-GA/Maintenance-Technician---The-Bricks-at-Perimeter-Center_R0198738
Greystar,Maintenance Technician - The Bristol at Southport,"The Bristol at Southport, Renton, WA",https://greystar.wd1.myworkdayjobs.com/External/job/The-Bristol-at-Southport-Renton-WA/Maintenance-Technician---The-Bristol-at-Southport_R0201624-1,live,,2026-09-24,0,ops,workday,Multifamily Property Manager,South Carolina,A,workday:greystar:/job/The-Bristol-at-Southport-Renton-WA/Maintenance-Technician---The-Bristol-at-Southport_R0201624-1
Greystar,Maintenance Technician - The Cabochon at River Oaks,"The Cabochon at River Oaks, Houston, TX",https://greystar.wd1.myworkdayjobs.com/External/job/The-Cabochon-at-River-Oaks-Houston-TX/Maintenance-Technician---The-Cabochon-at-River-Oaks_R0194570,blocked,,2026-09-24,0,ops,workday,Multifamily Property Manager,South Carolina,A,workday:greystar:/job/The-Cabochon-at-River-Oaks-Houston-TX/Maintenance-Technician---The-Cabochon-at-River-Oaks_R0194570
Greystar,Maintenance Technician - The Cameron,"The Cameron (MD), Silver Spring, MD",https://greystar.wd1.myworkdayjobs.com/External/job/The-Cameron-MD-Silver-Spring-MD/Maintenance-Technician---The-Cameron_R0201360,blocked,,2026-09-24,0,ops,workday,Multifamily Property Manager,South Carolina,A,workday:greystar:/job/The-Cameron-MD-Silver-Spring-MD/Maintenance-Technician---The-Cameron_R0201360
Greystar,Maintenance Technician - The Caroline (TX),"The Caroline (TX), Houston, TX",https://greystar.wd1.myworkdayjobs.com/External/job/The-Caroline-TX-Houston-TX/Maintenance-Technician---The-Caroline--TX-_R0197857,blocked,,2026-09-24,0,ops,workday,Multifamily Property Manager,South Carolina,A,workday:greystar:/job/The-Caroline-TX-Houston-TX/Maintenance-Technician---The-Caroline--TX-_R0197857
Greystar,Maintenance Technician - The Carson,"The Carson, Charlotte, NC",https://greystar.wd1.myworkdayjobs.com/External/job/The-Carson-Charlotte-NC/Maintenance-Technician---The-Carson_R0202072,live,,2026-09-24,0,ops,workday,Multifamily Property Manager,South Carolina,A,workday:greystar:/job/The-Carson-Charlotte-NC/Maintenance-Technician---The-Carson_R0202072
Greystar,Maintenance Technician - The Casas,"Casa Ruiz, San Diego, CA",https://greystar.wd1.myworkdayjobs.com/External/job/Casa-Ruiz-San-Diego-CA/Maintenance-Technician---The-Casas_R0199612,blocked,,2026-09-24,0,ops,workday,Multifamily Property Manager,South Carolina,A,workday:greystar:/job/Casa-Ruiz-San-Diego-CA/Maintenance-Technician---The-Casas_R0199612
Greystar,Maintenance Technician - The Charles,"The Charles (MD), Bethesda, MD",https://greystar.wd1.myworkdayjobs.com/External/job/The-Charles-MD-Bethesda-MD/Maintenance-Technician---The-Charles_R0199950,blocked,,2026-09-24,0,ops,workday,Multifamily Property Manager,South Carolina,A,workday:greystar:/job/The-Charles-MD-Bethesda-MD/Maintenance-Technician---The-Charles_R0199950
Greystar,Maintenance Technician - The Clayton,"The Clayton, Humble, TX",https://greystar.wd1.myworkdayjobs.com/External/job/The-Clayton-Humble-TX/Maintenance-Technician---The-Clayton_R0201337-1,live,,2026-09-24,0,ops,workday,Multifamily Property Manager,South Carolina,A,workday:greystar:/job/The-Clayton-Humble-TX/Maintenance-Technician---The-Clayton_R0201337-1
Greystar,Maintenance Technician - The Core II,"The Core II, Ronkonkoma, NY",https://greystar.wd1.myworkdayjobs.com/External/job/The-Core-II-Ronkonkoma-NY/Maintenance-Technician---The-Core-II_R0200964,blocked,,2026-09-24,0,ops,workday,Multifamily Property Manager,South Carolina,A,workday:greystar:/job/The-Core-II-Ronkonkoma-NY/Maintenance-Technician---The-Core-II_R0200964
Greystar,Maintenance Technician - The Crossing at Palm Aire,"The Crossings at Palm Aire, Sarasota, FL",https://greystar.wd1.myworkdayjobs.com/External/job/The-Crossings-at-Palm-Aire-Sarasota-FL/Maintenance-Technician---The-Crossing-at-Palm-Aire_R0201059,live,,2026-09-24,0,ops,workday,Multifamily Property Manager,South Carolina,A,workday:greystar:/job/The-Crossings-at-Palm-Aire-Sarasota-FL/Maintenance-Technician---The-Crossing-at-Palm-Aire_R0201059
Greystar,Maintenance Technician - The Elliott,"The Elliott, Land O'Lakes, FL",https://greystar.wd1.myworkdayjobs.com/External/job/The-Elliott-Land-OLakes-FL/Maintenance-Technician---The-Elliott_R0200337,blocked,,2026-09-24,0,ops,workday,Multifamily Property Manager,South Carolina,A,workday:greystar:/job/The-Elliott-Land-OLakes-FL/Maintenance-Technician---The-Elliott_R0200337
Greystar,Maintenance Technician - The Fairmont,"The Fairmont, Woodland, CA",https://greystar.wd1.myworkdayjobs.com/External/job/The-Fairmont-Woodland-CA/Maintenance-Technician---The-Fairmont_R0198044-1,blocked,,2026-09-24,0,ops,workday,Multifamily Property Manager,South Carolina,A,workday:greystar:/job/The-Fairmont-Woodland-CA/Maintenance-Technician---The-Fairmont_R0198044-1
Greystar,Maintenance Technician - The Gardens of Annapolis,"The Gardens of Annapolis, Annapolis, MD",https://greystar.wd1.myworkdayjobs.com/External/job/The-Gardens-of-Annapolis-Annapolis-MD/Maintenance-Technician---The-Gardens-of-Annapolis_R0196935-1,blocked,,2026-09-24,0,ops,workday,Multifamily Property Manager,South Carolina,A,workday:greystar:/job/The-Gardens-of-Annapolis-Annapolis-MD/Maintenance-Technician---The-Gardens-of-Annapolis_R0196935-1
Greystar,Maintenance Technician - The Griffith,"The Griffith, Glendale, CA",https://greystar.wd1.myworkdayjobs.com/External/job/The-Griffith-Glendale-CA/Maintenance-Technician---Glendale_R0199598,blocked,,2026-09-24,0,ops,workday,Multifamily Property Manager,South Carolina,A,workday:greystar:/job/The-Griffith-Glendale-CA/Maintenance-Technician---Glendale_R0199598
Greystar,Maintenance Technician - The Grove,"The Grove (CA), San Jose, CA",https://greystar.wd1.myworkdayjobs.com/External/job/The-Grove-CA-San-Jose-CA/Maintenance-Technician---The-Grove_R0198982,blocked,,2026-09-24,0,ops,workday,Multifamily Property Manager,South Carolina,A,workday:greystar:/job/The-Grove-CA-San-Jose-CA/Maintenance-Technician---The-Grove_R0198982
Greystar,Maintenance Technician - The Grove Somerset,"The Grove Somerset, Somerset, NJ",https://greystar.wd1.myworkdayjobs.com/External/job/The-Grove-Somerset-Somerset-NJ/Maintenance-Technician---The-Grove-Somerset_R0199504,blocked,,2026-09-24,0,ops,workday,Multifamily Property Manager,South Carolina,A,workday:greystar:/job/The-Grove-Somerset-Somerset-NJ/Maintenance-Technician---The-Grove-Somerset_R0199504
Greystar,Maintenance Technician - The Grove at Ben Hill,"The Grove at Ben Hill, Atlanta, GA",https://greystar.wd1.myworkdayjobs.com/External/job/The-Grove-at-Ben-Hill-Atlanta-GA/Maintenance-Technician---The-Grove-at-Ben-Hill_R0202136,live,,2026-09-24,0,ops,workday,Multifamily Property Manager,South Carolina,A,workday:greystar:/job/The-Grove-at-Ben-Hill-Atlanta-GA/Maintenance-Technician---The-Grove-at-Ben-Hill_R0202136
Greystar,Maintenance Technician - The Haven at Indigo Square,"The Haven at Indigo Square, Mount Pleasant, SC",https://greystar.wd1.myworkdayjobs.com/External/job/The-Haven-at-Indigo-Square-Mount-Pleasant-SC/Maintenance-Technician---The-Haven-at-Indigo-Square_R0199742,blocked,,2026-09-24,0,ops,workday,Multifamily Property Manager,South Carolina,A,workday:greystar:/job/The-Haven-at-Indigo-Square-Mount-Pleasant-SC/Maintenance-Technician---The-Haven-at-Indigo-Square_R0199742
Greystar,"Maintenance Technician - The Hayward on Mass Ave, Washington, DC","Hayward on Mass Ave, Washington, DC",https://greystar.wd1.myworkdayjobs.com/External/job/Hayward-on-Mass-Ave-Washington-DC/Maintenance-Technician---The-Hayward-on-Mass-Ave--Washington--DC_R0197924,live,,2026-09-24,0,ops,workday,Multifamily Property Manager,South Carolina,A,workday:greystar:/job/Hayward-on-Mass-Ave-Washington-DC/Maintenance-Technician---The-Hayward-on-Mass-Ave--Washington--DC_R0197924
Greystar,"Maintenance Technician - The Hayward on Mass Ave, Washington, DC","Hayward on Mass Ave, Washington, DC",https://greystar.wd1.myworkdayjobs.com/External/job/Hayward-on-Mass-Ave-Washington-DC/Maintenance-Technician---The-Hayward-on-Mass-Ave--Washington--DC_R0197929,live,,2026-09-24,0,ops,workday,Multifamily Property Manager,South Carolina,A,workday:greystar:/job/Hayward-on-Mass-Ave-Washington-DC/Maintenance-Technician---The-Hayward-on-Mass-Ave--Washington--DC_R0197929
Greystar,Maintenance Technician - The Heights at Chino Hills,"The Heights at Chino Hills, Chino Hills, CA",https://greystar.wd1.myworkdayjobs.com/External/job/The-Heights-at-Chino-Hills-Chino-Hills-CA/Maintenance-Technician---The-Heights-at-Chino-Hills_R0193365,live,,2026-09-24,0,ops,workday,Multifamily Property Manager,South Carolina,A,workday:greystar:/job/The-Heights-at-Chino-Hills-Chino-Hills-CA/Maintenance-Technician---The-Heights-at-Chino-Hills_R0193365
Greystar,Maintenance Technician - The Henley,"The Henley (UT), Cedar City, UT",https://greystar.wd1.myworkdayjobs.com/External/job/The-Henley-UT-Cedar-City-UT/Maintenance-Technician---The-Henley_R0201803,live,,2026-09-24,0,ops,workday,Multifamily Property Manager,South Carolina,A,workday:greystar:/job/The-Henley-UT-Cedar-City-UT/Maintenance-Technician---The-Henley_R0201803
Greystar,Maintenance Technician - The Henley,"The Henley (NC), Apex, NC",https://greystar.wd1.myworkdayjobs.com/External/job/The-Henley-NC-Apex-NC/Maintenance-Technician---The-Henley_R0199531,blocked,,2026-09-24,0,ops,workday,Multifamily Property Manager,South Carolina,A,workday:greystar:/job/The-Henley-NC-Apex-NC/Maintenance-Technician---The-Henley_R0199531
Greystar,Maintenance Technician - The Hills,"The Hills, Orangevale, CA",https://greystar.wd1.myworkdayjobs.com/External/job/The-Hills-Orangevale-CA/Maintenance-Technician---The-Hills_R0200110,blocked,,2026-09-24,0,ops,workday,Multifamily Property Manager,South Carolina,A,workday:greystar:/job/The-Hills-Orangevale-CA/Maintenance-Technician---The-Hills_R0200110
Greystar,Maintenance Technician - The Landing,"The Landing at Ocean View Hills, San Diego, CA",https://greystar.wd1.myworkdayjobs.com/External/job/The-Landing-at-Ocean-View-Hills-San-Diego-CA/Maintenance-Technician---The-Landing_R0199880,blocked,,2026-09-24,0,ops,workday,Multifamily Property Manager,South Carolina,A,workday:greystar:/job/The-Landing-at-Ocean-View-Hills-San-Diego-CA/Maintenance-Technician---The-Landing_R0199880
Greystar,Maintenance Technician - The Leaf,"The Leaf, New Rochelle, NY",https://greystar.wd1.myworkdayjobs.com/External/job/The-Leaf-New-Rochelle-NY/Maintenance-Technician---The-Leaf_R0199534,blocked,,2026-09-24,0,ops,workday,Multifamily Property Manager,South Carolina,A,workday:greystar:/job/The-Leaf-New-Rochelle-NY/Maintenance-Technician---The-Leaf_R0199534
Greystar,Maintenance Technician - The Lofts at Brownwood,"The Lofts at Brownwood, The Villages, FL",https://greystar.wd1.myworkdayjobs.com/External/job/The-Lofts-at-Brownwood-The-Villages-FL/Maintenance-Technician---The-Lofts-at-Brownwood_R0200762,blocked,,2026-09-24,0,ops,workday,Multifamily Property Manager,South Carolina,A,workday:greystar:/job/The-Lofts-at-Brownwood-The-Villages-FL/Maintenance-Technician---The-Lofts-at-Brownwood_R0200762
Greystar,Maintenance Technician - The Maggie,"The Maggie, Raleigh, NC",https://greystar.wd1.myworkdayjobs.com/External/job/The-Maggie-Raleigh-NC/Maintenance-Technician---The-Maggie_R0201523,live,,2026-09-24,0,ops,workday,Multifamily Property Manager,South Carolina,A,workday:greystar:/job/The-Maggie-Raleigh-NC/Maintenance-Technician---The-Maggie_R0201523
Greystar,Maintenance Technician - The Marks,"The Marks, Englewood, CO",https://greystar.wd1.myworkdayjobs.com/External/job/The-Marks-Englewood-CO/Maintenance-Technician---The-Marks_R0199224-1,blocked,,2026-09-24,0,ops,workday,Multifamily Property Manager,South Carolina,A,workday:greystar:/job/The-Marks-Englewood-CO/Maintenance-Technician---The-Marks_R0199224-1
Greystar,Maintenance Technician - The Meadows at Burnside,"The Meadows at Burnside Farms, Columbia, SC",https://greystar.wd1.myworkdayjobs.com/External/job/The-Meadows-at-Burnside-Farms-Columbia-SC/Maintenance-Technician---The-Meadows-at-Burnside_R0198881-1,blocked,,2026-09-24,0,ops,workday,Multifamily Property Manager,South Carolina,A,workday:greystar:/job/The-Meadows-at-Burnside-Farms-Columbia-SC/Maintenance-Technician---The-Meadows-at-Burnside_R0198881-1
Greystar,Maintenance Technician - The Metlo,"The Metlo, Boston, MA",https://greystar.wd1.myworkdayjobs.com/External/job/The-Metlo-Boston-MA/Maintenance-Technician---The-Metlo_R0191635,blocked,,2026-09-24,0,ops,workday,Multifamily Property Manager,South Carolina,A,workday:greystar:/job/The-Metlo-Boston-MA/Maintenance-Technician---The-Metlo_R0191635
Greystar,Maintenance Technician - The Mill at White House,"The Mill at White House, White House, TN",https://greystar.wd1.myworkdayjobs.com/External/job/The-Mill-at-White-House-White-House-TN/Maintenance-Technician---The-Mill-at-White-House_R0198351,blocked,,2026-09-24,0,ops,workday,Multifamily Property Manager,South Carolina,A,workday:greystar:/job/The-Mill-at-White-House-White-House-TN/Maintenance-Technician---The-Mill-at-White-House_R0198351
Greystar,Maintenance Technician - The Olivian,"The Olivian, Seattle, WA",https://greystar.wd1.myworkdayjobs.com/External/job/The-Olivian-Seattle-WA/Maintenance-Technician---The-Olivian_R0200717,blocked,,2026-09-24,0,ops,workday,Multifamily Property Manager,South Carolina,A,workday:greystar:/job/The-Olivian-Seattle-WA/Maintenance-Technician---The-Olivian_R0200717
Greystar,Maintenance Technician - The Orchard,"The Orchard (CA), Azusa, CA",https://greystar.wd1.myworkdayjobs.com/External/job/The-Orchard-CA-Azusa-CA/Maintenance-Technician---The-Orchard_R0198090,blocked,,2026-09-24,0,ops,workday,Multifamily Property Manager,South Carolina,A,workday:greystar:/job/The-Orchard-CA-Azusa-CA/Maintenance-Technician---The-Orchard_R0198090
Greystar,Maintenance Technician - The Palmer,"The Palmer (GA), Woodstock, GA",https://greystar.wd1.myworkdayjobs.com/External/job/The-Palmer-GA-Woodstock-GA/Maintenance-Technician---The-Palmer_R0196663,blocked,,2026-09-24,0,ops,workday,Multifamily Property Manager,South Carolina,A,workday:greystar:/job/The-Palmer-GA-Woodstock-GA/Maintenance-Technician---The-Palmer_R0196663
Greystar,Maintenance Technician - The Point at Lakewood Ranch,"The Pointe at Lakewood Ranch, Lakewood Ranch, FL",https://greystar.wd1.myworkdayjobs.com/External/job/The-Pointe-at-Lakewood-Ranch-Lakewood-Ranch-FL/Maintenance-Technician---The-Point-at-Lakewood-Ranch_R0201636,live,,2026-09-24,0,ops,workday,Multifamily Property Manager,South Carolina,A,workday:greystar:/job/The-Pointe-at-Lakewood-Ranch-Lakewood-Ranch-FL/Maintenance-Technician---The-Point-at-Lakewood-Ranch_R0201636
Greystar,Maintenance Technician - The Porter Brewers Hill,"The Porter Brewers Hill, Baltimore, MD",https://greystar.wd1.myworkdayjobs.com/External/job/The-Porter-Brewers-Hill-Baltimore-MD/Maintenance-Technician---The-Porter-Brewers-Hill_R0198514,blocked,,2026-09-24,0,ops,workday,Multifamily Property Manager,South Carolina,A,workday:greystar:/job/The-Porter-Brewers-Hill-Baltimore-MD/Maintenance-Technician---The-Porter-Brewers-Hill_R0198514
Greystar,Maintenance Technician - The Province (Student Living),"The Province, Louisville, KY",https://greystar.wd1.myworkdayjobs.com/External/job/The-Province-Louisville-KY/Maintenance-Technician---The-Province--Student-Living-_R0197702,blocked,,2026-09-24,0,ops,workday,Multifamily Property Manager,South Carolina,A,workday:greystar:/job/The-Province-Louisville-KY/Maintenance-Technician---The-Province--Student-Living-_R0197702
Greystar,Maintenance Technician - The Quincy,"The Quincy (NJ), New Brunswick, NJ",https://greystar.wd1.myworkdayjobs.com/External/job/The-Quincy-NJ-New-Brunswick-NJ/Maintenance-Technician---The-Quincy_R0198723,live,,2026-09-24,0,ops,workday,Multifamily Property Manager,South Carolina,A,workday:greystar:/job/The-Quincy-NJ-New-Brunswick-NJ/Maintenance-Technician---The-Quincy_R0198723
Greystar,Maintenance Technician - The Reserve at Camp Creek,"The Reserve at Camp Creek, Gallatin, TN",https://greystar.wd1.myworkdayjobs.com/External/job/The-Reserve-at-Camp-Creek-Gallatin-TN/Maintenance-Technician---The-Reserve-at-Camp-Creek_R0197627,blocked,,2026-09-24,0,ops,workday,Multifamily Property Manager,South Carolina,A,workday:greystar:/job/The-Reserve-at-Camp-Creek-Gallatin-TN/Maintenance-Technician---The-Reserve-at-Camp-Creek_R0197627
Greystar,Maintenance Technician - The Residences at Cota Vera,"The Residences at Cota Vera, Chula Vista, CA",https://greystar.wd1.myworkdayjobs.com/External/job/The-Residences-at-Cota-Vera-Chula-Vista-CA/Maintenance-Technician---The-Residences-at-Cota-Vera_R0195119,blocked,,2026-09-24,0,ops,workday,Multifamily Property Manager,South Carolina,A,workday:greystar:/job/The-Residences-at-Cota-Vera-Chula-Vista-CA/Maintenance-Technician---The-Residences-at-Cota-Vera_R0195119
Greystar,Maintenance Technician - The Rowe at Commonwealth,"The Rowe at Commonwealth, Charlotte, NC",https://greystar.wd1.myworkdayjobs.com/External/job/The-Rowe-at-Commonwealth-Charlotte-NC/Maintenance-Technician---The-Rowe-at-Commonwealth_R0198316,blocked,,2026-09-24,0,ops,workday,Multifamily Property Manager,South Carolina,A,workday:greystar:/job/The-Rowe-at-Commonwealth-Charlotte-NC/Maintenance-Technician---The-Rowe-at-Commonwealth_R0198316
Greystar,Maintenance Technician - The Russell,"The Russell (CA), San Mateo, CA",https://greystar.wd1.myworkdayjobs.com/External/job/The-Russell-CA-San-Mateo-CA/Maintenance-Technician---The-Russell_R0141832,blocked,,2026-09-24,0,ops,workday,Multifamily Property Manager,South Carolina,A,workday:greystar:/job/The-Russell-CA-San-Mateo-CA/Maintenance-Technician---The-Russell_R0141832
Greystar,Maintenance Technician - The Sawyer Providence Farm,"The Sawyer Providence Farm, Charlotte, NC",https://greystar.wd1.myworkdayjobs.com/External/job/The-Sawyer-Providence-Farm-Charlotte-NC/Maintenance-Technician---The-Sawyer-Providence-Farm_R0201886,live,,2026-09-24,0,ops,workday,Multifamily Property Manager,South Carolina,A,workday:greystar:/job/The-Sawyer-Providence-Farm-Charlotte-NC/Maintenance-Technician---The-Sawyer-Providence-Farm_R0201886
Greystar,Maintenance Technician - The Scottie,"The Scottie, North Charleston, SC",https://greystar.wd1.myworkdayjobs.com/External/job/The-Scottie-North-Charleston-SC/Maintenance-Technician---The-Scottie_R0199005,blocked,,2026-09-24,0,ops,workday,Multifamily Property Manager,South Carolina,A,workday:greystar:/job/The-Scottie-North-Charleston-SC/Maintenance-Technician---The-Scottie_R0199005
Greystar,Maintenance Technician - The Stacks,"The Byron, Washington, DC",https://greystar.wd1.myworkdayjobs.com/External/job/The-Byron-Washington-DC/Maintenance-Technician---The-Stacks_R0201791-1,live,,2026-09-24,0,ops,workday,Multifamily Property Manager,South Carolina,A,workday:greystar:/job/The-Byron-Washington-DC/Maintenance-Technician---The-Stacks_R0201791-1
Greystar,Maintenance Technician - The Stacks,"Everly (DC), Washington, DC",https://greystar.wd1.myworkdayjobs.com/External/job/Everly-DC-Washington-DC/Maintenance-Technician---The-Stacks_R0199205,blocked,,2026-09-24,0,ops,workday,Multifamily Property Manager,South Carolina,A,workday:greystar:/job/Everly-DC-Washington-DC/Maintenance-Technician---The-Stacks_R0199205
Greystar,"Maintenance Technician - The Village Residences, Mountain View","City Office San Jose, San Jose, CA",https://greystar.wd1.myworkdayjobs.com/External/job/City-Office-San-Jose-San-Jose-CA/Maintenance-Technician---The-Village-Residences--Mountain-View_R0201560,live,,2026-09-24,0,ops,workday,Multifamily Property Manager,South Carolina,A,workday:greystar:/job/City-Office-San-Jose-San-Jose-CA/Maintenance-Technician---The-Village-Residences--Mountain-View_R0201560
Greystar,"Maintenance Technician - The Village Residences, Mountain View","City Office San Jose, San Jose, CA",https://greystar.wd1.myworkdayjobs.com/External/job/City-Office-San-Jose-San-Jose-CA/Maintenance-Technician---The-Village-Residences--Mountain-View_R0201262,blocked,,2026-09-24,0,ops,workday,Multifamily Property Manager,South Carolina,A,workday:greystar:/job/City-Office-San-Jose-San-Jose-CA/Maintenance-Technician---The-Village-Residences--Mountain-View_R0201262
Greystar,Maintenance Technician - The Vinoy at Innovation Park,"The Vinoy at Innovation Park, Charlotte, NC",https://greystar.wd1.myworkdayjobs.com/External/job/The-Vinoy-at-Innovation-Park-Charlotte-NC/Maintenance-Technician---The-Vinoy-at-Innovation-Park_R0201234,blocked,,2026-09-24,0,ops,workday,Multifamily Property Manager,South Carolina,A,workday:greystar:/job/The-Vinoy-at-Innovation-Park-Charlotte-NC/Maintenance-Technician---The-Vinoy-at-Innovation-Park_R0201234
Greystar,Maintenance Technician - The Waters at Hammond,"The Waters at Hammond, Hammond, LA",https://greystar.wd1.myworkdayjobs.com/External/job/The-Waters-at-Hammond-Hammond-LA/Maintenance-Technician---The-Waters-at-Hammond_R0194143,blocked,,2026-09-24,0,ops,workday,Multifamily Property Manager,South Carolina,A,workday:greystar:/job/The-Waters-at-Hammond-Hammond-LA/Maintenance-Technician---The-Waters-at-Hammond_R0194143
Greystar,Maintenance Technician - The Waverly,"The Waverly (WA), Seattle, WA",https://greystar.wd1.myworkdayjobs.com/External/job/The-Waverly-WA-Seattle-WA/Maintenance-Technician---The-Waverly_R0200036,blocked,,2026-09-24,0,ops,workday,Multifamily Property Manager,South Carolina,A,workday:greystar:/job/The-Waverly-WA-Seattle-WA/Maintenance-Technician---The-Waverly_R0200036
Greystar,Maintenance Technician - The Waymark,"The Waymark (WA), Seattle, WA",https://greystar.wd1.myworkdayjobs.com/External/job/The-Waymark-WA-Seattle-WA/Maintenance-Technician---The-Waymark_R0201986,live,,2026-09-24,0,ops,workday,Multifamily Property Manager,South Carolina,A,workday:greystar:/job/The-Waymark-WA-Seattle-WA/Maintenance-Technician---The-Waymark_R0201986
Greystar,Maintenance Technician - The Westheimer,"The Westheimer, Houston, TX",https://greystar.wd1.myworkdayjobs.com/External/job/The-Westheimer-Houston-TX/Maintenance-Technician---The-Westheimer_R0200360,blocked,,2026-09-24,0,ops,workday,Multifamily Property Manager,South Carolina,A,workday:greystar:/job/The-Westheimer-Houston-TX/Maintenance-Technician---The-Westheimer_R0200360
Greystar,Maintenance Technician - The Winnifred + The Winston,2 Locations,https://greystar.wd1.myworkdayjobs.com/External/job/The-Winnifred-Charlotte-NC/Maintenance-Technician---The-Winnifred---The-Winston_R0200543,blocked,,2026-09-24,0,ops,workday,Multifamily Property Manager,South Carolina,A,workday:greystar:/job/The-Winnifred-Charlotte-NC/Maintenance-Technician---The-Winnifred---The-Winston_R0200543
Greystar,Maintenance Technician - The Woodlands,"The Woodlands (Vancouver,WA), Vancouver, WA",https://greystar.wd1.myworkdayjobs.com/External/job/The-Woodlands-VancouverWA-Vancouver-WA/Maintenance-Technician---The-Woodlands_R0201571,live,,2026-09-24,0,ops,workday,Multifamily Property Manager,South Carolina,A,workday:greystar:/job/The-Woodlands-VancouverWA-Vancouver-WA/Maintenance-Technician---The-Woodlands_R0201571
Greystar,Maintenance Technician - The Yard at Ivanhoe,"The Yard at Ivanhoe, Orlando, FL",https://greystar.wd1.myworkdayjobs.com/External/job/The-Yard-at-Ivanhoe-Orlando-FL/Maintenance-Technician---The-Yard-at-Ivanhoe_R0201390,blocked,,2026-09-24,0,ops,workday,Multifamily Property Manager,South Carolina,A,workday:greystar:/job/The-Yard-at-Ivanhoe-Orlando-FL/Maintenance-Technician---The-Yard-at-Ivanhoe_R0201390
Greystar,Maintenance Technician - Thornbridge,"Thornbridge, San Jose, CA",https://greystar.wd1.myworkdayjobs.com/External/job/Thornbridge-San-Jose-CA/Maintenance-Technician---Thornbridge_R0193502,blocked,,2026-09-24,0,ops,workday,Multifamily Property Manager,South Carolina,A,workday:greystar:/job/Thornbridge-San-Jose-CA/Maintenance-Technician---Thornbridge_R0193502
Greystar,Maintenance Technician - Town Center at Lakeside Village,"Town Center at Lakeside Village, Lakeland, FL",https://greystar.wd1.myworkdayjobs.com/External/job/Town-Center-at-Lakeside-Village-Lakeland-FL/Maintenance-Technician---Town-Center-at-Lakeside-Village_R0201953-1,live,,2026-09-24,0,ops,workday,Multifamily Property Manager,South Carolina,A,workday:greystar:/job/Town-Center-at-Lakeside-Village-Lakeland-FL/Maintenance-Technician---Town-Center-at-Lakeside-Village_R0201953-1
Greystar,Maintenance Technician - Trailside NoDa,"Trailside NoDa, Charlotte, NC",https://greystar.wd1.myworkdayjobs.com/External/job/Trailside-NoDa-Charlotte-NC/Maintenance-Technician---Trailside-NoDa_R0197629,blocked,,2026-09-24,0,ops,workday,Multifamily Property Manager,South Carolina,A,workday:greystar:/job/Trailside-NoDa-Charlotte-NC/Maintenance-Technician---Trailside-NoDa_R0197629
Greystar,Maintenance Technician - Union Heights,"Union Heights, Washington, DC",https://greystar.wd1.myworkdayjobs.com/External/job/Union-Heights-Washington-DC/Maintenance-Technician---Union-Heights_R0201959,live,,2026-09-24,0,ops,workday,Multifamily Property Manager,South Carolina,A,workday:greystar:/job/Union-Heights-Washington-DC/Maintenance-Technician---Union-Heights_R0201959
Greystar,Maintenance Technician - Upstairs at Bethesda Row,"Upstairs at Bethesda Row, Bethesda, MD",https://greystar.wd1.myworkdayjobs.com/External/job/Upstairs-at-Bethesda-Row-Bethesda-MD/Maintenance-Technician---Upstairs-at-Bethesda-Row_R0201363,blocked,,2026-09-24,0,ops,workday,Multifamily Property Manager,South Carolina,A,workday:greystar:/job/Upstairs-at-Bethesda-Row-Bethesda-MD/Maintenance-Technician---Upstairs-at-Bethesda-Row_R0201363
Greystar,Maintenance Technician - Urbana,"Urbana, Orlando, FL",https://greystar.wd1.myworkdayjobs.com/External/job/Urbana-Orlando-FL/Maintenance-Technician---Urbana_R0201569-1,live,,2026-09-24,0,ops,workday,Multifamily Property Manager,South Carolina,A,workday:greystar:/job/Urbana-Orlando-FL/Maintenance-Technician---Urbana_R0201569-1
Greystar,Maintenance Technician - Verde Vista,"Verde Vista, Asheville, NC",https://greystar.wd1.myworkdayjobs.com/External/job/Verde-Vista-Asheville-NC/Maintenance-Technician---Verde-Vista_R0199002,blocked,,2026-09-24,0,ops,workday,Multifamily Property Manager,South Carolina,A,workday:greystar:/job/Verde-Vista-Asheville-NC/Maintenance-Technician---Verde-Vista_R0199002
Greystar,Maintenance Technician - Veri at Timberhill,"Veri at Timberhill, Corvallis, OR",https://greystar.wd1.myworkdayjobs.com/External/job/Veri-at-Timberhill-Corvallis-OR/Maintenance-Technician---Veri-at-Timberhill_R0198762,blocked,,2026-09-24,0,ops,workday,Multifamily Property Manager,South Carolina,A,workday:greystar:/job/Veri-at-Timberhill-Corvallis-OR/Maintenance-Technician---Veri-at-Timberhill_R0198762
Greystar,Maintenance Technician - Views at Angle Lake,"The Views at Angle Lake, SeaTac, WA",https://greystar.wd1.myworkdayjobs.com/External/job/The-Views-at-Angle-Lake-SeaTac-WA/Maintenance-Technician---Views-at-Angle-Lake_R0200201,blocked,,2026-09-24,0,ops,workday,Multifamily Property Manager,South Carolina,A,workday:greystar:/job/The-Views-at-Angle-Lake-SeaTac-WA/Maintenance-Technician---Views-at-Angle-Lake_R0200201
Greystar,Maintenance Technician - Villa Fontana,"Villa Fontana, Daly City, CA",https://greystar.wd1.myworkdayjobs.com/External/job/Villa-Fontana-Daly-City-CA/Maintenance-Technician---Villa-Fontana_R0202112,live,,2026-09-24,0,ops,workday,Multifamily Property Manager,South Carolina,A,workday:greystar:/job/Villa-Fontana-Daly-City-CA/Maintenance-Technician---Villa-Fontana_R0202112
Greystar,Maintenance Technician - Village at Fox Point,"Village at Fox Point, Wilmington, DE",https://greystar.wd1.myworkdayjobs.com/External/job/Village-at-Fox-Point-Wilmington-DE/Maintenance-Technician---Village-at-Fox-Point_R0201382,blocked,,2026-09-24,0,ops,workday,Multifamily Property Manager,South Carolina,A,workday:greystar:/job/Village-at-Fox-Point-Wilmington-DE/Maintenance-Technician---Village-at-Fox-Point_R0201382
Greystar,Maintenance Technician - Viva Bene St. Peters,"Viva Bene St. Peters, St. Peters, MO",https://greystar.wd1.myworkdayjobs.com/External/job/Viva-Bene-St-Peters-St-Peters-MO/Maintenance-Technician---Viva-Bene-St-Peters_R0186568,blocked,,2026-09-24,0,ops,workday,Multifamily Property Manager,South Carolina,A,workday:greystar:/job/Viva-Bene-St-Peters-St-Peters-MO/Maintenance-Technician---Viva-Bene-St-Peters_R0186568
Greystar,Maintenance Technician - Viviano at Red Cliffs,"Viviano at Red Cliffs, St. George, UT",https://greystar.wd1.myworkdayjobs.com/External/job/Viviano-at-Red-Cliffs-St-George-UT/Maintenance-Technician---Viviano-at-Red-Cliffs_R0198568,blocked,,2026-09-24,0,ops,workday,Multifamily Property Manager,South Carolina,A,workday:greystar:/job/Viviano-at-Red-Cliffs-St-George-UT/Maintenance-Technician---Viviano-at-Red-Cliffs_R0198568
Greystar,Maintenance Technician - Volta on Pine,"Volta on Pine, Long Beach, CA",https://greystar.wd1.myworkdayjobs.com/External/job/Volta-on-Pine-Long-Beach-CA/Maintenance-Technician---Volta-on-Pine_R0199600,blocked,,2026-09-24,0,ops,workday,Multifamily Property Manager,South Carolina,A,workday:greystar:/job/Volta-on-Pine-Long-Beach-CA/Maintenance-Technician---Volta-on-Pine_R0199600
Greystar,Maintenance Technician - Wardman Park (Lease Up),"Aerie, Washington, DC",https://greystar.wd1.myworkdayjobs.com/External/job/Aerie-Washington-DC/Maintenance-Technician---Wardman-Park--Lease-Up-_R0199915,blocked,,2026-09-24,0,ops,workday,Multifamily Property Manager,South Carolina,A,workday:greystar:/job/Aerie-Washington-DC/Maintenance-Technician---Wardman-Park--Lease-Up-_R0199915
Greystar,"Maintenance Technician - Washington, DC","City Office DC, Arlington, VA",https://greystar.wd1.myworkdayjobs.com/External/job/City-Office-DC-Arlington-VA/Maintenance-Technician---Washington--DC_R0195509,blocked,,2026-09-24,0,ops,workday,Multifamily Property Manager,South Carolina,A,workday:greystar:/job/City-Office-DC-Arlington-VA/Maintenance-Technician---Washington--DC_R0195509
Greystar,Maintenance Technician - Waterscape,"Waterscape, Fairfield, CA",https://greystar.wd1.myworkdayjobs.com/External/job/Waterscape-Fairfield-CA/Maintenance-Technician---Waterscape_R0199242,blocked,,2026-09-24,0,ops,workday,Multifamily Property Manager,South Carolina,A,workday:greystar:/job/Waterscape-Fairfield-CA/Maintenance-Technician---Waterscape_R0199242
Greystar,Maintenance Technician - Westerly House,"Westerly House, Nashville, TN",https://greystar.wd1.myworkdayjobs.com/External/job/Westerly-House-Nashville-TN/Maintenance-Technician---Westerly-House_R0197020,blocked,,2026-09-24,0,ops,workday,Multifamily Property Manager,South Carolina,A,workday:greystar:/job/Westerly-House-Nashville-TN/Maintenance-Technician---Westerly-House_R0197020
Greystar,Maintenance Technician - Willow Plaza,"Willow Plaza, Houston, TX",https://greystar.wd1.myworkdayjobs.com/External/job/Willow-Plaza-Houston-TX/Maintenance-Technician---Willow-Plaza_R0199775,blocked,,2026-09-24,0,ops,workday,Multifamily Property Manager,South Carolina,A,workday:greystar:/job/Willow-Plaza-Houston-TX/Maintenance-Technician---Willow-Plaza_R0199775
Greystar,Maintenance Technician - Woodbridge Station,"Woodbridge Station, Woodbridge, VA",https://greystar.wd1.myworkdayjobs.com/External/job/Woodbridge-Station-Woodbridge-VA/Maintenance-Technician---Woodbridge-Station_R0201852,live,,2026-09-24,0,ops,workday,Multifamily Property Manager,South Carolina,A,workday:greystar:/job/Woodbridge-Station-Woodbridge-VA/Maintenance-Technician---Woodbridge-Station_R0201852
Greystar,Maintenance Technician - Yardly Mount Dora,"Yardly Mount Dora, Mount Dora, FL",https://greystar.wd1.myworkdayjobs.com/External/job/Yardly-Mount-Dora-Mount-Dora-FL/Maintenance-Technician---Yardly-Mount-Dora_R0197161,blocked,,2026-09-24,0,ops,workday,Multifamily Property Manager,South Carolina,A,workday:greystar:/job/Yardly-Mount-Dora-Mount-Dora-FL/Maintenance-Technician---Yardly-Mount-Dora_R0197161
Greystar,Maintenance Technician - Zig,"Zig, Seattle, WA",https://greystar.wd1.myworkdayjobs.com/External/job/Zig-Seattle-WA/Maintenance-Technician---Zig_R0197988,blocked,,2026-09-24,0,ops,workday,Multifamily Property Manager,South Carolina,A,workday:greystar:/job/Zig-Seattle-WA/Maintenance-Technician---Zig_R0197988
Greystar,Maintenance Technician - Zig Apartments,"Zig, Seattle, WA",https://greystar.wd1.myworkdayjobs.com/External/job/Zig-Seattle-WA/Maintenance-Technician---Zig-Apartments_R0201584-1,live,,2026-09-24,0,ops,workday,Multifamily Property Manager,South Carolina,A,workday:greystar:/job/Zig-Seattle-WA/Maintenance-Technician---Zig-Apartments_R0201584-1
Greystar,"Maintenance Technician, Sr. - Alta Cypress Springs","Alta Cypress Springs, Cypress, TX",https://greystar.wd1.myworkdayjobs.com/External/job/Alta-Cypress-Springs-Cypress-TX/Maintenance-Technician--Sr---Alta-Cypress-Springs_R0198141-1,blocked,,2026-09-24,0,ops,workday,Multifamily Property Manager,South Carolina,A,workday:greystar:/job/Alta-Cypress-Springs-Cypress-TX/Maintenance-Technician--Sr---Alta-Cypress-Springs_R0198141-1
Greystar,"Maintenance Technician, Sr. - Alta Grandway","Alta Grandway, Katy, TX",https://greystar.wd1.myworkdayjobs.com/External/job/Alta-Grandway-Katy-TX/Maintenance-Technician--Sr---Alta-Grandway_R0193492,blocked,,2026-09-24,0,ops,workday,Multifamily Property Manager,South Carolina,A,workday:greystar:/job/Alta-Grandway-Katy-TX/Maintenance-Technician--Sr---Alta-Grandway_R0193492
Greystar,"Maintenance Technician, Sr. - Alta Wren","Alta Wren, Cary, NC",https://greystar.wd1.myworkdayjobs.com/External/job/Alta-Wren-Cary-NC/Maintenance-Technician--Sr---Alta-Wren_R0201282,blocked,,2026-09-24,0,ops,workday,Multifamily Property Manager,South Carolina,A,workday:greystar:/job/Alta-Wren-Cary-NC/Maintenance-Technician--Sr---Alta-Wren_R0201282
Greystar,Maintenance Technician- 1400 Wabash,"1400 Wabash, Chicago, IL",https://greystar.wd1.myworkdayjobs.com/External/job/1400-Wabash-Chicago-IL/Maintenance-Technician--1400-Wabash_R0198473,blocked,,2026-09-24,0,ops,workday,Multifamily Property Manager,South Carolina,A,workday:greystar:/job/1400-Wabash-Chicago-IL/Maintenance-Technician--1400-Wabash_R0198473
Greystar,Maintenance Technician- Avana Addison,"Avana Addison, Shakopee, MN",https://greystar.wd1.myworkdayjobs.com/External/job/Avana-Addison-Shakopee-MN/Maintenance-Technician--Avana-Addison_R0197183-1,blocked,,2026-09-24,0,ops,workday,Multifamily Property Manager,South Carolina,A,workday:greystar:/job/Avana-Addison-Shakopee-MN/Maintenance-Technician--Avana-Addison_R0197183-1
Greystar,Maintenance Technician- Avana Southview,"Avana Southview, Inver Grove Heights, MN",https://greystar.wd1.myworkdayjobs.com/External/job/Avana-Southview-Inver-Grove-Heights-MN/Maintenance-Technician--Avana-Southview_R0200534,blocked,,2026-09-24,0,ops,workday,Multifamily Property Manager,South Carolina,A,workday:greystar:/job/Avana-Southview-Inver-Grove-Heights-MN/Maintenance-Technician--Avana-Southview_R0200534
Greystar,Maintenance Technician- Coeval,"Coeval, Chicago, IL",https://greystar.wd1.myworkdayjobs.com/External/job/Coeval-Chicago-IL/Maintenance-Technician--Coeval_R0201404,blocked,,2026-09-24,0,ops,workday,Multifamily Property Manager,South Carolina,A,workday:greystar:/job/Coeval-Chicago-IL/Maintenance-Technician--Coeval_R0201404
Greystar,Maintenance Technician- Cyan Southcreek,"Cyan Southcreek, Overland Park, KS",https://greystar.wd1.myworkdayjobs.com/External/job/Cyan-Southcreek-Overland-Park-KS/Maintenance-Technician--Cyan-Southcreek_R0201149,blocked,,2026-09-24,0,ops,workday,Multifamily Property Manager,South Carolina,A,workday:greystar:/job/Cyan-Southcreek-Overland-Park-KS/Maintenance-Technician--Cyan-Southcreek_R0201149
Greystar,"Maintenance Technician- Multi-Site Waldorf, MD",2 Locations,https://greystar.wd1.myworkdayjobs.com/External/job/Brookestone-Townhomes-Waldorf-MD/Maintenance-Technician--Multi-Site-Waldorf--MD_R0201731,live,,2026-09-24,0,ops,workday,Multifamily Property Manager,South Carolina,A,workday:greystar:/job/Brookestone-Townhomes-Waldorf-MD/Maintenance-Technician--Multi-Site-Waldorf--MD_R0201731
Greystar,Maintenance Technician- Orion Prospect,"Orion Prospect, Mount Prospect, IL",https://greystar.wd1.myworkdayjobs.com/External/job/Orion-Prospect-Mount-Prospect-IL/Maintenance-Technician--Orion-Prospect_R0198471,blocked,,2026-09-24,0,ops,workday,Multifamily Property Manager,South Carolina,A,workday:greystar:/job/Orion-Prospect-Mount-Prospect-IL/Maintenance-Technician--Orion-Prospect_R0198471
Greystar,Maintenance Technician- Orion Prospect,"Orion Prospect, Mount Prospect, IL",https://greystar.wd1.myworkdayjobs.com/External/job/Orion-Prospect-Mount-Prospect-IL/Maintenance-Technician--Orion-Prospect_R0195614,blocked,,2026-09-24,0,ops,workday,Multifamily Property Manager,South Carolina,A,workday:greystar:/job/Orion-Prospect-Mount-Prospect-IL/Maintenance-Technician--Orion-Prospect_R0195614
Greystar,Maintenance Technician- Paxon & Velo,2 Locations,https://greystar.wd1.myworkdayjobs.com/External/job/Paxon-Minneapolis-MN/Maintenance-Technician--Paxon---Velo_R0201704,live,,2026-09-24,0,ops,workday,Multifamily Property Manager,South Carolina,A,workday:greystar:/job/Paxon-Minneapolis-MN/Maintenance-Technician--Paxon---Velo_R0201704
Greystar,Maintenance Technician- Riverset,"Riverset Apartments, Memphis, TN",https://greystar.wd1.myworkdayjobs.com/External/job/Riverset-Apartments-Memphis-TN/Maintenance-Technician--Riverset_R0201388,blocked,,2026-09-24,0,ops,workday,Multifamily Property Manager,South Carolina,A,workday:greystar:/job/Riverset-Apartments-Memphis-TN/Maintenance-Technician--Riverset_R0201388
Greystar,"Maintenance Technician- St. Louis, MO",2 Locations,https://greystar.wd1.myworkdayjobs.com/External/job/Remote-Missouri-Remote-Missouri-MO/Maintenance-Technician--St-Louis--MO_R0196931,blocked,,2026-09-24,0,ops,workday,Multifamily Property Manager,South Carolina,A,workday:greystar:/job/Remote-Missouri-Remote-Missouri-MO/Maintenance-Technician--St-Louis--MO_R0196931
Greystar,Maintenance Technician- Summit Pointe,"Summit Pointe, Greenwood, IN",https://greystar.wd1.myworkdayjobs.com/External/job/Summit-Pointe-Greenwood-IN/Maintenance-Technician--Summit-Pointe_R0200968,blocked,,2026-09-24,0,ops,workday,Multifamily Property Manager,South Carolina,A,workday:greystar:/job/Summit-Pointe-Greenwood-IN/Maintenance-Technician--Summit-Pointe_R0200968
Greystar,Maintenance Technician- The Flats at East Bank,"The Flats at East Bank, Cleveland, OH",https://greystar.wd1.myworkdayjobs.com/External/job/The-Flats-at-East-Bank-Cleveland-OH/Maintenance-Technician--The-Flats-at-East-Bank_R0199115,blocked,,2026-09-24,0,ops,workday,Multifamily Property Manager,South Carolina,A,workday:greystar:/job/The-Flats-at-East-Bank-Cleveland-OH/Maintenance-Technician--The-Flats-at-East-Bank_R0199115
Greystar,Maintenance Technician- The Lodge at Overland,"The Lodge at Overland, Rochester, MN",https://greystar.wd1.myworkdayjobs.com/External/job/The-Lodge-at-Overland-Rochester-MN/Maintenance-Technician--The-Lodge-at-Overland-Park_R0201871-1,live,,2026-09-24,0,ops,workday,Multifamily Property Manager,South Carolina,A,workday:greystar:/job/The-Lodge-at-Overland-Rochester-MN/Maintenance-Technician--The-Lodge-at-Overland-Park_R0201871-1
Greystar,"Maintenance Technician- The M Club ($2,000 Sign-On Bonus!)","The M Club Apartments, Indianapolis, IN",https://greystar.wd1.myworkdayjobs.com/External/job/The-M-Club-Apartments-Indianapolis-IN/Maintenance-Technician--The-M-Club---2-000-Sign-On-Bonus--_R0200937,blocked,,2026-09-24,0,ops,workday,Multifamily Property Manager,South Carolina,A,workday:greystar:/job/The-M-Club-Apartments-Indianapolis-IN/Maintenance-Technician--The-M-Club---2-000-Sign-On-Bonus--_R0200937
Greystar,Maintenance Technician- The View on Collins,"The View on Collins Apartments, Lansing, MI",https://greystar.wd1.myworkdayjobs.com/External/job/The-View-on-Collins-Apartments-Lansing-MI/Maintenance-Technician--The-View-on-Collins_R0200117,blocked,,2026-09-24,0,ops,workday,Multifamily Property Manager,South Carolina,A,workday:greystar:/job/The-View-on-Collins-Apartments-Lansing-MI/Maintenance-Technician--The-View-on-Collins_R0200117
Greystar,"Maintenance Technician- Wylde at Eagle Creek ($2,000 Sign-On Bonus!)","Wylde at Eagle Creek, Indianapolis, IN",https://greystar.wd1.myworkdayjobs.com/External/job/Wylde-at-Eagle-Creek-Indianapolis-IN/Maintenance-Technician--Wylde-at-Eagle-Creek---2-000-Sign-On-Bonus--_R0200931,blocked,,2026-09-24,0,ops,workday,Multifamily Property Manager,South Carolina,A,workday:greystar:/job/Wylde-at-Eagle-Creek-Indianapolis-IN/Maintenance-Technician--Wylde-at-Eagle-Creek---2-000-Sign-On-Bonus--_R0200931
Greystar,Make Ready Specialist (Highrise) - Northshore,"Northshore, Austin, TX",https://greystar.wd1.myworkdayjobs.com/External/job/Northshore-Austin-TX/Make-Ready-Specialist--Northshore--Highrise-_R0194480,blocked,,2026-09-24,0,,workday,Multifamily Property Manager,South Carolina,A,workday:greystar:/job/Northshore-Austin-TX/Make-Ready-Specialist--Northshore--Highrise-_R0194480
Greystar,Make Ready Specialist - Anthem at Ledge Stone,"Anthem at Ledge Stone, Austin, TX",https://greystar.wd1.myworkdayjobs.com/External/job/Anthem-at-Ledge-Stone-Austin-TX/Make-Ready-Specialist---Anthem-at-Ledge-Stone_R0198939,blocked,,2026-09-24,0,,workday,Multifamily Property Manager,South Carolina,A,workday:greystar:/job/Anthem-at-Ledge-Stone-Austin-TX/Make-Ready-Specialist---Anthem-at-Ledge-Stone_R0198939
Greystar,Make Ready Specialist - Corazon,"Corazon, Austin, TX",https://greystar.wd1.myworkdayjobs.com/External/job/Corazon-Austin-TX/Make-Ready-Specialist---Corazon_R0197149,blocked,,2026-09-24,0,,workday,Multifamily Property Manager,South Carolina,A,workday:greystar:/job/Corazon-Austin-TX/Make-Ready-Specialist---Corazon_R0197149
Greystar,Make Ready Specialist - Ellan East,"Elan East, Austin, TX",https://greystar.wd1.myworkdayjobs.com/External/job/Elan-East-Austin-TX/Make-Ready-Specialist---Ellan-East_R0199388,blocked,,2026-09-24,0,,workday,Multifamily Property Manager,South Carolina,A,workday:greystar:/job/Elan-East-Austin-TX/Make-Ready-Specialist---Ellan-East_R0199388
Greystar,Make Ready Specialist - Preston Park,"Preston Park, Marina, CA",https://greystar.wd1.myworkdayjobs.com/External/job/Preston-Park-Marina-CA/Make-Ready-Specialist---Preston-Park_R0198786-1,blocked,,2026-09-24,0,,workday,Multifamily Property Manager,South Carolina,A,workday:greystar:/job/Preston-Park-Marina-CA/Make-Ready-Specialist---Preston-Park_R0198786-1
Greystar,Make Ready Specialist - The Villages at Gracy Farms,"Village at Gracy Farms, Austin, TX",https://greystar.wd1.myworkdayjobs.com/External/job/Village-at-Gracy-Farms-Austin-TX/Make-Ready-Specialist---The-Villages-at-Gracy-Farms_R0200683,blocked,,2026-09-24,0,,workday,Multifamily Property Manager,South Carolina,A,workday:greystar:/job/Village-at-Gracy-Farms-Austin-TX/Make-Ready-Specialist---The-Villages-at-Gracy-Farms_R0200683
Greystar,Make Ready Specialist - Tinker on Forty8,"Tinker on Forty8, Oklahoma City, OK",https://greystar.wd1.myworkdayjobs.com/External/job/Tinker-on-Forty8-Oklahoma-City-OK/Make-Ready-Specialist---Tinker-on-Forty8_R0201302,blocked,,2026-09-24,0,,workday,Multifamily Property Manager,South Carolina,A,workday:greystar:/job/Tinker-on-Forty8-Oklahoma-City-OK/Make-Ready-Specialist---Tinker-on-Forty8_R0201302
Greystar,Make Ready Technician- Summit Pointe,"Summit Pointe, Greenwood, IN",https://greystar.wd1.myworkdayjobs.com/External/job/Summit-Pointe-Greenwood-IN/Make-Ready-Technician--Summit-Pointe_R0200816,blocked,,2026-09-24,0,,workday,Multifamily Property Manager,South Carolina,A,workday:greystar:/job/Summit-Pointe-Greenwood-IN/Make-Ready-Technician--Summit-Pointe_R0200816
Greystar,Make Ready Technician- Urban East,"Urban East, Austin, TX",https://greystar.wd1.myworkdayjobs.com/External/job/Urban-East-Austin-TX/Make-Ready-Technician--Urban-East_R0202083,live,,2026-09-24,0,,workday,Multifamily Property Manager,South Carolina,A,workday:greystar:/job/Urban-East-Austin-TX/Make-Ready-Technician--Urban-East_R0202083
Greystar,Make Ready/Turn Technician - Aqua at Sandy Springs,"Aqua at Sandy Springs, Sandy Springs, GA",https://greystar.wd1.myworkdayjobs.com/External/job/Aqua-at-Sandy-Springs-Sandy-Springs-GA/Make-Ready-Turn-Technician---Aqua-at-Sandy-Springs_R0200446-1,blocked,,2026-09-24,0,,workday,Multifamily Property Manager,South Carolina,A,workday:greystar:/job/Aqua-at-Sandy-Springs-Sandy-Springs-GA/Make-Ready-Turn-Technician---Aqua-at-Sandy-Springs_R0200446-1
Greystar,Make Ready/Turn Technician - Avana Cumberland,"Avana Cumberland, Atlanta, GA",https://greystar.wd1.myworkdayjobs.com/External/job/Avana-Cumberland-Atlanta-GA/Make-Ready-Turn-Technician---Avana-Cumberland_R0198225,blocked,,2026-09-24,0,,workday,Multifamily Property Manager,South Carolina,A,workday:greystar:/job/Avana-Cumberland-Atlanta-GA/Make-Ready-Turn-Technician---Avana-Cumberland_R0198225
Greystar,Make Ready/Turn Technician - Emblem Park,"Emblem Park, Nashville, TN",https://greystar.wd1.myworkdayjobs.com/External/job/Emblem-Park-Nashville-TN/Make-Ready-Turn-Technician---Emblem-Park_R0201271,blocked,,2026-09-24,0,,workday,Multifamily Property Manager,South Carolina,A,workday:greystar:/job/Emblem-Park-Nashville-TN/Make-Ready-Turn-Technician---Emblem-Park_R0201271
Greystar,Make Ready/Turn Technician - Northerly,"Northerly, Nashville, TN",https://greystar.wd1.myworkdayjobs.com/External/job/Northerly-Nashville-TN/Make-Ready-Turn-Technician---Northerly_R0202016,live,,2026-09-24,0,,workday,Multifamily Property Manager,South Carolina,A,workday:greystar:/job/Northerly-Nashville-TN/Make-Ready-Turn-Technician---Northerly_R0202016
Greystar,Make ready Specialist - Skyline at Kessler,"Skyline at Kessler, Dallas, TX",https://greystar.wd1.myworkdayjobs.com/External/job/Skyline-at-Kessler-Dallas-TX/Make-ready-Specialist---Skyline-at-Kessler_R0201140-1,blocked,,2026-09-24,0,,workday,Multifamily Property Manager,South Carolina,A,workday:greystar:/job/Skyline-at-Kessler-Dallas-TX/Make-ready-Specialist---Skyline-at-Kessler_R0201140-1
Greystar,Make-Ready Maintenance Supervisor - Riverset,"Riverset Apartments, Memphis, TN",https://greystar.wd1.myworkdayjobs.com/External/job/Riverset-Apartments-Memphis-TN/Make-Ready-Maintenance-Supervisor---Riverset_R0202089,live,,2026-09-24,0,ops,workday,Multifamily Property Manager,South Carolina,A,workday:greystar:/job/Riverset-Apartments-Memphis-TN/Make-Ready-Maintenance-Supervisor---Riverset_R0202089
Greystar,Make-Ready Specialist - Circle at Point Park,"Circle at Point Park, Houston, TX",https://greystar.wd1.myworkdayjobs.com/External/job/Circle-at-Point-Park-Houston-TX/Make-Ready-Specialist---Circle-at-Point-Park_R0200586,blocked,,2026-09-24,0,,workday,Multifamily Property Manager,South Carolina,A,workday:greystar:/job/Circle-at-Point-Park-Houston-TX/Make-Ready-Specialist---Circle-at-Point-Park_R0200586
Greystar,Make-Ready Specialist - Coventry Park,"Coventry Park, Tulsa, OK",https://greystar.wd1.myworkdayjobs.com/External/job/Coventry-Park-Tulsa-OK/Make-Ready-Specialist---Coventry-Park_R0198364,blocked,,2026-09-24,0,,workday,Multifamily Property Manager,South Carolina,A,workday:greystar:/job/Coventry-Park-Tulsa-OK/Make-Ready-Specialist---Coventry-Park_R0198364
Greystar,Make-Ready Specialist - Eastbank at Waterside,"Eastbank at Waterside, Fort Worth, TX",https://greystar.wd1.myworkdayjobs.com/External/job/Eastbank-at-Waterside-Fort-Worth-TX/Make-Ready-Specialist---Eastbank-at-Waterside_R0195289-1,blocked,,2026-09-24,0,,workday,Multifamily Property Manager,South Carolina,A,workday:greystar:/job/Eastbank-at-Waterside-Fort-Worth-TX/Make-Ready-Specialist---Eastbank-at-Waterside_R0195289-1
Greystar,Make-Ready Specialist - Huntcliff,"Huntcliff, League City, TX",https://greystar.wd1.myworkdayjobs.com/External/job/Huntcliff-League-City-TX/Make-Ready-Specialist---Huntcliff_R0196131,blocked,,2026-09-24,0,,workday,Multifamily Property Manager,South Carolina,A,workday:greystar:/job/Huntcliff-League-City-TX/Make-Ready-Specialist---Huntcliff_R0196131
Greystar,Make-Ready Specialist - Lakesound,"Lakesound, Hickory Creek, TX",https://greystar.wd1.myworkdayjobs.com/External/job/Lakesound-Hickory-Creek-TX/Make-Ready-Specialist---Lakesound_R0200376,blocked,,2026-09-24,0,,workday,Multifamily Property Manager,South Carolina,A,workday:greystar:/job/Lakesound-Hickory-Creek-TX/Make-Ready-Specialist---Lakesound_R0200376
Greystar,Make-Ready Specialist - Sandestin at Pearland,"Sandestin at Pearland, Pearland, TX",https://greystar.wd1.myworkdayjobs.com/External/job/Sandestin-at-Pearland-Pearland-TX/Make-Ready-Specialist---Sandestin-at-Pearland_R0199777,blocked,,2026-09-24,0,,workday,Multifamily Property Manager,South Carolina,A,workday:greystar:/job/Sandestin-at-Pearland-Pearland-TX/Make-Ready-Specialist---Sandestin-at-Pearland_R0199777
Greystar,Make-Ready Specialist - Soltra Firewheel,"Soltra Firewheel, Garland, TX",https://greystar.wd1.myworkdayjobs.com/External/job/Soltra-Firewheel-Garland-TX/Make-Ready-Specialist---Soltra-Firewheel_R0200373,blocked,,2026-09-24,0,,workday,Multifamily Property Manager,South Carolina,A,workday:greystar:/job/Soltra-Firewheel-Garland-TX/Make-Ready-Specialist---Soltra-Firewheel_R0200373
Greystar,Make-Ready Specialist - The Caroline (TX),"The Caroline (TX), Houston, TX",https://greystar.wd1.myworkdayjobs.com/External/job/The-Caroline-TX-Houston-TX/Make-Ready-Specialist---The-Caroline--TX-_R0197858,blocked,,2026-09-24,0,,workday,Multifamily Property Manager,South Carolina,A,workday:greystar:/job/The-Caroline-TX-Houston-TX/Make-Ready-Specialist---The-Caroline--TX-_R0197858
Greystar,Make-Ready Specialist - The Kelley at Samuels Avenue,"The Kelley at Samuels Avenue, Fort Worth, TX",https://greystar.wd1.myworkdayjobs.com/External/job/The-Kelley-at-Samuels-Avenue-Fort-Worth-TX/Make-Ready-Specialist---The-Kelley-at-Samuels-Avenue_R0197057,blocked,,2026-09-24,0,,workday,Multifamily Property Manager,South Carolina,A,workday:greystar:/job/The-Kelley-at-Samuels-Avenue-Fort-Worth-TX/Make-Ready-Specialist---The-Kelley-at-Samuels-Avenue_R0197057
Greystar,Make-Ready Specialist - The Quarry Alamo Heights,"The Quarry Alamo Heights, San Antonio, TX",https://greystar.wd1.myworkdayjobs.com/External/job/The-Quarry-Alamo-Heights-San-Antonio-TX/Make-Ready-Specialist---The-Quarry-Alamo-Heights_R0198645,live,,2026-09-24,0,,workday,Multifamily Property Manager,South Carolina,A,workday:greystar:/job/The-Quarry-Alamo-Heights-San-Antonio-TX/Make-Ready-Specialist---The-Quarry-Alamo-Heights_R0198645
Greystar,Make-Ready Specialist - The Ravinia,"The Ravinia, San Antonio, TX",https://greystar.wd1.myworkdayjobs.com/External/job/The-Ravinia-San-Antonio-TX/Make-Ready-Specialist---The-Ravinia_R0201278,blocked,,2026-09-24,0,,workday,Multifamily Property Manager,South Carolina,A,workday:greystar:/job/The-Ravinia-San-Antonio-TX/Make-Ready-Specialist---The-Ravinia_R0201278
Greystar,Make-Ready Specialist - Townlake of Coppell,"Townlake of Coppell, Coppell, TX",https://greystar.wd1.myworkdayjobs.com/External/job/Townlake-of-Coppell-Coppell-TX/Make-Ready-Specialist---Townlake-of-Coppell_R0201071,blocked,,2026-09-24,0,,workday,Multifamily Property Manager,South Carolina,A,workday:greystar:/job/Townlake-of-Coppell-Coppell-TX/Make-Ready-Specialist---Townlake-of-Coppell_R0201071
Greystar,Make-Ready Specialist - Vista 121,"Vista 121, Lewisville, TX",https://greystar.wd1.myworkdayjobs.com/External/job/Vista-121-Lewisville-TX/Make-Ready-Specialist---Vista-121_R0201524,live,,2026-09-24,0,,workday,Multifamily Property Manager,South Carolina,A,workday:greystar:/job/Vista-121-Lewisville-TX/Make-Ready-Specialist---Vista-121_R0201524
Greystar,Make-Ready Technician - Ascend at 720,"Ascend at 720, Cross Roads, TX",https://greystar.wd1.myworkdayjobs.com/External/job/Ascend-at-720-Cross-Roads-TX/Make-Ready-Technician---Ascend-at-720_R0193649,blocked,,2026-09-24,0,,workday,Multifamily Property Manager,South Carolina,A,workday:greystar:/job/Ascend-at-720-Cross-Roads-TX/Make-Ready-Technician---Ascend-at-720_R0193649
Greystar,Make-Ready Technician - Broadstone Toscano,"Broadstone Toscano, Houston, TX",https://greystar.wd1.myworkdayjobs.com/External/job/Broadstone-Toscano-Houston-TX/Make-Ready-Technician---Broadstone-Toscano_R0201072,blocked,,2026-09-24,0,,workday,Multifamily Property Manager,South Carolina,A,workday:greystar:/job/Broadstone-Toscano-Houston-TX/Make-Ready-Technician---Broadstone-Toscano_R0201072
Greystar,Make-Ready Technician - Regency Park,"Regency Park (TX), Cypress, TX",https://greystar.wd1.myworkdayjobs.com/External/job/Regency-Park-TX-Cypress-TX/Make-Ready-Technician---Regency-Park_R0196340,blocked,,2026-09-24,0,,workday,Multifamily Property Manager,South Carolina,A,workday:greystar:/job/Regency-Park-TX-Cypress-TX/Make-Ready-Technician---Regency-Park_R0196340
Greystar,Make-Ready Technician - The Beverly at Shadow Lake,"The Beverly at Shadow Lake, Houston, TX",https://greystar.wd1.myworkdayjobs.com/External/job/The-Beverly-at-Shadow-Lake-Houston-TX/Make-Ready-Technician---The-Beverly-at-Shadow-Lake_R0191596,blocked,,2026-09-24,0,,workday,Multifamily Property Manager,South Carolina,A,workday:greystar:/job/The-Beverly-at-Shadow-Lake-Houston-TX/Make-Ready-Technician---The-Beverly-at-Shadow-Lake_R0191596
Greystar,Make-Ready Technician - The Charles Denver West,"The Charles Denver West, Golden, CO",https://greystar.wd1.myworkdayjobs.com/External/job/The-Charles-Denver-West-Golden-CO/Make-Ready-Technician---The-Charles-Denver-West_R0200027-1,blocked,,2026-09-24,0,,workday,Multifamily Property Manager,South Carolina,A,workday:greystar:/job/The-Charles-Denver-West-Golden-CO/Make-Ready-Technician---The-Charles-Denver-West_R0200027-1
Greystar,Make-Ready Technician - Vantage Med Center,"Vantage Med Center, Houston, TX",https://greystar.wd1.myworkdayjobs.com/External/job/Vantage-Med-Center-Houston-TX/Make-Ready-Technician---Vantage-Med-Center_R0195901,blocked,,2026-09-24,0,,workday,Multifamily Property Manager,South Carolina,A,workday:greystar:/job/Vantage-Med-Center-Houston-TX/Make-Ready-Technician---Vantage-Med-Center_R0195901
Greystar,Manager of Client Services - Austin,"City Office Austin, Austin, TX",https://greystar.wd1.myworkdayjobs.com/External/job/City-Office-Austin-Austin-TX/Manager-of-Client-Services---Austin_R0199906,blocked,,2026-09-24,0,,workday,Multifamily Property Manager,South Carolina,A,workday:greystar:/job/City-Office-Austin-Austin-TX/Manager-of-Client-Services---Austin_R0199906
Greystar,Manager of Performance Strategy - San Diego & Orange County,"City Office Escondido, Escondido, CA",https://greystar.wd1.myworkdayjobs.com/External/job/City-Office-Escondido-Escondido-CA/Manager-of-Performance-Strategy---San-Diego---Orange-County_R0198987-1,blocked,,2026-09-24,0,,workday,Multifamily Property Manager,South Carolina,A,workday:greystar:/job/City-Office-Escondido-Escondido-CA/Manager-of-Performance-Strategy---San-Diego---Orange-County_R0198987-1
Greystar,"Manager, Marketing Strategy - Owned Assets","Remote Colorado, Remote Colorado, CO",https://greystar.wd1.myworkdayjobs.com/External/job/Remote-Colorado-Remote-Colorado-CO/Manager--Marketing-Strategy---Owned-Assets_R0201339,blocked,,2026-09-24,0,,workday,Multifamily Property Manager,South Carolina,A,workday:greystar:/job/Remote-Colorado-Remote-Colorado-CO/Manager--Marketing-Strategy---Owned-Assets_R0201339
Greystar,"Manager, Marketing Strategy Owned Assets",2 Locations,https://greystar.wd1.myworkdayjobs.com/External/job/City-Office-Atlanta-Atlanta-GA/Manager--Marketing-Strategy-Owned-Assets_R0201583-1,live,,2026-09-24,0,,workday,Multifamily Property Manager,South Carolina,A,workday:greystar:/job/City-Office-Atlanta-Atlanta-GA/Manager--Marketing-Strategy-Owned-Assets_R0201583-1
Greystar,"Manager, Source-to-Contract – Operations","Remote, United States",https://greystar.wd1.myworkdayjobs.com/External/job/Remote-United-States/Manager--Source-to-Contract---Operations_R0201723,live,,2026-09-24,0,ops,workday,Multifamily Property Manager,South Carolina,A,workday:greystar:/job/Remote-United-States/Manager--Source-to-Contract---Operations_R0201723
Greystar,Marketing Associate,"City Office Newport, Newport Beach, CA",https://greystar.wd1.myworkdayjobs.com/External/job/City-Office-Newport-Newport-Beach-CA/Marketing-Associate_R0202088,live,,2026-09-24,0,,workday,Multifamily Property Manager,South Carolina,A,workday:greystar:/job/City-Office-Newport-Newport-Beach-CA/Marketing-Associate_R0202088
Greystar,Marketing Associate,"City Office Nashville/Brentwood, Brentwood, TN",https://greystar.wd1.myworkdayjobs.com/External/job/City-Office-NashvilleBrentwood-Brentwood-TN/Marketing-Associate---Nashville_R0200230,blocked,,2026-09-24,0,,workday,Multifamily Property Manager,South Carolina,A,workday:greystar:/job/City-Office-NashvilleBrentwood-Brentwood-TN/Marketing-Associate---Nashville_R0200230
Greystar,Marketing Associate - Austin - San Antonio,"City Office San Antonio, San Antonio, TX",https://greystar.wd1.myworkdayjobs.com/External/job/City-Office-San-Antonio-San-Antonio-TX/Marketing-Associate---Austin-San-Antonio_R0199993,blocked,,2026-09-24,0,,workday,Multifamily Property Manager,South Carolina,A,workday:greystar:/job/City-Office-San-Antonio-San-Antonio-TX/Marketing-Associate---Austin-San-Antonio_R0199993
Greystar,Marketing Associate - Colorado,"City Office Greenwood Village, Greenwood Village, CO",https://greystar.wd1.myworkdayjobs.com/External/job/City-Office-Greenwood-Village-Greenwood-Village-CO/Marketing-Associate---Colorado_R0201480,blocked,,2026-09-24,0,,workday,Multifamily Property Manager,South Carolina,A,workday:greystar:/job/City-Office-Greenwood-Village-Greenwood-Village-CO/Marketing-Associate---Colorado_R0201480
Greystar,Marketing Associate - San Francisco Market,"City Office San Francisco, San Francisco, CA",https://greystar.wd1.myworkdayjobs.com/External/job/City-Office-San-Francisco-San-Francisco-CA/Remote-Marketing-Associate---San-Francisco-Market_R0200430,blocked,,2026-09-24,0,,workday,Multifamily Property Manager,South Carolina,A,workday:greystar:/job/City-Office-San-Francisco-San-Francisco-CA/Remote-Marketing-Associate---San-Francisco-Market_R0200430
Greystar,Marketing Manager - Active Adult,6 Locations,https://greystar.wd1.myworkdayjobs.com/External/job/Remote-South-Carolina-Remote-South-Carolina-SC/Marketing-Manager---Active-Adult_R0199949,blocked,,2026-09-24,0,,workday,Multifamily Property Manager,South Carolina,A,workday:greystar:/job/Remote-South-Carolina-Remote-South-Carolina-SC/Marketing-Manager---Active-Adult_R0199949
Greystar,Marketing Manager - Austin,"City Office Austin, Austin, TX",https://greystar.wd1.myworkdayjobs.com/External/job/City-Office-Austin-Austin-TX/Marketing-Manager---Austin_R0199991,blocked,,2026-09-24,0,,workday,Multifamily Property Manager,South Carolina,A,workday:greystar:/job/City-Office-Austin-Austin-TX/Marketing-Manager---Austin_R0199991
Greystar,Marketing and Outreach Assistant (Lease Up) - Samuel,"Samuel, Tempe, AZ",https://greystar.wd1.myworkdayjobs.com/External/job/Samuel-Tempe-AZ/Marketing-and-Outreach-Assistant--Lease-Up----Samuel_R0201824,live,,2026-09-24,0,,workday,Multifamily Property Manager,South Carolina,A,workday:greystar:/job/Samuel-Tempe-AZ/Marketing-and-Outreach-Assistant--Lease-Up----Samuel_R0201824
Greystar,Microsoft 365 Automation & AI Developer,"Remote, United States",https://greystar.wd1.myworkdayjobs.com/External/job/Remote-United-States/Enterprise-Automation---AI-Developer_R0190068,blocked,,2026-09-24,0,eng,workday,Multifamily Property Manager,South Carolina,A,workday:greystar:/job/Remote-United-States/Enterprise-Automation---AI-Developer_R0190068
Greystar,Multi - Site Maintenance Supervisor - Skymor Buford,"Skymor Sugar Hill, Sugar Hill, GA",https://greystar.wd1.myworkdayjobs.com/External/job/Skymor-Sugar-Hill-Sugar-Hill-GA/Maintenance-Supervisor---Skymor-Buford_R0200545-1,blocked,,2026-09-24,0,ops,workday,Multifamily Property Manager,South Carolina,A,workday:greystar:/job/Skymor-Sugar-Hill-Sugar-Hill-GA/Maintenance-Supervisor---Skymor-Buford_R0200545-1
Greystar,Multi- Site Leasing Professional - Whitewater Park,"Whitewater Park Apartments, Boise, ID",https://greystar.wd1.myworkdayjobs.com/External/job/Whitewater-Park-Apartments-Boise-ID/Part-time-Leasing-Professional---Whitewater-Park_R0201255,blocked,,2026-09-24,0,ops,workday,Multifamily Property Manager,South Carolina,A,workday:greystar:/job/Whitewater-Park-Apartments-Boise-ID/Part-time-Leasing-Professional---Whitewater-Park_R0201255
Greystar,Multi-Site Affordable Housing Coordinator,"Metro at Fireclay, Murray, UT",https://greystar.wd1.myworkdayjobs.com/External/job/Metro-at-Fireclay-Murray-UT/Multi-Site-Affordable-Housing-Coordinator_R0201606,live,,2026-09-24,0,,workday,Multifamily Property Manager,South Carolina,A,workday:greystar:/job/Metro-at-Fireclay-Murray-UT/Multi-Site-Affordable-Housing-Coordinator_R0201606
Greystar,Multi-Site Leasing Professional - The Brio at The Boulevard,2 Locations,https://greystar.wd1.myworkdayjobs.com/External/job/The-Brio-at-The-Boulevard-Yaphank-NY/Multi-Site-Leasing-Professional---The-Brio-at-The-Boulevard_R0201057,blocked,,2026-09-24,0,ops,workday,Multifamily Property Manager,South Carolina,A,workday:greystar:/job/The-Brio-at-The-Boulevard-Yaphank-NY/Multi-Site-Leasing-Professional---The-Brio-at-The-Boulevard_R0201057
Greystar,"Multi-Site Maintenance Technician ($1,000 Sign-On Bonus)","City Office Salt Lake City, Salt Lake City, UT",https://greystar.wd1.myworkdayjobs.com/External/job/City-Office-Salt-Lake-City-Salt-Lake-City-UT/Multi-Site-Maintenance-Technician---1-000-Sign-On-Bonus-_R0199850-1,blocked,,2026-09-24,0,ops,workday,Multifamily Property Manager,South Carolina,A,workday:greystar:/job/City-Office-Salt-Lake-City-Salt-Lake-City-UT/Multi-Site-Maintenance-Technician---1-000-Sign-On-Bonus-_R0199850-1
Greystar,Multi-Site Maintenance Technician - Marina Cove / 240 Dolores,2 Locations,https://greystar.wd1.myworkdayjobs.com/External/job/Marina-Cove-San-Francisco-CA/Multi-Site-Maintenance-Technician---Marina-Cove---240-Dolores_R0198560,blocked,,2026-09-24,0,ops,workday,Multifamily Property Manager,South Carolina,A,workday:greystar:/job/Marina-Cove-San-Francisco-CA/Multi-Site-Maintenance-Technician---Marina-Cove---240-Dolores_R0198560
Greystar,Multi-Site Maintenance Technician - Meadows at Cascade Park,"Meadows at Cascade Park, Vancouver, WA",https://greystar.wd1.myworkdayjobs.com/External/job/Meadows-at-Cascade-Park-Vancouver-WA/Multi-Site-Maintenance-Technician---Meadows-at-Cascade-Park_R0198278,blocked,,2026-09-24,0,ops,workday,Multifamily Property Manager,South Carolina,A,workday:greystar:/job/Meadows-at-Cascade-Park-Vancouver-WA/Multi-Site-Maintenance-Technician---Meadows-at-Cascade-Park_R0198278
Greystar,Multistie Maintenance Technician - West End District/Lineage at Willow Creek,"West End District, Beaverton, OR",https://greystar.wd1.myworkdayjobs.com/External/job/West-End-District-Beaverton-OR/Maintenance-Technician---West-End_R0200654-1,live,,2026-09-24,0,ops,workday,Multifamily Property Manager,South Carolina,A,workday:greystar:/job/West-End-District-Beaverton-OR/Maintenance-Technician---West-End_R0200654-1
Greystar,PW Porter- The Riverie,"The Riverie, Brooklyn, NY",https://greystar.wd1.myworkdayjobs.com/External/job/The-Riverie-Brooklyn-NY/PW-Porter--The-Riverie_R0191349,blocked,,2026-09-24,0,,workday,Multifamily Property Manager,South Carolina,A,workday:greystar:/job/The-Riverie-Brooklyn-NY/PW-Porter--The-Riverie_R0191349
Greystar,Part Time - Leasing Professional - Solaire,"Solaire (Temecula,CA), Temecula, CA",https://greystar.wd1.myworkdayjobs.com/External/job/Solaire-TemeculaCA-Temecula-CA/Part-Time---Leasing-Professional---Solaire_R0201612-1,live,,2026-09-24,0,ops,workday,Multifamily Property Manager,South Carolina,A,workday:greystar:/job/Solaire-TemeculaCA-Temecula-CA/Part-Time---Leasing-Professional---Solaire_R0201612-1
Greystar,Part Time Concierge (Fri-Sat) - Wardman Park (Lease Up),2 Locations,https://greystar.wd1.myworkdayjobs.com/External/job/Zephyr-Washington-DC/Part-Time-Concierge--Fri-Sat----Wardman-Park--Lease-Up-_R0200448,blocked,,2026-09-24,0,,workday,Multifamily Property Manager,South Carolina,A,workday:greystar:/job/Zephyr-Washington-DC/Part-Time-Concierge--Fri-Sat----Wardman-Park--Lease-Up-_R0200448
Greystar,Part Time Leasing Professional - Avana Heather Ridge,"Avana Heather Ridge, Bowie, MD",https://greystar.wd1.myworkdayjobs.com/External/job/Avana-Heather-Ridge-Bowie-MD/Part-Time-Leasing-Professional---Avana-Heather-Ridge_R0192803-1,blocked,,2026-09-24,0,ops,workday,Multifamily Property Manager,South Carolina,A,workday:greystar:/job/Avana-Heather-Ridge-Bowie-MD/Part-Time-Leasing-Professional---Avana-Heather-Ridge_R0192803-1
Greystar,Part-Time Leasing Professional - Levare,"Levare, San Jose, CA",https://greystar.wd1.myworkdayjobs.com/External/job/Levare-San-Jose-CA/Part-Time-Leasing-Professional---Levare_R0198888,blocked,,2026-09-24,0,ops,workday,Multifamily Property Manager,South Carolina,A,workday:greystar:/job/Levare-San-Jose-CA/Part-Time-Leasing-Professional---Levare_R0198888
Greystar,Part-Time Leasing Professional - The Martin,"The Martin (CA), San Francisco, CA",https://greystar.wd1.myworkdayjobs.com/External/job/The-Martin-CA-San-Francisco-CA/Part-Time-Leasing-Professional---The-Martin_R0200601-1,blocked,,2026-09-24,0,ops,workday,Multifamily Property Manager,South Carolina,A,workday:greystar:/job/The-Martin-CA-San-Francisco-CA/Part-Time-Leasing-Professional---The-Martin_R0200601-1
Greystar,Part-Time Leasing Professional - The Weddington,"The Weddington, Los Angeles, CA",https://greystar.wd1.myworkdayjobs.com/External/job/The-Weddington-Los-Angeles-CA/Part-Time-Leasing-Professional---The-Weddington_R0200254,blocked,,2026-09-24,0,ops,workday,Multifamily Property Manager,South Carolina,A,workday:greystar:/job/The-Weddington-Los-Angeles-CA/Part-Time-Leasing-Professional---The-Weddington_R0200254
Greystar,Part-Time Maintenance Technician - Flats at 703,"Flats at 703, Towson, MD",https://greystar.wd1.myworkdayjobs.com/External/job/Flats-at-703-Towson-MD/Part-Time-Maintenance-Technician---Flats-at-703_R0200111,blocked,,2026-09-24,0,ops,workday,Multifamily Property Manager,South Carolina,A,workday:greystar:/job/Flats-at-703-Towson-MD/Part-Time-Maintenance-Technician---Flats-at-703_R0200111
Greystar,Part-time Leasing Professional - Silhouette,"Silhouette, Los Angeles, CA",https://greystar.wd1.myworkdayjobs.com/External/job/Silhouette-Los-Angeles-CA/Leasing-Professional---Silhouette_R0199599,blocked,,2026-09-24,0,ops,workday,Multifamily Property Manager,South Carolina,A,workday:greystar:/job/Silhouette-Los-Angeles-CA/Leasing-Professional---Silhouette_R0199599
Greystar,"Porter - The Varsity, College Park (Student Living)","The Varsity (MD), College Park, MD",https://greystar.wd1.myworkdayjobs.com/External/job/The-Varsity-MD-College-Park-MD/Porter---The-Varsity--College-Park--Student-Living-_R0201547,live,,2026-09-24,0,,workday,Multifamily Property Manager,South Carolina,A,workday:greystar:/job/The-Varsity-MD-College-Park-MD/Porter---The-Varsity--College-Park--Student-Living-_R0201547
Greystar,Prevailing Wage Concierge -The Riverie,"The Riverie, Brooklyn, NY",https://greystar.wd1.myworkdayjobs.com/External/job/The-Riverie-Brooklyn-NY/Prevailing-Wage-Concierge--The-Riverie_R0195385,blocked,,2026-09-24,0,,workday,Multifamily Property Manager,South Carolina,A,workday:greystar:/job/The-Riverie-Brooklyn-NY/Prevailing-Wage-Concierge--The-Riverie_R0195385
Greystar,Prevailing Wage Maintenance Technician - The Riverie,"The Riverie, Brooklyn, NY",https://greystar.wd1.myworkdayjobs.com/External/job/The-Riverie-Brooklyn-NY/Prevailing-Wage-Maintenance-Technician---The-Riverie_R0198607-1,live,,2026-09-24,0,ops,workday,Multifamily Property Manager,South Carolina,A,workday:greystar:/job/The-Riverie-Brooklyn-NY/Prevailing-Wage-Maintenance-Technician---The-Riverie_R0198607-1
Greystar,Prevailing Wage Porter - Loden,"Loden, Brooklyn, NY",https://greystar.wd1.myworkdayjobs.com/External/job/Loden-Brooklyn-NY/Prevailing-Wage-Porter---Loden_R0193035-1,blocked,,2026-09-24,0,,workday,Multifamily Property Manager,South Carolina,A,workday:greystar:/job/Loden-Brooklyn-NY/Prevailing-Wage-Porter---Loden_R0193035-1
Greystar,Prevailing Wage Porter - The Maverick,"The Maverick, New York, NY",https://greystar.wd1.myworkdayjobs.com/External/job/The-Maverick-New-York-NY/Prevailing-Wage-Porter---The-Maverick_R0197937,blocked,,2026-09-24,0,,workday,Multifamily Property Manager,South Carolina,A,workday:greystar:/job/The-Maverick-New-York-NY/Prevailing-Wage-Porter---The-Maverick_R0197937
Greystar,Procure-to-Pay Software Support Specialist,"Remote, United States",https://greystar.wd1.myworkdayjobs.com/External/job/Remote-United-States/Procure-to-Pay-Software-Support-Specialist_R0201313,blocked,,2026-09-24,0,customer,workday,Multifamily Property Manager,South Carolina,A,workday:greystar:/job/Remote-United-States/Procure-to-Pay-Software-Support-Specialist_R0201313
Greystar,Production Associate,"City Office Modern Living Factory, Knox, PA",https://greystar.wd1.myworkdayjobs.com/External/job/City-Office-Modern-Living-Factory-Knox-PA/Production-Associate_R0153059,blocked,,2026-09-24,0,,workday,Multifamily Property Manager,South Carolina,A,workday:greystar:/job/City-Office-Modern-Living-Factory-Knox-PA/Production-Associate_R0153059
Greystar,Production Associate,"City Office Modern Living Factory, Knox, PA",https://greystar.wd1.myworkdayjobs.com/External/job/City-Office-Modern-Living-Factory-Knox-PA/Production-Associate_R0186392,blocked,,2026-09-24,0,,workday,Multifamily Property Manager,South Carolina,A,workday:greystar:/job/City-Office-Modern-Living-Factory-Knox-PA/Production-Associate_R0186392
Greystar,Project Engineer,2 Locations,https://greystar.wd1.myworkdayjobs.com/External/job/Remote-Mississippi-Remote-Mississippi-MS/Project-Engineer_R0197475-1,blocked,,2026-09-24,0,eng,workday,Multifamily Property Manager,South Carolina,A,workday:greystar:/job/Remote-Mississippi-Remote-Mississippi-MS/Project-Engineer_R0197475-1
Greystar,Project Engineer,2 Locations,https://greystar.wd1.myworkdayjobs.com/External/job/City-Office-San-Francisco-San-Francisco-CA/Project-Engineer_R0197912-1,blocked,,2026-09-24,0,eng,workday,Multifamily Property Manager,South Carolina,A,workday:greystar:/job/City-Office-San-Francisco-San-Francisco-CA/Project-Engineer_R0197912-1
Greystar,Project Engineer,"City Office Austin, Austin, TX",https://greystar.wd1.myworkdayjobs.com/External/job/City-Office-Austin-Austin-TX/Project-Engineer_R0186248,blocked,,2026-09-24,0,eng,workday,Multifamily Property Manager,South Carolina,A,workday:greystar:/job/City-Office-Austin-Austin-TX/Project-Engineer_R0186248
Greystar,Project Engineer Internship,"Kincannon Residence Hall Accounting Only, Oxford, MS",https://greystar.wd1.myworkdayjobs.com/External/job/Kincannon-Residence-Hall-Accounting-Only-Oxford-MS/Project-Engineer-Internship_R0200420,blocked,,2026-09-24,0,eng,workday,Multifamily Property Manager,South Carolina,A,workday:greystar:/job/Kincannon-Residence-Hall-Accounting-Only-Oxford-MS/Project-Engineer-Internship_R0200420
Greystar,Project Manager,"Remote, United States",https://greystar.wd1.myworkdayjobs.com/External/job/Remote-United-States/Project-Manager_R0197608,blocked,,2026-09-24,0,,workday,Multifamily Property Manager,South Carolina,A,workday:greystar:/job/Remote-United-States/Project-Manager_R0197608
Greystar,Project Manager - Industrial Construction,"City Office Atlanta, Atlanta, GA",https://greystar.wd1.myworkdayjobs.com/External/job/City-Office-Atlanta-Atlanta-GA/Project-Manager---Industrial-Construction_R0179414,blocked,,2026-09-24,0,,workday,Multifamily Property Manager,South Carolina,A,workday:greystar:/job/City-Office-Atlanta-Atlanta-GA/Project-Manager---Industrial-Construction_R0179414
Greystar,Property Accountant - Third Party,"Remote, United States",https://greystar.wd1.myworkdayjobs.com/External/job/Remote-United-States/Property-Accountant_R0164999,live,,2026-09-24,0,,workday,Multifamily Property Manager,South Carolina,A,workday:greystar:/job/Remote-United-States/Property-Accountant_R0164999
Greystar,Property Administration & Resident Experience Coordinator,"Toronto, ON, CA",https://greystar.wd1.myworkdayjobs.com/External/job/Toronto-ON-CA/Property-Administration---Resident-Experience-Coordinator_R0200252-1,blocked,,2026-09-24,0,,workday,Multifamily Property Manager,South Carolina,A,workday:greystar:/job/Toronto-ON-CA/Property-Administration---Resident-Experience-Coordinator_R0200252-1
Greystar,Property Manager,"Edmonton, Alberta, Canada",https://greystar.wd1.myworkdayjobs.com/External/job/Edmonton-Alberta-Canada/Property-Manager_R0190236,blocked,,2026-09-24,0,ops,workday,Multifamily Property Manager,South Carolina,A,workday:greystar:/job/Edmonton-Alberta-Canada/Property-Manager_R0190236
Greystar,Property Manager,"Toronto, ON, CA",https://greystar.wd1.myworkdayjobs.com/External/job/Toronto-ON-CA/Property-Manager_R0193975,blocked,,2026-09-24,0,ops,workday,Multifamily Property Manager,South Carolina,A,workday:greystar:/job/Toronto-ON-CA/Property-Manager_R0193975
Greystar,Prose LaGrange - Service Supervisor,"Prose LaGrange, LaGrange, GA",https://greystar.wd1.myworkdayjobs.com/External/job/Prose-LaGrange-LaGrange-GA/Prose-LaGrange---Service-Supervisor_R0201932,live,,2026-09-24,0,,workday,Multifamily Property Manager,South Carolina,A,workday:greystar:/job/Prose-LaGrange-LaGrange-GA/Prose-LaGrange---Service-Supervisor_R0201932
Greystar,"Regional Director, Employee Relations","Remote, United States",https://greystar.wd1.myworkdayjobs.com/External/job/Remote-United-States/Regional-Director--Employee-Relations_R0191545,blocked,,2026-09-24,0,leadership,workday,Multifamily Property Manager,South Carolina,A,workday:greystar:/job/Remote-United-States/Regional-Director--Employee-Relations_R0191545
Greystar,Regional Maintenance Manager,"City Office Tampa, Tampa, FL",https://greystar.wd1.myworkdayjobs.com/External/job/City-Office-Tampa-Tampa-FL/Regional-Maintenance-Manager_R0197122,blocked,,2026-09-24,0,ops,workday,Multifamily Property Manager,South Carolina,A,workday:greystar:/job/City-Office-Tampa-Tampa-FL/Regional-Maintenance-Manager_R0197122
Greystar,"Regional Maintenance Manager - Denver, CO (Student Living)","Remote Colorado, Remote Colorado, CO",https://greystar.wd1.myworkdayjobs.com/External/job/Remote-Colorado-Remote-Colorado-CO/Regional-Maintenance-Manager---Denver--CO--Student-Living-_R0201213,blocked,,2026-09-24,0,ops,workday,Multifamily Property Manager,South Carolina,A,workday:greystar:/job/Remote-Colorado-Remote-Colorado-CO/Regional-Maintenance-Manager---Denver--CO--Student-Living-_R0201213
Greystar,Regional Maintenance Manager - Northern New Jersey,"City Office New Jersey, Madison, NJ",https://greystar.wd1.myworkdayjobs.com/External/job/City-Office-New-Jersey-Madison-NJ/Regional-Maintenance-Manager---Northern-New-Jersey_R0201214,live,,2026-09-24,0,ops,workday,Multifamily Property Manager,South Carolina,A,workday:greystar:/job/City-Office-New-Jersey-Madison-NJ/Regional-Maintenance-Manager---Northern-New-Jersey_R0201214
Greystar,Regional Property Manager,"Edmonton, Alberta, Canada",https://greystar.wd1.myworkdayjobs.com/External/job/Edmonton-Alberta-Canada/Regional-Property-Manager_R0202029-1,live,,2026-09-24,0,ops,workday,Multifamily Property Manager,South Carolina,A,workday:greystar:/job/Edmonton-Alberta-Canada/Regional-Property-Manager_R0202029-1
Greystar,Regional Property Manager,"City Office Las Vegas, Las Vegas, NV",https://greystar.wd1.myworkdayjobs.com/External/job/City-Office-Las-Vegas-Las-Vegas-NV/Regional-Property-Manager_R0201122,blocked,,2026-09-24,0,ops,workday,Multifamily Property Manager,South Carolina,A,workday:greystar:/job/City-Office-Las-Vegas-Las-Vegas-NV/Regional-Property-Manager_R0201122
Greystar,"Regional Property Manager - Austin, Texas","City Office Austin, Austin, TX",https://greystar.wd1.myworkdayjobs.com/External/job/City-Office-Austin-Austin-TX/Regional-Property-Manager---Austin--Texas_R0201038,blocked,,2026-09-24,0,ops,workday,Multifamily Property Manager,South Carolina,A,workday:greystar:/job/City-Office-Austin-Austin-TX/Regional-Property-Manager---Austin--Texas_R0201038
Greystar,Regional Property Manager - Charleston,"City Office Charleston, Charleston, SC",https://greystar.wd1.myworkdayjobs.com/External/job/City-Office-Charleston-Charleston-SC/Regional-Community-Manager---Charleston_R0198741,blocked,,2026-09-24,0,ops,workday,Multifamily Property Manager,South Carolina,A,workday:greystar:/job/City-Office-Charleston-Charleston-SC/Regional-Community-Manager---Charleston_R0198741
Greystar,Regional Property Manager - Destin/Fort Walton,"City Office Jacksonville, Jacksonville, FL",https://greystar.wd1.myworkdayjobs.com/External/job/City-Office-Jacksonville-Jacksonville-FL/Regional-Community-Manager---Destin-Fort-Walton_R0198890,blocked,,2026-09-24,0,ops,workday,Multifamily Property Manager,South Carolina,A,workday:greystar:/job/City-Office-Jacksonville-Jacksonville-FL/Regional-Community-Manager---Destin-Fort-Walton_R0198890
Greystar,Regional Property Manager - Los Angeles,"City Office Newport, Newport Beach, CA",https://greystar.wd1.myworkdayjobs.com/External/job/City-Office-Newport-Newport-Beach-CA/Regional-Property-Manager---Los-Angeles_R0201965,live,,2026-09-24,0,ops,workday,Multifamily Property Manager,South Carolina,A,workday:greystar:/job/City-Office-Newport-Newport-Beach-CA/Regional-Property-Manager---Los-Angeles_R0201965
Greystar,Regional Property Manager - San Diego / Inland Empire,"City Office Escondido, Escondido, CA",https://greystar.wd1.myworkdayjobs.com/External/job/City-Office-Escondido-Escondido-CA/Regional-Property-Manager---San-Diego---Inland-Empire_R0201176,blocked,,2026-09-24,0,ops,workday,Multifamily Property Manager,South Carolina,A,workday:greystar:/job/City-Office-Escondido-Escondido-CA/Regional-Property-Manager---San-Diego---Inland-Empire_R0201176
Greystar,Regional Property Manager - San Francisco Bay Area,2 Locations,https://greystar.wd1.myworkdayjobs.com/External/job/City-Office-San-Francisco-San-Francisco-CA/Regional-Property-Manager---San-Francisco-Bay-Area_R0196706,blocked,,2026-09-24,0,ops,workday,Multifamily Property Manager,South Carolina,A,workday:greystar:/job/City-Office-San-Francisco-San-Francisco-CA/Regional-Property-Manager---San-Francisco-Bay-Area_R0196706
Greystar,Regional Property Manager - Spokane,"Spokane Valley, WA",https://greystar.wd1.myworkdayjobs.com/External/job/Spokane-Valley-WA/Regional-Property-Manager---Spoakne_R0201532,live,,2026-09-24,0,ops,workday,Multifamily Property Manager,South Carolina,A,workday:greystar:/job/Spokane-Valley-WA/Regional-Property-Manager---Spoakne_R0201532
Greystar,Renovation Specialist - Silver,"City Office San Jose, San Jose, CA",https://greystar.wd1.myworkdayjobs.com/External/job/City-Office-San-Jose-San-Jose-CA/Renovation-Specialist---Silver_R0197963,blocked,,2026-09-24,0,,workday,Multifamily Property Manager,South Carolina,A,workday:greystar:/job/City-Office-San-Jose-San-Jose-CA/Renovation-Specialist---Silver_R0197963
Greystar,Resident Lifestyle Coordinator - Jacksonville Florida,"City Office Jacksonville, Jacksonville, FL",https://greystar.wd1.myworkdayjobs.com/External/job/City-Office-Jacksonville-Jacksonville-FL/Resident-Lifestyle-Coordinator---Jacksonville-Florida_R0201468,blocked,,2026-09-24,0,,workday,Multifamily Property Manager,South Carolina,A,workday:greystar:/job/City-Office-Jacksonville-Jacksonville-FL/Resident-Lifestyle-Coordinator---Jacksonville-Florida_R0201468
Greystar,"Resident Lifestyle Coordinator - Melbourne, FL",2 Locations,https://greystar.wd1.myworkdayjobs.com/External/job/City-Office-Orlando-Orlando-FL/Resident-Lifestyle-Coordinator---Melbourne--FL_R0198378,blocked,,2026-09-24,0,,workday,Multifamily Property Manager,South Carolina,A,workday:greystar:/job/City-Office-Orlando-Orlando-FL/Resident-Lifestyle-Coordinator---Melbourne--FL_R0198378
Greystar,"Resident Lifestyle Coordinator - North Nashville, TN","City Office Nashville, Nashville, TN",https://greystar.wd1.myworkdayjobs.com/External/job/City-Office-Nashville-Nashville-TN/Resident-Lifestyle-Coordinator---North-Nashville--TN_R0201272,blocked,,2026-09-24,0,,workday,Multifamily Property Manager,South Carolina,A,workday:greystar:/job/City-Office-Nashville-Nashville-TN/Resident-Lifestyle-Coordinator---North-Nashville--TN_R0201272
Greystar,Resident Service Coordinator (overnight shift) - Apiary Residence,"Apiary Residences, Denver, CO",https://greystar.wd1.myworkdayjobs.com/External/job/Apiary-Residences-Denver-CO/Resident-Service-Coordinator---Apiary-Residence_R0199585,blocked,,2026-09-24,0,,workday,Multifamily Property Manager,South Carolina,A,workday:greystar:/job/Apiary-Residences-Denver-CO/Resident-Service-Coordinator---Apiary-Residence_R0199585
Greystar,Resident Service Coordinator - Santana Row,"Santana Row, San Jose, CA",https://greystar.wd1.myworkdayjobs.com/External/job/Santana-Row-San-Jose-CA/Resident-Service-Coordinator---Santana-Row_R0194430,blocked,,2026-09-24,0,,workday,Multifamily Property Manager,South Carolina,A,workday:greystar:/job/Santana-Row-San-Jose-CA/Resident-Service-Coordinator---Santana-Row_R0194430
Greystar,Resident Services Coordinator - 1000 Jefferson Street Apartments,"1000 Jefferson Street Apartments, Hoboken, NJ",https://greystar.wd1.myworkdayjobs.com/External/job/1000-Jefferson-Street-Apartments-Hoboken-NJ/Resident-Services-Coordinator---1000-Jefferson-Street-Apartments_R0196293,blocked,,2026-09-24,0,,workday,Multifamily Property Manager,South Carolina,A,workday:greystar:/job/1000-Jefferson-Street-Apartments-Hoboken-NJ/Resident-Services-Coordinator---1000-Jefferson-Street-Apartments_R0196293
Greystar,Resident Services Coordinator - 120 & 220 Bend,"120 & 220 Bend, Vineyard, UT",https://greystar.wd1.myworkdayjobs.com/External/job/120--220-Bend-Vineyard-UT/Resident-Services-Coordinator---120---220-Bend_R0198949,blocked,,2026-09-24,0,,workday,Multifamily Property Manager,South Carolina,A,workday:greystar:/job/120--220-Bend-Vineyard-UT/Resident-Services-Coordinator---120---220-Bend_R0198949
Greystar,Resident Services Coordinator - 700 River,"700 River, Austin, TX",https://greystar.wd1.myworkdayjobs.com/External/job/700-River-Austin-TX/Resident-Services-Coordinator---700-River_R0199423,blocked,,2026-09-24,0,,workday,Multifamily Property Manager,South Carolina,A,workday:greystar:/job/700-River-Austin-TX/Resident-Services-Coordinator---700-River_R0199423
Greystar,Resident Services Coordinator - Habitat Residences,"Habitat Residences, Los Angeles, CA",https://greystar.wd1.myworkdayjobs.com/External/job/Habitat-Residences-Los-Angeles-CA/Resident-Services-Coordinator---Habitat-Residences_R0199409,blocked,,2026-09-24,0,,workday,Multifamily Property Manager,South Carolina,A,workday:greystar:/job/Habitat-Residences-Los-Angeles-CA/Resident-Services-Coordinator---Habitat-Residences_R0199409
Greystar,Resident Services Coordinator - Jackson Hill,"Jackson Hill, Houston, TX",https://greystar.wd1.myworkdayjobs.com/External/job/Jackson-Hill-Houston-TX/Resident-Services-Coordinator---Jackson-Hill_R0200556-1,blocked,,2026-09-24,0,,workday,Multifamily Property Manager,South Carolina,A,workday:greystar:/job/Jackson-Hill-Houston-TX/Resident-Services-Coordinator---Jackson-Hill_R0200556-1
Greystar,Resident Services Coordinator - Montessa Heights,"Montessa Heights, Murrieta, CA",https://greystar.wd1.myworkdayjobs.com/External/job/Montessa-Heights-Murrieta-CA/Resident-Services-Coordinator---Montessa-Heights_R0201828,live,,2026-09-24,0,,workday,Multifamily Property Manager,South Carolina,A,workday:greystar:/job/Montessa-Heights-Murrieta-CA/Resident-Services-Coordinator---Montessa-Heights_R0201828
Greystar,Resident Services Coordinator - Park Summit,"Park Summit, San Diego, CA",https://greystar.wd1.myworkdayjobs.com/External/job/Park-Summit-San-Diego-CA/Resident-Services-Coordinator---Park-Summit_R0196143,blocked,,2026-09-24,0,,workday,Multifamily Property Manager,South Carolina,A,workday:greystar:/job/Park-Summit-San-Diego-CA/Resident-Services-Coordinator---Park-Summit_R0196143
Greystar,Resident Services Coordinator - The Residences at Rainier Square,"The Residences at Rainier Square, Seattle, WA",https://greystar.wd1.myworkdayjobs.com/External/job/The-Residences-at-Rainier-Square-Seattle-WA/Resident-Services-Coordinator---The-Residences-at-Rainier-Square_R0201323,blocked,,2026-09-24,0,,workday,Multifamily Property Manager,South Carolina,A,workday:greystar:/job/The-Residences-at-Rainier-Square-Seattle-WA/Resident-Services-Coordinator---The-Residences-at-Rainier-Square_R0201323
Greystar,Resident Services Coordinator - Vasara,"Vasara, Menlo Park, CA",https://greystar.wd1.myworkdayjobs.com/External/job/Vasara-Menlo-Park-CA/Resident-Services-Coordinator---Vasara_R0199657,blocked,,2026-09-24,0,,workday,Multifamily Property Manager,South Carolina,A,workday:greystar:/job/Vasara-Menlo-Park-CA/Resident-Services-Coordinator---Vasara_R0199657
Greystar,Resident Services Manager - Alexan Riverside & Alexan Rivercrest,2 Locations,https://greystar.wd1.myworkdayjobs.com/External/job/Alexan-Rivercrest-Austin-TX/Resident-Services-Manager---Alexan-Riverside---Alexan-Rivercrest_R0200485,blocked,,2026-09-24,0,,workday,Multifamily Property Manager,South Carolina,A,workday:greystar:/job/Alexan-Rivercrest-Austin-TX/Resident-Services-Manager---Alexan-Riverside---Alexan-Rivercrest_R0200485
Greystar,Resident Services Manager - Domain City Centre,"Domain at City Centre, Houston, TX",https://greystar.wd1.myworkdayjobs.com/External/job/Domain-at-City-Centre-Houston-TX/Resident-Services-Manager---Domain-City-Centre_R0201974,live,,2026-09-24,0,,workday,Multifamily Property Manager,South Carolina,A,workday:greystar:/job/Domain-at-City-Centre-Houston-TX/Resident-Services-Manager---Domain-City-Centre_R0201974
Greystar,Resident Services Manager - The Hilltop (Student Living),"The Hilltop, Santa Cruz, CA",https://greystar.wd1.myworkdayjobs.com/External/job/The-Hilltop-Santa-Cruz-CA/Resident-Services-Manager---The-Hilltop--Student-Living-_R0191769,blocked,,2026-09-24,0,,workday,Multifamily Property Manager,South Carolina,A,workday:greystar:/job/The-Hilltop-Santa-Cruz-CA/Resident-Services-Manager---The-Hilltop--Student-Living-_R0191769
Greystar,Resident Services Team Member - TAVA Waters,"TAVA Waters, Denver, CO",https://greystar.wd1.myworkdayjobs.com/External/job/TAVA-Waters-Denver-CO/Resident-Services-Team-Member---TAVA-Waters_R0199123,live,,2026-09-24,0,,workday,Multifamily Property Manager,South Carolina,A,workday:greystar:/job/TAVA-Waters-Denver-CO/Resident-Services-Team-Member---TAVA-Waters_R0199123
Greystar,Resource Center Manager,"City Office Dallas (Cypress Waters), Dallas, TX",https://greystar.wd1.myworkdayjobs.com/External/job/City-Office-Dallas-Cypress-Waters-Dallas-TX/Resource-Center-Manager_R0199638,blocked,,2026-09-24,0,,workday,Multifamily Property Manager,South Carolina,A,workday:greystar:/job/City-Office-Dallas-Cypress-Waters-Dallas-TX/Resource-Center-Manager_R0199638
Greystar,Roving Community Manager - Portland Oregon,"City Office Portland, Portland, OR",https://greystar.wd1.myworkdayjobs.com/External/job/City-Office-Portland-Portland-OR/Roving-Community-Manager---Portland-Oregon_R0201916,live,,2026-09-24,0,,workday,Multifamily Property Manager,South Carolina,A,workday:greystar:/job/City-Office-Portland-Portland-OR/Roving-Community-Manager---Portland-Oregon_R0201916
Greystar,Sales & Lifestyle Consultant (Lease-Up) - Album Dorchester  55+,"Album Dorchester, North Charleston, SC",https://greystar.wd1.myworkdayjobs.com/External/job/Album-Dorchester-North-Charleston-SC/Sales---Lifestyle-Consultant--Lease-Up----Album-Dorchester--55-_R0200926,blocked,,2026-09-24,0,sales,workday,Multifamily Property Manager,South Carolina,A,workday:greystar:/job/Album-Dorchester-North-Charleston-SC/Sales---Lifestyle-Consultant--Lease-Up----Album-Dorchester--55-_R0200926
Greystar,"Sales & Lifestyle Consultant - The Preserve at Gateway (Forney, TX)","The Preserve at Gateway, Forney, TX",https://greystar.wd1.myworkdayjobs.com/External/job/The-Preserve-at-Gateway-Forney-TX/Sales---Lifestyle-Consultant---The-Preserve-at-Gateway--Forney--TX-_R0200810,blocked,,2026-09-24,0,sales,workday,Multifamily Property Manager,South Carolina,A,workday:greystar:/job/The-Preserve-at-Gateway-Forney-TX/Sales---Lifestyle-Consultant---The-Preserve-at-Gateway--Forney--TX-_R0200810
Greystar,Sales & Marketing Outreach Consultant -  Active Adult,2 Locations,https://greystar.wd1.myworkdayjobs.com/External/job/Overture-River-District-Fort-Worth-TX/Sales---Marketing-Outreach-Consultant----Active-Adult_R0199336,blocked,,2026-09-24,0,sales,workday,Multifamily Property Manager,South Carolina,A,workday:greystar:/job/Overture-River-District-Fort-Worth-TX/Sales---Marketing-Outreach-Consultant----Active-Adult_R0199336
Greystar,Sales & Outreach Marketing Consultant - Album Quail Springs,"Album Quail Springs, Oklahoma City, OK",https://greystar.wd1.myworkdayjobs.com/External/job/Album-Quail-Springs-Oklahoma-City-OK/Sales---Outreach-Marketing-Consultant---Album-Quail-Springs_R0194589,blocked,,2026-09-24,0,sales,workday,Multifamily Property Manager,South Carolina,A,workday:greystar:/job/Album-Quail-Springs-Oklahoma-City-OK/Sales---Outreach-Marketing-Consultant---Album-Quail-Springs_R0194589
Greystar,Sales Consultant (Lease Up ) - Fox Hollow,"Fox Hollow, Malvern, PA",https://greystar.wd1.myworkdayjobs.com/External/job/Fox-Hollow-Malvern-PA/Sales-Consultant--Lease-Up-----Fox-Hollow_R0199405,blocked,,2026-09-24,0,sales,workday,Multifamily Property Manager,South Carolina,A,workday:greystar:/job/Fox-Hollow-Malvern-PA/Sales-Consultant--Lease-Up-----Fox-Hollow_R0199405
Greystar,Sales Consultant (Lease-Up) - Album Summit Pines,"Album Summit Pines, Apex, NC",https://greystar.wd1.myworkdayjobs.com/External/job/Album-Summit-Pines-Apex-NC/Sales-Consultant--Lease-Up----Album-Summit-Pines_R0198029,blocked,,2026-09-24,0,sales,workday,Multifamily Property Manager,South Carolina,A,workday:greystar:/job/Album-Summit-Pines-Apex-NC/Sales-Consultant--Lease-Up----Album-Summit-Pines_R0198029
Greystar,Sales Manager - Everleigh Lakeline,"Everleigh Lakeline, Austin, TX",https://greystar.wd1.myworkdayjobs.com/External/job/Everleigh-Lakeline-Austin-TX/Sales-Manager---Everleigh-Lakeline_R0202090,live,,2026-09-24,0,sales,workday,Multifamily Property Manager,South Carolina,A,workday:greystar:/job/Everleigh-Lakeline-Austin-TX/Sales-Manager---Everleigh-Lakeline_R0202090
Greystar,Seasonal Leasing Consultant - Album Huntersville,"Album Huntersville, Huntersville, NC",https://greystar.wd1.myworkdayjobs.com/External/job/Album-Huntersville-Huntersville-NC/Seasonal-Leasing-Consultant---Album-Huntersville_R0201639,live,,2026-09-24,0,ops,workday,Multifamily Property Manager,South Carolina,A,workday:greystar:/job/Album-Huntersville-Huntersville-NC/Seasonal-Leasing-Consultant---Album-Huntersville_R0201639
Greystar,Senior Accountant,"Remote, United States",https://greystar.wd1.myworkdayjobs.com/External/job/Remote-United-States/Senior-Accountant_R0199544-1,blocked,,2026-09-24,0,,workday,Multifamily Property Manager,South Carolina,A,workday:greystar:/job/Remote-United-States/Senior-Accountant_R0199544-1
Greystar,Senior Accountant,"City Office Charleston, Charleston, SC",https://greystar.wd1.myworkdayjobs.com/External/job/City-Office-Charleston-Charleston-SC/Senior-Accountant_R0200003-1,blocked,,2026-09-24,0,,workday,Multifamily Property Manager,South Carolina,A,workday:greystar:/job/City-Office-Charleston-Charleston-SC/Senior-Accountant_R0200003-1
Greystar,"Senior Analyst, Product Specialist / Investor Relations","City Office Charleston, Charleston, SC",https://greystar.wd1.myworkdayjobs.com/External/job/City-Office-Charleston-Charleston-SC/Senior-Analyst--Product-Specialist---Investor-Relations_R0200212,blocked,,2026-09-24,0,,workday,Multifamily Property Manager,South Carolina,A,workday:greystar:/job/City-Office-Charleston-Charleston-SC/Senior-Analyst--Product-Specialist---Investor-Relations_R0200212
Greystar,"Senior Analyst, Real Estate Operations & Analytics - Centralized Services","City Office Dallas (Cypress Waters), Dallas, TX",https://greystar.wd1.myworkdayjobs.com/External/job/City-Office-Dallas-Cypress-Waters-Dallas-TX/Senior-Analyst--Real-Estate-Operations---Analytics---Centralized-Services_R0195091,blocked,,2026-09-24,0,ops,workday,Multifamily Property Manager,South Carolina,A,workday:greystar:/job/City-Office-Dallas-Cypress-Waters-Dallas-TX/Senior-Analyst--Real-Estate-Operations---Analytics---Centralized-Services_R0195091
Greystar,"Senior Associate, Investment Asset Management","City Office Dallas (Old Parkland), Dallas, TX",https://greystar.wd1.myworkdayjobs.com/External/job/City-Office-Dallas-Old-Parkland-Dallas-TX/Director--Asset-Management_R0198308-1,live,,2026-09-24,0,,workday,Multifamily Property Manager,South Carolina,A,workday:greystar:/job/City-Office-Dallas-Old-Parkland-Dallas-TX/Director--Asset-Management_R0198308-1
Greystar,Senior Casualty Claims Associate,2 Locations,https://greystar.wd1.myworkdayjobs.com/External/job/City-Office-Charlotte-Charlotte-NC/Senior-Casualty-Consultant_R0197600,blocked,,2026-09-24,0,,workday,Multifamily Property Manager,South Carolina,A,workday:greystar:/job/City-Office-Charlotte-Charlotte-NC/Senior-Casualty-Consultant_R0197600
Greystar,Senior Cloud Security Engineer,"Remote, United States",https://greystar.wd1.myworkdayjobs.com/External/job/Remote-United-States/Senior-Cloud-Security-Engineer_R0201015-1,blocked,,2026-09-24,0,eng,workday,Multifamily Property Manager,South Carolina,A,workday:greystar:/job/Remote-United-States/Senior-Cloud-Security-Engineer_R0201015-1
Greystar,Senior Community Manager - Millhouse,"Millhouse (OR), Portland, OR",https://greystar.wd1.myworkdayjobs.com/External/job/Millhouse-OR-Portland-OR/Community-Manager---Millhouse_R0201127,blocked,,2026-09-24,0,,workday,Multifamily Property Manager,South Carolina,A,workday:greystar:/job/Millhouse-OR-Portland-OR/Community-Manager---Millhouse_R0201127
Greystar,Senior Community Manager - Nordheim and Radford Court (Student Living),2 Locations,https://greystar.wd1.myworkdayjobs.com/External/job/Nordheim-Court-Seattle-WA/Senior-Community-Manager---Nordheim-and-Radford-Court--Student-Living-_R0201722,live,,2026-09-24,0,,workday,Multifamily Property Manager,South Carolina,A,workday:greystar:/job/Nordheim-Court-Seattle-WA/Senior-Community-Manager---Nordheim-and-Radford-Court--Student-Living-_R0201722
Greystar,"Senior Community Manager - North Bethesda, MD","The Henri at Pike & Rose, North Bethesda, MD",https://greystar.wd1.myworkdayjobs.com/External/job/The-Henri-at-Pike--Rose-North-Bethesda-MD/Senior-Community-Manager---North-Bethesda--MD_R0198426,blocked,,2026-09-24,0,,workday,Multifamily Property Manager,South Carolina,A,workday:greystar:/job/The-Henri-at-Pike--Rose-North-Bethesda-MD/Senior-Community-Manager---North-Bethesda--MD_R0198426
Greystar,"Senior Community Manager - Palm Beach, FL",4 Locations,https://greystar.wd1.myworkdayjobs.com/External/job/City-Office-South-Florida-Ft-Lauderdale-FL/Senior-Community-Manager---Palm-Beach--FL_R0201890,live,,2026-09-24,0,,workday,Multifamily Property Manager,South Carolina,A,workday:greystar:/job/City-Office-South-Florida-Ft-Lauderdale-FL/Senior-Community-Manager---Palm-Beach--FL_R0201890
Greystar,Senior Community Manager - San Diego,"City Office Escondido, Escondido, CA",https://greystar.wd1.myworkdayjobs.com/External/job/City-Office-Escondido-Escondido-CA/Senior-Community-Manager---San-Diego_R0200461,blocked,,2026-09-24,0,,workday,Multifamily Property Manager,South Carolina,A,workday:greystar:/job/City-Office-Escondido-Escondido-CA/Senior-Community-Manager---San-Diego_R0200461
Greystar,Senior Community Manager - The Iris,"The Iris, Washington, DC",https://greystar.wd1.myworkdayjobs.com/External/job/The-Iris-Washington-DC/Senior-Community-Manager---The-Iris_R0201111,blocked,,2026-09-24,0,,workday,Multifamily Property Manager,South Carolina,A,workday:greystar:/job/The-Iris-Washington-DC/Senior-Community-Manager---The-Iris_R0201111
Greystar,Senior Community Manager - Visconti,"Visconti at Camelback Phase II, Scottsdale, AZ",https://greystar.wd1.myworkdayjobs.com/External/job/Visconti-at-Camelback-Phase-II-Scottsdale-AZ/Senior-Community-Manager---Visconti_R0201651-1,live,,2026-09-24,0,,workday,Multifamily Property Manager,South Carolina,A,workday:greystar:/job/Visconti-at-Camelback-Phase-II-Scottsdale-AZ/Senior-Community-Manager---Visconti_R0201651-1
Greystar,"Senior Data Engineer, AI & Data Platform","Remote, United States",https://greystar.wd1.myworkdayjobs.com/External/job/Remote-United-States/Senior-Data-Engineer--AI---Data-Platform_R0196879,blocked,,2026-09-24,0,eng,workday,Multifamily Property Manager,South Carolina,A,workday:greystar:/job/Remote-United-States/Senior-Data-Engineer--AI---Data-Platform_R0196879
Greystar,"Senior Director, Transaction Counsel","City Office New York, New York, NY",https://greystar.wd1.myworkdayjobs.com/External/job/City-Office-New-York-New-York-NY/Senior-Director--Transaction-Counsel_R0199952,blocked,,2026-09-24,0,leadership,workday,Multifamily Property Manager,South Carolina,A,workday:greystar:/job/City-Office-New-York-New-York-NY/Senior-Director--Transaction-Counsel_R0199952
Greystar,Senior Leasing Professional (Highrise) - Austin,"City Office Austin, Austin, TX",https://greystar.wd1.myworkdayjobs.com/External/job/City-Office-Austin-Austin-TX/Senior-Leasing-Professional--Highrise----Austin_R0200516,blocked,,2026-09-24,0,ops,workday,Multifamily Property Manager,South Carolina,A,workday:greystar:/job/City-Office-Austin-Austin-TX/Senior-Leasing-Professional--Highrise----Austin_R0200516
Greystar,Senior Leasing Professional - Arden,"Arden, Glen Cove, NY",https://greystar.wd1.myworkdayjobs.com/External/job/Arden-Glen-Cove-NY/Senior-Leasing-Professional---Arden_R0201770-1,live,,2026-09-24,0,ops,workday,Multifamily Property Manager,South Carolina,A,workday:greystar:/job/Arden-Glen-Cove-NY/Senior-Leasing-Professional---Arden_R0201770-1
Greystar,Senior Leasing Professional - SkyMor Durham Farms,"SkyMor Durham Farms, Hendersonville, TN",https://greystar.wd1.myworkdayjobs.com/External/job/SkyMor-Durham-Farms-Hendersonville-TN/Senior-Leasing-Professional---SkyMor-Durham-Farms_R0201229,blocked,,2026-09-24,0,ops,workday,Multifamily Property Manager,South Carolina,A,workday:greystar:/job/SkyMor-Durham-Farms-Hendersonville-TN/Senior-Leasing-Professional---SkyMor-Durham-Farms_R0201229
Greystar,Senior Leasing Professional - Sophia,"Sophia, Bethesda, MD",https://greystar.wd1.myworkdayjobs.com/External/job/Sophia-Bethesda-MD/Senior-Leasing-Professional---Sophia_R0197211-1,blocked,,2026-09-24,0,ops,workday,Multifamily Property Manager,South Carolina,A,workday:greystar:/job/Sophia-Bethesda-MD/Senior-Leasing-Professional---Sophia_R0197211-1
Greystar,Senior Maintenance Supervisor - Logan Lofts & Old Quaker,2 Locations,https://greystar.wd1.myworkdayjobs.com/External/job/Logan-Lofts-Philadelphia-PA/Senior-Maintenance-Supervisor---Logan-Lofts---Old-Quaker_R0199966,blocked,,2026-09-24,0,ops,workday,Multifamily Property Manager,South Carolina,A,workday:greystar:/job/Logan-Lofts-Philadelphia-PA/Senior-Maintenance-Supervisor---Logan-Lofts---Old-Quaker_R0199966
Greystar,Senior Maintenance Technician - Allegro,"Allegro, Addison, TX",https://greystar.wd1.myworkdayjobs.com/External/job/Allegro-Addison-TX/Senior-Maintenance-Technician---Allegro_R0201937,live,,2026-09-24,0,ops,workday,Multifamily Property Manager,South Carolina,A,workday:greystar:/job/Allegro-Addison-TX/Senior-Maintenance-Technician---Allegro_R0201937
Greystar,Senior Maintenance Technician - Aster & Links,"Aster & Links, Sarasota, FL",https://greystar.wd1.myworkdayjobs.com/External/job/Aster--Links-Sarasota-FL/Senior-Maintenance-Technician---Aster---Links_R0201365,blocked,,2026-09-24,0,ops,workday,Multifamily Property Manager,South Carolina,A,workday:greystar:/job/Aster--Links-Sarasota-FL/Senior-Maintenance-Technician---Aster---Links_R0201365
Greystar,Senior Maintenance Technician - Avignon Townhomes,"Avignon Townhomes, Redmond, WA",https://greystar.wd1.myworkdayjobs.com/External/job/Avignon-Townhomes-Redmond-WA/Senior-Maintenance-Technician---Avignon-Townhomes_R0200479,blocked,,2026-09-24,0,ops,workday,Multifamily Property Manager,South Carolina,A,workday:greystar:/job/Avignon-Townhomes-Redmond-WA/Senior-Maintenance-Technician---Avignon-Townhomes_R0200479
Greystar,Senior Maintenance Technician - Bay Court at Harbour Pointe,"Bay Court at Harbour Pointe, Mukilteo, WA",https://greystar.wd1.myworkdayjobs.com/External/job/Bay-Court-at-Harbour-Pointe-Mukilteo-WA/Senior-Maintenance-Technician---Bay-Court-at-Harbour-Pointe_R0198823,blocked,,2026-09-24,0,ops,workday,Multifamily Property Manager,South Carolina,A,workday:greystar:/job/Bay-Court-at-Harbour-Pointe-Mukilteo-WA/Senior-Maintenance-Technician---Bay-Court-at-Harbour-Pointe_R0198823
Greystar,Senior Maintenance Technician - Jefferson Cenza,"Jefferson Cenza, Placentia, CA",https://greystar.wd1.myworkdayjobs.com/External/job/Jefferson-Cenza-Placentia-CA/Senior-Maintenance-Technician---Jefferson-Cenza_R0201993,live,,2026-09-24,0,ops,workday,Multifamily Property Manager,South Carolina,A,workday:greystar:/job/Jefferson-Cenza-Placentia-CA/Senior-Maintenance-Technician---Jefferson-Cenza_R0201993
Greystar,Senior Maintenance Technician - Museum House,"City Office Seattle, Seattle, WA",https://greystar.wd1.myworkdayjobs.com/External/job/City-Office-Seattle-Seattle-WA/Sr-Service-Technician---Downtown-Seattle-High-Rise_R0170491,blocked,,2026-09-24,0,ops,workday,Multifamily Property Manager,South Carolina,A,workday:greystar:/job/City-Office-Seattle-Seattle-WA/Sr-Service-Technician---Downtown-Seattle-High-Rise_R0170491
Greystar,Senior Maintenance Technician - Tens on West,"Tens on West, Atlanta, GA",https://greystar.wd1.myworkdayjobs.com/External/job/Tens-on-West-Atlanta-GA/Senior-Maintenance-Technician---Tens-on-West_R0200408,blocked,,2026-09-24,0,ops,workday,Multifamily Property Manager,South Carolina,A,workday:greystar:/job/Tens-on-West-Atlanta-GA/Senior-Maintenance-Technician---Tens-on-West_R0200408
Greystar,"Senior Manager, Learning Delivery & Execution",2 Locations,https://greystar.wd1.myworkdayjobs.com/External/job/City-Office-Greenwood-Village-Greenwood-Village-CO/Sr-Manager--Learning---Development_R0199113,blocked,,2026-09-24,0,,workday,Multifamily Property Manager,South Carolina,A,workday:greystar:/job/City-Office-Greenwood-Village-Greenwood-Village-CO/Sr-Manager--Learning---Development_R0199113
Greystar,Senior Marketing Associate,"City Office Atlanta, Atlanta, GA",https://greystar.wd1.myworkdayjobs.com/External/job/City-Office-Atlanta-Atlanta-GA/Senior-Marketing-Associate_R0200636,blocked,,2026-09-24,0,,workday,Multifamily Property Manager,South Carolina,A,workday:greystar:/job/City-Office-Atlanta-Atlanta-GA/Senior-Marketing-Associate_R0200636
Greystar,Senior Project Manager - Industrial Construction,"City Office DC, Arlington, VA",https://greystar.wd1.myworkdayjobs.com/External/job/City-Office-DC-Arlington-VA/Senior-Project-Manager---Industrial-Construction_R0196534-1,blocked,,2026-09-24,0,,workday,Multifamily Property Manager,South Carolina,A,workday:greystar:/job/City-Office-DC-Arlington-VA/Senior-Project-Manager---Industrial-Construction_R0196534-1
Greystar,Senior Property Manager,"Calgary, AB",https://greystar.wd1.myworkdayjobs.com/External/job/Calgary-AB/Senior-Property-Manager_R0192371,blocked,,2026-09-24,0,ops,workday,Multifamily Property Manager,South Carolina,A,workday:greystar:/job/Calgary-AB/Senior-Property-Manager_R0192371
Greystar,Senior Service Technician - Riachi at One21,"Riachi at One21, Plano, TX",https://greystar.wd1.myworkdayjobs.com/External/job/Riachi-at-One21-Plano-TX/Senior-Service-Technician---Riachi-at-One21_R0201742,live,,2026-09-24,0,,workday,Multifamily Property Manager,South Carolina,A,workday:greystar:/job/Riachi-at-One21-Plano-TX/Senior-Service-Technician---Riachi-at-One21_R0201742
Greystar,Service  Supervisor - Bardin Greene,"Bardin Greene, Arlington, TX",https://greystar.wd1.myworkdayjobs.com/External/job/Bardin-Greene-Arlington-TX/Service--Supervisor---Bardin-Greene_R0199857,blocked,,2026-09-24,0,,workday,Multifamily Property Manager,South Carolina,A,workday:greystar:/job/Bardin-Greene-Arlington-TX/Service--Supervisor---Bardin-Greene_R0199857
Greystar,Service Supervisor,"Remote Kentucky, Remote Kentucky, KY",https://greystar.wd1.myworkdayjobs.com/External/job/Remote-Kentucky-Remote-Kentucky-KY/Service-Supervisor_R0200593-1,live,,2026-09-24,0,,workday,Multifamily Property Manager,South Carolina,A,workday:greystar:/job/Remote-Kentucky-Remote-Kentucky-KY/Service-Supervisor_R0200593-1
Greystar,Service Supervisor,"City Office Boston, Boston, MA",https://greystar.wd1.myworkdayjobs.com/External/job/City-Office-Boston-Boston-MA/US-Service-Supervisor_R0199240,blocked,,2026-09-24,0,,workday,Multifamily Property Manager,South Carolina,A,workday:greystar:/job/City-Office-Boston-Boston-MA/US-Service-Supervisor_R0199240
Greystar,Service Supervisor - 23Twelve,"23 Twelve Luxe Apartments, Henderson, NV",https://greystar.wd1.myworkdayjobs.com/External/job/23-Twelve-Luxe-Apartments-Henderson-NV/Service-Supervisor---23Twelve_R0198704-1,blocked,,2026-09-24,0,,workday,Multifamily Property Manager,South Carolina,A,workday:greystar:/job/23-Twelve-Luxe-Apartments-Henderson-NV/Service-Supervisor---23Twelve_R0198704-1
Greystar,Service Supervisor - Ascent on Peoria,"Ascent on Peoria, Phoenix, AZ",https://greystar.wd1.myworkdayjobs.com/External/job/Ascent-on-Peoria-Phoenix-AZ/Service-Supervisor---Ascent-on-Peoria_R0197145,live,,2026-09-24,0,,workday,Multifamily Property Manager,South Carolina,A,workday:greystar:/job/Ascent-on-Peoria-Phoenix-AZ/Service-Supervisor---Ascent-on-Peoria_R0197145
Greystar,Service Supervisor - Aurora,"City Office Greenwood Village, Greenwood Village, CO",https://greystar.wd1.myworkdayjobs.com/External/job/City-Office-Greenwood-Village-Greenwood-Village-CO/Service-Supervisor---Aurora_R0201939-1,live,,2026-09-24,0,,workday,Multifamily Property Manager,South Carolina,A,workday:greystar:/job/City-Office-Greenwood-Village-Greenwood-Village-CO/Service-Supervisor---Aurora_R0201939-1
Greystar,Service Supervisor - Avana Gilbert,"Avana Gilbert, Gilbert, AZ",https://greystar.wd1.myworkdayjobs.com/External/job/Avana-Gilbert-Gilbert-AZ/Service-Supervisor---Avana-Gilbert_R0201969-1,live,,2026-09-24,0,,workday,Multifamily Property Manager,South Carolina,A,workday:greystar:/job/Avana-Gilbert-Gilbert-AZ/Service-Supervisor---Avana-Gilbert_R0201969-1
Greystar,Service Supervisor - Avia Lowry,"Avia Lowry, Denver, CO",https://greystar.wd1.myworkdayjobs.com/External/job/Avia-Lowry-Denver-CO/Service-Supervisor---Avia-Lowry_R0195819,blocked,,2026-09-24,0,,workday,Multifamily Property Manager,South Carolina,A,workday:greystar:/job/Avia-Lowry-Denver-CO/Service-Supervisor---Avia-Lowry_R0195819
Greystar,Service Supervisor - Broadstone Tempe Station,"Broadstone Tempe Station, Tempe, AZ",https://greystar.wd1.myworkdayjobs.com/External/job/Broadstone-Tempe-Station-Tempe-AZ/Service-Supervisor---Broadstone-Tempe-Station_R0199587,blocked,,2026-09-24,0,,workday,Multifamily Property Manager,South Carolina,A,workday:greystar:/job/Broadstone-Tempe-Station-Tempe-AZ/Service-Supervisor---Broadstone-Tempe-Station_R0199587
Greystar,Service Supervisor - Cielo,"Cielo (CO), Denver, CO",https://greystar.wd1.myworkdayjobs.com/External/job/Cielo-CO-Denver-CO/Service-Supervisor---Cielo_R0198697-1,blocked,,2026-09-24,0,,workday,Multifamily Property Manager,South Carolina,A,workday:greystar:/job/Cielo-CO-Denver-CO/Service-Supervisor---Cielo_R0198697-1
Greystar,Service Supervisor - Denver,"City Office Greenwood Village, Greenwood Village, CO",https://greystar.wd1.myworkdayjobs.com/External/job/City-Office-Greenwood-Village-Greenwood-Village-CO/Service-Supervisor---Denver_R0199522,blocked,,2026-09-24,0,,workday,Multifamily Property Manager,South Carolina,A,workday:greystar:/job/City-Office-Greenwood-Village-Greenwood-Village-CO/Service-Supervisor---Denver_R0199522
Greystar,Service Supervisor - Eastie 355,"Eastie 355, East Boston, MA",https://greystar.wd1.myworkdayjobs.com/External/job/Eastie-355-East-Boston-MA/Service-Supervisor---Eastie-355_R0198125,blocked,,2026-09-24,0,,workday,Multifamily Property Manager,South Carolina,A,workday:greystar:/job/Eastie-355-East-Boston-MA/Service-Supervisor---Eastie-355_R0198125
Greystar,Service Supervisor - Halden at Red Oak,"Halden at Red Oak, Red Oak, TX",https://greystar.wd1.myworkdayjobs.com/External/job/Halden-at-Red-Oak-Red-Oak-TX/Service-Supervisor---Halden-at-Red-Oak_R0200242,blocked,,2026-09-24,0,,workday,Multifamily Property Manager,South Carolina,A,workday:greystar:/job/Halden-at-Red-Oak-Red-Oak-TX/Service-Supervisor---Halden-at-Red-Oak_R0200242
Greystar,Service Supervisor - Hale Haukani (Student Living),"Hale Haukani, Honolulu, HI",https://greystar.wd1.myworkdayjobs.com/External/job/Hale-Haukani-Honolulu-HI/Service-Supervisor---Hale-Haukani--Student-Living-_R0201492,live,,2026-09-24,0,,workday,Multifamily Property Manager,South Carolina,A,workday:greystar:/job/Hale-Haukani-Honolulu-HI/Service-Supervisor---Hale-Haukani--Student-Living-_R0201492
Greystar,Service Supervisor - Hampton Greens,"Hampton Greens, Bellevue, WA",https://greystar.wd1.myworkdayjobs.com/External/job/Hampton-Greens-Bellevue-WA/Mainteance-Supervisor---Hampton-Greens_R0198650,blocked,,2026-09-24,0,,workday,Multifamily Property Manager,South Carolina,A,workday:greystar:/job/Hampton-Greens-Bellevue-WA/Mainteance-Supervisor---Hampton-Greens_R0198650
Greystar,Service Supervisor - Haven at Arrowhead,"Haven at Arrowhead, Glendale, AZ",https://greystar.wd1.myworkdayjobs.com/External/job/Haven-at-Arrowhead-Glendale-AZ/Service-Supervisor---Haven-at-Arrowhead_R0201970,live,,2026-09-24,0,,workday,Multifamily Property Manager,South Carolina,A,workday:greystar:/job/Haven-at-Arrowhead-Glendale-AZ/Service-Supervisor---Haven-at-Arrowhead_R0201970
Greystar,Service Supervisor - Haven at Midtown,"Haven at Midtown, Phoenix, AZ",https://greystar.wd1.myworkdayjobs.com/External/job/Haven-at-Midtown-Phoenix-AZ/Service-Supervisor---Haven-at-Midtown_R0199729,blocked,,2026-09-24,0,,workday,Multifamily Property Manager,South Carolina,A,workday:greystar:/job/Haven-at-Midtown-Phoenix-AZ/Service-Supervisor---Haven-at-Midtown_R0199729
Greystar,Service Supervisor - Honeysuckle (Student Living),"Honeysuckle Student Apartments, Bloomsburg, PA",https://greystar.wd1.myworkdayjobs.com/External/job/Honeysuckle-Student-Apartments-Bloomsburg-PA/Service-Supervisor---Honeysuckle--Student-Living-_R0199317,blocked,,2026-09-24,0,,workday,Multifamily Property Manager,South Carolina,A,workday:greystar:/job/Honeysuckle-Student-Apartments-Bloomsburg-PA/Service-Supervisor---Honeysuckle--Student-Living-_R0199317
Greystar,Service Supervisor - Hunters Glen,"Hunters Glen (TX), Plano, TX",https://greystar.wd1.myworkdayjobs.com/External/job/Hunters-Glen-TX-Plano-TX/Service-Supervisor---Hunters-Glen_R0199075,live,,2026-09-24,0,,workday,Multifamily Property Manager,South Carolina,A,workday:greystar:/job/Hunters-Glen-TX-Plano-TX/Service-Supervisor---Hunters-Glen_R0199075
Greystar,Service Supervisor - Jefferson Dedham,"Jefferson at Dedham Station, Dedham, MA",https://greystar.wd1.myworkdayjobs.com/External/job/Jefferson-at-Dedham-Station-Dedham-MA/Service-Supervisor---Jefferson-Dedham_R0202044,live,,2026-09-24,0,,workday,Multifamily Property Manager,South Carolina,A,workday:greystar:/job/Jefferson-at-Dedham-Station-Dedham-MA/Service-Supervisor---Jefferson-Dedham_R0202044
Greystar,Service Supervisor - Lantower Midtown,"Lantower Midtown, Dallas, TX",https://greystar.wd1.myworkdayjobs.com/External/job/Lantower-Midtown-Dallas-TX/Service-Supervisor---Lantower-Midtown_R0201555,live,,2026-09-24,0,,workday,Multifamily Property Manager,South Carolina,A,workday:greystar:/job/Lantower-Midtown-Dallas-TX/Service-Supervisor---Lantower-Midtown_R0201555
Greystar,Service Supervisor - Loretto Heights,"Loretto Heights, Denver, CO",https://greystar.wd1.myworkdayjobs.com/External/job/Loretto-Heights-Denver-CO/Service-Supervisor---Loretto-Heights_R0199327,blocked,,2026-09-24,0,,workday,Multifamily Property Manager,South Carolina,A,workday:greystar:/job/Loretto-Heights-Denver-CO/Service-Supervisor---Loretto-Heights_R0199327
Greystar,Service Supervisor - Marlowe Wellington,"Marlowe Wellington, Fort Worth, TX",https://greystar.wd1.myworkdayjobs.com/External/job/Marlowe-Wellington-Fort-Worth-TX/Service-Supervisor---Marlowe-Wellington_R0198821,blocked,,2026-09-24,0,,workday,Multifamily Property Manager,South Carolina,A,workday:greystar:/job/Marlowe-Wellington-Fort-Worth-TX/Service-Supervisor---Marlowe-Wellington_R0198821
Greystar,Service Supervisor - Monarch 716 (Student Living),"Monarch 716, Buffalo, NY",https://greystar.wd1.myworkdayjobs.com/External/job/Monarch-716-Buffalo-NY/Service-Supervisor---Monarch-716--Student-Living-_R0199029,blocked,,2026-09-24,0,,workday,Multifamily Property Manager,South Carolina,A,workday:greystar:/job/Monarch-716-Buffalo-NY/Service-Supervisor---Monarch-716--Student-Living-_R0199029
Greystar,Service Supervisor - Montclair Scottsdale,"Montclair Scottsdale, Scottsdale, AZ",https://greystar.wd1.myworkdayjobs.com/External/job/Montclair-Scottsdale-Scottsdale-AZ/Service-Supervisor---Montclair-Scottsdale_R0196494,blocked,,2026-09-24,0,,workday,Multifamily Property Manager,South Carolina,A,workday:greystar:/job/Montclair-Scottsdale-Scottsdale-AZ/Service-Supervisor---Montclair-Scottsdale_R0196494
Greystar,Service Supervisor - Nash Springs,"Nash Springs Apartments, Colorado Springs, CO",https://greystar.wd1.myworkdayjobs.com/External/job/Nash-Springs-Apartments-Colorado-Springs-CO/Service-Supervisor---Nash-Springs_R0200877-1,blocked,,2026-09-24,0,,workday,Multifamily Property Manager,South Carolina,A,workday:greystar:/job/Nash-Springs-Apartments-Colorado-Springs-CO/Service-Supervisor---Nash-Springs_R0200877-1
Greystar,Service Supervisor - Revel,"Revel (CO), Aurora, CO",https://greystar.wd1.myworkdayjobs.com/External/job/Revel-CO-Aurora-CO/Service-Supervisor---Revel_R0202067-1,live,,2026-09-24,0,,workday,Multifamily Property Manager,South Carolina,A,workday:greystar:/job/Revel-CO-Aurora-CO/Service-Supervisor---Revel_R0202067-1
Greystar,Service Supervisor - Revel,"Revel (CO), Aurora, CO",https://greystar.wd1.myworkdayjobs.com/External/job/Revel-CO-Aurora-CO/Service-Supervisor---Revel_R0201832,live,,2026-09-24,0,,workday,Multifamily Property Manager,South Carolina,A,workday:greystar:/job/Revel-CO-Aurora-CO/Service-Supervisor---Revel_R0201832
Greystar,Service Supervisor - Saiya,"Saiya, Phoenix, AZ",https://greystar.wd1.myworkdayjobs.com/External/job/Saiya-Phoenix-AZ/Service-Supervisor---Saiya_R0201043,blocked,,2026-09-24,0,,workday,Multifamily Property Manager,South Carolina,A,workday:greystar:/job/Saiya-Phoenix-AZ/Service-Supervisor---Saiya_R0201043
Greystar,Service Supervisor - Sorella at Loretta Heights,"Sorella at Loretto Heights, Denver, CO",https://greystar.wd1.myworkdayjobs.com/External/job/Sorella-at-Loretto-Heights-Denver-CO/Service-Supervisor---Sorella-at-Loretta-Heights_R0201628,live,,2026-09-24,0,,workday,Multifamily Property Manager,South Carolina,A,workday:greystar:/job/Sorella-at-Loretto-Heights-Denver-CO/Service-Supervisor---Sorella-at-Loretta-Heights_R0201628
Greystar,Service Supervisor - The Accolade on Chestnut (Student Living),"The Accolade on Chestnut, Philadelphia, PA",https://greystar.wd1.myworkdayjobs.com/External/job/The-Accolade-on-Chestnut-Philadelphia-PA/Service-Supervisor---The-Accolade-on-Chestnut--Student-Living-_R0201557,live,,2026-09-24,0,,workday,Multifamily Property Manager,South Carolina,A,workday:greystar:/job/The-Accolade-on-Chestnut-Philadelphia-PA/Service-Supervisor---The-Accolade-on-Chestnut--Student-Living-_R0201557
Greystar,Service Supervisor - The Grove Greenville (Student Living),"The Grove Greenville, Greenville, NC",https://greystar.wd1.myworkdayjobs.com/External/job/The-Grove-Greenville-Greenville-NC/Service-Supervisor---The-Grove-Greenville--Student-Living-_R0201961,live,,2026-09-24,0,,workday,Multifamily Property Manager,South Carolina,A,workday:greystar:/job/The-Grove-Greenville-Greenville-NC/Service-Supervisor---The-Grove-Greenville--Student-Living-_R0201961
Greystar,Service Supervisor - The Lochley,"The Lochley, Carrollton, TX",https://greystar.wd1.myworkdayjobs.com/External/job/The-Lochley-Carrollton-TX/Service-Supervisor---The-Lochley_R0199376,blocked,,2026-09-24,0,,workday,Multifamily Property Manager,South Carolina,A,workday:greystar:/job/The-Lochley-Carrollton-TX/Service-Supervisor---The-Lochley_R0199376
Greystar,Service Supervisor - Yardly Broadway,"Yardly Broadway, Phoenix, AZ",https://greystar.wd1.myworkdayjobs.com/External/job/Yardly-Broadway-Phoenix-AZ/Service-Supervisor---Yardly-Broadway_R0201041,blocked,,2026-09-24,0,,workday,Multifamily Property Manager,South Carolina,A,workday:greystar:/job/Yardly-Broadway-Phoenix-AZ/Service-Supervisor---Yardly-Broadway_R0201041
Greystar,Service Supervisor- Forge Apartments,"Forge Apartments, Denver, CO",https://greystar.wd1.myworkdayjobs.com/External/job/Forge-Apartments-Denver-CO/Service-Supervisor--Forge-Apartments_R0201116,blocked,,2026-09-24,0,,workday,Multifamily Property Manager,South Carolina,A,workday:greystar:/job/Forge-Apartments-Denver-CO/Service-Supervisor--Forge-Apartments_R0201116
Greystar,Service Supervisor- The Shipwright,"The Shipwright, Lynn, MA",https://greystar.wd1.myworkdayjobs.com/External/job/The-Shipwright-Lynn-MA/Service-Supervisor--The-Shipwright_R0200340,blocked,,2026-09-24,0,,workday,Multifamily Property Manager,South Carolina,A,workday:greystar:/job/The-Shipwright-Lynn-MA/Service-Supervisor--The-Shipwright_R0200340
Greystar,Service Technician - 23Twelve,"23 Twelve Luxe Apartments, Henderson, NV",https://greystar.wd1.myworkdayjobs.com/External/job/23-Twelve-Luxe-Apartments-Henderson-NV/Service-Technician---23Twelve_R0200039,blocked,,2026-09-24,0,,workday,Multifamily Property Manager,South Carolina,A,workday:greystar:/job/23-Twelve-Luxe-Apartments-Henderson-NV/Service-Technician---23Twelve_R0200039
Greystar,Service Technician - 505 Summit,"505 Summit, Jersey City, NJ",https://greystar.wd1.myworkdayjobs.com/External/job/505-Summit-Jersey-City-NJ/Service-Technician---505-Summit_R0192372,blocked,,2026-09-24,0,,workday,Multifamily Property Manager,South Carolina,A,workday:greystar:/job/505-Summit-Jersey-City-NJ/Service-Technician---505-Summit_R0192372
Greystar,Service Technician - 75 Tresser,"75 Tresser, Stamford, CT",https://greystar.wd1.myworkdayjobs.com/External/job/75-Tresser-Stamford-CT/Service-Technician---75-Tresser_R0199381,blocked,,2026-09-24,0,,workday,Multifamily Property Manager,South Carolina,A,workday:greystar:/job/75-Tresser-Stamford-CT/Service-Technician---75-Tresser_R0199381
Greystar,Service Technician - Alexan Gallerie,"Alexan Gallerie, San Diego, CA",https://greystar.wd1.myworkdayjobs.com/External/job/Alexan-Gallerie-San-Diego-CA/Service-Technician---Alexan-Gallerie_R0201994,live,,2026-09-24,0,,workday,Multifamily Property Manager,South Carolina,A,workday:greystar:/job/Alexan-Gallerie-San-Diego-CA/Service-Technician---Alexan-Gallerie_R0201994
Greystar,Service Technician - Alta Nashoba Valley,"Alta Nashoba Valley, Bolton, MA",https://greystar.wd1.myworkdayjobs.com/External/job/Alta-Nashoba-Valley-Bolton-MA/Alta-Nashoba-Valley--US-Service-Tech_R0196226,blocked,,2026-09-24,0,,workday,Multifamily Property Manager,South Carolina,A,workday:greystar:/job/Alta-Nashoba-Valley-Bolton-MA/Alta-Nashoba-Valley--US-Service-Tech_R0196226
Greystar,Service Technician - Alta Riverside,"Alta Riverside, Irving, TX",https://greystar.wd1.myworkdayjobs.com/External/job/Alta-Riverside-Irving-TX/Service-Technician---Jessica-Davis_R0200589,live,,2026-09-24,0,,workday,Multifamily Property Manager,South Carolina,A,workday:greystar:/job/Alta-Riverside-Irving-TX/Service-Technician---Jessica-Davis_R0200589
Greystar,Service Technician - Apiary Residences,"Apiary Residences, Denver, CO",https://greystar.wd1.myworkdayjobs.com/External/job/Apiary-Residences-Denver-CO/Service-Technician---Apiary-Residences_R0198726,live,,2026-09-24,0,,workday,Multifamily Property Manager,South Carolina,A,workday:greystar:/job/Apiary-Residences-Denver-CO/Service-Technician---Apiary-Residences_R0198726
Greystar,Service Technician - Ascend Symmetry at Cadence,"Ascend Symmetry at Cadence, Henderson, NV",https://greystar.wd1.myworkdayjobs.com/External/job/Ascend-Symmetry-at-Cadence-Henderson-NV/Service-Technician---Ascend-Symmetry-at-Cadence_R0202010,live,,2026-09-24,0,,workday,Multifamily Property Manager,South Carolina,A,workday:greystar:/job/Ascend-Symmetry-at-Cadence-Henderson-NV/Service-Technician---Ascend-Symmetry-at-Cadence_R0202010
Greystar,"Service Technician - Aurora, CO","City Office Greenwood Village, Greenwood Village, CO",https://greystar.wd1.myworkdayjobs.com/External/job/City-Office-Greenwood-Village-Greenwood-Village-CO/Service-Technician---Aurora--CO_R0199484,blocked,,2026-09-24,0,,workday,Multifamily Property Manager,South Carolina,A,workday:greystar:/job/City-Office-Greenwood-Village-Greenwood-Village-CO/Service-Technician---Aurora--CO_R0199484
Greystar,Service Technician - Aurum,"Aurum, Irvine, CA",https://greystar.wd1.myworkdayjobs.com/External/job/Aurum-Irvine-CA/Service-Technician---Aurum_R0198587-1,blocked,,2026-09-24,0,,workday,Multifamily Property Manager,South Carolina,A,workday:greystar:/job/Aurum-Irvine-CA/Service-Technician---Aurum_R0198587-1
Greystar,Service Technician - Avana Gilbert,"Avana Gilbert, Gilbert, AZ",https://greystar.wd1.myworkdayjobs.com/External/job/Avana-Gilbert-Gilbert-AZ/Service-Technician---Avana-Gilbert_R0198592,blocked,,2026-09-24,0,,workday,Multifamily Property Manager,South Carolina,A,workday:greystar:/job/Avana-Gilbert-Gilbert-AZ/Service-Technician---Avana-Gilbert_R0198592
Greystar,Service Technician - Avana Springs,"Avana Springs, Corona, CA",https://greystar.wd1.myworkdayjobs.com/External/job/Avana-Springs-Corona-CA/Service-Technician---Avana-Springs_R0196916,blocked,,2026-09-24,0,,workday,Multifamily Property Manager,South Carolina,A,workday:greystar:/job/Avana-Springs-Corona-CA/Service-Technician---Avana-Springs_R0196916
Greystar,Service Technician - Avana Tempe,"Avana Tempe, Tempe, AZ",https://greystar.wd1.myworkdayjobs.com/External/job/Avana-Tempe-Tempe-AZ/Service-Technician---Avana-Tempe_R0201496,blocked,,2026-09-24,0,,workday,Multifamily Property Manager,South Carolina,A,workday:greystar:/job/Avana-Tempe-Tempe-AZ/Service-Technician---Avana-Tempe_R0201496
Greystar,Service Technician - Bardin Greene,"Bardin Greene, Arlington, TX",https://greystar.wd1.myworkdayjobs.com/External/job/Bardin-Greene-Arlington-TX/Service-Technician---Bardin-Greene_R0200424,blocked,,2026-09-24,0,,workday,Multifamily Property Manager,South Carolina,A,workday:greystar:/job/Bardin-Greene-Arlington-TX/Service-Technician---Bardin-Greene_R0200424
Greystar,Service Technician - Beacon 85,"Beacon 85, Lakewood, CO",https://greystar.wd1.myworkdayjobs.com/External/job/Beacon-85-Lakewood-CO/Service-Technician---Beacon-85_R0201476,live,,2026-09-24,0,,workday,Multifamily Property Manager,South Carolina,A,workday:greystar:/job/Beacon-85-Lakewood-CO/Service-Technician---Beacon-85_R0201476
Greystar,Service Technician - Benton Pointe,"Benton Pointe, Allen, TX",https://greystar.wd1.myworkdayjobs.com/External/job/Benton-Pointe-Allen-TX/Service-Technician---Benton-Pointe_R0201141-1,blocked,,2026-09-24,0,,workday,Multifamily Property Manager,South Carolina,A,workday:greystar:/job/Benton-Pointe-Allen-TX/Service-Technician---Benton-Pointe_R0201141-1
Greystar,Service Technician - Birchway Sanger,"Birchway Sanger, Sanger, TX",https://greystar.wd1.myworkdayjobs.com/External/job/Birchway-Sanger-Sanger-TX/Service-Technician---Birchway-Sanger_R0199832,blocked,,2026-09-24,0,,workday,Multifamily Property Manager,South Carolina,A,workday:greystar:/job/Birchway-Sanger-Sanger-TX/Service-Technician---Birchway-Sanger_R0199832
Greystar,Service Technician - Block 75 (Student Living),"Block 75, Albany, NY",https://greystar.wd1.myworkdayjobs.com/External/job/Block-75-Albany-NY/Service-Technician---Block-75--Student-Living-_R0200830,blocked,,2026-09-24,0,,workday,Multifamily Property Manager,South Carolina,A,workday:greystar:/job/Block-75-Albany-NY/Service-Technician---Block-75--Student-Living-_R0200830
Greystar,Service Technician - Broadstone Arden,"Broadstone Arden, Santa Ana, CA",https://greystar.wd1.myworkdayjobs.com/External/job/Broadstone-Arden-Santa-Ana-CA/Service-Technician---Broadstone-Arden_R0193958,blocked,,2026-09-24,0,,workday,Multifamily Property Manager,South Carolina,A,workday:greystar:/job/Broadstone-Arden-Santa-Ana-CA/Service-Technician---Broadstone-Arden_R0193958
Greystar,Service Technician - Broadstone Ascend,"Broadstone Ascend, Avondale, AZ",https://greystar.wd1.myworkdayjobs.com/External/job/Broadstone-Ascend-Avondale-AZ/Service-Technician---Broadstone-Ascend_R0201498,blocked,,2026-09-24,0,,workday,Multifamily Property Manager,South Carolina,A,workday:greystar:/job/Broadstone-Ascend-Avondale-AZ/Service-Technician---Broadstone-Ascend_R0201498
Greystar,Service Technician - Broadstone Soren,"Broadstone Soren, San Diego, CA",https://greystar.wd1.myworkdayjobs.com/External/job/Broadstone-Soren-San-Diego-CA/Service-Technician---Broadstone-Soren_R0199519,blocked,,2026-09-24,0,,workday,Multifamily Property Manager,South Carolina,A,workday:greystar:/job/Broadstone-Soren-San-Diego-CA/Service-Technician---Broadstone-Soren_R0199519
Greystar,Service Technician - Broadstone Sterling Ranch,"Broadstone Sterling Ranch, Littleton, CO",https://greystar.wd1.myworkdayjobs.com/External/job/Broadstone-Sterling-Ranch-Littleton-CO/Service-Technician---Broadstone-Sterling-Ranch_R0197947,blocked,,2026-09-24,0,,workday,Multifamily Property Manager,South Carolina,A,workday:greystar:/job/Broadstone-Sterling-Ranch-Littleton-CO/Service-Technician---Broadstone-Sterling-Ranch_R0197947
Greystar,Service Technician - Broadview at Vanderbilt (Student Living),"The Broadview at Vanderbilt, Nashville, TN",https://greystar.wd1.myworkdayjobs.com/External/job/The-Broadview-at-Vanderbilt-Nashville-TN/Service-Technician---Broadview-at-Vanderbilt--Student-Living-_R0200832-1,blocked,,2026-09-24,0,,workday,Multifamily Property Manager,South Carolina,A,workday:greystar:/job/The-Broadview-at-Vanderbilt-Nashville-TN/Service-Technician---Broadview-at-Vanderbilt--Student-Living-_R0200832-1
Greystar,Service Technician - Canterbury Courts,"Canterbury Courts, Richardson, TX",https://greystar.wd1.myworkdayjobs.com/External/job/Canterbury-Courts-Richardson-TX/Service-Technician---Canterbury-Courts_R0198532,blocked,,2026-09-24,0,,workday,Multifamily Property Manager,South Carolina,A,workday:greystar:/job/Canterbury-Courts-Richardson-TX/Service-Technician---Canterbury-Courts_R0198532
Greystar,Service Technician - Casona,"Casona, Grand Prairie, TX",https://greystar.wd1.myworkdayjobs.com/External/job/Casona-Grand-Prairie-TX/Service-Technician---Casona_R0198410,blocked,,2026-09-24,0,,workday,Multifamily Property Manager,South Carolina,A,workday:greystar:/job/Casona-Grand-Prairie-TX/Service-Technician---Casona_R0198410
Greystar,Service Technician - Citadel,"Citadel at Castle Pines, Castle Pines, CO",https://greystar.wd1.myworkdayjobs.com/External/job/Citadel-at-Castle-Pines-Castle-Pines-CO/Service-Technician---Citadel_R0199874-1,live,,2026-09-24,0,,workday,Multifamily Property Manager,South Carolina,A,workday:greystar:/job/Citadel-at-Castle-Pines-Castle-Pines-CO/Service-Technician---Citadel_R0199874-1
Greystar,Service Technician - Creekside at Highlands Ranch,"Creekside at Highlands Ranch, Highlands Ranch, CO",https://greystar.wd1.myworkdayjobs.com/External/job/Creekside-at-Highlands-Ranch-Highlands-Ranch-CO/Service-Technician---Creekside-at-Highlands-Ranch_R0201478,blocked,,2026-09-24,0,,workday,Multifamily Property Manager,South Carolina,A,workday:greystar:/job/Creekside-at-Highlands-Ranch-Highlands-Ranch-CO/Service-Technician---Creekside-at-Highlands-Ranch_R0201478
Greystar,Service Technician - Domain Benbrook,"Domain Benbrook, Benbrook, TX",https://greystar.wd1.myworkdayjobs.com/External/job/Domain-Benbrook-Benbrook-TX/Service-Technician---Domain-Benbrook_R0201391,blocked,,2026-09-24,0,,workday,Multifamily Property Manager,South Carolina,A,workday:greystar:/job/Domain-Benbrook-Benbrook-TX/Service-Technician---Domain-Benbrook_R0201391
Greystar,Service Technician - Edison,"City Office Greenwood Village, Greenwood Village, CO",https://greystar.wd1.myworkdayjobs.com/External/job/City-Office-Greenwood-Village-Greenwood-Village-CO/Service-Technician---Elevon_R0200785,blocked,,2026-09-24,0,,workday,Multifamily Property Manager,South Carolina,A,workday:greystar:/job/City-Office-Greenwood-Village-Greenwood-Village-CO/Service-Technician---Elevon_R0200785
Greystar,Service Technician - Edison,"City Office Greenwood Village, Greenwood Village, CO",https://greystar.wd1.myworkdayjobs.com/External/job/City-Office-Greenwood-Village-Greenwood-Village-CO/Service-Technician---Elevon_R0200787,blocked,,2026-09-24,0,,workday,Multifamily Property Manager,South Carolina,A,workday:greystar:/job/City-Office-Greenwood-Village-Greenwood-Village-CO/Service-Technician---Elevon_R0200787
Greystar,Service Technician - Envii,"ENVii, Tucson, AZ",https://greystar.wd1.myworkdayjobs.com/External/job/ENVii-Tucson-AZ/Service-Technician---Envii_R0201567,live,,2026-09-24,0,,workday,Multifamily Property Manager,South Carolina,A,workday:greystar:/job/ENVii-Tucson-AZ/Service-Technician---Envii_R0201567
Greystar,Service Technician - Esteban Park,"Esteban Park, Phoenix, AZ",https://greystar.wd1.myworkdayjobs.com/External/job/Esteban-Park-Phoenix-AZ/Service-Technician---Esteban-Park_R0201558,live,,2026-09-24,0,,workday,Multifamily Property Manager,South Carolina,A,workday:greystar:/job/Esteban-Park-Phoenix-AZ/Service-Technician---Esteban-Park_R0201558
Greystar,Service Technician - Gateway at Tempe (Student Living),"Gateway at Tempe, Tempe, AZ",https://greystar.wd1.myworkdayjobs.com/External/job/Gateway-at-Tempe-Tempe-AZ/Service-Technician---Gateway-at-Tempe--Student-Living-_R0198714,blocked,,2026-09-24,0,,workday,Multifamily Property Manager,South Carolina,A,workday:greystar:/job/Gateway-at-Tempe-Tempe-AZ/Service-Technician---Gateway-at-Tempe--Student-Living-_R0198714
Greystar,Service Technician - Hale Haukani (Student Living),"Hale Haukani, Honolulu, HI",https://greystar.wd1.myworkdayjobs.com/External/job/Hale-Haukani-Honolulu-HI/Service-Technician---Hale-Haukani--Student-Living-_R0201773,live,,2026-09-24,0,,workday,Multifamily Property Manager,South Carolina,A,workday:greystar:/job/Hale-Haukani-Honolulu-HI/Service-Technician---Hale-Haukani--Student-Living-_R0201773
Greystar,Service Technician - Hunters Glen,"Hunters Glen (TX), Plano, TX",https://greystar.wd1.myworkdayjobs.com/External/job/Hunters-Glen-TX-Plano-TX/Service-Technician---Hunters-Glen_R0201626,live,,2026-09-24,0,,workday,Multifamily Property Manager,South Carolina,A,workday:greystar:/job/Hunters-Glen-TX-Plano-TX/Service-Technician---Hunters-Glen_R0201626
Greystar,Service Technician - Lakeview Towers,"Lakeview Towers at Belmar, Lakewood, CO",https://greystar.wd1.myworkdayjobs.com/External/job/Lakeview-Towers-at-Belmar-Lakewood-CO/Service-Technician---Lakeview-Towers_R0196185-2,blocked,,2026-09-24,0,,workday,Multifamily Property Manager,South Carolina,A,workday:greystar:/job/Lakeview-Towers-at-Belmar-Lakewood-CO/Service-Technician---Lakeview-Towers_R0196185-2
Greystar,Service Technician - Lakeview Towers at Belmar,"Lakeview Towers at Belmar, Lakewood, CO",https://greystar.wd1.myworkdayjobs.com/External/job/Lakeview-Towers-at-Belmar-Lakewood-CO/Service-Technician---Lakeview-Towers-at-Belmar_R0197741,blocked,,2026-09-24,0,,workday,Multifamily Property Manager,South Carolina,A,workday:greystar:/job/Lakeview-Towers-at-Belmar-Lakewood-CO/Service-Technician---Lakeview-Towers-at-Belmar_R0197741
Greystar,Service Technician - Lantower Legacy Lakes,"Lantower Legacy Lakes, Lewisville, TX",https://greystar.wd1.myworkdayjobs.com/External/job/Lantower-Legacy-Lakes-Lewisville-TX/Service-Technician---Lantower-Legacy-Lakes_R0199797-1,blocked,,2026-09-24,0,,workday,Multifamily Property Manager,South Carolina,A,workday:greystar:/job/Lantower-Legacy-Lakes-Lewisville-TX/Service-Technician---Lantower-Legacy-Lakes_R0199797-1
Greystar,Service Technician - Lariat,"Lariat, Greeley, CO",https://greystar.wd1.myworkdayjobs.com/External/job/Lariat-Greeley-CO/Part-time-Service-Technician---Lariat_R0200077-1,blocked,,2026-09-24,0,,workday,Multifamily Property Manager,South Carolina,A,workday:greystar:/job/Lariat-Greeley-CO/Part-time-Service-Technician---Lariat_R0200077-1
Greystar,Service Technician - Latitude Magnolia,"Latitude Magnolia, Aubrey, TX",https://greystar.wd1.myworkdayjobs.com/External/job/Latitude-Magnolia-Aubrey-TX/Service-Technician---Latitude-Magnolia_R0200348,blocked,,2026-09-24,0,,workday,Multifamily Property Manager,South Carolina,A,workday:greystar:/job/Latitude-Magnolia-Aubrey-TX/Service-Technician---Latitude-Magnolia_R0200348
Greystar,Service Technician - Limestone Park - Student Living,"Limestone Park I & II, Lexington, KY",https://greystar.wd1.myworkdayjobs.com/External/job/Limestone-Park-I--II-Lexington-KY/Service-Technician---Limestone-Park---Student-Living_R0198629,blocked,,2026-09-24,0,,workday,Multifamily Property Manager,South Carolina,A,workday:greystar:/job/Limestone-Park-I--II-Lexington-KY/Service-Technician---Limestone-Park---Student-Living_R0198629
Greystar,Service Technician - Lowry Park,"Lowry Park, Denver, CO",https://greystar.wd1.myworkdayjobs.com/External/job/Lowry-Park-Denver-CO/Service-Technician---Lowry-Park_R0200029,blocked,,2026-09-24,0,,workday,Multifamily Property Manager,South Carolina,A,workday:greystar:/job/Lowry-Park-Denver-CO/Service-Technician---Lowry-Park_R0200029
Greystar,Service Technician - Marlowe Centennial Hills,"Marlowe Centennial Hills, Las Vegas, NV",https://greystar.wd1.myworkdayjobs.com/External/job/Marlowe-Centennial-Hills-Las-Vegas-NV/Service-Technician---Marlowe-Centennial-Hills_R0199264,blocked,,2026-09-24,0,,workday,Multifamily Property Manager,South Carolina,A,workday:greystar:/job/Marlowe-Centennial-Hills-Las-Vegas-NV/Service-Technician---Marlowe-Centennial-Hills_R0199264
Greystar,Service Technician - Milo Block C,"Milo Block C North, San Marcos, CA",https://greystar.wd1.myworkdayjobs.com/External/job/Milo-Block-C-North-San-Marcos-CA/Service-Technician---Milo-Block-C_R0202003,live,,2026-09-24,0,,workday,Multifamily Property Manager,South Carolina,A,workday:greystar:/job/Milo-Block-C-North-San-Marcos-CA/Service-Technician---Milo-Block-C_R0202003
Greystar,Service Technician - Monterey Village,"Monterey Village (AZ), Phoenix, AZ",https://greystar.wd1.myworkdayjobs.com/External/job/Monterey-Village-AZ-Phoenix-AZ/Service-Technician---Monterey-Village_R0198841,blocked,,2026-09-24,0,,workday,Multifamily Property Manager,South Carolina,A,workday:greystar:/job/Monterey-Village-AZ-Phoenix-AZ/Service-Technician---Monterey-Village_R0198841
Greystar,Service Technician - Novi at Lowry,"Novi at Lowry, Denver, CO",https://greystar.wd1.myworkdayjobs.com/External/job/Novi-at-Lowry-Denver-CO/Service-Technician---Novi-at-Lowry_R0198273,live,,2026-09-24,0,,workday,Multifamily Property Manager,South Carolina,A,workday:greystar:/job/Novi-at-Lowry-Denver-CO/Service-Technician---Novi-at-Lowry_R0198273
Greystar,Service Technician - Olivine,"Olivine, Phoenix, AZ",https://greystar.wd1.myworkdayjobs.com/External/job/Olivine-Phoenix-AZ/Service-Technician---Olivine_R0200053,blocked,,2026-09-24,0,,workday,Multifamily Property Manager,South Carolina,A,workday:greystar:/job/Olivine-Phoenix-AZ/Service-Technician---Olivine_R0200053
Greystar,Service Technician - One Paseo,"One Paseo, San Diego, CA",https://greystar.wd1.myworkdayjobs.com/External/job/One-Paseo-San-Diego-CA/Service-Technician---One-Paseo_R0196676,blocked,,2026-09-24,0,,workday,Multifamily Property Manager,South Carolina,A,workday:greystar:/job/One-Paseo-San-Diego-CA/Service-Technician---One-Paseo_R0196676
Greystar,Service Technician - Promenade Place,"Promenade Place, Greenwood Village, CO",https://greystar.wd1.myworkdayjobs.com/External/job/Promenade-Place-Greenwood-Village-CO/Senior-Service-Technician---Promenade-Place_R0198993,blocked,,2026-09-24,0,,workday,Multifamily Property Manager,South Carolina,A,workday:greystar:/job/Promenade-Place-Greenwood-Village-CO/Senior-Service-Technician---Promenade-Place_R0198993
Greystar,Service Technician - Rafferty,"Rafferty, Santa Ana, CA",https://greystar.wd1.myworkdayjobs.com/External/job/Rafferty-Santa-Ana-CA/Service-Technician---Rafferty_R0201644,live,,2026-09-24,0,,workday,Multifamily Property Manager,South Carolina,A,workday:greystar:/job/Rafferty-Santa-Ana-CA/Service-Technician---Rafferty_R0201644
Greystar,Service Technician - Reflections on 92nd,"Reflections on 92nd, Westminster, CO",https://greystar.wd1.myworkdayjobs.com/External/job/Reflections-on-92nd-Westminster-CO/Service-Technician---Reflections-on-92nd_R0198725-1,live,,2026-09-24,0,,workday,Multifamily Property Manager,South Carolina,A,workday:greystar:/job/Reflections-on-92nd-Westminster-CO/Service-Technician---Reflections-on-92nd_R0198725-1
Greystar,Service Technician - Renaissance at Preston Hollow,"Renaissance at Preston Hollow, Dallas, TX",https://greystar.wd1.myworkdayjobs.com/External/job/Renaissance-at-Preston-Hollow-Dallas-TX/Service-Technician---Renaissance-at-Preston-Hollow_R0197512,blocked,,2026-09-24,0,,workday,Multifamily Property Manager,South Carolina,A,workday:greystar:/job/Renaissance-at-Preston-Hollow-Dallas-TX/Service-Technician---Renaissance-at-Preston-Hollow_R0197512
Greystar,Service Technician - Republic House at Frisco Bridges,"Republic House at Frisco Bridges, Frisco, TX",https://greystar.wd1.myworkdayjobs.com/External/job/Republic-House-at-Frisco-Bridges-Frisco-TX/Service-Technician---Republic-House-at-Frisco-Bridges_R0201593,live,,2026-09-24,0,,workday,Multifamily Property Manager,South Carolina,A,workday:greystar:/job/Republic-House-at-Frisco-Bridges-Frisco-TX/Service-Technician---Republic-House-at-Frisco-Bridges_R0201593
Greystar,Service Technician - Revival on Platte,"Revival on Platte, Denver, CO",https://greystar.wd1.myworkdayjobs.com/External/job/Revival-on-Platte-Denver-CO/Service-Technician---Revival-on-Platte_R0196925,blocked,,2026-09-24,0,,workday,Multifamily Property Manager,South Carolina,A,workday:greystar:/job/Revival-on-Platte-Denver-CO/Service-Technician---Revival-on-Platte_R0196925
Greystar,Service Technician - Ridge at Clear Creek (Student Living),"The Ridge at Clear Creek, Flagstaff, AZ",https://greystar.wd1.myworkdayjobs.com/External/job/The-Ridge-at-Clear-Creek-Flagstaff-AZ/Service-Technician---Ridge-at-Clear-Creek--Student-Living-_R0199307,blocked,,2026-09-24,0,,workday,Multifamily Property Manager,South Carolina,A,workday:greystar:/job/The-Ridge-at-Clear-Creek-Flagstaff-AZ/Service-Technician---Ridge-at-Clear-Creek--Student-Living-_R0199307
Greystar,Service Technician - Riverwood at New Canaan,"Riverwood at New Canaan, New Canaan, CT",https://greystar.wd1.myworkdayjobs.com/External/job/Riverwood-at-New-Canaan-New-Canaan-CT/Service-Technician---Riverwood-at-New-Canaan_R0198547,blocked,,2026-09-24,0,,workday,Multifamily Property Manager,South Carolina,A,workday:greystar:/job/Riverwood-at-New-Canaan-New-Canaan-CT/Service-Technician---Riverwood-at-New-Canaan_R0198547
Greystar,Service Technician - Riviera at West Village,"Riviera at West Village, Dallas, TX",https://greystar.wd1.myworkdayjobs.com/External/job/Riviera-at-West-Village-Dallas-TX/Service-Technician---Riviera-at-West-Village_R0201600,live,,2026-09-24,0,,workday,Multifamily Property Manager,South Carolina,A,workday:greystar:/job/Riviera-at-West-Village-Dallas-TX/Service-Technician---Riviera-at-West-Village_R0201600
Greystar,Service Technician - Rye Central Park,"RYE Central Park, Denver, CO",https://greystar.wd1.myworkdayjobs.com/External/job/RYE-Central-Park-Denver-CO/Service-Technician---Rye-Central-Park_R0199338,blocked,,2026-09-24,0,,workday,Multifamily Property Manager,South Carolina,A,workday:greystar:/job/RYE-Central-Park-Denver-CO/Service-Technician---Rye-Central-Park_R0199338
Greystar,Service Technician - Saratoga,"Saratoga (TX), Lewisville, TX",https://greystar.wd1.myworkdayjobs.com/External/job/Saratoga-TX-Lewisville-TX/Service-Technician---Saratoga_R0196824,blocked,,2026-09-24,0,,workday,Multifamily Property Manager,South Carolina,A,workday:greystar:/job/Saratoga-TX-Lewisville-TX/Service-Technician---Saratoga_R0196824
Greystar,Service Technician - Serenity,"Serenity, Boston, MA",https://greystar.wd1.myworkdayjobs.com/External/job/Serenity-Boston-MA/Service-Technician---Serenity_R0197517,blocked,,2026-09-24,0,,workday,Multifamily Property Manager,South Carolina,A,workday:greystar:/job/Serenity-Boston-MA/Service-Technician---Serenity_R0197517
Greystar,Service Technician - Siena Apartments,"Siena Apartments, Fort Worth, TX",https://greystar.wd1.myworkdayjobs.com/External/job/Siena-Apartments-Fort-Worth-TX/Service-Technician---Siena-Apartments_R0201355,live,,2026-09-24,0,,workday,Multifamily Property Manager,South Carolina,A,workday:greystar:/job/Siena-Apartments-Fort-Worth-TX/Service-Technician---Siena-Apartments_R0201355
Greystar,Service Technician - Solace at The Ranch,"City Office Greenwood Village, Greenwood Village, CO",https://greystar.wd1.myworkdayjobs.com/External/job/City-Office-Greenwood-Village-Greenwood-Village-CO/Service-Technician---Solace-at-The-Ranch_R0202120,live,,2026-09-24,0,,workday,Multifamily Property Manager,South Carolina,A,workday:greystar:/job/City-Office-Greenwood-Village-Greenwood-Village-CO/Service-Technician---Solace-at-The-Ranch_R0202120
Greystar,Service Technician - Sorella at Loretta Heights,"Sorella at Loretto Heights, Denver, CO",https://greystar.wd1.myworkdayjobs.com/External/job/Sorella-at-Loretto-Heights-Denver-CO/Service-Technician---Sorella-at-Loretta-Heights_R0202116,live,,2026-09-24,0,,workday,Multifamily Property Manager,South Carolina,A,workday:greystar:/job/Sorella-at-Loretto-Heights-Denver-CO/Service-Technician---Sorella-at-Loretta-Heights_R0202116
Greystar,Service Technician - Station 21,"Station 21, Mesa, AZ",https://greystar.wd1.myworkdayjobs.com/External/job/Station-21-Mesa-AZ/Service-Technician---Station-21_R0198837,blocked,,2026-09-24,0,,workday,Multifamily Property Manager,South Carolina,A,workday:greystar:/job/Station-21-Mesa-AZ/Service-Technician---Station-21_R0198837
Greystar,Service Technician - Stone Gate,"Stone Gate, Marlborough, MA",https://greystar.wd1.myworkdayjobs.com/External/job/Stone-Gate-Marlborough-MA/Service-Technician---Stone-Gate_R0194305,blocked,,2026-09-24,0,,workday,Multifamily Property Manager,South Carolina,A,workday:greystar:/job/Stone-Gate-Marlborough-MA/Service-Technician---Stone-Gate_R0194305
Greystar,Service Technician - Summerwell Peoria Place,"Summerwell Peoria Place, Peoria, AZ",https://greystar.wd1.myworkdayjobs.com/External/job/Summerwell-Peoria-Place-Peoria-AZ/Service-Technician---Summerwell-Peoria-Place_R0201042,blocked,,2026-09-24,0,,workday,Multifamily Property Manager,South Carolina,A,workday:greystar:/job/Summerwell-Peoria-Place-Peoria-AZ/Service-Technician---Summerwell-Peoria-Place_R0201042
Greystar,Service Technician - Summit Place (Student Living),"Summit Place (SC), Charleston, SC",https://greystar.wd1.myworkdayjobs.com/External/job/Summit-Place-SC-Charleston-SC/Service-Technician---Summit-Place--Student-Living-_R0198333-1,blocked,,2026-09-24,0,,workday,Multifamily Property Manager,South Carolina,A,workday:greystar:/job/Summit-Place-SC-Charleston-SC/Service-Technician---Summit-Place--Student-Living-_R0198333-1
Greystar,Service Technician - Tava Waters,"TAVA Waters, Denver, CO",https://greystar.wd1.myworkdayjobs.com/External/job/TAVA-Waters-Denver-CO/Service-Technician---Tava-Waters_R0200851,blocked,,2026-09-24,0,,workday,Multifamily Property Manager,South Carolina,A,workday:greystar:/job/TAVA-Waters-Denver-CO/Service-Technician---Tava-Waters_R0200851
Greystar,Service Technician - The Brook,"The Brook (TX), Frisco, TX",https://greystar.wd1.myworkdayjobs.com/External/job/The-Brook-TX-Frisco-TX/Service-Technician---The-Brook_R0192760,blocked,,2026-09-24,0,,workday,Multifamily Property Manager,South Carolina,A,workday:greystar:/job/The-Brook-TX-Frisco-TX/Service-Technician---The-Brook_R0192760
Greystar,Service Technician - The Buckley,"The Buckley, Plano, TX",https://greystar.wd1.myworkdayjobs.com/External/job/The-Buckley-Plano-TX/Service-Technician---The-Buckley_R0197206,blocked,,2026-09-24,0,,workday,Multifamily Property Manager,South Carolina,A,workday:greystar:/job/The-Buckley-Plano-TX/Service-Technician---The-Buckley_R0197206
Greystar,Service Technician - The Cortona,"The Cortona, Fairview, TX",https://greystar.wd1.myworkdayjobs.com/External/job/The-Cortona-Fairview-TX/Service-Technician---The-Cortona_R0199132,blocked,,2026-09-24,0,,workday,Multifamily Property Manager,South Carolina,A,workday:greystar:/job/The-Cortona-Fairview-TX/Service-Technician---The-Cortona_R0199132
Greystar,Service Technician - The Dylan,"The Dylan (TX), Dallas, TX",https://greystar.wd1.myworkdayjobs.com/External/job/The-Dylan-TX-Dallas-TX/Service-Technician---The-Dylan_R0201095,blocked,,2026-09-24,0,,workday,Multifamily Property Manager,South Carolina,A,workday:greystar:/job/The-Dylan-TX-Dallas-TX/Service-Technician---The-Dylan_R0201095
Greystar,Service Technician - The Eliot on Ocean,"The Eliot on Ocean, Revere, MA",https://greystar.wd1.myworkdayjobs.com/External/job/The-Eliot-on-Ocean-Revere-MA/Service-Technician---The-Eliot-on-Ocean_R0200384,blocked,,2026-09-24,0,,workday,Multifamily Property Manager,South Carolina,A,workday:greystar:/job/The-Eliot-on-Ocean-Revere-MA/Service-Technician---The-Eliot-on-Ocean_R0200384
Greystar,Service Technician - The Fairways at Raccoon Creek,"The Fairways At Raccoon Creek, Littleton, CO",https://greystar.wd1.myworkdayjobs.com/External/job/The-Fairways-At-Raccoon-Creek-Littleton-CO/Service-Technician---The-Fairways-at-Raccoon-Creek_R0200377-1,blocked,,2026-09-24,0,,workday,Multifamily Property Manager,South Carolina,A,workday:greystar:/job/The-Fairways-At-Raccoon-Creek-Littleton-CO/Service-Technician---The-Fairways-at-Raccoon-Creek_R0200377-1
Greystar,Service Technician - The Kincaid at Legacy,"The Kincaid at Legacy, Plano, TX",https://greystar.wd1.myworkdayjobs.com/External/job/The-Kincaid-at-Legacy-Plano-TX/Service-Technician---The-Kincaid-at-Legacy_R0197172,blocked,,2026-09-24,0,,workday,Multifamily Property Manager,South Carolina,A,workday:greystar:/job/The-Kincaid-at-Legacy-Plano-TX/Service-Technician---The-Kincaid-at-Legacy_R0197172
Greystar,Service Technician - The Lyndon,"The Lyndon, Irving, TX",https://greystar.wd1.myworkdayjobs.com/External/job/The-Lyndon-Irving-TX/Service-Technician---The-Lyndon_R0200809,blocked,,2026-09-24,0,,workday,Multifamily Property Manager,South Carolina,A,workday:greystar:/job/The-Lyndon-Irving-TX/Service-Technician---The-Lyndon_R0200809
Greystar,Service Technician - The Madison at Marshfield,"The Madison at Marshfield, Marshfield, MA",https://greystar.wd1.myworkdayjobs.com/External/job/The-Madison-at-Marshfield-Marshfield-MA/US-Service-Technician---The-Madison-at-Marshfiled_R0197332,live,,2026-09-24,0,,workday,Multifamily Property Manager,South Carolina,A,workday:greystar:/job/The-Madison-at-Marshfield-Marshfield-MA/US-Service-Technician---The-Madison-at-Marshfiled_R0197332
Greystar,Service Technician - The Madison at Stetson Hills,"The Madison at Stetson Hills, Colorado Springs, CO",https://greystar.wd1.myworkdayjobs.com/External/job/The-Madison-at-Stetson-Hills-Colorado-Springs-CO/Service-Technician---The-Madison-at-Stetson-Hills_R0200278-1,blocked,,2026-09-24,0,,workday,Multifamily Property Manager,South Carolina,A,workday:greystar:/job/The-Madison-at-Stetson-Hills-Colorado-Springs-CO/Service-Technician---The-Madison-at-Stetson-Hills_R0200278-1
Greystar,Service Technician - The Marek North,"The Marek North, Lebanon, NH",https://greystar.wd1.myworkdayjobs.com/External/job/The-Marek-North-Lebanon-NH/Service-Technician---The-Marek-North_R0198636,blocked,,2026-09-24,0,,workday,Multifamily Property Manager,South Carolina,A,workday:greystar:/job/The-Marek-North-Lebanon-NH/Service-Technician---The-Marek-North_R0198636
Greystar,Service Technician - The Parson,"The Parson, Denver, CO",https://greystar.wd1.myworkdayjobs.com/External/job/The-Parson-Denver-CO/Service-Technician---The-Parson_R0197744,blocked,,2026-09-24,0,,workday,Multifamily Property Manager,South Carolina,A,workday:greystar:/job/The-Parson-Denver-CO/Service-Technician---The-Parson_R0197744
Greystar,Service Technician - The Varsity (Student Living),"The Varsity (MD), College Park, MD",https://greystar.wd1.myworkdayjobs.com/External/job/The-Varsity-MD-College-Park-MD/Service-Technician---The-Varsity--Student-Living-_R0201540,live,,2026-09-24,0,,workday,Multifamily Property Manager,South Carolina,A,workday:greystar:/job/The-Varsity-MD-College-Park-MD/Service-Technician---The-Varsity--Student-Living-_R0201540
Greystar,Service Technician - The yoU (Student Living),"The yoU, Las Vegas, NV",https://greystar.wd1.myworkdayjobs.com/External/job/The-yoU-Las-Vegas-NV/Service-Technician---The-yoU--Student-Living-_R0201133,blocked,,2026-09-24,0,,workday,Multifamily Property Manager,South Carolina,A,workday:greystar:/job/The-yoU-Las-Vegas-NV/Service-Technician---The-yoU--Student-Living-_R0201133
Greystar,Service Technician - Tinker on Forty8,"Tinker on Forty8, Oklahoma City, OK",https://greystar.wd1.myworkdayjobs.com/External/job/Tinker-on-Forty8-Oklahoma-City-OK/Service-Technician---Tinker-on-Forty8_R0201160,blocked,,2026-09-24,0,,workday,Multifamily Property Manager,South Carolina,A,workday:greystar:/job/Tinker-on-Forty8-Oklahoma-City-OK/Service-Technician---Tinker-on-Forty8_R0201160
Greystar,Service Technician - Tower701 (Student Living),"Tower701, Syracuse, NY",https://greystar.wd1.myworkdayjobs.com/External/job/Tower701-Syracuse-NY/Service-Technician---Tower701--Student-Living-_R0200910,blocked,,2026-09-24,0,,workday,Multifamily Property Manager,South Carolina,A,workday:greystar:/job/Tower701-Syracuse-NY/Service-Technician---Tower701--Student-Living-_R0200910
Greystar,Service Technician - TwentyOne 01 on Market,"TwentyOne01 on Market, Denver, CO",https://greystar.wd1.myworkdayjobs.com/External/job/TwentyOne01-on-Market-Denver-CO/Service-Technician---TwentyOne-01-on-Market_R0201474,blocked,,2026-09-24,0,,workday,Multifamily Property Manager,South Carolina,A,workday:greystar:/job/TwentyOne01-on-Market-Denver-CO/Service-Technician---TwentyOne-01-on-Market_R0201474
Greystar,Service Technician - Union Chapel Hill (Student Living),"Union Chapel Hill, Chapel Hill, NC",https://greystar.wd1.myworkdayjobs.com/External/job/Union-Chapel-Hill-Chapel-Hill-NC/Service-Technician---Union-Chapel-Hill--Student-Living-_R0200779,blocked,,2026-09-24,0,,workday,Multifamily Property Manager,South Carolina,A,workday:greystar:/job/Union-Chapel-Hill-Chapel-Hill-NC/Service-Technician---Union-Chapel-Hill--Student-Living-_R0200779
Greystar,Service Technician - Union on Knox (Student Living),"Union on Knox, College Park, MD",https://greystar.wd1.myworkdayjobs.com/External/job/Union-on-Knox-College-Park-MD/Service-Technician---Union-on-Knox--Student-Living-_R0200792,blocked,,2026-09-24,0,,workday,Multifamily Property Manager,South Carolina,A,workday:greystar:/job/Union-on-Knox-College-Park-MD/Service-Technician---Union-on-Knox--Student-Living-_R0200792
Greystar,Service Technician - Upcoming Takeover,"City Office Charlotte, Charlotte, NC",https://greystar.wd1.myworkdayjobs.com/External/job/City-Office-Charlotte-Charlotte-NC/Service-Technician---Upcoming-Takeover_R0069403-1,blocked,,2026-09-24,0,,workday,Multifamily Property Manager,South Carolina,A,workday:greystar:/job/City-Office-Charlotte-Charlotte-NC/Service-Technician---Upcoming-Takeover_R0069403-1
Greystar,Service Technician - Varsity Ann Arbor (Student Living),"The Varsity (MI), Ann Arbor, MI",https://greystar.wd1.myworkdayjobs.com/External/job/The-Varsity-MI-Ann-Arbor-MI/Service-Technician---Varsity-Ann-Arbor--Student-Living-_R0195326,blocked,,2026-09-24,0,,workday,Multifamily Property Manager,South Carolina,A,workday:greystar:/job/The-Varsity-MI-Ann-Arbor-MI/Service-Technician---Varsity-Ann-Arbor--Student-Living-_R0195326
Greystar,Service Technician - Verano Townhomes,"Verano Townhomes, Phoenix, AZ",https://greystar.wd1.myworkdayjobs.com/External/job/Verano-Townhomes-Phoenix-AZ/Service-Technician---Verano-Townhomes_R0199093,blocked,,2026-09-24,0,,workday,Multifamily Property Manager,South Carolina,A,workday:greystar:/job/Verano-Townhomes-Phoenix-AZ/Service-Technician---Verano-Townhomes_R0199093
Greystar,Service Technician - Verra,"Verra, Boston, MA",https://greystar.wd1.myworkdayjobs.com/External/job/Verra-Boston-MA/Service-Technician---Verra_R0201222,blocked,,2026-09-24,0,,workday,Multifamily Property Manager,South Carolina,A,workday:greystar:/job/Verra-Boston-MA/Service-Technician---Verra_R0201222
Greystar,Service Technician - Villas at Old Concord,"Villas at Old Concord, Billerica, MA",https://greystar.wd1.myworkdayjobs.com/External/job/Villas-at-Old-Concord-Billerica-MA/Service-Technician---Villas-at-Old-Concord_R0196058,blocked,,2026-09-24,0,,workday,Multifamily Property Manager,South Carolina,A,workday:greystar:/job/Villas-at-Old-Concord-Billerica-MA/Service-Technician---Villas-at-Old-Concord_R0196058
Greystar,Service Technician - Visconti at Camelback & The Glen at Old Town,"Visconti at Camelback Phase II, Scottsdale, AZ",https://greystar.wd1.myworkdayjobs.com/External/job/Visconti-at-Camelback-Phase-II-Scottsdale-AZ/Service-Technician---Visconti-at-Camelback---The-Glen-at-Old-Town_R0200431-1,blocked,,2026-09-24,0,,workday,Multifamily Property Manager,South Carolina,A,workday:greystar:/job/Visconti-at-Camelback-Phase-II-Scottsdale-AZ/Service-Technician---Visconti-at-Camelback---The-Glen-at-Old-Town_R0200431-1
Greystar,Service Technician - Volare,"Volare, Las Vegas, NV",https://greystar.wd1.myworkdayjobs.com/External/job/Volare-Las-Vegas-NV/Service-Technician---Volare_R0198098,blocked,,2026-09-24,0,,workday,Multifamily Property Manager,South Carolina,A,workday:greystar:/job/Volare-Las-Vegas-NV/Service-Technician---Volare_R0198098
Greystar,Service Technician - Vue 21,"Vue 21, Colorado Springs, CO",https://greystar.wd1.myworkdayjobs.com/External/job/Vue-21-Colorado-Springs-CO/Service-Technician---Vue-21_R0196979,live,,2026-09-24,0,,workday,Multifamily Property Manager,South Carolina,A,workday:greystar:/job/Vue-21-Colorado-Springs-CO/Service-Technician---Vue-21_R0196979
Greystar,Service Technician - Vue at Spring Creek,"Vue at Spring Creek, Colorado Springs, CO",https://greystar.wd1.myworkdayjobs.com/External/job/Vue-at-Spring-Creek-Colorado-Springs-CO/Service-Technician---Vue-at-Spring-Creek_R0201026,blocked,,2026-09-24,0,,workday,Multifamily Property Manager,South Carolina,A,workday:greystar:/job/Vue-at-Spring-Creek-Colorado-Springs-CO/Service-Technician---Vue-at-Spring-Creek_R0201026
Greystar,Service Technician - Waterford Lone Tree,"Waterford Lone Tree, Lone Tree, CO",https://greystar.wd1.myworkdayjobs.com/External/job/Waterford-Lone-Tree-Lone-Tree-CO/Service-Technician---Waterford-Lone-Tree_R0194652,blocked,,2026-09-24,0,,workday,Multifamily Property Manager,South Carolina,A,workday:greystar:/job/Waterford-Lone-Tree-Lone-Tree-CO/Service-Technician---Waterford-Lone-Tree_R0194652
Greystar,Service Technician - West Village,"West Village (MA), Mansfield, MA",https://greystar.wd1.myworkdayjobs.com/External/job/West-Village-MA-Mansfield-MA/Service-Technician---West-Village_R0200439,blocked,,2026-09-24,0,,workday,Multifamily Property Manager,South Carolina,A,workday:greystar:/job/West-Village-MA-Mansfield-MA/Service-Technician---West-Village_R0200439
Greystar,Service Technician - Westlink at Oak Station,"Westlink at Oak Station, Lakewood, CO",https://greystar.wd1.myworkdayjobs.com/External/job/Westlink-at-Oak-Station-Lakewood-CO/Service-Technician---Westlink-at-Oak-Station_R0199227,blocked,,2026-09-24,0,,workday,Multifamily Property Manager,South Carolina,A,workday:greystar:/job/Westlink-at-Oak-Station-Lakewood-CO/Service-Technician---Westlink-at-Oak-Station_R0199227
Greystar,Service Technician - Whisper Creek,"Whisper Creek, Lakewood, CO",https://greystar.wd1.myworkdayjobs.com/External/job/Whisper-Creek-Lakewood-CO/Service-Technician---Whisper-Creek_R0200504,blocked,,2026-09-24,0,,workday,Multifamily Property Manager,South Carolina,A,workday:greystar:/job/Whisper-Creek-Lakewood-CO/Service-Technician---Whisper-Creek_R0200504
Greystar,Service Technician - Yardly Beltmill,"Yardly Beltmill, Saginaw, TX",https://greystar.wd1.myworkdayjobs.com/External/job/Yardly-Beltmill-Saginaw-TX/Service-Technician---Yardly-Beltmill_R0200690,blocked,,2026-09-24,0,,workday,Multifamily Property Manager,South Carolina,A,workday:greystar:/job/Yardly-Beltmill-Saginaw-TX/Service-Technician---Yardly-Beltmill_R0200690
Greystar,Service Technician- Arcadia Harrisonburg (Student Living),"Arcadia Harrisonburg, Harrisonburg, VA",https://greystar.wd1.myworkdayjobs.com/External/job/Arcadia-Harrisonburg-Harrisonburg-VA/Service-Technician--Arcadia-Harrisonburg--Student-Living-_R0201778,live,,2026-09-24,0,,workday,Multifamily Property Manager,South Carolina,A,workday:greystar:/job/Arcadia-Harrisonburg-Harrisonburg-VA/Service-Technician--Arcadia-Harrisonburg--Student-Living-_R0201778
Greystar,Service Technician- Avana at the Pointe,"Avana at the Pointe, Phoenix, AZ",https://greystar.wd1.myworkdayjobs.com/External/job/Avana-at-the-Pointe-Phoenix-AZ/Service-Technician--Avana-at-the-Pointe_R0202004,live,,2026-09-24,0,,workday,Multifamily Property Manager,South Carolina,A,workday:greystar:/job/Avana-at-the-Pointe-Phoenix-AZ/Service-Technician--Avana-at-the-Pointe_R0202004
Greystar,Service Technician- Nordheim Court (Student Living),"Nordheim Court, Seattle, WA",https://greystar.wd1.myworkdayjobs.com/External/job/Nordheim-Court-Seattle-WA/Service-Technician--Nordheim-Court--Student-Living-_R0199987,blocked,,2026-09-24,0,,workday,Multifamily Property Manager,South Carolina,A,workday:greystar:/job/Nordheim-Court-Seattle-WA/Service-Technician--Nordheim-Court--Student-Living-_R0199987
Greystar,Service Technician- The Cortesian Apartments,"The Cortesian Apartments, Scottsdale, AZ",https://greystar.wd1.myworkdayjobs.com/External/job/The-Cortesian-Apartments-Scottsdale-AZ/Service-Technician--The-Cortesian-Apartments_R0200742,blocked,,2026-09-24,0,,workday,Multifamily Property Manager,South Carolina,A,workday:greystar:/job/The-Cortesian-Apartments-Scottsdale-AZ/Service-Technician--The-Cortesian-Apartments_R0200742
Greystar,Software Support Coordinator,"Remote, United States",https://greystar.wd1.myworkdayjobs.com/External/job/Remote-United-States/Software-Support-Coordinator_R0200156-1,blocked,,2026-09-24,0,customer,workday,Multifamily Property Manager,South Carolina,A,workday:greystar:/job/Remote-United-States/Software-Support-Coordinator_R0200156-1
Greystar,Source-to-Contract Operations Advocate,"Remote, United States",https://greystar.wd1.myworkdayjobs.com/External/job/Remote-United-States/Source-to-Contract-Operations-Advocate_R0201281,blocked,,2026-09-24,0,ops,workday,Multifamily Property Manager,South Carolina,A,workday:greystar:/job/Remote-United-States/Source-to-Contract-Operations-Advocate_R0201281
Greystar,Source-to-Contract Operations Advocate,"Remote, United States",https://greystar.wd1.myworkdayjobs.com/External/job/Remote-United-States/Source-to-Contract-Operations-Advocate_R0200827,blocked,,2026-09-24,0,ops,workday,Multifamily Property Manager,South Carolina,A,workday:greystar:/job/Remote-United-States/Source-to-Contract-Operations-Advocate_R0200827
Greystar,Source-to-Contract Software Support Specialist,"Remote, United States",https://greystar.wd1.myworkdayjobs.com/External/job/Remote-United-States/Source-to-Contract-Software-Support-Specialist_R0201319-1,blocked,,2026-09-24,0,customer,workday,Multifamily Property Manager,South Carolina,A,workday:greystar:/job/Remote-United-States/Source-to-Contract-Software-Support-Specialist_R0201319-1
Greystar,Sr Community Manager - Verra,"Verra, Boston, MA",https://greystar.wd1.myworkdayjobs.com/External/job/Verra-Boston-MA/Sr-Community-Manager---Verra_R0201826,live,,2026-09-24,0,,workday,Multifamily Property Manager,South Carolina,A,workday:greystar:/job/Verra-Boston-MA/Sr-Community-Manager---Verra_R0201826
Greystar,Sr Community Manager- Avana Minnetonka,"Avana Minnetonka, Minnetonka, MN",https://greystar.wd1.myworkdayjobs.com/External/job/Avana-Minnetonka-Minnetonka-MN/Sr-Community-Manager--Avana-Minnetonka_R0201444,blocked,,2026-09-24,0,,workday,Multifamily Property Manager,South Carolina,A,workday:greystar:/job/Avana-Minnetonka-Minnetonka-MN/Sr-Community-Manager--Avana-Minnetonka_R0201444
Greystar,Sr Data Engineer,"Remote South Carolina, Remote South Carolina, SC",https://greystar.wd1.myworkdayjobs.com/External/job/Remote-South-Carolina-Remote-South-Carolina-SC/Sr-Data-Engineer_R0201748,live,,2026-09-24,0,eng,workday,Multifamily Property Manager,South Carolina,A,workday:greystar:/job/Remote-South-Carolina-Remote-South-Carolina-SC/Sr-Data-Engineer_R0201748
Greystar,Sr Maintenance Supervisor- Irvington Place & 11th & Spruce,"Irvington Place Apartments, St. Louis, MO",https://greystar.wd1.myworkdayjobs.com/External/job/Irvington-Place-Apartments-St-Louis-MO/Sr-Maintenance-Supervisor--Irvington-Place---11th---Spruce_R0200574,blocked,,2026-09-24,0,ops,workday,Multifamily Property Manager,South Carolina,A,workday:greystar:/job/Irvington-Place-Apartments-St-Louis-MO/Sr-Maintenance-Supervisor--Irvington-Place---11th---Spruce_R0200574
Greystar,Sr Service Supervisor - Villas at 28th & Farmstead,"Villas at 28th, Vancouver, WA",https://greystar.wd1.myworkdayjobs.com/External/job/Villas-at-28th-Vancouver-WA/Sr-Service-Supervisor---Villas-at-28th---Farmstead_R0200773,blocked,,2026-09-24,0,,workday,Multifamily Property Manager,South Carolina,A,workday:greystar:/job/Villas-at-28th-Vancouver-WA/Sr-Service-Supervisor---Villas-at-28th---Farmstead_R0200773
Greystar,Sr Service Technician - Limestone Park - Student Living,"Limestone Park I & II, Lexington, KY",https://greystar.wd1.myworkdayjobs.com/External/job/Limestone-Park-I--II-Lexington-KY/Sr-Service-Technician---Limestone-Park---Student-Living_R0198624,blocked,,2026-09-24,0,,workday,Multifamily Property Manager,South Carolina,A,workday:greystar:/job/Limestone-Park-I--II-Lexington-KY/Sr-Service-Technician---Limestone-Park---Student-Living_R0198624
Greystar,Sr Service Technician - Solara Vista & Esteban Park,2 Locations,https://greystar.wd1.myworkdayjobs.com/External/job/Solara-Vista-Phoenix-AZ/Sr-Service-Technician---Solara-Vista---Esteban-Park_R0200739,blocked,,2026-09-24,0,,workday,Multifamily Property Manager,South Carolina,A,workday:greystar:/job/Solara-Vista-Phoenix-AZ/Sr-Service-Technician---Solara-Vista---Esteban-Park_R0200739
Greystar,Sr. Community Manager - Avana Belmar,"Avana Belmar, Lakewood, CO",https://greystar.wd1.myworkdayjobs.com/External/job/Avana-Belmar-Lakewood-CO/Sr-Community-Manager---Avana-Belmar_R0200497,blocked,,2026-09-24,0,,workday,Multifamily Property Manager,South Carolina,A,workday:greystar:/job/Avana-Belmar-Lakewood-CO/Sr-Community-Manager---Avana-Belmar_R0200497
Greystar,Sr. Community Manager - Milo Block C,2 Locations,https://greystar.wd1.myworkdayjobs.com/External/job/Milo-Block-C-North-San-Marcos-CA/Sr-Community-Manager---Milo-Block-C_R0201999-1,live,,2026-09-24,0,,workday,Multifamily Property Manager,South Carolina,A,workday:greystar:/job/Milo-Block-C-North-San-Marcos-CA/Sr-Community-Manager---Milo-Block-C_R0201999-1
Greystar,Sr. Community Manager / General Manager - Maxwell at Bascom,"Maxwell at Bascom, San Jose, CA",https://greystar.wd1.myworkdayjobs.com/External/job/Maxwell-at-Bascom-San-Jose-CA/Sr-Community-Manager---General-Manager---Maxwell-at-Bascom_R0198936,blocked,,2026-09-24,0,leadership,workday,Multifamily Property Manager,South Carolina,A,workday:greystar:/job/Maxwell-at-Bascom-San-Jose-CA/Sr-Community-Manager---General-Manager---Maxwell-at-Bascom_R0198936
Greystar,Sr. Leasing Manager - The Margo and The Kathryn,2 Locations,https://greystar.wd1.myworkdayjobs.com/External/job/The-Kathryn-Frisco-TX/Sr-Leasing-Manager---The-Margo-and-The-Kathryn_R0200299,blocked,,2026-09-24,0,ops,workday,Multifamily Property Manager,South Carolina,A,workday:greystar:/job/The-Kathryn-Frisco-TX/Sr-Leasing-Manager---The-Margo-and-The-Kathryn_R0200299
Greystar,Sr. Leasing Professional - The Triton,"The Triton, Foster City, CA",https://greystar.wd1.myworkdayjobs.com/External/job/The-Triton-Foster-City-CA/Sr-Leasing-Professional---The-Triton_R0200460,blocked,,2026-09-24,0,ops,workday,Multifamily Property Manager,South Carolina,A,workday:greystar:/job/The-Triton-Foster-City-CA/Sr-Leasing-Professional---The-Triton_R0200460
Greystar,Sr. Maintenance Tech - LUCA (Student Co-Living),"LUCA, Los Angeles, CA",https://greystar.wd1.myworkdayjobs.com/External/job/LUCA-Los-Angeles-CA/Sr-Maintenance-Tech---LUCA--Student-Co-Living-_R0201598,live,,2026-09-24,0,ops,workday,Multifamily Property Manager,South Carolina,A,workday:greystar:/job/LUCA-Los-Angeles-CA/Sr-Maintenance-Tech---LUCA--Student-Co-Living-_R0201598
Greystar,Sr. Maintenance Technician - Apex and Pacifica,2 Locations,https://greystar.wd1.myworkdayjobs.com/External/job/Apex-TacomaWA-Tacoma-WA/Maintenance-Technician---Apex-and-Pacifica_R0198349,blocked,,2026-09-24,0,ops,workday,Multifamily Property Manager,South Carolina,A,workday:greystar:/job/Apex-TacomaWA-Tacoma-WA/Maintenance-Technician---Apex-and-Pacifica_R0198349
Greystar,Sr. Maintenance Technician - Soma Towers,"Soma Towers, Bellevue, WA",https://greystar.wd1.myworkdayjobs.com/External/job/Soma-Towers-Bellevue-WA/Sr-Maintenance-Technician---Soma-Towers_R0201366,live,,2026-09-24,0,ops,workday,Multifamily Property Manager,South Carolina,A,workday:greystar:/job/Soma-Towers-Bellevue-WA/Sr-Maintenance-Technician---Soma-Towers_R0201366
Greystar,Sr. Service Supervisor - Blue Ridge,"Blue Ridge - Palomino Park, Highlands Ranch, CO",https://greystar.wd1.myworkdayjobs.com/External/job/Blue-Ridge---Palomino-Park-Highlands-Ranch-CO/Sr-Service-Supervisor---Blue-Ridge_R0199529,blocked,,2026-09-24,0,,workday,Multifamily Property Manager,South Carolina,A,workday:greystar:/job/Blue-Ridge---Palomino-Park-Highlands-Ranch-CO/Sr-Service-Supervisor---Blue-Ridge_R0199529
Greystar,Sr. Service Technician - Meadowlark at Wildflower Ranch,"Meadowlark at Wildflower Ranch, Justin, TX",https://greystar.wd1.myworkdayjobs.com/External/job/Meadowlark-at-Wildflower-Ranch-Justin-TX/Service-Technician---Meadowlark-at-Wildflower-Ranch_R0200392,blocked,,2026-09-24,0,,workday,Multifamily Property Manager,South Carolina,A,workday:greystar:/job/Meadowlark-at-Wildflower-Ranch-Justin-TX/Service-Technician---Meadowlark-at-Wildflower-Ranch_R0200392
Greystar,Sr. Service Technician - The Marq on Martin and Martingale,2 Locations,https://greystar.wd1.myworkdayjobs.com/External/job/The-Marq-on-Martin-Apartments-Lacey-WA/Sr-Service-Technician---The-Marq-on-Martin-and-Martingale_R0201288,blocked,,2026-09-24,0,,workday,Multifamily Property Manager,South Carolina,A,workday:greystar:/job/The-Marq-on-Martin-Apartments-Lacey-WA/Sr-Service-Technician---The-Marq-on-Martin-and-Martingale_R0201288
Greystar,Sr. Service Technician - Villas at 6300,"Villas at 6300, Las Vegas, NV",https://greystar.wd1.myworkdayjobs.com/External/job/Villas-at-6300-Las-Vegas-NV/Sr-Service-Technician---Villas-at-6300_R0201960,live,,2026-09-24,0,,workday,Multifamily Property Manager,South Carolina,A,workday:greystar:/job/Villas-at-6300-Las-Vegas-NV/Sr-Service-Technician---Villas-at-6300_R0201960
Greystar,Sr. Service Technician - Villas at 6300,"Villas at 6300, Las Vegas, NV",https://greystar.wd1.myworkdayjobs.com/External/job/Villas-at-6300-Las-Vegas-NV/Sr-Service-Technician---Villas-at-6300_R0201414,blocked,,2026-09-24,0,,workday,Multifamily Property Manager,South Carolina,A,workday:greystar:/job/Villas-at-6300-Las-Vegas-NV/Sr-Service-Technician---Villas-at-6300_R0201414
Greystar,Summer Development Analyst,"City Office Seattle, Seattle, WA",https://greystar.wd1.myworkdayjobs.com/External/job/City-Office-Seattle-Seattle-WA/Summer-Development-Analyst_R0199671-1,blocked,,2026-09-24,0,,workday,Multifamily Property Manager,South Carolina,A,workday:greystar:/job/City-Office-Seattle-Seattle-WA/Summer-Development-Analyst_R0199671-1
Greystar,Superintendent II,"City Office Nashville, Nashville, TN",https://greystar.wd1.myworkdayjobs.com/External/job/City-Office-Nashville-Nashville-TN/Superintendent-II_R0197728-3,blocked,,2026-09-24,0,,workday,Multifamily Property Manager,South Carolina,A,workday:greystar:/job/City-Office-Nashville-Nashville-TN/Superintendent-II_R0197728-3
Greystar,Temporary Dual - Site Leasing Professional - San Carlo Townhomes & San Carlo Townhomes II,2 Locations,https://greystar.wd1.myworkdayjobs.com/External/job/San-Carlo-Townhomes-Highland-CA/Temporary-Dual---Site-Leasing-Professional---San-Carlo-Townhomes---San-Carlo-Townhomes-II_R0200245,blocked,,2026-09-24,0,ops,workday,Multifamily Property Manager,South Carolina,A,workday:greystar:/job/San-Carlo-Townhomes-Highland-CA/Temporary-Dual---Site-Leasing-Professional---San-Carlo-Townhomes---San-Carlo-Townhomes-II_R0200245
Greystar,Temporary Leasing Professional - 481 On Mathilda,"481 on Mathilda, Sunnyvale, CA",https://greystar.wd1.myworkdayjobs.com/External/job/481-on-Mathilda-Sunnyvale-CA/Temporary-Leasing-Professional---481-On-Mathilda_R0200982-1,blocked,,2026-09-24,0,ops,workday,Multifamily Property Manager,South Carolina,A,workday:greystar:/job/481-on-Mathilda-Sunnyvale-CA/Temporary-Leasing-Professional---481-On-Mathilda_R0200982-1
Greystar,Temporary Leasing Professional - Rowe at Pear Village,"Rowe at Pear Village, Mountain View, CA",https://greystar.wd1.myworkdayjobs.com/External/job/Rowe-at-Pear-Village-Mountain-View-CA/Leasing-Professional---Rowe-at-Pear-Village_R0199818,blocked,,2026-09-24,0,ops,workday,Multifamily Property Manager,South Carolina,A,workday:greystar:/job/Rowe-at-Pear-Village-Mountain-View-CA/Leasing-Professional---Rowe-at-Pear-Village_R0199818
Greystar,Temporary Leasing Professional - Vale at The Alcove,"Vale at The Alcove, Woodland Hills, CA",https://greystar.wd1.myworkdayjobs.com/External/job/Vale-at-The-Alcove-Woodland-Hills-CA/Temporary-Leasing-Professional---Vale-at-The-Alcove_R0200868,blocked,,2026-09-24,0,ops,workday,Multifamily Property Manager,South Carolina,A,workday:greystar:/job/Vale-at-The-Alcove-Woodland-Hills-CA/Temporary-Leasing-Professional---Vale-at-The-Alcove_R0200868
Greystar,Temporary Maintenance Supervisor - Prado,"Prado, Santa Clara, CA",https://greystar.wd1.myworkdayjobs.com/External/job/Prado-Santa-Clara-CA/Temporary-Maintenance-Supervisor---Prado_R0201372,blocked,,2026-09-24,0,ops,workday,Multifamily Property Manager,South Carolina,A,workday:greystar:/job/Prado-Santa-Clara-CA/Temporary-Maintenance-Supervisor---Prado_R0201372
Greystar,Temporary Maintenance Technician - Apex,"Apex (Tacoma,WA), Tacoma, WA",https://greystar.wd1.myworkdayjobs.com/External/job/Apex-TacomaWA-Tacoma-WA/Temporary-Maintenance-Technician---Apex-and-Pacifica_R0201727,live,,2026-09-24,0,ops,workday,Multifamily Property Manager,South Carolina,A,workday:greystar:/job/Apex-TacomaWA-Tacoma-WA/Temporary-Maintenance-Technician---Apex-and-Pacifica_R0201727
Greystar,Temporary Maintenance Technician - Elevate Long Beach,"Elevate Long Beach, Long Beach, CA",https://greystar.wd1.myworkdayjobs.com/External/job/Elevate-Long-Beach-Long-Beach-CA/Temporary-Maintenance-Technician---Elevate-Long-Beach_R0201446-1,blocked,,2026-09-24,0,ops,workday,Multifamily Property Manager,South Carolina,A,workday:greystar:/job/Elevate-Long-Beach-Long-Beach-CA/Temporary-Maintenance-Technician---Elevate-Long-Beach_R0201446-1
Greystar,Temporary Maintenance Technician - Kaulana Mahina,"Kaulana Mahina, Wailuku, HI",https://greystar.wd1.myworkdayjobs.com/External/job/Kaulana-Mahina-Wailuku-HI/Temporary-Maintenance-Technician---Kaulana-Mahina_R0200167,blocked,,2026-09-24,0,ops,workday,Multifamily Property Manager,South Carolina,A,workday:greystar:/job/Kaulana-Mahina-Wailuku-HI/Temporary-Maintenance-Technician---Kaulana-Mahina_R0200167
Greystar,The Janis - Make- Ready Specialist,"The Janis, Austin, TX",https://greystar.wd1.myworkdayjobs.com/External/job/The-Janis-Austin-TX/The-Janis---Make--Ready-Specialist_R0198039,blocked,,2026-09-24,0,,workday,Multifamily Property Manager,South Carolina,A,workday:greystar:/job/The-Janis-Austin-TX/The-Janis---Make--Ready-Specialist_R0198039
Greystar,Transition Specialist - Community Support Specialist,"City Office Dallas (Cypress Waters), Dallas, TX",https://greystar.wd1.myworkdayjobs.com/External/job/City-Office-Dallas-Cypress-Waters-Dallas-TX/Transition-Specialist---Community-Support-Specialist_R0195931,blocked,,2026-09-24,0,customer,workday,Multifamily Property Manager,South Carolina,A,workday:greystar:/job/City-Office-Dallas-Cypress-Waters-Dallas-TX/Transition-Specialist---Community-Support-Specialist_R0195931
Greystar,Turn Assistant - The Ridge at Clear Creek (Student Living),"The Ridge at Clear Creek, Flagstaff, AZ",https://greystar.wd1.myworkdayjobs.com/External/job/The-Ridge-at-Clear-Creek-Flagstaff-AZ/Turn-Assistant---The-Ridge-at-Clear-Creek--Student-Living-_R0200963,blocked,,2026-09-24,0,,workday,Multifamily Property Manager,South Carolina,A,workday:greystar:/job/The-Ridge-at-Clear-Creek-Flagstaff-AZ/Turn-Assistant---The-Ridge-at-Clear-Creek--Student-Living-_R0200963
Greystar,US Asst Community Mgr - Conventional,"Otis, Richmond, VA",https://greystar.wd1.myworkdayjobs.com/External/job/Otis-Richmond-VA/US-Asst-Community-Mgr---Conventional_R0197670,blocked,,2026-09-24,0,,workday,Multifamily Property Manager,South Carolina,A,workday:greystar:/job/Otis-Richmond-VA/US-Asst-Community-Mgr---Conventional_R0197670
Greystar,US Service Supv - Conventional,"The Taylor at Greenway, Colorado Springs, CO",https://greystar.wd1.myworkdayjobs.com/External/job/The-Taylor-at-Greenway-Colorado-Springs-CO/US-Service-Supv---Conventional_R0201179,blocked,,2026-09-24,0,,workday,Multifamily Property Manager,South Carolina,A,workday:greystar:/job/The-Taylor-at-Greenway-Colorado-Springs-CO/US-Service-Supv---Conventional_R0201179
Greystar,Union Door Person-  The Essex,"The Essex (NY), New York, NY",https://greystar.wd1.myworkdayjobs.com/External/job/The-Essex-NY-New-York-NY/Union-Door-Person---The-Essex_R0200902,blocked,,2026-09-24,0,,workday,Multifamily Property Manager,South Carolina,A,workday:greystar:/job/The-Essex-NY-New-York-NY/Union-Door-Person---The-Essex_R0200902
Greystar,Union Doorperson - 20 Broad,"20 Broad, New York, NY",https://greystar.wd1.myworkdayjobs.com/External/job/20-Broad-New-York-NY/Union-Doorperson---20-Broad_R0200561,blocked,,2026-09-24,0,,workday,Multifamily Property Manager,South Carolina,A,workday:greystar:/job/20-Broad-New-York-NY/Union-Doorperson---20-Broad_R0200561
Greystar,Union Handy Person - The Artisan,"The Artisan (NY), New York, NY",https://greystar.wd1.myworkdayjobs.com/External/job/The-Artisan-NY-New-York-NY/Union-Handy-Person---The-Artisan_R0201747,live,,2026-09-24,0,,workday,Multifamily Property Manager,South Carolina,A,workday:greystar:/job/The-Artisan-NY-New-York-NY/Union-Handy-Person---The-Artisan_R0201747
Greystar,Union Helper C- 1001 S. State,"1001 S State, Chicago, IL",https://greystar.wd1.myworkdayjobs.com/External/job/1001-S-State-Chicago-IL/Union-Helper-C--1001-S-State_R0201231,blocked,,2026-09-24,0,,workday,Multifamily Property Manager,South Carolina,A,workday:greystar:/job/1001-S-State-Chicago-IL/Union-Helper-C--1001-S-State_R0201231
Greystar,Union Porter - 20 Broad,"20 Broad, New York, NY",https://greystar.wd1.myworkdayjobs.com/External/job/20-Broad-New-York-NY/Union-Porter---20-Broad_R0201429,blocked,,2026-09-24,0,,workday,Multifamily Property Manager,South Carolina,A,workday:greystar:/job/20-Broad-New-York-NY/Union-Porter---20-Broad_R0201429
Greystar,Union Porter - 800 Sixth,"800 Sixth, New York, NY",https://greystar.wd1.myworkdayjobs.com/External/job/800-Sixth-New-York-NY/Union-Porter---800-Sixth_R0197077,blocked,,2026-09-24,0,,workday,Multifamily Property Manager,South Carolina,A,workday:greystar:/job/800-Sixth-New-York-NY/Union-Porter---800-Sixth_R0197077
Greystar,Valet Attendant - Jasper,"Jasper (CA), San Francisco, CA",https://greystar.wd1.myworkdayjobs.com/External/job/Jasper-CA-San-Francisco-CA/Valet-Attendant---Jasper_R0200462-1,blocked,,2026-09-24,0,,workday,Multifamily Property Manager,South Carolina,A,workday:greystar:/job/Jasper-CA-San-Francisco-CA/Valet-Attendant---Jasper_R0200462-1
Greystar,WalkMe Design Associate,"Remote, United States",https://greystar.wd1.myworkdayjobs.com/External/job/Remote-United-States/WalkMe-Design-Associate_R0196681,blocked,,2026-09-24,0,,workday,Multifamily Property Manager,South Carolina,A,workday:greystar:/job/Remote-United-States/WalkMe-Design-Associate_R0196681
Greystar,Weekend Concierge - Overture Doral,"Overture Doral, Doral, FL",https://greystar.wd1.myworkdayjobs.com/External/job/Overture-Doral-Doral-FL/Weekend-Concierge---Overture-Doral_R0201018,blocked,,2026-09-24,0,,workday,Multifamily Property Manager,South Carolina,A,workday:greystar:/job/Overture-Doral-Doral-FL/Weekend-Concierge---Overture-Doral_R0201018
Home365,"Field Agent - Contractor ( Spring Valley, Anthem AZ)",,https://home365.bamboohr.com/careers/88,live,,2026-09-24,0,,bamboohr,SFR Full-Service Property Management,Nevada,A,bamboohr:home365:88
Home365,"Field Agent - Contractor (Pittsburgh, PA)",,https://home365.bamboohr.com/careers/173,live,,2026-09-24,0,,bamboohr,SFR Full-Service Property Management,Nevada,A,bamboohr:home365:173
Home365,"Field Agent - Contractor (Reading, PA)",,https://home365.bamboohr.com/careers/209,live,,2026-09-24,0,,bamboohr,SFR Full-Service Property Management,Nevada,A,bamboohr:home365:209
Home365,"Field Agent - Contractor (Scranton, PA)",,https://home365.bamboohr.com/careers/145,live,,2026-09-24,0,,bamboohr,SFR Full-Service Property Management,Nevada,A,bamboohr:home365:145
Home365,Field Agent - Contractor(Lancaster/York PA),,https://home365.bamboohr.com/careers/203,live,,2026-09-24,0,,bamboohr,SFR Full-Service Property Management,Nevada,A,bamboohr:home365:203
Home365,Field Agent - Contractor(Las Vegas),,https://home365.bamboohr.com/careers/206,live,,2026-09-24,0,,bamboohr,SFR Full-Service Property Management,Nevada,A,bamboohr:home365:206
Home365,"Real Estate Agent Partnership Opportunity (Listing & Resident Placement) Lancaster, York, and Harrisburg",,https://home365.bamboohr.com/careers/194,live,,2026-09-24,0,,bamboohr,SFR Full-Service Property Management,Nevada,A,bamboohr:home365:194
Home365,"Real Estate Agent Partnership Opportunity (Listing & Resident Placement) Las Vegas, NV",,https://home365.bamboohr.com/careers/208,live,,2026-09-24,0,,bamboohr,SFR Full-Service Property Management,Nevada,A,bamboohr:home365:208
Home365,"Real Estate Agent Partnership Opportunity (Listing & Resident Placement) Pittsburgh, PA",,https://home365.bamboohr.com/careers/217,live,,2026-09-24,0,,bamboohr,SFR Full-Service Property Management,Nevada,A,bamboohr:home365:217
Home365,Real Estate Agent Partnership Opportunity (Listing & Resident Placement) Scranton,,https://home365.bamboohr.com/careers/185,live,,2026-09-24,0,,bamboohr,SFR Full-Service Property Management,Nevada,A,bamboohr:home365:185
Home365,Real Estate Agent Partnership Opportunity (Listing & Resident Placement) Spring Valley/Anthem AZ),,https://home365.bamboohr.com/careers/187,live,,2026-09-24,0,,bamboohr,SFR Full-Service Property Management,Nevada,A,bamboohr:home365:187
Home365,Real Estate Agent Partnership Opportunity (Listing & Resident Placement) Virginia,,https://home365.bamboohr.com/careers/186,live,,2026-09-24,0,,bamboohr,SFR Full-Service Property Management,Nevada,A,bamboohr:home365:186
Latch,Associate Account Executive (AAE),"Mission Bay, San Francisco",https://jobs.lever.co/latch/416364ad-d8c9-46b5-a5c1-a988e0f95e09,gone,2024-03-26,2026-09-24,0,sales,lever,Smart Access for Multifamily,New York,A,lever:latch:416364ad-d8c9-46b5-a5c1-a988e0f95e09
Latch,I don’t see the right role,"Mission Bay, San Francisco",https://jobs.lever.co/latch/31baae46-f8fd-478e-bd92-2867648f6dcb,gone,2022-05-28,2026-09-24,0,,lever,Smart Access for Multifamily,New York,A,lever:latch:31baae46-f8fd-478e-bd92-2867648f6dcb
NetVendor,Bilingual Customer Service Representative,"Tualatin, Oregon",https://netvendor.bamboohr.com/careers/90,live,,2026-09-24,0,,bamboohr,Vendor Compliance & Insurance Software,Georgia,A,bamboohr:netvendor:90
NetVendor,Customer Service Lead,"Tualatin, Oregon",https://netvendor.bamboohr.com/careers/89,live,,2026-09-24,0,,bamboohr,Vendor Compliance & Insurance Software,Georgia,A,bamboohr:netvendor:89
NetVendor,Customer Service Representative,"Tualatin, Oregon",https://netvendor.bamboohr.com/careers/81,live,,2026-09-24,0,,bamboohr,Vendor Compliance & Insurance Software,Georgia,A,bamboohr:netvendor:81
NetVendor,Document Processor,"Tualatin, Oregon",https://netvendor.bamboohr.com/careers/93,live,,2026-09-24,0,,bamboohr,Vendor Compliance & Insurance Software,Georgia,A,bamboohr:netvendor:93
NetVendor,Document Processor Manager,"Tualatin, Oregon",https://netvendor.bamboohr.com/careers/91,live,,2026-09-24,0,,bamboohr,Vendor Compliance & Insurance Software,Georgia,A,bamboohr:netvendor:91
NetVendor,GTM Engineer,,https://netvendor.bamboohr.com/careers/92,live,,2026-09-24,0,eng,bamboohr,Vendor Compliance & Insurance Software,Georgia,A,bamboohr:netvendor:92
Obie,Come work for Obie!,Remote (United States),https://ats.rippling.com/obie/jobs/64a52508-d9b4-476b-911e-8d04f9624ce0,gone,,2026-09-24,0,,rippling,Landlord Insurance / Insurtech,Illinois,A,rippling:obie:64a52508-d9b4-476b-911e-8d04f9624ce0
Obie,Data Analyst,Remote (United States),https://ats.rippling.com/obie/jobs/1b4d06a3-eef2-4d94-9bb4-98c5256c348d,gone,,2026-09-24,0,,rippling,Landlord Insurance / Insurtech,Illinois,A,rippling:obie:1b4d06a3-eef2-4d94-9bb4-98c5256c348d
Obie,Insurance Program Analyst,Remote (United States),https://ats.rippling.com/obie/jobs/29ea0eaf-dc9f-439a-a946-2a8b693a8509,gone,,2026-09-24,0,,rippling,Landlord Insurance / Insurtech,Illinois,A,rippling:obie:29ea0eaf-dc9f-439a-a946-2a8b693a8509
Obie,Product Manager,Remote (United States),https://ats.rippling.com/obie/jobs/eef384aa-d0ea-41ba-af13-2458aae379c3,gone,,2026-09-24,0,product,rippling,Landlord Insurance / Insurtech,Illinois,A,rippling:obie:eef384aa-d0ea-41ba-af13-2458aae379c3
Obie,Underwriter,Remote (United States),https://ats.rippling.com/obie/jobs/506ec684-8c0f-4eb3-a30f-541a35e9df0d,gone,,2026-09-24,0,,rippling,Landlord Insurance / Insurtech,Illinois,A,rippling:obie:506ec684-8c0f-4eb3-a30f-541a35e9df0d
Obligo,Product Manager - Platform,Tel Aviv,https://job-boards.greenhouse.io/obligo/jobs/5836724004,live,2026-03-26,2026-09-24,0,product,greenhouse,Security Deposit Alternative,New York,A,greenhouse:obligo:5836724004
Obligo,Product Manager – Renter Growth & Conversion,Tel Aviv,https://job-boards.greenhouse.io/obligo/jobs/6192810004,live,2026-09-15,2026-09-24,0,product,greenhouse,Security Deposit Alternative,New York,A,greenhouse:obligo:6192810004
Obligo,VP Marketing,New York City ,https://job-boards.greenhouse.io/obligo/jobs/5791025004,live,2026-02-04,2026-09-24,0,leadership,greenhouse,Security Deposit Alternative,New York,A,greenhouse:obligo:5791025004
PointCentral,Revenue & Operations Associate,"Tysons, Virginia",https://www.pointcentral.com/careers-pointcentral/?gh_jid=8679339002,gone,2026-08-04,2026-09-24,0,sales,greenhouse,Smart Home for SFR (Alarm.com subsidiary),Arizona,A,greenhouse:pointcentral:8679339002
Rhino,Associate Counsel,,https://rhinolabs.bamboohr.com/careers/75,live,,2026-09-24,0,,bamboohr,Security Deposit Insurance,New York,A,bamboohr:rhinolabs:75
Rhino,Senior Accountant,,https://rhinolabs.bamboohr.com/careers/74,live,,2026-09-24,0,,bamboohr,Security Deposit Insurance,New York,A,bamboohr:rhinolabs:74
Rhino,"Senior Manager, Data Engineering",,https://rhinolabs.bamboohr.com/careers/73,live,,2026-09-24,0,eng,bamboohr,Security Deposit Insurance,New York,A,bamboohr:rhinolabs:73
Rhino,Senior Software Engineer,,https://rhinolabs.bamboohr.com/careers/67,live,,2026-09-24,0,eng,bamboohr,Security Deposit Insurance,New York,A,bamboohr:rhinolabs:67
Roofstock,Accounting Manager,"Oakland, California, United States",https://job-boards.greenhouse.io/roofstock/jobs/8821792002,live,2026-09-18,2026-09-24,0,,greenhouse,SFR Investment Marketplace,California,A,greenhouse:roofstock:8821792002
Roofstock,Executive Assistant,"Oakland, California, United States",https://job-boards.greenhouse.io/roofstock/jobs/8580894002,live,2026-06-09,2026-09-24,0,,greenhouse,SFR Investment Marketplace,California,A,greenhouse:roofstock:8580894002
Roofstock,Maintenance Technician,"Columbia, South Carolina, United States",https://job-boards.greenhouse.io/roofstock/jobs/8811638002,live,2026-09-17,2026-09-24,0,ops,greenhouse,SFR Investment Marketplace,California,A,greenhouse:roofstock:8811638002
Roofstock,Maintenance Technician,"San Antonio, Texas, United States",https://job-boards.greenhouse.io/roofstock/jobs/8550531002,live,2026-05-18,2026-09-24,0,ops,greenhouse,SFR Investment Marketplace,California,A,greenhouse:roofstock:8550531002
Roofstock,Piecework Housekeeper - Part Time,"Pacific City, Oregon, United States",https://job-boards.greenhouse.io/roofstock/jobs/8586040002,live,2026-06-10,2026-09-24,0,,greenhouse,SFR Investment Marketplace,California,A,greenhouse:roofstock:8586040002
Roofstock,Portfolio Asset Manager,"Atlanta, Georgia, United States; Charlotte, North Carolina, United States; Dallas, Texas, United States; Las Vegas, Nevada, United States; Oakland, California, United States; Phoenix, Arizona, United States",https://job-boards.greenhouse.io/roofstock/jobs/8558888002,live,2026-05-21,2026-09-24,0,ops,greenhouse,SFR Investment Marketplace,California,A,greenhouse:roofstock:8558888002
Roofstock,"Recruiter, Operations","Dallas, Texas, United States",https://job-boards.greenhouse.io/roofstock/jobs/8620251002,live,2026-07-03,2026-09-24,0,ops,greenhouse,SFR Investment Marketplace,California,A,greenhouse:roofstock:8620251002
Roofstock,Seasonal Piecework Housekeeper - Part Time,"Rockaway Beach, Oregon, United States",https://job-boards.greenhouse.io/roofstock/jobs/8419926002,live,2026-02-11,2026-09-24,0,,greenhouse,SFR Investment Marketplace,California,A,greenhouse:roofstock:8419926002
Roofstock,Senior Legal Operations Manager,"Dallas, Texas, United States",https://job-boards.greenhouse.io/roofstock/jobs/8686159002,live,2026-09-23,2026-09-24,0,ops,greenhouse,SFR Investment Marketplace,California,A,greenhouse:roofstock:8686159002
Roofstock,"Senior Product Manager, Leasing","New York, United States; Oakland, California, United States",https://job-boards.greenhouse.io/roofstock/jobs/8761411002,live,2026-08-31,2026-09-24,0,product,greenhouse,SFR Investment Marketplace,California,A,greenhouse:roofstock:8761411002
Roofstock,Service Technician,"Sacramento, California, United States",https://job-boards.greenhouse.io/roofstock/jobs/8737854002,live,2026-08-24,2026-09-24,0,,greenhouse,SFR Investment Marketplace,California,A,greenhouse:roofstock:8737854002
Roofstock,Strategic Finance and Corporate Development Manager,"Bay Area, CA; New York, United States",https://job-boards.greenhouse.io/roofstock/jobs/8462745002,live,2026-03-24,2026-09-24,0,,greenhouse,SFR Investment Marketplace,California,A,greenhouse:roofstock:8462745002
Roofstock,"Supervisor, Hospitality Operations","Oceanside, Oregon, United States",https://job-boards.greenhouse.io/roofstock/jobs/8645681002,live,2026-08-08,2026-09-24,0,ops,greenhouse,SFR Investment Marketplace,California,A,greenhouse:roofstock:8645681002
Second Nature,Account Executive,"Remote, USA",https://jobs.ashbyhq.com/second-nature/fa47f83c-52db-4df3-960c-7e2125bdccf6,live,2026-09-10,2026-09-24,0,sales,ashby,Resident Benefits / Property Management SaaS,Tennessee,A,ashby:second-nature:fa47f83c-52db-4df3-960c-7e2125bdccf6
Second Nature,Director of User Experience,"Remote, USA",https://jobs.ashbyhq.com/second-nature/8cfd0a20-5b07-41d3-a527-286aa7648142,live,2026-09-10,2026-09-24,0,leadership,ashby,Resident Benefits / Property Management SaaS,Tennessee,A,ashby:second-nature:8cfd0a20-5b07-41d3-a527-286aa7648142
Second Nature,Sales Development Representative,"Remote, USA",https://jobs.ashbyhq.com/second-nature/8f23e4ba-54fc-43ce-8744-8629a09f93ae,live,2026-08-03,2026-09-24,0,sales,ashby,Resident Benefits / Property Management SaaS,Tennessee,A,ashby:second-nature:8f23e4ba-54fc-43ce-8744-8629a09f93ae
Second Nature,Senior Product Manager,"Remote, USA",https://jobs.ashbyhq.com/second-nature/7bcc5b24-5b17-4297-839f-e849b9a90c97,live,2026-07-16,2026-09-24,0,product,ashby,Resident Benefits / Property Management SaaS,Tennessee,A,ashby:second-nature:7bcc5b24-5b17-4297-839f-e849b9a90c97
Second Nature,"Staff Software Engineer, Engineering Systems & Automation","Remote, USA",https://jobs.ashbyhq.com/second-nature/30798d80-7661-4ad4-8c0a-1245b119b317,live,2026-08-25,2026-09-24,0,eng,ashby,Resident Benefits / Property Management SaaS,Tennessee,A,ashby:second-nature:30798d80-7661-4ad4-8c0a-1245b119b317
Second Nature,"Staff Software Engineer, Integrations Team","Remote, USA",https://jobs.ashbyhq.com/second-nature/2b92ffd7-dd45-45db-8def-8b13d0281c36,live,2026-08-02,2026-09-24,0,eng,ashby,Resident Benefits / Property Management SaaS,Tennessee,A,ashby:second-nature:2b92ffd7-dd45-45db-8def-8b13d0281c36
Second Nature,Technical Implementation Manager,"Remote, USA",https://jobs.ashbyhq.com/second-nature/2d202d9f-aeca-4089-8a9b-c666821d9e4a,live,2026-09-08,2026-09-24,0,customer,ashby,Resident Benefits / Property Management SaaS,Tennessee,A,ashby:second-nature:2d202d9f-aeca-4089-8a9b-c666821d9e4a
Second Nature,"VP, Product","Remote, USA",https://jobs.ashbyhq.com/second-nature/124ce02b-b6c7-4f93-97ed-aa8787fd20e4,live,2026-09-17,2026-09-24,0,,ashby,Resident Benefits / Property Management SaaS,Tennessee,A,ashby:second-nature:124ce02b-b6c7-4f93-97ed-aa8787fd20e4
SmartRent,Advanced Systems Integrator,"Phoenix, Arizona",https://job-boards.greenhouse.io/smartrent/jobs/6167377004,live,2026-09-03,2026-09-24,0,,greenhouse,Smart Home / Multifamily IoT,Arizona,A,greenhouse:smartrent:6167377004
SmartRent,"Director, Customer Service","Phoenix, Arizona",https://job-boards.greenhouse.io/smartrent/jobs/6111061004,live,2026-07-13,2026-09-24,0,leadership,greenhouse,Smart Home / Multifamily IoT,Arizona,A,greenhouse:smartrent:6111061004
SmartRent,Field Project Manager,United States,https://job-boards.greenhouse.io/smartrent/jobs/6141494004,live,2026-08-19,2026-09-24,0,,greenhouse,Smart Home / Multifamily IoT,Arizona,A,greenhouse:smartrent:6141494004
SmartRent,"Group Product Manager, Data & Analytics","Phoenix, Arizona",https://job-boards.greenhouse.io/smartrent/jobs/6173642004,live,2026-09-09,2026-09-24,0,product,greenhouse,Smart Home / Multifamily IoT,Arizona,A,greenhouse:smartrent:6173642004
SmartRent,National Sales Director (East),United States,https://job-boards.greenhouse.io/smartrent/jobs/5737727004,live,2025-12-15,2026-09-24,0,sales,greenhouse,Smart Home / Multifamily IoT,Arizona,A,greenhouse:smartrent:5737727004
SmartRent,National Sales Director (West),United States,https://job-boards.greenhouse.io/smartrent/jobs/5984906004,live,2026-04-29,2026-09-24,0,sales,greenhouse,Smart Home / Multifamily IoT,Arizona,A,greenhouse:smartrent:5984906004
SmartRent,Senior Account Manager,"Phoenix, Arizona",https://job-boards.greenhouse.io/smartrent/jobs/6122956004,live,2026-07-23,2026-09-24,0,customer,greenhouse,Smart Home / Multifamily IoT,Arizona,A,greenhouse:smartrent:6122956004
SmartRent,Senior Software Engineer,"Phoenix, Arizona",https://job-boards.greenhouse.io/smartrent/jobs/6192943004,live,2026-09-18,2026-09-24,0,eng,greenhouse,Smart Home / Multifamily IoT,Arizona,A,greenhouse:smartrent:6192943004
SmartRent,Solutions Architect,"Phoenix, Arizona",https://job-boards.greenhouse.io/smartrent/jobs/5835029004,live,2026-08-25,2026-09-24,0,eng,greenhouse,Smart Home / Multifamily IoT,Arizona,A,greenhouse:smartrent:5835029004
Steadily,Accounting Manager,"Austin, TX",https://jobs.ashbyhq.com/steadily/1a2cbedc-b729-44a2-9594-7bda198b01b1,live,2026-03-18,2026-09-24,0,,ashby,Landlord Insurance,Texas,A,ashby:steadily:1a2cbedc-b729-44a2-9594-7bda198b01b1
Steadily,Actuary,"Overland Park, KS",https://jobs.ashbyhq.com/steadily/d1489154-052c-45de-a780-43fcf25658ee,live,2026-03-18,2026-09-24,0,,ashby,Landlord Insurance,Texas,A,ashby:steadily:d1489154-052c-45de-a780-43fcf25658ee
Steadily,Agency Success Associate,"Overland Park, KS",https://jobs.ashbyhq.com/steadily/c53f0ce3-ee23-4871-b5e7-18a18364c626,live,2026-03-18,2026-09-24,0,,ashby,Landlord Insurance,Texas,A,ashby:steadily:c53f0ce3-ee23-4871-b5e7-18a18364c626
Steadily,Agency Success Manager,"Overland Park, KS",https://jobs.ashbyhq.com/steadily/fde229ef-a928-458d-8b02-f31ffa79e897,live,2026-04-28,2026-09-24,0,,ashby,Landlord Insurance,Texas,A,ashby:steadily:fde229ef-a928-458d-8b02-f31ffa79e897
Steadily,Agency Support Specialist,"Overland Park, KS",https://jobs.ashbyhq.com/steadily/5a29b34d-4d16-4358-82ac-b7888c8299a9,live,2026-09-15,2026-09-24,0,customer,ashby,Landlord Insurance,Texas,A,ashby:steadily:5a29b34d-4d16-4358-82ac-b7888c8299a9
Steadily,Associate Claims Adjuster,"Overland Park, KS",https://jobs.ashbyhq.com/steadily/13284cc1-501c-45ac-869f-cff914399363,live,2026-03-18,2026-09-24,0,,ashby,Landlord Insurance,Texas,A,ashby:steadily:13284cc1-501c-45ac-869f-cff914399363
Steadily,Business Development Associate,"Overland Park, KS",https://jobs.ashbyhq.com/steadily/95f22d0e-4f96-4d67-bfb6-30c3e23b55ed,live,2026-09-18,2026-09-24,0,sales,ashby,Landlord Insurance,Texas,A,ashby:steadily:95f22d0e-4f96-4d67-bfb6-30c3e23b55ed
Steadily,Business Development Manager,"Overland Park, KS",https://jobs.ashbyhq.com/steadily/4ef70d6a-956f-4e97-b5b0-c84a68890c5c,live,2026-06-26,2026-09-24,0,sales,ashby,Landlord Insurance,Texas,A,ashby:steadily:4ef70d6a-956f-4e97-b5b0-c84a68890c5c
Steadily,Catastrophe Risk Manager,"Overland Park, KS",https://jobs.ashbyhq.com/steadily/f1672bd0-8f85-42d6-a3f9-a8cbbe116e51,live,2026-03-18,2026-09-24,0,,ashby,Landlord Insurance,Texas,A,ashby:steadily:f1672bd0-8f85-42d6-a3f9-a8cbbe116e51
Steadily,Claims Adjuster,"Overland Park, KS",https://jobs.ashbyhq.com/steadily/96bb28c7-77fa-4085-b9ab-e7d5348620d9,live,2026-03-18,2026-09-24,0,,ashby,Landlord Insurance,Texas,A,ashby:steadily:96bb28c7-77fa-4085-b9ab-e7d5348620d9
Steadily,Claims Team Lead,"Overland Park, KS",https://jobs.ashbyhq.com/steadily/29172e49-78aa-461f-afb2-885831b57860,live,2026-09-09,2026-09-24,0,,ashby,Landlord Insurance,Texas,A,ashby:steadily:29172e49-78aa-461f-afb2-885831b57860
Steadily,Direct Sales Manager,"Overland Park, KS",https://jobs.ashbyhq.com/steadily/3d8e3b12-ecb6-4c7c-bc48-f2b8da185218,live,2026-03-18,2026-09-24,0,sales,ashby,Landlord Insurance,Texas,A,ashby:steadily:3d8e3b12-ecb6-4c7c-bc48-f2b8da185218
Steadily,Director of Reinsurance and Capacity,"Overland Park, KS",https://jobs.ashbyhq.com/steadily/6be9da4d-5b84-4b58-8286-c01422ce940d,live,2026-08-20,2026-09-24,0,leadership,ashby,Landlord Insurance,Texas,A,ashby:steadily:6be9da4d-5b84-4b58-8286-c01422ce940d
Steadily,Future Graduate Internship Program,"Overland Park, KS",https://jobs.ashbyhq.com/steadily/633e55f8-566f-4ff6-8207-f0fd0d962bcc,live,2026-09-08,2026-09-24,0,,ashby,Landlord Insurance,Texas,A,ashby:steadily:633e55f8-566f-4ff6-8207-f0fd0d962bcc
Steadily,Head of Revenue Operations,"Overland Park, KS",https://jobs.ashbyhq.com/steadily/6ae3b8c3-3035-4455-b1ce-8c0900b7abd6,live,2026-08-28,2026-09-24,0,sales,ashby,Landlord Insurance,Texas,A,ashby:steadily:6ae3b8c3-3035-4455-b1ce-8c0900b7abd6
Steadily,Insurance Coverage and Compliance Analyst,"Overland Park, KS",https://jobs.ashbyhq.com/steadily/83ca9ee8-7070-488b-8afd-54daf07f555b,live,2026-03-18,2026-09-24,0,,ashby,Landlord Insurance,Texas,A,ashby:steadily:83ca9ee8-7070-488b-8afd-54daf07f555b
Steadily,Insurance Product Analyst,"Overland Park, KS",https://jobs.ashbyhq.com/steadily/8ef15f89-cbde-4f77-9728-2b9baa944b25,live,2026-06-04,2026-09-24,0,,ashby,Landlord Insurance,Texas,A,ashby:steadily:8ef15f89-cbde-4f77-9728-2b9baa944b25
Steadily,Insurance Product Manager,"Overland Park, KS",https://jobs.ashbyhq.com/steadily/43afcf53-e441-49ed-ade0-b77eca3e1a6e,live,2026-03-19,2026-09-24,0,product,ashby,Landlord Insurance,Texas,A,ashby:steadily:43afcf53-e441-49ed-ade0-b77eca3e1a6e
Steadily,Insurance Sales Agent,"Overland Park, KS",https://jobs.ashbyhq.com/steadily/75090fab-8a98-4365-83a5-84ae76b326a3,live,2026-03-19,2026-09-24,0,sales,ashby,Landlord Insurance,Texas,A,ashby:steadily:75090fab-8a98-4365-83a5-84ae76b326a3
Steadily,Insurance Sales Agent Development Program,"Overland Park, KS",https://jobs.ashbyhq.com/steadily/da8908eb-7877-4c7a-8b4e-df9de6d860e6,live,2026-06-10,2026-09-24,0,sales,ashby,Landlord Insurance,Texas,A,ashby:steadily:da8908eb-7877-4c7a-8b4e-df9de6d860e6
Steadily,New Graduate Sales Accelerator,"Overland Park, KS",https://jobs.ashbyhq.com/steadily/4b3c118a-43bc-4a3c-a700-e2bd1879249e,live,2026-04-07,2026-09-24,0,sales,ashby,Landlord Insurance,Texas,A,ashby:steadily:4b3c118a-43bc-4a3c-a700-e2bd1879249e
Steadily,Principal Product Manager,"Austin, TX",https://jobs.ashbyhq.com/steadily/50191019-226e-4274-915f-e9e2da68cfa3,live,2026-08-26,2026-09-24,0,product,ashby,Landlord Insurance,Texas,A,ashby:steadily:50191019-226e-4274-915f-e9e2da68cfa3
Steadily,Recruiter,"Overland Park, KS",https://jobs.ashbyhq.com/steadily/5a3ed4cf-015b-4288-84a6-ca5194abff86,live,2026-07-13,2026-09-24,0,,ashby,Landlord Insurance,Texas,A,ashby:steadily:5a3ed4cf-015b-4288-84a6-ca5194abff86
Steadily,Sales Representative – Insurance Training Provided,"Overland Park, KS",https://jobs.ashbyhq.com/steadily/259b6448-5a89-44c6-9ecf-783e5b4a6660,live,2026-06-10,2026-09-24,0,sales,ashby,Landlord Insurance,Texas,A,ashby:steadily:259b6448-5a89-44c6-9ecf-783e5b4a6660
Steadily,Senior Accounting Analyst,"Austin, TX",https://jobs.ashbyhq.com/steadily/4365404a-7a75-4325-abdc-c1aa2eeef87b,live,2026-03-19,2026-09-24,0,,ashby,Landlord Insurance,Texas,A,ashby:steadily:4365404a-7a75-4325-abdc-c1aa2eeef87b
Steadily,Senior Insurance Product Analyst,"Overland Park, KS",https://jobs.ashbyhq.com/steadily/bd3f407b-da78-4ca4-adbe-23975880bd1e,live,2026-06-04,2026-09-24,0,,ashby,Landlord Insurance,Texas,A,ashby:steadily:bd3f407b-da78-4ca4-adbe-23975880bd1e
Steadily,Senior Insurance Product Manager,"Overland Park, KS",https://jobs.ashbyhq.com/steadily/a1c8d633-9816-40c4-8a41-4aa6bb098463,live,2026-06-04,2026-09-24,0,product,ashby,Landlord Insurance,Texas,A,ashby:steadily:a1c8d633-9816-40c4-8a41-4aa6bb098463
Steadily,Senior Software Engineer,"Austin, TX",https://jobs.ashbyhq.com/steadily/da218e31-c3a5-4ec7-805a-5541b2571258,live,2026-03-19,2026-09-24,0,eng,ashby,Landlord Insurance,Texas,A,ashby:steadily:da218e31-c3a5-4ec7-805a-5541b2571258
Steadily,"Senior Software Engineer, Growth","Austin, TX",https://jobs.ashbyhq.com/steadily/f2652ec3-667e-4f4b-8898-c3ce3cfeccda,live,2026-03-19,2026-09-24,0,eng,ashby,Landlord Insurance,Texas,A,ashby:steadily:f2652ec3-667e-4f4b-8898-c3ce3cfeccda
Steadily,Sr. Liability Claims Adjuster,"Overland Park, KS",https://jobs.ashbyhq.com/steadily/c70a71c0-c736-456b-be87-d68dd13f4d3f,live,2026-03-19,2026-09-24,0,,ashby,Landlord Insurance,Texas,A,ashby:steadily:c70a71c0-c736-456b-be87-d68dd13f4d3f
Steadily,Sr. Property Claims Adjuster,"Overland Park, KS",https://jobs.ashbyhq.com/steadily/514b2392-c837-4db6-b068-6f348333b9d2,live,2026-06-15,2026-09-24,0,,ashby,Landlord Insurance,Texas,A,ashby:steadily:514b2392-c837-4db6-b068-6f348333b9d2
Steadily,Staff Machine Learning Engineer,"Austin, TX",https://jobs.ashbyhq.com/steadily/ecf647a7-0b84-4566-bc09-3e2babdac50b,live,2026-03-19,2026-09-24,0,eng,ashby,Landlord Insurance,Texas,A,ashby:steadily:ecf647a7-0b84-4566-bc09-3e2babdac50b
Steadily,Staff Software Engineer,"Austin, TX",https://jobs.ashbyhq.com/steadily/f11f027c-8904-4f68-97c3-382cd9d18bd0,live,2026-03-19,2026-09-24,0,eng,ashby,Landlord Insurance,Texas,A,ashby:steadily:f11f027c-8904-4f68-97c3-382cd9d18bd0
Steadily,"Stage Zero GTM Sales Leader, Enterprise and Partnerships","Overland Park, KS",https://jobs.ashbyhq.com/steadily/70378de6-ca58-4af5-afe5-2f1cb2f00f4c,live,2026-09-15,2026-09-24,0,sales,ashby,Landlord Insurance,Texas,A,ashby:steadily:70378de6-ca58-4af5-afe5-2f1cb2f00f4c
TheGuarantors,AI Solutions Architect,"New York, NY",https://ats.rippling.com/theguarantors-open-positions/jobs/0033b91a-171d-4fed-9ca9-67aabb1a5756,gone,,2026-09-24,0,eng,rippling,Lease Insurance / Insurtech,New York,A,rippling:theguarantors-open-positions:0033b91a-171d-4fed-9ca9-67aabb1a5756
TheGuarantors,Commercial Strategy Associate - AE Strategy,"New York, NY",https://ats.rippling.com/theguarantors-open-positions/jobs/19d4de81-3c98-481e-9783-c6cf0b77c9cd,gone,,2026-09-24,0,,rippling,Lease Insurance / Insurtech,New York,A,rippling:theguarantors-open-positions:19d4de81-3c98-481e-9783-c6cf0b77c9cd
TheGuarantors,Commercial Strategy Associate - AM Strategy,"New York, NY",https://ats.rippling.com/theguarantors-open-positions/jobs/cf7b2875-34d8-4261-9709-cf967751a1c7,gone,,2026-09-24,0,,rippling,Lease Insurance / Insurtech,New York,A,rippling:theguarantors-open-positions:cf7b2875-34d8-4261-9709-cf967751a1c7
TheGuarantors,Customer Success Manager,Remote (United States),https://ats.rippling.com/theguarantors-open-positions/jobs/4375afa4-c4f6-4cc7-a5fa-2c4f7b3a316c,gone,,2026-09-24,0,customer,rippling,Lease Insurance / Insurtech,New York,A,rippling:theguarantors-open-positions:4375afa4-c4f6-4cc7-a5fa-2c4f7b3a316c
TheGuarantors,Data Analyst,"New York, NY",https://ats.rippling.com/theguarantors-open-positions/jobs/75fc2d37-a8b8-48e9-b4fe-e06285bd0249,gone,,2026-09-24,0,,rippling,Lease Insurance / Insurtech,New York,A,rippling:theguarantors-open-positions:75fc2d37-a8b8-48e9-b4fe-e06285bd0249
TheGuarantors,"Data Analyst, Insurance","New York, NY",https://ats.rippling.com/theguarantors-open-positions/jobs/c2a1f957-3217-4831-9ce9-e0dded7a4f2f,gone,,2026-09-24,0,,rippling,Lease Insurance / Insurtech,New York,A,rippling:theguarantors-open-positions:c2a1f957-3217-4831-9ce9-e0dded7a4f2f
TheGuarantors,Data Engineer,"New York, NY",https://ats.rippling.com/theguarantors-open-positions/jobs/aeb1fbf7-3348-4f6d-826f-75d6f48cd1fa,gone,,2026-09-24,0,eng,rippling,Lease Insurance / Insurtech,New York,A,rippling:theguarantors-open-positions:aeb1fbf7-3348-4f6d-826f-75d6f48cd1fa
TheGuarantors,"Director, Inside Partner Success",Remote (United States),https://ats.rippling.com/theguarantors-open-positions/jobs/398ba713-ea93-408d-9b67-aeb8fda33695,gone,,2026-09-24,0,leadership,rippling,Lease Insurance / Insurtech,New York,A,rippling:theguarantors-open-positions:398ba713-ea93-408d-9b67-aeb8fda33695
TheGuarantors,Engineering Manager - Property Management,"New York, NY",https://ats.rippling.com/theguarantors-open-positions/jobs/fa4824e5-4961-4d68-94fd-654d896fa722,gone,,2026-09-24,0,eng,rippling,Lease Insurance / Insurtech,New York,A,rippling:theguarantors-open-positions:fa4824e5-4961-4d68-94fd-654d896fa722
TheGuarantors,Lead - Commercial Operations & Analytics,"New York, NY",https://ats.rippling.com/theguarantors-open-positions/jobs/1f89fd20-cc7e-4c5c-9c84-592406bbd8e0,gone,,2026-09-24,0,ops,rippling,Lease Insurance / Insurtech,New York,A,rippling:theguarantors-open-positions:1f89fd20-cc7e-4c5c-9c84-592406bbd8e0
TheGuarantors,"Lead Product Manager, Payments","New York, NY",https://ats.rippling.com/theguarantors-open-positions/jobs/338d0e73-fc31-452d-b98c-d37c52e67dd7,gone,,2026-09-24,0,product,rippling,Lease Insurance / Insurtech,New York,A,rippling:theguarantors-open-positions:338d0e73-fc31-452d-b98c-d37c52e67dd7
TheGuarantors,Partner Success Associate (Remote),Remote (United States),https://ats.rippling.com/theguarantors-open-positions/jobs/a5c93eac-c299-4832-bcfd-90e3daaa4b75,gone,,2026-09-24,0,,rippling,Lease Insurance / Insurtech,New York,A,rippling:theguarantors-open-positions:a5c93eac-c299-4832-bcfd-90e3daaa4b75
TheGuarantors,Senior Account Executive (Remote),Remote (United States),https://ats.rippling.com/theguarantors-open-positions/jobs/0dc4f5a7-e5c3-4027-bf78-bca413498c9c,gone,,2026-09-24,0,sales,rippling,Lease Insurance / Insurtech,New York,A,rippling:theguarantors-open-positions:0dc4f5a7-e5c3-4027-bf78-bca413498c9c
TheGuarantors,Senior Account Manager (Remote),Remote (United States),https://ats.rippling.com/theguarantors-open-positions/jobs/245e388e-13f8-461b-9f46-bacd201c3be3,gone,,2026-09-24,0,customer,rippling,Lease Insurance / Insurtech,New York,A,rippling:theguarantors-open-positions:245e388e-13f8-461b-9f46-bacd201c3be3
TheGuarantors,Senior Marketing Operations Manager,"New York, NY",https://ats.rippling.com/theguarantors-open-positions/jobs/23b8eb78-b0dc-48e0-9933-50ed5587295f,gone,,2026-09-24,0,ops,rippling,Lease Insurance / Insurtech,New York,A,rippling:theguarantors-open-positions:23b8eb78-b0dc-48e0-9933-50ed5587295f
TheGuarantors,"Senior Product Manager, ZGRI","New York, NY",https://ats.rippling.com/theguarantors-open-positions/jobs/40594c89-8739-4809-ba63-e20f0ea5e735,gone,,2026-09-24,0,product,rippling,Lease Insurance / Insurtech,New York,A,rippling:theguarantors-open-positions:40594c89-8739-4809-ba63-e20f0ea5e735
TheGuarantors,Software Engineer - Customer Integrations (API),Remote (United States),https://ats.rippling.com/theguarantors-open-positions/jobs/cdb6349f-91f9-47f9-984b-fd19a329a563,gone,,2026-09-24,0,eng,rippling,Lease Insurance / Insurtech,New York,A,rippling:theguarantors-open-positions:cdb6349f-91f9-47f9-984b-fd19a329a563
TheGuarantors,Software Engineer - Deal Flow & Underwriting Experience,"New York, NY",https://ats.rippling.com/theguarantors-open-positions/jobs/2bc51270-c3d1-4d04-b3d0-7407407ccc96,gone,,2026-09-24,0,eng,rippling,Lease Insurance / Insurtech,New York,A,rippling:theguarantors-open-positions:2bc51270-c3d1-4d04-b3d0-7407407ccc96
TheGuarantors,Software Engineer - Renter Experience,"New York, NY",https://ats.rippling.com/theguarantors-open-positions/jobs/337d8f93-b0d3-4765-9a32-bede74a246dc,gone,,2026-09-24,0,eng,rippling,Lease Insurance / Insurtech,New York,A,rippling:theguarantors-open-positions:337d8f93-b0d3-4765-9a32-bede74a246dc
TheGuarantors,Software Engineer - Risk Solutions,"New York, NY",https://ats.rippling.com/theguarantors-open-positions/jobs/219799ca-8d34-4198-abe4-23c209d77a73,gone,,2026-09-24,0,eng,rippling,Lease Insurance / Insurtech,New York,A,rippling:theguarantors-open-positions:219799ca-8d34-4198-abe4-23c209d77a73
TheGuarantors,Talent Acquisition Specialist,"New York, NY",https://ats.rippling.com/theguarantors-open-positions/jobs/b31f3e88-2b52-468e-b841-cc5775b85271,gone,,2026-09-24,0,,rippling,Lease Insurance / Insurtech,New York,A,rippling:theguarantors-open-positions:b31f3e88-2b52-468e-b841-cc5775b85271
TheGuarantors,"VP, Strategic Accounts & Services",Remote (United States),https://ats.rippling.com/theguarantors-open-positions/jobs/819b73d8-7750-47df-a3c8-929101e90606,gone,,2026-09-24,0,,rippling,Lease Insurance / Insurtech,New York,A,rippling:theguarantors-open-positions:819b73d8-7750-47df-a3c8-929101e90606
TurboTenant,Grow Your Career at TurboTenant: General Application,"Denver, CO",https://job-boards.greenhouse.io/turbotenant/jobs/4401577007,live,2024-06-06,2026-09-24,0,,greenhouse,Landlord/DIY Property Management Software,Colorado,A,greenhouse:turbotenant:4401577007
TurboTenant,"Real Estate Photographer - Tallahassee, FL","Tallahassee, FL",https://job-boards.greenhouse.io/turbotenant/jobs/5222721007,live,2026-08-26,2026-09-24,0,,greenhouse,Landlord/DIY Property Management Software,Colorado,A,greenhouse:turbotenant:5222721007
TurboTenant,Sr. Paid Search Manager,"Denver, CO",https://job-boards.greenhouse.io/turbotenant/jobs/5218114007,live,2026-08-20,2026-09-24,0,,greenhouse,Landlord/DIY Property Management Software,Colorado,A,greenhouse:turbotenant:5218114007
Updater,"Director, Corporate Development","Remote, US",https://job-boards.greenhouse.io/updater/jobs/8089760,live,2026-07-27,2026-09-24,0,leadership,greenhouse,Moving/Relocation Tech for Property Managers,New York,A,greenhouse:updater:8089760
Blend Labs,Client Sales Executive - Named Accounts,United States,https://job-boards.greenhouse.io/blend/jobs/6177609004,live,2026-09-08,2026-09-24,0,sales,greenhouse,Mortgage/Lending Software,California,B,greenhouse:blend:6177609004
Blend Labs,Director of Revenue Accounting,United States,https://job-boards.greenhouse.io/blend/jobs/6191674004,live,2026-09-14,2026-09-24,0,sales,greenhouse,Mortgage/Lending Software,California,B,greenhouse:blend:6191674004
Blend Labs,Financial Reporting & Technical Accounting Lead,United States,https://job-boards.greenhouse.io/blend/jobs/6148697004,live,2026-08-21,2026-09-24,0,,greenhouse,Mortgage/Lending Software,California,B,greenhouse:blend:6148697004
Blend Labs,Head of Product - Autopilot,United States,https://job-boards.greenhouse.io/blend/jobs/6186352004,live,2026-09-15,2026-09-24,0,product,greenhouse,Mortgage/Lending Software,California,B,greenhouse:blend:6186352004
Blend Labs,"Head of Product, Home Lending",United States,https://job-boards.greenhouse.io/blend/jobs/6181260004,live,2026-09-03,2026-09-24,0,product,greenhouse,Mortgage/Lending Software,California,B,greenhouse:blend:6181260004
Blend Labs,Recruiter,"Raleigh, NC; United States",https://job-boards.greenhouse.io/blend/jobs/6139979004,live,2026-08-10,2026-09-24,0,,greenhouse,Mortgage/Lending Software,California,B,greenhouse:blend:6139979004
Blend Labs,Sales Executive - New Logo (Named Accounts),United States,https://job-boards.greenhouse.io/blend/jobs/6141507004,live,2026-08-17,2026-09-24,0,sales,greenhouse,Mortgage/Lending Software,California,B,greenhouse:blend:6141507004
Blend Labs,Security Engineering Manager,United States,https://job-boards.greenhouse.io/blend/jobs/6132178004,live,2026-07-31,2026-09-24,0,eng,greenhouse,Mortgage/Lending Software,California,B,greenhouse:blend:6132178004
Blend Labs,Senior Contract Lead,United States,https://job-boards.greenhouse.io/blend/jobs/6140011004,live,2026-08-10,2026-09-24,0,,greenhouse,Mortgage/Lending Software,California,B,greenhouse:blend:6140011004
Blend Labs,Software Engineer,United States,https://job-boards.greenhouse.io/blend/jobs/6203084004,live,2026-09-21,2026-09-24,0,eng,greenhouse,Mortgage/Lending Software,California,B,greenhouse:blend:6203084004
Blend Labs,Software Engineer - AI Native (Full Stack),"Raleigh, NC",https://job-boards.greenhouse.io/blend/jobs/6141420004,live,2026-08-11,2026-09-24,0,eng,greenhouse,Mortgage/Lending Software,California,B,greenhouse:blend:6141420004
Blend Labs,Software Engineer - Infrastructure,United States,https://job-boards.greenhouse.io/blend/jobs/6123761004,live,2026-07-23,2026-09-24,0,eng,greenhouse,Mortgage/Lending Software,California,B,greenhouse:blend:6123761004
Blend Labs,Software Engineer - Platform Foundation,United States,https://job-boards.greenhouse.io/blend/jobs/6190338004,live,2026-09-11,2026-09-24,0,eng,greenhouse,Mortgage/Lending Software,California,B,greenhouse:blend:6190338004
Bowery Valuation,"Associate, Valuation","New York, NY",https://ats.rippling.com/bowery-valuation/jobs/92740487-badc-4922-a7a7-0349383f0f22,gone,,2026-09-24,0,,rippling,AI-Powered Appraisal Software,New York,B,rippling:bowery-valuation:92740487-badc-4922-a7a7-0349383f0f22
Bowery Valuation,Experienced CRE Appraisers (nationwide),Remote,https://ats.rippling.com/bowery-valuation/jobs/b4fd4c5e-ff09-4c18-9f7b-8b4df29c09b2,gone,,2026-09-24,0,,rippling,AI-Powered Appraisal Software,New York,B,rippling:bowery-valuation:b4fd4c5e-ff09-4c18-9f7b-8b4df29c09b2
Chamberlain Group,AI Engineering Manager,"Oak Brook, IL",https://chamberlain.wd1.myworkdayjobs.com/Chamberlain_Group/job/Oak-Brook-IL/AI-Engineering-Manager_JR30977,live,,2026-09-24,0,eng,workday,Smart Access (myQ/LiftMaster),Illinois,B,workday:chamberlain:/job/Oak-Brook-IL/AI-Engineering-Manager_JR30977
Chamberlain Group,Administrator I Distribution,"Olive Branch, MS",https://chamberlain.wd1.myworkdayjobs.com/Chamberlain_Group/job/Olive-Branch-MS/Administrator-I-Distribution_JR31233,live,,2026-09-24,0,,workday,Smart Access (myQ/LiftMaster),Illinois,B,workday:chamberlain:/job/Olive-Branch-MS/Administrator-I-Distribution_JR31233
Chamberlain Group,"Analyst I, Associate Program Manager - Sales Support","Oak Brook, IL",https://chamberlain.wd1.myworkdayjobs.com/Chamberlain_Group/job/Oak-Brook-IL/Analyst-I--Associate-Program-Manager---Sales-Support_JR30758,live,,2026-09-24,0,sales,workday,Smart Access (myQ/LiftMaster),Illinois,B,workday:chamberlain:/job/Oak-Brook-IL/Analyst-I--Associate-Program-Manager---Sales-Support_JR30758
Chamberlain Group,Builder Channel Lead – Single-Family,Remote - Arizona,https://chamberlain.wd1.myworkdayjobs.com/Chamberlain_Group/job/Remote---Arizona/Builder-Channel-Lead---Single-Family_JR30933-1,live,,2026-09-24,0,,workday,Smart Access (myQ/LiftMaster),Illinois,B,workday:chamberlain:/job/Remote---Arizona/Builder-Channel-Lead---Single-Family_JR30933-1
Chamberlain Group,Candidate Engagement Pool,"Oak Brook, IL",https://chamberlain.wd1.myworkdayjobs.com/Chamberlain_Group/job/Oak-Brook-IL/Candidate-Engagement-Pool_JR30435,live,,2026-09-24,0,,workday,Smart Access (myQ/LiftMaster),Illinois,B,workday:chamberlain:/job/Oak-Brook-IL/Candidate-Engagement-Pool_JR30435
Chamberlain Group,Customer Care myQ Community - Coordinator,"Oak Brook, IL",https://chamberlain.wd1.myworkdayjobs.com/Chamberlain_Group/job/Oak-Brook-IL/Customer-Care-myQ-Community---Coordinator_JR31416,live,,2026-09-24,0,,workday,Smart Access (myQ/LiftMaster),Illinois,B,workday:chamberlain:/job/Oak-Brook-IL/Customer-Care-myQ-Community---Coordinator_JR31416
Chamberlain Group,"Director, Product Management - Connectivity-Led Experiences (Hybrid - Oak Brook, IL)","Oak Brook, IL",https://chamberlain.wd1.myworkdayjobs.com/Chamberlain_Group/job/Oak-Brook-IL/Director--Product-Management---Connectivity-Led-Experiences_JR31112,live,,2026-09-24,0,leadership,workday,Smart Access (myQ/LiftMaster),Illinois,B,workday:chamberlain:/job/Oak-Brook-IL/Director--Product-Management---Connectivity-Led-Experiences_JR31112
Chamberlain Group,Facilities Manager,"Oak Brook, IL",https://chamberlain.wd1.myworkdayjobs.com/Chamberlain_Group/job/Oak-Brook-IL/Facilities-Manager_JR31372,live,,2026-09-24,0,,workday,Smart Access (myQ/LiftMaster),Illinois,B,workday:chamberlain:/job/Oak-Brook-IL/Facilities-Manager_JR31372
Chamberlain Group,"Group Product Manager (Hybrid - Oak Brook, IL)","Oak Brook, IL",https://chamberlain.wd1.myworkdayjobs.com/Chamberlain_Group/job/Oak-Brook-IL/Group-Product-Manager--Hybrid---Oak-Brook--IL-_JR31388,live,,2026-09-24,0,product,workday,Smart Access (myQ/LiftMaster),Illinois,B,workday:chamberlain:/job/Oak-Brook-IL/Group-Product-Manager--Hybrid---Oak-Brook--IL-_JR31388
Chamberlain Group,Integrated Business Planning Sr. Specialist,"Oak Brook, IL",https://chamberlain.wd1.myworkdayjobs.com/Chamberlain_Group/job/Oak-Brook-IL/Integrated-Business-Planning-Sr-Specialist_JR30699,live,,2026-09-24,0,,workday,Smart Access (myQ/LiftMaster),Illinois,B,workday:chamberlain:/job/Oak-Brook-IL/Integrated-Business-Planning-Sr-Specialist_JR30699
Chamberlain Group,"Intern, Community Product Management (Summer 2027)","Oak Brook, IL",https://chamberlain.wd1.myworkdayjobs.com/Chamberlain_Group/job/Oak-Brook-IL/Intern--Community-Product-Management--Summer-2026-_JR31309,live,,2026-09-24,0,,workday,Smart Access (myQ/LiftMaster),Illinois,B,workday:chamberlain:/job/Oak-Brook-IL/Intern--Community-Product-Management--Summer-2026-_JR31309
Chamberlain Group,Lead Business Analyst,"Oak Brook, IL",https://chamberlain.wd1.myworkdayjobs.com/Chamberlain_Group/job/Oak-Brook-IL/Lead-Business-Analyst_JR31449,live,,2026-09-24,0,,workday,Smart Access (myQ/LiftMaster),Illinois,B,workday:chamberlain:/job/Oak-Brook-IL/Lead-Business-Analyst_JR31449
Chamberlain Group,Lead Business Analyst,"Oak Brook, IL",https://chamberlain.wd1.myworkdayjobs.com/Chamberlain_Group/job/Oak-Brook-IL/Lead-Business-Analyst_JR31467,live,,2026-09-24,0,,workday,Smart Access (myQ/LiftMaster),Illinois,B,workday:chamberlain:/job/Oak-Brook-IL/Lead-Business-Analyst_JR31467
Chamberlain Group,Lead Data Scientist,"Oak Brook, IL",https://chamberlain.wd1.myworkdayjobs.com/Chamberlain_Group/job/Oak-Brook-IL/Lead-Data-Scientist_JR30293,live,,2026-09-24,0,eng,workday,Smart Access (myQ/LiftMaster),Illinois,B,workday:chamberlain:/job/Oak-Brook-IL/Lead-Data-Scientist_JR30293
Chamberlain Group,Lead Decision Science Analyst,"Oak Brook, IL",https://chamberlain.wd1.myworkdayjobs.com/Chamberlain_Group/job/Oak-Brook-IL/Lead-Decision-Science-Analyst_JR30103,live,,2026-09-24,0,,workday,Smart Access (myQ/LiftMaster),Illinois,B,workday:chamberlain:/job/Oak-Brook-IL/Lead-Decision-Science-Analyst_JR30103
Chamberlain Group,Lead Staff Front End Engineer (Remote),Remote - California,https://chamberlain.wd1.myworkdayjobs.com/Chamberlain_Group/job/Remote---California/Staff-Engineer--Remote-_JR31626,live,,2026-09-24,0,eng,workday,Smart Access (myQ/LiftMaster),Illinois,B,workday:chamberlain:/job/Remote---California/Staff-Engineer--Remote-_JR31626
Chamberlain Group,"Lead, Data and Deployment Operations","Oak Brook, IL",https://chamberlain.wd1.myworkdayjobs.com/Chamberlain_Group/job/Oak-Brook-IL/Lead--Data-and-Deployment-Operations_JR30941,live,,2026-09-24,0,ops,workday,Smart Access (myQ/LiftMaster),Illinois,B,workday:chamberlain:/job/Oak-Brook-IL/Lead--Data-and-Deployment-Operations_JR30941
Chamberlain Group,"Lead, Go-To-Market Strategy - Multifamily Channel","Oak Brook, IL",https://chamberlain.wd1.myworkdayjobs.com/Chamberlain_Group/job/Oak-Brook-IL/Lead--Go-To-Market-Strategy---Multifamily-Channel_JR31317,live,,2026-09-24,0,,workday,Smart Access (myQ/LiftMaster),Illinois,B,workday:chamberlain:/job/Oak-Brook-IL/Lead--Go-To-Market-Strategy---Multifamily-Channel_JR31317
Chamberlain Group,"Lead, NPD Sourcing Operations",Remote - Wisconsin,https://chamberlain.wd1.myworkdayjobs.com/Chamberlain_Group/job/Remote---Wisconsin/Lead--NPD-Sourcing-Operations_JR31627,live,,2026-09-24,0,ops,workday,Smart Access (myQ/LiftMaster),Illinois,B,workday:chamberlain:/job/Remote---Wisconsin/Lead--NPD-Sourcing-Operations_JR31627
Chamberlain Group,"Manager, Cloud Engineering",2 Locations,https://chamberlain.wd1.myworkdayjobs.com/Chamberlain_Group/job/Oak-Brook-IL/Manager--Cloud-Engineering_JR30944,live,,2026-09-24,0,eng,workday,Smart Access (myQ/LiftMaster),Illinois,B,workday:chamberlain:/job/Oak-Brook-IL/Manager--Cloud-Engineering_JR30944
Chamberlain Group,"Manager, Enterprise Integrations","Oak Brook, IL",https://chamberlain.wd1.myworkdayjobs.com/Chamberlain_Group/job/Oak-Brook-IL/Manager--Enterprise-Integrations_JR30340,live,,2026-09-24,0,,workday,Smart Access (myQ/LiftMaster),Illinois,B,workday:chamberlain:/job/Oak-Brook-IL/Manager--Enterprise-Integrations_JR30340
Chamberlain Group,"Manager, Sales Incentives & Coverage","Oak Brook, IL",https://chamberlain.wd1.myworkdayjobs.com/Chamberlain_Group/job/Oak-Brook-IL/Manager--Sales-Incentives---Coverage_JR31166,live,,2026-09-24,0,sales,workday,Smart Access (myQ/LiftMaster),Illinois,B,workday:chamberlain:/job/Oak-Brook-IL/Manager--Sales-Incentives---Coverage_JR31166
Chamberlain Group,"Manager, Social Media & Influencer Marketing","Oak Brook, IL",https://chamberlain.wd1.myworkdayjobs.com/Chamberlain_Group/job/Oak-Brook-IL/Manager--Social-Media---Influencer-Marketing_JR31289,live,,2026-09-24,0,,workday,Smart Access (myQ/LiftMaster),Illinois,B,workday:chamberlain:/job/Oak-Brook-IL/Manager--Social-Media---Influencer-Marketing_JR31289
Chamberlain Group,Manufacturing Process Documentation Intern (Summer 2027),"Malvern, AR",https://chamberlain.wd1.myworkdayjobs.com/Chamberlain_Group/job/Malvern-AR/Manufacturing-Process-Documentation-Intern--Summer-2027-_JR31463,live,,2026-09-24,0,,workday,Smart Access (myQ/LiftMaster),Illinois,B,workday:chamberlain:/job/Malvern-AR/Manufacturing-Process-Documentation-Intern--Summer-2027-_JR31463
Chamberlain Group,Marketing Manager - B2B,"Oak Brook, IL",https://chamberlain.wd1.myworkdayjobs.com/Chamberlain_Group/job/Oak-Brook-IL/Marketing-Manager---B2B_JR31437-1,live,,2026-09-24,0,,workday,Smart Access (myQ/LiftMaster),Illinois,B,workday:chamberlain:/job/Oak-Brook-IL/Marketing-Manager---B2B_JR31437-1
Chamberlain Group,Media Coordinator - National/DTC Media,"Oak Brook, IL",https://chamberlain.wd1.myworkdayjobs.com/Chamberlain_Group/job/Oak-Brook-IL/Media-Coordinator---National-DTC-Media_JR31257,live,,2026-09-24,0,,workday,Smart Access (myQ/LiftMaster),Illinois,B,workday:chamberlain:/job/Oak-Brook-IL/Media-Coordinator---National-DTC-Media_JR31257
Chamberlain Group,Media Coordinator - Retail Media (Amazon),"Oak Brook, IL",https://chamberlain.wd1.myworkdayjobs.com/Chamberlain_Group/job/Oak-Brook-IL/Media-Coordinator---Retail-Media--Amazon-_JR31255,live,,2026-09-24,0,,workday,Smart Access (myQ/LiftMaster),Illinois,B,workday:chamberlain:/job/Oak-Brook-IL/Media-Coordinator---Retail-Media--Amazon-_JR31255
Chamberlain Group,"Principal Software Architect, Platform Engineering",Remote - California,https://chamberlain.wd1.myworkdayjobs.com/Chamberlain_Group/job/Remote---California/Principal-Software-Architect--Platform-Engineering_JR30578-1,live,,2026-09-24,0,eng,workday,Smart Access (myQ/LiftMaster),Illinois,B,workday:chamberlain:/job/Remote---California/Principal-Software-Architect--Platform-Engineering_JR30578-1
Chamberlain Group,"Principal Software Engineer (Hybrid - Oak Brook, IL)","Oak Brook, IL",https://chamberlain.wd1.myworkdayjobs.com/Chamberlain_Group/job/Oak-Brook-IL/Principal-Software-Engineer--Hybrid---Oak-Brook--IL-_JR31620,live,,2026-09-24,0,eng,workday,Smart Access (myQ/LiftMaster),Illinois,B,workday:chamberlain:/job/Oak-Brook-IL/Principal-Software-Engineer--Hybrid---Oak-Brook--IL-_JR31620
Chamberlain Group,"Principal, Brand Strategy & Activation","Oak Brook, IL",https://chamberlain.wd1.myworkdayjobs.com/Chamberlain_Group/job/Oak-Brook-IL/Principal--Brand-Strategy---Activation_JR30328,live,,2026-09-24,0,,workday,Smart Access (myQ/LiftMaster),Illinois,B,workday:chamberlain:/job/Oak-Brook-IL/Principal--Brand-Strategy---Activation_JR30328
Chamberlain Group,"Principal, Cloud Infrastructure Architect","Oak Brook, IL",https://chamberlain.wd1.myworkdayjobs.com/Chamberlain_Group/job/Oak-Brook-IL/Principal--Cloud-Infrastructure-Architect_JR31406,live,,2026-09-24,0,eng,workday,Smart Access (myQ/LiftMaster),Illinois,B,workday:chamberlain:/job/Oak-Brook-IL/Principal--Cloud-Infrastructure-Architect_JR31406
Chamberlain Group,"Principal, Enterprise Solutions",Remote - Illinois,https://chamberlain.wd1.myworkdayjobs.com/Chamberlain_Group/job/Remote---Illinois/Principal--Enterprise-Solutions_JR31008,live,,2026-09-24,0,,workday,Smart Access (myQ/LiftMaster),Illinois,B,workday:chamberlain:/job/Remote---Illinois/Principal--Enterprise-Solutions_JR31008
Chamberlain Group,"Principal, Go-To-Market, Video (Hybrid - Oak Brook, IL)","Oak Brook, IL",https://chamberlain.wd1.myworkdayjobs.com/Chamberlain_Group/job/Oak-Brook-IL/Principal--Go-To-Market--Video_JR31036,live,,2026-09-24,0,,workday,Smart Access (myQ/LiftMaster),Illinois,B,workday:chamberlain:/job/Oak-Brook-IL/Principal--Go-To-Market--Video_JR31036
Chamberlain Group,"Principal, Revenue Intelligence Platforms","Oak Brook, IL",https://chamberlain.wd1.myworkdayjobs.com/Chamberlain_Group/job/Oak-Brook-IL/Principal--Revenue-Intelligence-Platforms_JR31141,live,,2026-09-24,0,sales,workday,Smart Access (myQ/LiftMaster),Illinois,B,workday:chamberlain:/job/Oak-Brook-IL/Principal--Revenue-Intelligence-Platforms_JR31141
Chamberlain Group,"Product Manager (Hybrid - Oak Brook, IL)","Oak Brook, IL",https://chamberlain.wd1.myworkdayjobs.com/Chamberlain_Group/job/Oak-Brook-IL/Product-Manager--Hybrid---Oak-Brook--IL-_JR31389-1,live,,2026-09-24,0,product,workday,Smart Access (myQ/LiftMaster),Illinois,B,workday:chamberlain:/job/Oak-Brook-IL/Product-Manager--Hybrid---Oak-Brook--IL-_JR31389-1
Chamberlain Group,Program Manager,"Oak Brook, IL",https://chamberlain.wd1.myworkdayjobs.com/Chamberlain_Group/job/Oak-Brook-IL/Program-Manager_JR31197,live,,2026-09-24,0,,workday,Smart Access (myQ/LiftMaster),Illinois,B,workday:chamberlain:/job/Oak-Brook-IL/Program-Manager_JR31197
Chamberlain Group,Residential Support Representative I,"Tucson, AZ",https://chamberlain.wd1.myworkdayjobs.com/Chamberlain_Group/job/Tucson-AZ/Residential-Support-Representative-I_JR31550,live,,2026-09-24,0,customer,workday,Smart Access (myQ/LiftMaster),Illinois,B,workday:chamberlain:/job/Tucson-AZ/Residential-Support-Representative-I_JR31550
Chamberlain Group,Revenue Growth Management Lead,"Oak Brook, IL",https://chamberlain.wd1.myworkdayjobs.com/Chamberlain_Group/job/Oak-Brook-IL/Revenue-Growth-Management-Lead_JR30887,live,,2026-09-24,0,sales,workday,Smart Access (myQ/LiftMaster),Illinois,B,workday:chamberlain:/job/Oak-Brook-IL/Revenue-Growth-Management-Lead_JR30887
Chamberlain Group,Revenue Operation Analyst,"Oak Brook, IL",https://chamberlain.wd1.myworkdayjobs.com/Chamberlain_Group/job/Oak-Brook-IL/Analyst-I--Associate-Program-Manager---Sales-Support_JR30730,live,,2026-09-24,0,sales,workday,Smart Access (myQ/LiftMaster),Illinois,B,workday:chamberlain:/job/Oak-Brook-IL/Analyst-I--Associate-Program-Manager---Sales-Support_JR30730
Chamberlain Group,Sales Strategy & Operations Analyst,"Oak Brook, IL",https://chamberlain.wd1.myworkdayjobs.com/Chamberlain_Group/job/Oak-Brook-IL/Sales-Strategy---Operations-Analyst_JR31601,live,,2026-09-24,0,sales,workday,Smart Access (myQ/LiftMaster),Illinois,B,workday:chamberlain:/job/Oak-Brook-IL/Sales-Strategy---Operations-Analyst_JR31601
Chamberlain Group,Salesforce Administrator,"Oak Brook, IL",https://chamberlain.wd1.myworkdayjobs.com/Chamberlain_Group/job/Oak-Brook-IL/Salesforce-Administrator_JR31015,live,,2026-09-24,0,sales,workday,Smart Access (myQ/LiftMaster),Illinois,B,workday:chamberlain:/job/Oak-Brook-IL/Salesforce-Administrator_JR31015
Chamberlain Group,Senior Demand Generation Lead,"Oak Brook, IL",https://chamberlain.wd1.myworkdayjobs.com/Chamberlain_Group/job/Oak-Brook-IL/Demand-Generation-Lead_JR31005,live,,2026-09-24,0,,workday,Smart Access (myQ/LiftMaster),Illinois,B,workday:chamberlain:/job/Oak-Brook-IL/Demand-Generation-Lead_JR31005
Chamberlain Group,"Senior Manager Product, myQ Enterprise (Hybrid - Oak Brook, IL)","Oak Brook, IL",https://chamberlain.wd1.myworkdayjobs.com/Chamberlain_Group/job/Oak-Brook-IL/Senior-Manager-Product--myQ-App-Enterprise--Hybrid---Oak-Brook--IL-_JR31295,live,,2026-09-24,0,,workday,Smart Access (myQ/LiftMaster),Illinois,B,workday:chamberlain:/job/Oak-Brook-IL/Senior-Manager-Product--myQ-App-Enterprise--Hybrid---Oak-Brook--IL-_JR31295
Chamberlain Group,"Senior Software Engineer, .NET","Oak Brook, IL",https://chamberlain.wd1.myworkdayjobs.com/Chamberlain_Group/job/Oak-Brook-IL/Senior-Software-Engineer--NET_JR30628-1,live,,2026-09-24,0,eng,workday,Smart Access (myQ/LiftMaster),Illinois,B,workday:chamberlain:/job/Oak-Brook-IL/Senior-Software-Engineer--NET_JR30628-1
Chamberlain Group,"Senior Software Engineer, Middleware","Oak Brook, IL",https://chamberlain.wd1.myworkdayjobs.com/Chamberlain_Group/job/Oak-Brook-IL/Senior-Software-Engineer--Middleware_JR31355,live,,2026-09-24,0,eng,workday,Smart Access (myQ/LiftMaster),Illinois,B,workday:chamberlain:/job/Oak-Brook-IL/Senior-Software-Engineer--Middleware_JR31355
Chamberlain Group,"Software Product Manager, myQ App (Hybrid - Oak Brook, IL)","Oak Brook, IL",https://chamberlain.wd1.myworkdayjobs.com/Chamberlain_Group/job/Oak-Brook-IL/Software-Product-Manager_JR30900,live,,2026-09-24,0,product,workday,Smart Access (myQ/LiftMaster),Illinois,B,workday:chamberlain:/job/Oak-Brook-IL/Software-Product-Manager_JR30900
Chamberlain Group,"Sr Manager, Go-To-Market Strategy - Multifamily Channel","Oak Brook, IL",https://chamberlain.wd1.myworkdayjobs.com/Chamberlain_Group/job/Oak-Brook-IL/Sr-Manager--Go-To-Market-Strategy---Multifamily-Channel_JR31316,live,,2026-09-24,0,,workday,Smart Access (myQ/LiftMaster),Illinois,B,workday:chamberlain:/job/Oak-Brook-IL/Sr-Manager--Go-To-Market-Strategy---Multifamily-Channel_JR31316
Chamberlain Group,Sr. Business Systems Analyst - Finance & HR,"Oak Brook, IL",https://chamberlain.wd1.myworkdayjobs.com/Chamberlain_Group/job/Oak-Brook-IL/Sr-Business-Systems-Analyst---Finance---HR_JR31326,live,,2026-09-24,0,,workday,Smart Access (myQ/LiftMaster),Illinois,B,workday:chamberlain:/job/Oak-Brook-IL/Sr-Business-Systems-Analyst---Finance---HR_JR31326
Chamberlain Group,"Sr. Engineer, 2 Firmware","Oak Brook, IL",https://chamberlain.wd1.myworkdayjobs.com/Chamberlain_Group/job/Oak-Brook-IL/Sr-Engineer--2-Firmware_JR31505,live,,2026-09-24,0,eng,workday,Smart Access (myQ/LiftMaster),Illinois,B,workday:chamberlain:/job/Oak-Brook-IL/Sr-Engineer--2-Firmware_JR31505
Chamberlain Group,"Sr. Engineer, Software - GenAI (Hybrid)","Oak Brook, IL",https://chamberlain.wd1.myworkdayjobs.com/Chamberlain_Group/job/Oak-Brook-IL/Sr-Engineer--Software---GenAI--Hybrid-_JR30976,live,,2026-09-24,0,eng,workday,Smart Access (myQ/LiftMaster),Illinois,B,workday:chamberlain:/job/Oak-Brook-IL/Sr-Engineer--Software---GenAI--Hybrid-_JR30976
Chamberlain Group,Sr. Field Sales Representative,Remote - New York,https://chamberlain.wd1.myworkdayjobs.com/Chamberlain_Group/job/Remote---New-York/Sr-Field-Sales-Representative_JR31599,live,,2026-09-24,0,sales,workday,Smart Access (myQ/LiftMaster),Illinois,B,workday:chamberlain:/job/Remote---New-York/Sr-Field-Sales-Representative_JR31599
Chamberlain Group,Sr. Field Sales Representative,Remote - Ohio,https://chamberlain.wd1.myworkdayjobs.com/Chamberlain_Group/job/Remote---Ohio/Sr-Field-Sales-Representative_JR31490-1,live,,2026-09-24,0,sales,workday,Smart Access (myQ/LiftMaster),Illinois,B,workday:chamberlain:/job/Remote---Ohio/Sr-Field-Sales-Representative_JR31490-1
Chamberlain Group,"Sr. Finance Analyst, FP&A","Oak Brook, IL",https://chamberlain.wd1.myworkdayjobs.com/Chamberlain_Group/job/Oak-Brook-IL/Sr-Finance-Analyst--FP-A_JR31126,live,,2026-09-24,0,,workday,Smart Access (myQ/LiftMaster),Illinois,B,workday:chamberlain:/job/Oak-Brook-IL/Sr-Finance-Analyst--FP-A_JR31126
Chamberlain Group,"Sr. Hardware Product Manager (Hybrid - Oak Brook, IL)","Oak Brook, IL",https://chamberlain.wd1.myworkdayjobs.com/Chamberlain_Group/job/Oak-Brook-IL/Sr-Product-Manager--Hybrid---Oak-Brook--IL-_JR31633,live,,2026-09-24,0,product,workday,Smart Access (myQ/LiftMaster),Illinois,B,workday:chamberlain:/job/Oak-Brook-IL/Sr-Product-Manager--Hybrid---Oak-Brook--IL-_JR31633
Chamberlain Group,Sr. Manager Quality Engineering - myQ,"Oak Brook, IL",https://chamberlain.wd1.myworkdayjobs.com/Chamberlain_Group/job/Oak-Brook-IL/Sr-Manager-Quality-Engineering---myQ_JR31431,live,,2026-09-24,0,eng,workday,Smart Access (myQ/LiftMaster),Illinois,B,workday:chamberlain:/job/Oak-Brook-IL/Sr-Manager-Quality-Engineering---myQ_JR31431
Chamberlain Group,"Sr. Manager Software Engineering (Hybrid in Oak Brook, IL)","Oak Brook, IL",https://chamberlain.wd1.myworkdayjobs.com/Chamberlain_Group/job/Oak-Brook-IL/Sr-Manager-Software-Engineering--Hybrid-in-Oak-Brook--IL-_JR31619,live,,2026-09-24,0,eng,workday,Smart Access (myQ/LiftMaster),Illinois,B,workday:chamberlain:/job/Oak-Brook-IL/Sr-Manager-Software-Engineering--Hybrid-in-Oak-Brook--IL-_JR31619
Chamberlain Group,"Sr. Manager, Channel Programs","Oak Brook, IL",https://chamberlain.wd1.myworkdayjobs.com/Chamberlain_Group/job/Oak-Brook-IL/Sr-Manager--Channel-Programs_JR29664,live,,2026-09-24,0,,workday,Smart Access (myQ/LiftMaster),Illinois,B,workday:chamberlain:/job/Oak-Brook-IL/Sr-Manager--Channel-Programs_JR29664
Chamberlain Group,"Sr. Manager, Data Science (Marketing)","Oak Brook, IL",https://chamberlain.wd1.myworkdayjobs.com/Chamberlain_Group/job/Oak-Brook-IL/Sr-Manager--Data-Science--Marketing-_JR30949,live,,2026-09-24,0,,workday,Smart Access (myQ/LiftMaster),Illinois,B,workday:chamberlain:/job/Oak-Brook-IL/Sr-Manager--Data-Science--Marketing-_JR30949
Chamberlain Group,"Sr. Manager, Data Science (Product & Engineering)","Oak Brook, IL",https://chamberlain.wd1.myworkdayjobs.com/Chamberlain_Group/job/Oak-Brook-IL/Sr-Manager--Data-Science--Product---Engineering-_JR30950,live,,2026-09-24,0,eng,workday,Smart Access (myQ/LiftMaster),Illinois,B,workday:chamberlain:/job/Oak-Brook-IL/Sr-Manager--Data-Science--Product---Engineering-_JR30950
Chamberlain Group,"Sr. Manager, Finance - Commercial FP&A","Oak Brook, IL",https://chamberlain.wd1.myworkdayjobs.com/Chamberlain_Group/job/Oak-Brook-IL/Sr-Manager--Finance---Commercial-FP-A_JR30497,live,,2026-09-24,0,,workday,Smart Access (myQ/LiftMaster),Illinois,B,workday:chamberlain:/job/Oak-Brook-IL/Sr-Manager--Finance---Commercial-FP-A_JR30497
Chamberlain Group,"Sr. Manager, Lifecycle Marketing","Oak Brook, IL",https://chamberlain.wd1.myworkdayjobs.com/Chamberlain_Group/job/Oak-Brook-IL/Sr-Manager--Lifecycle-Marketing_JR31466,live,,2026-09-24,0,,workday,Smart Access (myQ/LiftMaster),Illinois,B,workday:chamberlain:/job/Oak-Brook-IL/Sr-Manager--Lifecycle-Marketing_JR31466
Chamberlain Group,Sr. Sales Forecasting Analyst,"Oak Brook, IL",https://chamberlain.wd1.myworkdayjobs.com/Chamberlain_Group/job/Oak-Brook-IL/Sr-Sales-Forecasting-Analyst_JR29665,live,,2026-09-24,0,sales,workday,Smart Access (myQ/LiftMaster),Illinois,B,workday:chamberlain:/job/Oak-Brook-IL/Sr-Sales-Forecasting-Analyst_JR29665
Chamberlain Group,"Sr. Software Engineer - Middleware (Hybrid - Oak Brook, IL)","Oak Brook, IL",https://chamberlain.wd1.myworkdayjobs.com/Chamberlain_Group/job/Oak-Brook-IL/Sr-Software-Engineer---Middleware--Hybrid---Oak-Brook--IL-_JR30749,live,,2026-09-24,0,eng,workday,Smart Access (myQ/LiftMaster),Illinois,B,workday:chamberlain:/job/Oak-Brook-IL/Sr-Software-Engineer---Middleware--Hybrid---Oak-Brook--IL-_JR30749
Chamberlain Group,"Sr. Software Product Manager (Hybrid - Oak Brook, IL)","Oak Brook, IL",https://chamberlain.wd1.myworkdayjobs.com/Chamberlain_Group/job/Oak-Brook-IL/Sr-Software-Product-Manager_JR31094,live,,2026-09-24,0,product,workday,Smart Access (myQ/LiftMaster),Illinois,B,workday:chamberlain:/job/Oak-Brook-IL/Sr-Software-Product-Manager_JR31094
Chamberlain Group,Sr. Technical Program Manager,"Oak Brook, IL",https://chamberlain.wd1.myworkdayjobs.com/Chamberlain_Group/job/Oak-Brook-IL/Sr-Technical-Program-Manager_JR31595,live,,2026-09-24,0,,workday,Smart Access (myQ/LiftMaster),Illinois,B,workday:chamberlain:/job/Oak-Brook-IL/Sr-Technical-Program-Manager_JR31595
Chamberlain Group,Staff Site Reliability Engineer,"Oak Brook, IL",https://chamberlain.wd1.myworkdayjobs.com/Chamberlain_Group/job/Oak-Brook-IL/Staff-Site-Reliability-Engineer_JR30139-1,live,,2026-09-24,0,eng,workday,Smart Access (myQ/LiftMaster),Illinois,B,workday:chamberlain:/job/Oak-Brook-IL/Staff-Site-Reliability-Engineer_JR30139-1
Chamberlain Group,Supply Chain Specialist,"Oak Brook, IL",https://chamberlain.wd1.myworkdayjobs.com/Chamberlain_Group/job/Oak-Brook-IL/Supply-Chain-Analyst_JR31402,live,,2026-09-24,0,,workday,Smart Access (myQ/LiftMaster),Illinois,B,workday:chamberlain:/job/Oak-Brook-IL/Supply-Chain-Analyst_JR31402
Chamberlain Group,Technical Project Manager,"Oak Brook, IL",https://chamberlain.wd1.myworkdayjobs.com/Chamberlain_Group/job/Oak-Brook-IL/Technical-Project-Manager_JR31622,live,,2026-09-24,0,,workday,Smart Access (myQ/LiftMaster),Illinois,B,workday:chamberlain:/job/Oak-Brook-IL/Technical-Project-Manager_JR31622
Chamberlain Group,Technical Service Representative I,"Germantown, WI",https://chamberlain.wd1.myworkdayjobs.com/Chamberlain_Group/job/Germantown-WI/Technical-Service-Representative-I_JR31358,live,,2026-09-24,0,,workday,Smart Access (myQ/LiftMaster),Illinois,B,workday:chamberlain:/job/Germantown-WI/Technical-Service-Representative-I_JR31358
Chamberlain Group,Technician Facilities Maintenance,"Olive Branch, MS",https://chamberlain.wd1.myworkdayjobs.com/Chamberlain_Group/job/Olive-Branch-MS/Technician-Facilities-Maintenance_JR31472-2,live,,2026-09-24,0,ops,workday,Smart Access (myQ/LiftMaster),Illinois,B,workday:chamberlain:/job/Olive-Branch-MS/Technician-Facilities-Maintenance_JR31472-2
Chamberlain Group,Warehouse Associate II,"Tucson, AZ",https://chamberlain.wd1.myworkdayjobs.com/Chamberlain_Group/job/Tucson-AZ/Warehouse-Associate-II_JR31345,live,,2026-09-24,0,,workday,Smart Access (myQ/LiftMaster),Illinois,B,workday:chamberlain:/job/Tucson-AZ/Warehouse-Associate-II_JR31345
Closinglock,"Account Executive, Enterprise","Austin, TX",https://ats.rippling.com/closinglock/jobs/b990d5d5-0e72-49c7-983e-40b0b31e9e78,gone,,2026-09-24,0,sales,rippling,Wire Fraud Prevention for RE Closings,Texas,B,rippling:closinglock:b990d5d5-0e72-49c7-983e-40b0b31e9e78
Closinglock,"Account Executive, Mid-Market","Austin, TX",https://ats.rippling.com/closinglock/jobs/008edbb8-c859-46b7-894c-a37bbd109050,gone,,2026-09-24,0,sales,rippling,Wire Fraud Prevention for RE Closings,Texas,B,rippling:closinglock:008edbb8-c859-46b7-894c-a37bbd109050
Closinglock,Director of Customer Success,"Austin, TX",https://ats.rippling.com/closinglock/jobs/5a93fabd-52d3-4ffa-a5ee-33c90d40a3a9,gone,,2026-09-24,0,customer,rippling,Wire Fraud Prevention for RE Closings,Texas,B,rippling:closinglock:5a93fabd-52d3-4ffa-a5ee-33c90d40a3a9
Closinglock,Events Marketing Manager,"Austin, TX",https://ats.rippling.com/closinglock/jobs/eeee01bf-2037-4484-b614-2904c2ac6e9b,gone,,2026-09-24,0,,rippling,Wire Fraud Prevention for RE Closings,Texas,B,rippling:closinglock:eeee01bf-2037-4484-b614-2904c2ac6e9b
Closinglock,Head of People,"Austin, TX",https://ats.rippling.com/closinglock/jobs/e7a4e3b3-47f3-4ced-9e2d-69a60bade8bf,gone,,2026-09-24,0,leadership,rippling,Wire Fraud Prevention for RE Closings,Texas,B,rippling:closinglock:e7a4e3b3-47f3-4ced-9e2d-69a60bade8bf
Closinglock,Mid or Senior Frontend Engineer,"Austin, TX",https://ats.rippling.com/closinglock/jobs/f4d91ff1-8356-4bc9-ad51-b286993ee250,gone,,2026-09-24,0,eng,rippling,Wire Fraud Prevention for RE Closings,Texas,B,rippling:closinglock:f4d91ff1-8356-4bc9-ad51-b286993ee250
Closinglock,Sales Development Representative,"Austin, TX",https://ats.rippling.com/closinglock/jobs/ac25579d-6556-449b-b674-08159e5b5d13,gone,,2026-09-24,0,sales,rippling,Wire Fraud Prevention for RE Closings,Texas,B,rippling:closinglock:ac25579d-6556-449b-b674-08159e5b5d13
Closinglock,Senior Backend Engineer,"Austin, TX",https://ats.rippling.com/closinglock/jobs/bc3a5556-20d2-421b-bd59-1cc24a25a13c,gone,,2026-09-24,0,eng,rippling,Wire Fraud Prevention for RE Closings,Texas,B,rippling:closinglock:bc3a5556-20d2-421b-bd59-1cc24a25a13c
Closinglock,Software Engineer,"Austin, TX",https://ats.rippling.com/closinglock/jobs/00263a48-3158-443d-bbdc-7bf1249a57a7,gone,,2026-09-24,0,eng,rippling,Wire Fraud Prevention for RE Closings,Texas,B,rippling:closinglock:00263a48-3158-443d-bbdc-7bf1249a57a7
Closinglock,VP of Sales,"Austin, TX",https://ats.rippling.com/closinglock/jobs/3969c70f-90f1-4424-88fc-507b3a17ce2e,gone,,2026-09-24,0,sales,rippling,Wire Fraud Prevention for RE Closings,Texas,B,rippling:closinglock:3969c70f-90f1-4424-88fc-507b3a17ce2e
CompStak,Account Executive,"New York, NY",https://jobs.lever.co/compstak/9e292fe1-f59c-4466-b8ec-cd6e1b38ec2d,live,2026-08-24,2026-09-24,0,sales,lever,CRE Comparable Data Platform,New York,B,lever:compstak:9e292fe1-f59c-4466-b8ec-cd6e1b38ec2d
CompStak,Sales Development Associate,Belgrade,https://jobs.lever.co/compstak/a91f0da0-d720-4adc-b036-f58c986a1894,live,2026-03-05,2026-09-24,0,sales,lever,CRE Comparable Data Platform,New York,B,lever:compstak:a91f0da0-d720-4adc-b036-f58c986a1894
CompStak,Senior Account Executive,"New York, NY",https://jobs.lever.co/compstak/ded2dbb5-692f-4809-8eea-4d40409a9813,live,2026-07-07,2026-09-24,0,sales,lever,CRE Comparable Data Platform,New York,B,lever:compstak:ded2dbb5-692f-4809-8eea-4d40409a9813
CompStak,Senior Product Manager,"New York, NY",https://jobs.lever.co/compstak/1ddc2801-2011-42b1-b027-6f786065b828,live,2025-09-30,2026-09-24,0,product,lever,CRE Comparable Data Platform,New York,B,lever:compstak:1ddc2801-2011-42b1-b027-6f786065b828
Convene,"A1 Audio Engineer, Live Events (part-time)","New York, NY",https://job-boards.greenhouse.io/convene/jobs/8180337,live,2026-09-04,2026-09-24,0,eng,greenhouse,Flexible Workspace / Meeting Venues,New York,B,greenhouse:convene:8180337
Convene,AV Event Technology Manager,"London, UK",https://job-boards.greenhouse.io/convene/jobs/8222181,live,2026-09-21,2026-09-24,0,,greenhouse,Flexible Workspace / Meeting Venues,New York,B,greenhouse:convene:8222181
Convene,Account Manager,"London, UK",https://job-boards.greenhouse.io/convene/jobs/8158887,live,2026-08-26,2026-09-24,0,customer,greenhouse,Flexible Workspace / Meeting Venues,New York,B,greenhouse:convene:8158887
Convene,"Area Director of Operations, Live Events","New York, NY",https://job-boards.greenhouse.io/convene/jobs/8180445,live,2026-09-04,2026-09-24,0,leadership,greenhouse,Flexible Workspace / Meeting Venues,New York,B,greenhouse:convene:8180445
Convene,Audio Visual Event Technology Manager,"New York, NY",https://job-boards.greenhouse.io/convene/jobs/8110409,live,2026-08-05,2026-09-24,0,,greenhouse,Flexible Workspace / Meeting Venues,New York,B,greenhouse:convene:8110409
Convene,"Audio Visual Supervisor, Live Events","New York, NY",https://job-boards.greenhouse.io/convene/jobs/8187134,live,2026-09-08,2026-09-24,0,,greenhouse,Flexible Workspace / Meeting Venues,New York,B,greenhouse:convene:8187134
Convene,Cleaner- Client Support Team,"London, UK",https://job-boards.greenhouse.io/convene/jobs/8104960,live,2026-08-05,2026-09-24,0,customer,greenhouse,Flexible Workspace / Meeting Venues,New York,B,greenhouse:convene:8104960
Convene,Conference & Events Assistant- Client Support Team,"London, UK",https://job-boards.greenhouse.io/convene/jobs/7925925,live,2026-05-14,2026-09-24,0,customer,greenhouse,Flexible Workspace / Meeting Venues,New York,B,greenhouse:convene:7925925
Convene,Conference & Events Manager,Manchester,https://job-boards.greenhouse.io/convene/jobs/8201423,live,2026-09-14,2026-09-24,0,,greenhouse,Flexible Workspace / Meeting Venues,New York,B,greenhouse:convene:8201423
Convene,Conference & Events Manager,London ,https://job-boards.greenhouse.io/convene/jobs/8210482,live,2026-09-17,2026-09-24,0,,greenhouse,Flexible Workspace / Meeting Venues,New York,B,greenhouse:convene:8210482
Convene,"Event Coordinator, Live Events","New York, NY",https://job-boards.greenhouse.io/convene/jobs/8203824,live,2026-09-15,2026-09-24,0,,greenhouse,Flexible Workspace / Meeting Venues,New York,B,greenhouse:convene:8203824
Convene,Event Manager- Live Events!,"London, UK",https://job-boards.greenhouse.io/convene/jobs/8083168,live,2026-07-24,2026-09-24,0,,greenhouse,Flexible Workspace / Meeting Venues,New York,B,greenhouse:convene:8083168
Convene,Event Production Manager,"San Francisco, CA",https://job-boards.greenhouse.io/convene/jobs/8119824,live,2026-08-10,2026-09-24,0,,greenhouse,Flexible Workspace / Meeting Venues,New York,B,greenhouse:convene:8119824
Convene,Event Server - Full Time,"Boston, MA",https://job-boards.greenhouse.io/convene/jobs/8164384,live,2026-08-28,2026-09-24,0,,greenhouse,Flexible Workspace / Meeting Venues,New York,B,greenhouse:convene:8164384
Convene,"Executive Chef- Live Events, New Opening!","London, UK",https://job-boards.greenhouse.io/convene/jobs/8147707,live,2026-08-21,2026-09-24,0,,greenhouse,Flexible Workspace / Meeting Venues,New York,B,greenhouse:convene:8147707
Convene,Facilities Assistant- Client Support Team,"London, UK",https://job-boards.greenhouse.io/convene/jobs/8143631,live,2026-08-20,2026-09-24,0,customer,greenhouse,Flexible Workspace / Meeting Venues,New York,B,greenhouse:convene:8143631
Convene,Food & Beverage Supervisor (Monday-Friday),"Manchester, UK ",https://job-boards.greenhouse.io/convene/jobs/8185864,live,2026-09-08,2026-09-24,0,,greenhouse,Flexible Workspace / Meeting Venues,New York,B,greenhouse:convene:8185864
Convene,Food & Beverage Supervisor (Monday-Friday),"London, UK",https://job-boards.greenhouse.io/convene/jobs/7742425,live,2026-03-23,2026-09-24,0,,greenhouse,Flexible Workspace / Meeting Venues,New York,B,greenhouse:convene:7742425
Convene,Front of House Attendant,"New York, NY",https://job-boards.greenhouse.io/convene/jobs/8187031,live,2026-09-08,2026-09-24,0,,greenhouse,Flexible Workspace / Meeting Venues,New York,B,greenhouse:convene:8187031
Convene,"General Manager, Live Events","New York, NY",https://job-boards.greenhouse.io/convene/jobs/8160867,live,2026-08-26,2026-09-24,0,leadership,greenhouse,Flexible Workspace / Meeting Venues,New York,B,greenhouse:convene:8160867
Convene,General Manager- Live Events,"London, UK",https://job-boards.greenhouse.io/convene/jobs/8099686,live,2026-07-31,2026-09-24,0,leadership,greenhouse,Flexible Workspace / Meeting Venues,New York,B,greenhouse:convene:8099686
Convene,Head Chef -Live Events (New Opening!),"London, UK",https://job-boards.greenhouse.io/convene/jobs/8158031,live,2026-08-26,2026-09-24,0,,greenhouse,Flexible Workspace / Meeting Venues,New York,B,greenhouse:convene:8158031
Convene,Helpdesk Support Analyst,"London, UK",https://job-boards.greenhouse.io/convene/jobs/8213831,live,2026-09-18,2026-09-24,0,customer,greenhouse,Flexible Workspace / Meeting Venues,New York,B,greenhouse:convene:8213831
Convene,Hospitality Coordinator,"New York, NY",https://job-boards.greenhouse.io/convene/jobs/8213783,live,2026-09-18,2026-09-24,0,,greenhouse,Flexible Workspace / Meeting Venues,New York,B,greenhouse:convene:8213783
Convene,Hospitality Event Server,"New York, New York",https://job-boards.greenhouse.io/convene/jobs/8042083,live,2026-07-09,2026-09-24,0,,greenhouse,Flexible Workspace / Meeting Venues,New York,B,greenhouse:convene:8042083
Convene,Hospitality/Event Coordinator- Live Events,"London, UK",https://job-boards.greenhouse.io/convene/jobs/8213339,live,2026-09-18,2026-09-24,0,,greenhouse,Flexible Workspace / Meeting Venues,New York,B,greenhouse:convene:8213339
Convene,Kitchen Porter,"London, UK",https://job-boards.greenhouse.io/convene/jobs/8146990,live,2026-08-21,2026-09-24,0,,greenhouse,Flexible Workspace / Meeting Venues,New York,B,greenhouse:convene:8146990
Convene,"L1 Lighting Engineer, Live Events (part-time)","New York, NY",https://job-boards.greenhouse.io/convene/jobs/8180353,live,2026-09-04,2026-09-24,0,eng,greenhouse,Flexible Workspace / Meeting Venues,New York,B,greenhouse:convene:8180353
Convene,Line Cook,"Washington, DC ",https://job-boards.greenhouse.io/convene/jobs/8172096,live,2026-09-01,2026-09-24,0,,greenhouse,Flexible Workspace / Meeting Venues,New York,B,greenhouse:convene:8172096
Convene,Line Cook,"San Francisco, CA",https://job-boards.greenhouse.io/convene/jobs/8196629,live,2026-09-11,2026-09-24,0,,greenhouse,Flexible Workspace / Meeting Venues,New York,B,greenhouse:convene:8196629
Convene,Part-Time Barista,"Chicago, IL",https://job-boards.greenhouse.io/convene/jobs/8189962,live,2026-09-09,2026-09-24,0,,greenhouse,Flexible Workspace / Meeting Venues,New York,B,greenhouse:convene:8189962
Convene,Part-Time Event Server,"New York, NY",https://job-boards.greenhouse.io/convene/jobs/8213479,live,2026-09-18,2026-09-24,0,,greenhouse,Flexible Workspace / Meeting Venues,New York,B,greenhouse:convene:8213479
Convene,Part-Time Hospitality Event Server,"Boston, MA",https://job-boards.greenhouse.io/convene/jobs/8164628,live,2026-08-28,2026-09-24,0,,greenhouse,Flexible Workspace / Meeting Venues,New York,B,greenhouse:convene:8164628
Convene,Senior Account Manager,"London, UK",https://job-boards.greenhouse.io/convene/jobs/7967028,live,2026-05-29,2026-09-24,0,customer,greenhouse,Flexible Workspace / Meeting Venues,New York,B,greenhouse:convene:7967028
Convene,"Senior Audio Visual Technician, Live Events","London, UK",https://job-boards.greenhouse.io/convene/jobs/8189201,live,2026-09-09,2026-09-24,0,,greenhouse,Flexible Workspace / Meeting Venues,New York,B,greenhouse:convene:8189201
Convene,"Senior Conference & Events Manager- Live Events, New Opening!","London, UK",https://job-boards.greenhouse.io/convene/jobs/8201578,live,2026-09-17,2026-09-24,0,,greenhouse,Flexible Workspace / Meeting Venues,New York,B,greenhouse:convene:8201578
Convene,"Senior Event Production Manager- Live Events, New Opening!","London, UK",https://job-boards.greenhouse.io/convene/jobs/8207777,live,2026-09-17,2026-09-24,0,,greenhouse,Flexible Workspace / Meeting Venues,New York,B,greenhouse:convene:8207777
Convene,Senior Network Engineer,"New York, NY",https://job-boards.greenhouse.io/convene/jobs/8092500,live,2026-07-28,2026-09-24,0,eng,greenhouse,Flexible Workspace / Meeting Venues,New York,B,greenhouse:convene:8092500
Convene,"Senior Sales Executive, Corporate & Social Events","New York, NY",https://job-boards.greenhouse.io/convene/jobs/8211900,live,2026-09-17,2026-09-24,0,sales,greenhouse,Flexible Workspace / Meeting Venues,New York,B,greenhouse:convene:8211900
Convene,"Special Events Bartender,  Part-Time","New York, NY",https://job-boards.greenhouse.io/convene/jobs/8212671,live,2026-09-17,2026-09-24,0,,greenhouse,Flexible Workspace / Meeting Venues,New York,B,greenhouse:convene:8212671
Convene,"V1 Video Engineer, Live Events","New York, NY",https://job-boards.greenhouse.io/convene/jobs/8073827,live,2026-07-19,2026-09-24,0,eng,greenhouse,Flexible Workspace / Meeting Venues,New York,B,greenhouse:convene:8073827
Convene,"Venue Manager- Live Events, New Opening!","London, UK",https://job-boards.greenhouse.io/convene/jobs/8207733,live,2026-09-17,2026-09-24,0,,greenhouse,Flexible Workspace / Meeting Venues,New York,B,greenhouse:convene:8207733
Crexi,"Account Executive, Intelligence (Los Angeles)","Playa Vista, Ca",https://job-boards.greenhouse.io/crexi/jobs/4649730005,live,2026-01-14,2026-09-24,0,sales,greenhouse,CRE Marketplace & Data,California,B,greenhouse:crexi:4649730005
Crexi,"Account Executive, Intelligence (Miami)","Miami, FL",https://job-boards.greenhouse.io/crexi/jobs/4649743005,live,2026-01-14,2026-09-24,0,sales,greenhouse,CRE Marketplace & Data,California,B,greenhouse:crexi:4649743005
Crexi,"Account Executive, Pro (Los Angeles)","Playa Vista, Ca",https://job-boards.greenhouse.io/crexi/jobs/4648939005,live,2026-01-14,2026-09-24,0,sales,greenhouse,CRE Marketplace & Data,California,B,greenhouse:crexi:4648939005
Crexi,"Account Executive, Pro (Miami)","Miami, FL",https://job-boards.greenhouse.io/crexi/jobs/4648940005,live,2026-01-14,2026-09-24,0,sales,greenhouse,CRE Marketplace & Data,California,B,greenhouse:crexi:4648940005
Crexi,"Manager, Software Engineering",Los Angeles,https://job-boards.greenhouse.io/crexi/jobs/4723629005,live,2026-08-12,2026-09-24,0,eng,greenhouse,CRE Marketplace & Data,California,B,greenhouse:crexi:4723629005
Crexi,"Sales Development Representative, Intelligence (Los Angeles)","Playa Vista, Ca",https://job-boards.greenhouse.io/crexi/jobs/4649714005,live,2026-01-21,2026-09-24,0,sales,greenhouse,CRE Marketplace & Data,California,B,greenhouse:crexi:4649714005
Crexi,"Sales Development Representative, Intelligence (Miami)","Miami, FL",https://job-boards.greenhouse.io/crexi/jobs/4649735005,live,2026-01-21,2026-09-24,0,sales,greenhouse,CRE Marketplace & Data,California,B,greenhouse:crexi:4649735005
Crexi,"Sales Development Representative, Pro (Los Angeles)","Playa Vista, Ca",https://job-boards.greenhouse.io/crexi/jobs/4649741005,live,2026-01-21,2026-09-24,0,sales,greenhouse,CRE Marketplace & Data,California,B,greenhouse:crexi:4649741005
Crexi,"Sales Development Representative, Pro (Miami)","Miami, FL",https://job-boards.greenhouse.io/crexi/jobs/4649747005,live,2026-01-21,2026-09-24,0,sales,greenhouse,CRE Marketplace & Data,California,B,greenhouse:crexi:4649747005
Crexi,Senior AI Engineer,United States,https://job-boards.greenhouse.io/crexi/jobs/4723615005,live,2026-08-12,2026-09-24,0,eng,greenhouse,CRE Marketplace & Data,California,B,greenhouse:crexi:4723615005
Crexi,Senior Data Engineer,Los Angeles,https://job-boards.greenhouse.io/crexi/jobs/4724138005,live,2026-08-13,2026-09-24,0,eng,greenhouse,CRE Marketplace & Data,California,B,greenhouse:crexi:4724138005
Crexi,Senior Product Designer,United States,https://job-boards.greenhouse.io/crexi/jobs/4728132005,live,2026-08-26,2026-09-24,0,,greenhouse,CRE Marketplace & Data,California,B,greenhouse:crexi:4728132005
Crexi,Senior Product Manager,United States,https://job-boards.greenhouse.io/crexi/jobs/4728120005,live,2026-08-26,2026-09-24,0,product,greenhouse,CRE Marketplace & Data,California,B,greenhouse:crexi:4728120005
Crexi,Senior Product Marketing Manager,"Playa Vista, CA",https://job-boards.greenhouse.io/crexi/jobs/4728816005,live,2026-08-28,2026-09-24,0,,greenhouse,CRE Marketplace & Data,California,B,greenhouse:crexi:4728816005
Crexi,Senior Security Engineer,United States,https://job-boards.greenhouse.io/crexi/jobs/4723659005,live,2026-08-12,2026-09-24,0,eng,greenhouse,CRE Marketplace & Data,California,B,greenhouse:crexi:4723659005
Crexi,Senior Software Engineer- Full Stack,United States,https://job-boards.greenhouse.io/crexi/jobs/4679227005,live,2026-03-30,2026-09-24,0,eng,greenhouse,CRE Marketplace & Data,California,B,greenhouse:crexi:4679227005
Doma,"Director, Platform Engineering",Remote USA,https://job-boards.greenhouse.io/doma/jobs/8167584,live,2026-08-31,2026-09-24,0,leadership,greenhouse,Title Insurance / Mortgage Tech,California,B,greenhouse:doma:8167584
Doma,IT Specialist,Remote USA,https://job-boards.greenhouse.io/doma/jobs/8219586,live,2026-09-21,2026-09-24,0,,greenhouse,Title Insurance / Mortgage Tech,California,B,greenhouse:doma:8219586
Doma,IT Specialist,Remote USA,https://job-boards.greenhouse.io/doma/jobs/8219588,live,2026-09-21,2026-09-24,0,,greenhouse,Title Insurance / Mortgage Tech,California,B,greenhouse:doma:8219588
Doma,Senior Data Analyst,Remote USA,https://job-boards.greenhouse.io/doma/jobs/8181038,live,2026-09-08,2026-09-24,0,,greenhouse,Title Insurance / Mortgage Tech,California,B,greenhouse:doma:8181038
Doma,Staff Machine Learning Engineer,Remote USA,https://job-boards.greenhouse.io/doma/jobs/8109028,live,2026-08-14,2026-09-24,0,eng,greenhouse,Title Insurance / Mortgage Tech,California,B,greenhouse:doma:8109028
Enertiv,Account Executive,Remote (United States),https://ats.rippling.com/enertiv-jobs/jobs/c4741838-5914-40bc-9a2c-53be1688fca2,gone,,2026-09-24,0,sales,rippling,Building Energy Management,New York,B,rippling:enertiv-jobs:c4741838-5914-40bc-9a2c-53be1688fca2
Enertiv,Solutions Engineer,Remote (United States),https://ats.rippling.com/enertiv-jobs/jobs/e2ee18ab-722b-4d7d-b0f7-a919dec80c04,gone,,2026-09-24,0,eng,rippling,Building Energy Management,New York,B,rippling:enertiv-jobs:e2ee18ab-722b-4d7d-b0f7-a919dec80c04
Envoy,Channel Account Manager,Remote - US,https://jobs.ashbyhq.com/envoy/9038b68a-5aa3-4d73-bb49-84f3a33a5c7e,live,2026-05-29,2026-09-24,0,customer,ashby,Workplace Experience Platform,California,B,ashby:envoy:9038b68a-5aa3-4d73-bb49-84f3a33a5c7e
Envoy,Demand Generation Manager,"San Francisco, CA",https://jobs.ashbyhq.com/envoy/0a8ce051-c533-4c9e-a4d8-577ccf33b7bb,live,2026-09-11,2026-09-24,0,,ashby,Workplace Experience Platform,California,B,ashby:envoy:0a8ce051-c533-4c9e-a4d8-577ccf33b7bb
Envoy,EMEA Outbound BDR,"London, United Kingdom",https://jobs.ashbyhq.com/envoy/50fb0d1e-fa3a-4f05-b40f-df0149882eec,live,2026-09-12,2026-09-24,0,sales,ashby,Workplace Experience Platform,California,B,ashby:envoy:50fb0d1e-fa3a-4f05-b40f-df0149882eec
Envoy,EMEA SMB Account Executive,"London, United Kingdom",https://jobs.ashbyhq.com/envoy/994f31d8-2e8d-4e60-bdb4-6f1315b22967,live,2026-08-13,2026-09-24,0,sales,ashby,Workplace Experience Platform,California,B,ashby:envoy:994f31d8-2e8d-4e60-bdb4-6f1315b22967
Envoy,"Member of Technical Staff Engineer, Full-Stack (Staff)","San Francisco, CA",https://jobs.ashbyhq.com/envoy/fb56e24e-41dc-45d8-9bdb-b059635fb7a6,live,2026-07-28,2026-09-24,0,eng,ashby,Workplace Experience Platform,California,B,ashby:envoy:fb56e24e-41dc-45d8-9bdb-b059635fb7a6
Envoy,"Member of Technical Staff, Admin Experiences","San Francisco, CA",https://jobs.ashbyhq.com/envoy/f8fa0c7b-df47-4bca-a094-ba4f4a9bb290,live,2026-09-16,2026-09-24,0,,ashby,Workplace Experience Platform,California,B,ashby:envoy:f8fa0c7b-df47-4bca-a094-ba4f4a9bb290
Envoy,"Member of Technical Staff, Fullstack","San Francisco, CA",https://jobs.ashbyhq.com/envoy/724fe1ce-e41f-4fce-a386-f1c8fca63a2f,live,2026-07-08,2026-09-24,0,,ashby,Workplace Experience Platform,California,B,ashby:envoy:724fe1ce-e41f-4fce-a386-f1c8fca63a2f
Envoy,"Member of Technical Staff, Labs","San Francisco, CA",https://jobs.ashbyhq.com/envoy/5499e5fa-3e9f-4722-a407-0325d14cef23,live,2026-05-19,2026-09-24,0,,ashby,Workplace Experience Platform,California,B,ashby:envoy:5499e5fa-3e9f-4722-a407-0325d14cef23
Envoy,"Member of Technical Staff, SecOps & Threat Detection Engineer","San Francisco, CA",https://jobs.ashbyhq.com/envoy/d985cc9c-5e69-4423-b394-2619c25d7f79,live,2026-07-08,2026-09-24,0,eng,ashby,Workplace Experience Platform,California,B,ashby:envoy:d985cc9c-5e69-4423-b394-2619c25d7f79
Envoy,Mid Market Account Executive,"Denver, CO",https://jobs.ashbyhq.com/envoy/e85a668d-a1d3-4dd0-a511-f75c2005ef61,live,2026-09-12,2026-09-24,0,sales,ashby,Workplace Experience Platform,California,B,ashby:envoy:e85a668d-a1d3-4dd0-a511-f75c2005ef61
Envoy,Mid Market Account Executive,"San Francisco, CA",https://jobs.ashbyhq.com/envoy/d8a76039-7a58-4e28-988c-b013be7a3aa8,live,2026-09-12,2026-09-24,0,sales,ashby,Workplace Experience Platform,California,B,ashby:envoy:d8a76039-7a58-4e28-988c-b013be7a3aa8
Envoy,Pre Sales Solutions Engineer,"New York City, NY",https://jobs.ashbyhq.com/envoy/c59852fc-8912-4d6b-ad59-694eac7f942d,live,2026-08-18,2026-09-24,0,sales,ashby,Workplace Experience Platform,California,B,ashby:envoy:c59852fc-8912-4d6b-ad59-694eac7f942d
Envoy,Product Designer,"San Francisco, CA",https://jobs.ashbyhq.com/envoy/3a2fb81f-f22a-459d-a246-5dd0126d3f1f,live,2026-08-28,2026-09-24,0,,ashby,Workplace Experience Platform,California,B,ashby:envoy:3a2fb81f-f22a-459d-a246-5dd0126d3f1f
Envoy,"Product Lead, Spaces","San Francisco, CA",https://jobs.ashbyhq.com/envoy/74af8151-51b2-4ec8-9989-501a9b96084d,live,2026-04-06,2026-09-24,0,product,ashby,Workplace Experience Platform,California,B,ashby:envoy:74af8151-51b2-4ec8-9989-501a9b96084d
Envoy,"Product Lead, Visitors","San Francisco, CA",https://jobs.ashbyhq.com/envoy/f456eb52-6acd-4f1c-9b6f-fa263a04341d,live,2026-09-18,2026-09-24,0,product,ashby,Workplace Experience Platform,California,B,ashby:envoy:f456eb52-6acd-4f1c-9b6f-fa263a04341d
Envoy,SMB Account Executive,"San Francisco, CA",https://jobs.ashbyhq.com/envoy/db16b366-f319-4908-a493-19ed22914f05,live,2026-07-30,2026-09-24,0,sales,ashby,Workplace Experience Platform,California,B,ashby:envoy:db16b366-f319-4908-a493-19ed22914f05
Envoy,Senior Demand Generation Manager,"San Francisco, CA",https://jobs.ashbyhq.com/envoy/c907d2c3-6a3e-4ae7-85be-184c0a966677,live,2026-07-11,2026-09-24,0,,ashby,Workplace Experience Platform,California,B,ashby:envoy:c907d2c3-6a3e-4ae7-85be-184c0a966677
Envoy,Senior Technical Recruiter,"San Francisco, CA",https://jobs.ashbyhq.com/envoy/f10e8757-a46a-4e95-b28d-b99b57abfe76,live,2026-09-12,2026-09-24,0,,ashby,Workplace Experience Platform,California,B,ashby:envoy:f10e8757-a46a-4e95-b28d-b99b57abfe76
HomeLight,Account Executive - Title & Escrow,"Houston, TX",https://job-boards.greenhouse.io/homelight/jobs/8079940,live,2026-07-22,2026-09-24,0,sales,greenhouse,Agent Matching / Real Estate Marketplace,California,B,greenhouse:homelight:8079940
HomeLight,Account Executive - Title Insurance,"San Bernardino, CA ",https://job-boards.greenhouse.io/homelight/jobs/7871429,live,2026-04-30,2026-09-24,0,sales,greenhouse,Agent Matching / Real Estate Marketplace,California,B,greenhouse:homelight:7871429
HomeLight,Account Executive - Title Insurance,"Riverside, CA",https://job-boards.greenhouse.io/homelight/jobs/7877826,live,2026-05-02,2026-09-24,0,sales,greenhouse,Agent Matching / Real Estate Marketplace,California,B,greenhouse:homelight:7877826
HomeLight,Account Executive - Title Insurance,"Los Angeles, CA",https://job-boards.greenhouse.io/homelight/jobs/7904090,live,2026-05-07,2026-09-24,0,sales,greenhouse,Agent Matching / Real Estate Marketplace,California,B,greenhouse:homelight:7904090
HomeLight,Account Executive - Title Insurance,"Irvine, CA",https://job-boards.greenhouse.io/homelight/jobs/7904083,live,2026-05-07,2026-09-24,0,sales,greenhouse,Agent Matching / Real Estate Marketplace,California,B,greenhouse:homelight:7904083
HomeLight,Business Development Manager - Title & Escrow,"Houston, TX",https://job-boards.greenhouse.io/homelight/jobs/8079969,live,2026-07-22,2026-09-24,0,sales,greenhouse,Agent Matching / Real Estate Marketplace,California,B,greenhouse:homelight:8079969
HomeLight,Contract Advisor,"Scottsdale, AZ",https://job-boards.greenhouse.io/homelight/jobs/8208496,live,2026-09-16,2026-09-24,0,,greenhouse,Agent Matching / Real Estate Marketplace,California,B,greenhouse:homelight:8208496
HomeLight,"Data Engineer, San Francisco, CA","San Francisco, CA",https://job-boards.greenhouse.io/homelight/jobs/8211546,live,2026-09-17,2026-09-24,0,eng,greenhouse,Agent Matching / Real Estate Marketplace,California,B,greenhouse:homelight:8211546
HomeLight,Director of Growth Acquisition,"San Francisco, CA",https://job-boards.greenhouse.io/homelight/jobs/7843865,live,2026-04-22,2026-09-24,0,leadership,greenhouse,Agent Matching / Real Estate Marketplace,California,B,greenhouse:homelight:7843865
HomeLight,"Full Stack Engineer (D2C), San Francisco, CA","San Francisco, CA",https://job-boards.greenhouse.io/homelight/jobs/8211717,live,2026-09-17,2026-09-24,0,eng,greenhouse,Agent Matching / Real Estate Marketplace,California,B,greenhouse:homelight:8211717
HomeLight,Inside Sales (Home Consultant),"Tijuana, Mexico",https://job-boards.greenhouse.io/homelight/jobs/8155658,live,2026-08-24,2026-09-24,0,sales,greenhouse,Agent Matching / Real Estate Marketplace,California,B,greenhouse:homelight:8155658
HomeLight,Loan Processor,"Scottsdale, AZ",https://job-boards.greenhouse.io/homelight/jobs/8172011,live,2026-09-01,2026-09-24,0,,greenhouse,Agent Matching / Real Estate Marketplace,California,B,greenhouse:homelight:8172011
HomeLight,Product Manager - D2C,"San Francisco, CA",https://job-boards.greenhouse.io/homelight/jobs/8008777,live,2026-06-15,2026-09-24,0,product,greenhouse,Agent Matching / Real Estate Marketplace,California,B,greenhouse:homelight:8008777
HomeLight,"Senior Growth Manager, Acquisition","San Francisco, CA",https://job-boards.greenhouse.io/homelight/jobs/7843746,live,2026-04-22,2026-09-24,0,,greenhouse,Agent Matching / Real Estate Marketplace,California,B,greenhouse:homelight:7843746
HomeLight,Title Sales Representative,"Irvine, CA",https://job-boards.greenhouse.io/homelight/jobs/7904058,live,2026-05-07,2026-09-24,0,sales,greenhouse,Agent Matching / Real Estate Marketplace,California,B,greenhouse:homelight:7904058
HomeLight,Title Sales Representative,"Los Angeles, CA",https://job-boards.greenhouse.io/homelight/jobs/7904086,live,2026-05-07,2026-09-24,0,sales,greenhouse,Agent Matching / Real Estate Marketplace,California,B,greenhouse:homelight:7904086
HomeLight,Title Sales Representative,"Riverside, CA",https://job-boards.greenhouse.io/homelight/jobs/7877827,live,2026-05-02,2026-09-24,0,sales,greenhouse,Agent Matching / Real Estate Marketplace,California,B,greenhouse:homelight:7877827
HomeLight,Title Sales Representative,"San Bernardino, CA",https://job-boards.greenhouse.io/homelight/jobs/7871753,live,2026-04-30,2026-09-24,0,sales,greenhouse,Agent Matching / Real Estate Marketplace,California,B,greenhouse:homelight:7871753
Homebot,Senior Backend Engineer,Denver,https://jobs.ashbyhq.com/homebot/d4440bc0-a571-4496-b880-94767c4f5b61,live,2026-08-28,2026-09-24,0,eng,ashby,Homeowner Engagement Platform,Colorado,B,ashby:homebot:d4440bc0-a571-4496-b880-94767c4f5b61
Homeward,Analytics Engineer (LatAm),Remote - Latin America,https://job-boards.greenhouse.io/homeward/jobs/8701047002,live,2026-08-12,2026-09-24,0,eng,greenhouse,Cash-Offer / Mortgage Fintech,Texas,B,greenhouse:homeward:8701047002
Homeward,Closing Coordinator Support,"Delhi, India",https://job-boards.greenhouse.io/homeward/jobs/6978828002,live,2023-10-18,2026-09-24,0,customer,greenhouse,Cash-Offer / Mortgage Fintech,Texas,B,greenhouse:homeward:6978828002
Homeward,Maintenance Coordinator,"Delhi, India",https://job-boards.greenhouse.io/homeward/jobs/8028659002,live,2025-06-09,2026-09-24,0,ops,greenhouse,Cash-Offer / Mortgage Fintech,Texas,B,greenhouse:homeward:8028659002
Homeward,"Senior Manager, Capital Markets Operations",Remote - United States,https://job-boards.greenhouse.io/homeward/jobs/8696766002,live,2026-09-16,2026-09-24,0,ops,greenhouse,Cash-Offer / Mortgage Fintech,Texas,B,greenhouse:homeward:8696766002
Homeward,"Senior Software Engineer, Back-end (LatAm)",Latin America,https://job-boards.greenhouse.io/homeward/jobs/8191859002,live,2025-10-02,2026-09-24,0,eng,greenhouse,Cash-Offer / Mortgage Fintech,Texas,B,greenhouse:homeward:8191859002
Homeward,Sr. Underwriter,Remote - United States,https://job-boards.greenhouse.io/homeward/jobs/8828855002,live,2026-09-23,2026-09-24,0,,greenhouse,Cash-Offer / Mortgage Fintech,Texas,B,greenhouse:homeward:8828855002
Luxury Presence,"Account Executive (Austin, TX)","Austin, TX",https://jobs.lever.co/luxurypresence/00069055-e828-4369-8916-ac5673e58e3f,live,2019-07-26,2026-09-24,0,sales,lever,Real Estate Agent Marketing Platform,Texas,B,lever:luxurypresence:00069055-e828-4369-8916-ac5673e58e3f
Luxury Presence,Business Development Representative (BDR),United States,https://jobs.lever.co/luxurypresence/ece56974-bf69-4096-9809-a8be24790e82,live,2026-04-30,2026-09-24,0,sales,lever,Real Estate Agent Marketing Platform,Texas,B,lever:luxurypresence:ece56974-bf69-4096-9809-a8be24790e82
Luxury Presence,Client Success Manager II,"Phoenix, AZ",https://jobs.lever.co/luxurypresence/ce3869ba-fc2b-4979-aacd-221b92b9bdbb,live,2023-02-08,2026-09-24,0,,lever,Real Estate Agent Marketing Platform,Texas,B,lever:luxurypresence:ce3869ba-fc2b-4979-aacd-221b92b9bdbb
Luxury Presence,Client Support Representative,"Phoenix, AZ",https://jobs.lever.co/luxurypresence/c651e15f-cc5d-46c0-bd77-cf9c3134ead3,live,2019-08-31,2026-09-24,0,customer,lever,Real Estate Agent Marketing Platform,Texas,B,lever:luxurypresence:c651e15f-cc5d-46c0-bd77-cf9c3134ead3
Luxury Presence,"Director, Client Success - Austin, TX (Hybrid)","Austin, TX",https://jobs.lever.co/luxurypresence/3e87e45b-a406-46d1-896c-cfc59cb5ba24,live,2026-08-31,2026-09-24,0,leadership,lever,Real Estate Agent Marketing Platform,Texas,B,lever:luxurypresence:3e87e45b-a406-46d1-896c-cfc59cb5ba24
Luxury Presence,"Engineering Manager, Maps & Search - CANADA (Remote)",Canada,https://jobs.lever.co/luxurypresence/87374c99-7cb5-46eb-bd0f-c2f3f9bf1a7c,live,2026-07-17,2026-09-24,0,eng,lever,Real Estate Agent Marketing Platform,Texas,B,lever:luxurypresence:87374c99-7cb5-46eb-bd0f-c2f3f9bf1a7c
Luxury Presence,"Engineering Manager, Maps & Search - US (Remote)",United States,https://jobs.lever.co/luxurypresence/a67ee678-19d6-4256-99be-6547235db23c,live,2026-07-17,2026-09-24,0,eng,lever,Real Estate Agent Marketing Platform,Texas,B,lever:luxurypresence:a67ee678-19d6-4256-99be-6547235db23c
Luxury Presence,GTM Recruiter,"Austin, TX",https://jobs.lever.co/luxurypresence/1cebb130-7a12-4b74-a99a-a01ef6b5f084,live,2026-09-04,2026-09-24,0,,lever,Real Estate Agent Marketing Platform,Texas,B,lever:luxurypresence:1cebb130-7a12-4b74-a99a-a01ef6b5f084
Luxury Presence,General Inquiries,"Santa Monica, CA",https://jobs.lever.co/luxurypresence/fe7ca7b0-f158-4351-9054-d0f7cccb0f63,live,2020-05-07,2026-09-24,0,,lever,Real Estate Agent Marketing Platform,Texas,B,lever:luxurypresence:fe7ca7b0-f158-4351-9054-d0f7cccb0f63
Luxury Presence,"Generative Media Engineer, AI Social - CANADA (Remote)",Canada,https://jobs.lever.co/luxurypresence/0d8abf66-c086-4d37-9c44-ef1d503055e7,live,2026-07-22,2026-09-24,0,eng,lever,Real Estate Agent Marketing Platform,Texas,B,lever:luxurypresence:0d8abf66-c086-4d37-9c44-ef1d503055e7
Luxury Presence,"Generative Media Engineer, AI Social - US (Remote)",United States,https://jobs.lever.co/luxurypresence/1bb9c63b-7f1c-4846-9b4c-9a752cac99d2,live,2026-07-13,2026-09-24,0,eng,lever,Real Estate Agent Marketing Platform,Texas,B,lever:luxurypresence:1bb9c63b-7f1c-4846-9b4c-9a752cac99d2
Luxury Presence,Head of Product Design - Remote (US/CANADA),United States,https://jobs.lever.co/luxurypresence/fec5bab7-05d5-434a-9a13-83a452728217,live,2026-06-23,2026-09-24,0,product,lever,Real Estate Agent Marketing Platform,Texas,B,lever:luxurypresence:fec5bab7-05d5-434a-9a13-83a452728217
Luxury Presence,"Manager, Onboarding - ATX","Austin, TX",https://jobs.lever.co/luxurypresence/33ee4e0a-505c-43ad-a3a8-68d047ef65e3,live,2026-06-23,2026-09-24,0,customer,lever,Real Estate Agent Marketing Platform,Texas,B,lever:luxurypresence:33ee4e0a-505c-43ad-a3a8-68d047ef65e3
Luxury Presence,Onboarding Specialist - Austin (hybrid),"Austin, TX",https://jobs.lever.co/luxurypresence/db79e5cb-4a08-4095-a79c-d29e50db7e8a,live,2026-07-06,2026-09-24,0,customer,lever,Real Estate Agent Marketing Platform,Texas,B,lever:luxurypresence:db79e5cb-4a08-4095-a79c-d29e50db7e8a
Luxury Presence,"Producer / Editor, Presence® Media","New York, NY",https://jobs.lever.co/luxurypresence/5a65413b-7377-4c08-a2dc-f1e9dead9413,live,2026-05-01,2026-09-24,0,,lever,Real Estate Agent Marketing Platform,Texas,B,lever:luxurypresence:5a65413b-7377-4c08-a2dc-f1e9dead9413
Luxury Presence,"Product Engineer, Internal Tools - LATAM (Remote)",Latin America,https://jobs.lever.co/luxurypresence/32fe02d5-b291-42bf-87e3-2ebe3bb2521d,live,2026-08-29,2026-09-24,0,eng,lever,Real Estate Agent Marketing Platform,Texas,B,lever:luxurypresence:32fe02d5-b291-42bf-87e3-2ebe3bb2521d
Luxury Presence,RevTech Senior Salesforce Developer - India (Remote),India,https://jobs.lever.co/luxurypresence/e132529e-f6a8-4772-9b08-551302a32a0f,live,2026-09-22,2026-09-24,0,sales,lever,Real Estate Agent Marketing Platform,Texas,B,lever:luxurypresence:e132529e-f6a8-4772-9b08-551302a32a0f
Luxury Presence,RevTech Senior Salesforce Developer - LATAM (Remote),Latin America,https://jobs.lever.co/luxurypresence/087d7b01-d4e7-47f4-8c2e-aad9a903cc8d,live,2026-08-24,2026-09-24,0,sales,lever,Real Estate Agent Marketing Platform,Texas,B,lever:luxurypresence:087d7b01-d4e7-47f4-8c2e-aad9a903cc8d
Luxury Presence,Sales Development Representative (SDR),"Austin, TX",https://jobs.lever.co/luxurypresence/29b2f9e2-772b-4738-8e16-e8ee7078d070,live,2019-01-18,2026-09-24,0,sales,lever,Real Estate Agent Marketing Platform,Texas,B,lever:luxurypresence:29b2f9e2-772b-4738-8e16-e8ee7078d070
Luxury Presence,Sales Development Representative - New Grad,"Austin, TX",https://jobs.lever.co/luxurypresence/2462abfb-a255-4c9c-9e55-1ebc6293477b,live,2026-04-14,2026-09-24,0,sales,lever,Real Estate Agent Marketing Platform,Texas,B,lever:luxurypresence:2462abfb-a255-4c9c-9e55-1ebc6293477b
Luxury Presence,Senior Analytics Engineer - CANADA (Remote),Canada,https://jobs.lever.co/luxurypresence/dfd25ab3-1033-432b-8adf-edf867619f7a,live,2026-08-10,2026-09-24,0,eng,lever,Real Estate Agent Marketing Platform,Texas,B,lever:luxurypresence:dfd25ab3-1033-432b-8adf-edf867619f7a
Luxury Presence,Senior Analytics Engineer - US (Remote),United States,https://jobs.lever.co/luxurypresence/d8705197-2421-4c2b-9179-242654c8b2fc,live,2026-08-10,2026-09-24,0,eng,lever,Real Estate Agent Marketing Platform,Texas,B,lever:luxurypresence:d8705197-2421-4c2b-9179-242654c8b2fc
Luxury Presence,"Senior Data Analyst, GTM Analytics - CANADA (Remote)",Canada,https://jobs.lever.co/luxurypresence/219e0592-a9f1-4e34-b7da-16da8949b6dd,live,2026-08-19,2026-09-24,0,,lever,Real Estate Agent Marketing Platform,Texas,B,lever:luxurypresence:219e0592-a9f1-4e34-b7da-16da8949b6dd
Luxury Presence,"Senior Data Analyst, GTM Analytics - US (Remote)",United States,https://jobs.lever.co/luxurypresence/0a6fd9f4-a606-460e-b65e-5b31de56331a,live,2026-08-19,2026-09-24,0,,lever,Real Estate Agent Marketing Platform,Texas,B,lever:luxurypresence:0a6fd9f4-a606-460e-b65e-5b31de56331a
Luxury Presence,"Senior Financial Analyst, GTM",United States,https://jobs.lever.co/luxurypresence/dc5e4d17-8c30-4f31-9fb5-3cde9004c835,live,2026-08-11,2026-09-24,0,,lever,Real Estate Agent Marketing Platform,Texas,B,lever:luxurypresence:dc5e4d17-8c30-4f31-9fb5-3cde9004c835
Luxury Presence,"Senior Manager, CS Operations","Austin, TX",https://jobs.lever.co/luxurypresence/2919e560-4ed4-4de7-be6f-b443e60726ca,live,2026-09-10,2026-09-24,0,ops,lever,Real Estate Agent Marketing Platform,Texas,B,lever:luxurypresence:2919e560-4ed4-4de7-be6f-b443e60726ca
Luxury Presence,Sr. Product Designer - Contract,United States,https://jobs.lever.co/luxurypresence/d5b88b52-fca6-4561-96d5-023e121cf3cf,live,2026-09-01,2026-09-24,0,,lever,Real Estate Agent Marketing Platform,Texas,B,lever:luxurypresence:d5b88b52-fca6-4561-96d5-023e121cf3cf
Luxury Presence,Sr. Social Media Manager,"New York, NY",https://jobs.lever.co/luxurypresence/3393a3e3-6a33-4a97-a668-96c1b899928f,live,2026-09-04,2026-09-24,0,,lever,Real Estate Agent Marketing Platform,Texas,B,lever:luxurypresence:3393a3e3-6a33-4a97-a668-96c1b899928f
Luxury Presence,"Staff Product Manager, SEO and AI Visibility - CANADA (Remote)",Canada,https://jobs.lever.co/luxurypresence/262ae59d-60b9-4667-9703-2b924ce956f4,live,2026-09-15,2026-09-24,0,product,lever,Real Estate Agent Marketing Platform,Texas,B,lever:luxurypresence:262ae59d-60b9-4667-9703-2b924ce956f4
Luxury Presence,"Staff Product Manager, SEO and AI Visibility - US (Remote)",United States,https://jobs.lever.co/luxurypresence/ef4dbe4f-c184-4e9c-a0c3-bda8f2e9d2ef,live,2026-09-15,2026-09-24,0,product,lever,Real Estate Agent Marketing Platform,Texas,B,lever:luxurypresence:ef4dbe4f-c184-4e9c-a0c3-bda8f2e9d2ef
Luxury Presence,Talent Analyst Specialist (Fully Remote),Philippines,https://jobs.lever.co/luxurypresence/bfe669b4-497e-42a7-b368-e0976bf4f85d,live,2026-09-17,2026-09-24,0,,lever,Real Estate Agent Marketing Platform,Texas,B,lever:luxurypresence:bfe669b4-497e-42a7-b368-e0976bf4f85d
Luxury Presence,VP of Sales,"Austin, TX",https://jobs.lever.co/luxurypresence/676f76c6-a440-4f71-b03c-81f9b683759a,live,2026-07-21,2026-09-24,0,sales,lever,Real Estate Agent Marketing Platform,Texas,B,lever:luxurypresence:676f76c6-a440-4f71-b03c-81f9b683759a
Notarize (Proof),Director of IT Engineering,Remote,https://jobs.lever.co/proof/374f9128-6f10-457d-9e5e-d4a893c49c0e,live,2026-09-01,2026-09-24,0,leadership,lever,Remote Online Notarization,Virginia,B,lever:proof:374f9128-6f10-457d-9e5e-d4a893c49c0e
Notarize (Proof),Strategic Enterprise Account Executive,Remote,https://jobs.lever.co/proof/cf16d2a5-898e-4a63-9800-ed1478d2141e,live,2026-07-10,2026-09-24,0,sales,lever,Remote Online Notarization,Virginia,B,lever:proof:cf16d2a5-898e-4a63-9800-ed1478d2141e
Orchard,Associate General Counsel,"New York, New York, United States",https://job-boards.greenhouse.io/orchard/jobs/8818001002,live,2026-09-17,2026-09-24,0,,greenhouse,Home Trade-In / Mortgage Fintech,New York,B,greenhouse:orchard:8818001002
Orchard,Associate Market Manager,"Houston, Texas, United States",https://job-boards.greenhouse.io/orchard/jobs/8769049002,live,2026-09-01,2026-09-24,0,,greenhouse,Home Trade-In / Mortgage Fintech,New York,B,greenhouse:orchard:8769049002
Orchard,Brokerage Team Leader,"San Diego, California, United States",https://job-boards.greenhouse.io/orchard/jobs/8536016002,live,2026-05-05,2026-09-24,0,,greenhouse,Home Trade-In / Mortgage Fintech,New York,B,greenhouse:orchard:8536016002
Orchard,Brokerage Team Leader,"Seattle, Washington, United States",https://job-boards.greenhouse.io/orchard/jobs/8536000002,live,2026-05-05,2026-09-24,0,,greenhouse,Home Trade-In / Mortgage Fintech,New York,B,greenhouse:orchard:8536000002
Orchard,Business Development Manager,"Burleson, Texas, United States",https://job-boards.greenhouse.io/orchard/jobs/8697558002,live,2026-08-11,2026-09-24,0,sales,greenhouse,Home Trade-In / Mortgage Fintech,New York,B,greenhouse:orchard:8697558002
Orchard,Chief Financial Officer,"Denver, Colorado, United States",https://job-boards.greenhouse.io/orchard/jobs/8784509002,live,2026-09-04,2026-09-24,0,leadership,greenhouse,Home Trade-In / Mortgage Fintech,New York,B,greenhouse:orchard:8784509002
Orchard,Chief Financial Officer,"New York, New York, United States",https://job-boards.greenhouse.io/orchard/jobs/8625411002,live,2026-07-08,2026-09-24,0,leadership,greenhouse,Home Trade-In / Mortgage Fintech,New York,B,greenhouse:orchard:8625411002
Orchard,Chief Financial Officer,"Austin, Texas, United States",https://job-boards.greenhouse.io/orchard/jobs/8784502002,live,2026-09-04,2026-09-24,0,leadership,greenhouse,Home Trade-In / Mortgage Fintech,New York,B,greenhouse:orchard:8784502002
Orchard,Escrow Officer w/ Book,"Austin, Texas, United States",https://job-boards.greenhouse.io/orchard/jobs/8478010002,live,2026-03-24,2026-09-24,0,,greenhouse,Home Trade-In / Mortgage Fintech,New York,B,greenhouse:orchard:8478010002
Orchard,Escrow Officer w/ Book,"Dallas, Texas, United States",https://job-boards.greenhouse.io/orchard/jobs/8477160002,live,2026-03-24,2026-09-24,0,,greenhouse,Home Trade-In / Mortgage Fintech,New York,B,greenhouse:orchard:8477160002
Orchard,Escrow Officer w/ Book,"San Antonio, Texas, United States",https://job-boards.greenhouse.io/orchard/jobs/8478011002,live,2026-03-24,2026-09-24,0,,greenhouse,Home Trade-In / Mortgage Fintech,New York,B,greenhouse:orchard:8478011002
Orchard,Escrow Officer w/ Book,"Houston, Texas, United States",https://job-boards.greenhouse.io/orchard/jobs/8478015002,live,2026-03-24,2026-09-24,0,,greenhouse,Home Trade-In / Mortgage Fintech,New York,B,greenhouse:orchard:8478015002
Orchard,Escrow Officer w/ Book,"Denver, Colorado, United States",https://job-boards.greenhouse.io/orchard/jobs/8478075002,live,2026-03-24,2026-09-24,0,,greenhouse,Home Trade-In / Mortgage Fintech,New York,B,greenhouse:orchard:8478075002
Orchard,Escrow Officer w/ Book,"Phoenix, Arizona, United States",https://job-boards.greenhouse.io/orchard/jobs/8478096002,live,2026-03-24,2026-09-24,0,,greenhouse,Home Trade-In / Mortgage Fintech,New York,B,greenhouse:orchard:8478096002
Orchard,Licensed Real Estate Agent,"San Diego, California, United States",https://job-boards.greenhouse.io/orchard/jobs/7675303002,live,2024-10-14,2026-09-24,0,,greenhouse,Home Trade-In / Mortgage Fintech,New York,B,greenhouse:orchard:7675303002
Orchard,Licensed Real Estate Agent  - Fully Vetted Leads Provided,"Dallas, Texas, United States",https://job-boards.greenhouse.io/orchard/jobs/7018933002,live,2023-11-10,2026-09-24,0,,greenhouse,Home Trade-In / Mortgage Fintech,New York,B,greenhouse:orchard:7018933002
Orchard,Licensed Real Estate Agent -  Fully Vetted Leads Provided,"Atlanta, Georgia, United States",https://job-boards.greenhouse.io/orchard/jobs/7016479002,live,2023-11-10,2026-09-24,0,,greenhouse,Home Trade-In / Mortgage Fintech,New York,B,greenhouse:orchard:7016479002
Orchard,Licensed Real Estate Agent - Fully Vetted Leads Provided,"Marana, Arizona, United States",https://job-boards.greenhouse.io/orchard/jobs/8382201002,live,2026-01-20,2026-09-24,0,,greenhouse,Home Trade-In / Mortgage Fintech,New York,B,greenhouse:orchard:8382201002
Orchard,Licensed Real Estate Agent - Fully Vetted Leads Provided,"Nashville, Tennessee, United States",https://job-boards.greenhouse.io/orchard/jobs/7703930002,live,2024-10-28,2026-09-24,0,,greenhouse,Home Trade-In / Mortgage Fintech,New York,B,greenhouse:orchard:7703930002
Orchard,Licensed Real Estate Agent - Fully Vetted Leads Provided,"Maricopa, Arizona, United States",https://job-boards.greenhouse.io/orchard/jobs/8382200002,live,2026-01-20,2026-09-24,0,,greenhouse,Home Trade-In / Mortgage Fintech,New York,B,greenhouse:orchard:8382200002
Orchard,Licensed Real Estate Agent - Fully Vetted Leads Provided,"San Antonio, Texas, United States",https://job-boards.greenhouse.io/orchard/jobs/7019077002,live,2023-11-10,2026-09-24,0,,greenhouse,Home Trade-In / Mortgage Fintech,New York,B,greenhouse:orchard:7019077002
Orchard,Licensed Real Estate Agent - Fully Vetted Leads Provided,"Austin, Texas, United States",https://job-boards.greenhouse.io/orchard/jobs/7019066002,live,2023-11-10,2026-09-24,0,,greenhouse,Home Trade-In / Mortgage Fintech,New York,B,greenhouse:orchard:7019066002
Orchard,Licensed Real Estate Agent - Fully Vetted Leads Provided,"Phoenix, Arizona, United States",https://job-boards.greenhouse.io/orchard/jobs/7704097002,live,2024-10-28,2026-09-24,0,,greenhouse,Home Trade-In / Mortgage Fintech,New York,B,greenhouse:orchard:7704097002
Orchard,Licensed Real Estate Agent - Fully Vetted Leads Provided,"Tampa, Florida, United States",https://job-boards.greenhouse.io/orchard/jobs/8285372002,live,2025-11-11,2026-09-24,0,,greenhouse,Home Trade-In / Mortgage Fintech,New York,B,greenhouse:orchard:8285372002
Orchard,Licensed Real Estate Agent - Fully Vetted Leads Provided,"Orlando, Florida, United States",https://job-boards.greenhouse.io/orchard/jobs/8284279002,live,2025-11-11,2026-09-24,0,,greenhouse,Home Trade-In / Mortgage Fintech,New York,B,greenhouse:orchard:8284279002
Orchard,Licensed Real Estate Agent - Fully Vetted Leads Provided,"Houston, Texas, United States",https://job-boards.greenhouse.io/orchard/jobs/7019004002,live,2023-11-10,2026-09-24,0,,greenhouse,Home Trade-In / Mortgage Fintech,New York,B,greenhouse:orchard:7019004002
Orchard,Licensed Real Estate Agent - Fully Vetted Leads Provided,"Denver, Colorado, United States",https://job-boards.greenhouse.io/orchard/jobs/7018970002,live,2023-11-10,2026-09-24,0,,greenhouse,Home Trade-In / Mortgage Fintech,New York,B,greenhouse:orchard:7018970002
Orchard,Market Manager,"Houston, Texas, United States",https://job-boards.greenhouse.io/orchard/jobs/7048363002,live,2023-12-01,2026-09-24,0,,greenhouse,Home Trade-In / Mortgage Fintech,New York,B,greenhouse:orchard:7048363002
Orchard,Product Designer,"New York, New York, United States",https://job-boards.greenhouse.io/orchard/jobs/8784297002,live,2026-09-09,2026-09-24,0,,greenhouse,Home Trade-In / Mortgage Fintech,New York,B,greenhouse:orchard:8784297002
Orchard,Software Engineer,"New York, New York, United States",https://job-boards.greenhouse.io/orchard/jobs/8817823002,live,2026-09-17,2026-09-24,0,eng,greenhouse,Home Trade-In / Mortgage Fintech,New York,B,greenhouse:orchard:8817823002
Ownwell,Business Development Manager - Partnerships,"Austin, TX",https://job-boards.greenhouse.io/ownwell/jobs/4647432006,live,2026-01-22,2026-09-24,0,sales,greenhouse,Property Tax Appeal Platform,Texas,B,greenhouse:ownwell:4647432006
Ownwell,Client Success Manager,"Austin, TX",https://job-boards.greenhouse.io/ownwell/jobs/4394616006,live,2024-08-15,2026-09-24,0,,greenhouse,Property Tax Appeal Platform,Texas,B,greenhouse:ownwell:4394616006
Ownwell,Commercial Property Tax Consultant,"Austin, TX",https://job-boards.greenhouse.io/ownwell/jobs/4653759006,live,2026-02-11,2026-09-24,0,,greenhouse,Property Tax Appeal Platform,Texas,B,greenhouse:ownwell:4653759006
Ownwell,Commercial Property Tax Consultant- Business Personal Property (BPP),"Austin, TX",https://job-boards.greenhouse.io/ownwell/jobs/4685760006,live,2026-06-01,2026-09-24,0,,greenhouse,Property Tax Appeal Platform,Texas,B,greenhouse:ownwell:4685760006
Ownwell,Commercial Property Tax Consultant- National Team,"Remote, US",https://job-boards.greenhouse.io/ownwell/jobs/4655562006,live,2026-02-18,2026-09-24,0,,greenhouse,Property Tax Appeal Platform,Texas,B,greenhouse:ownwell:4655562006
Ownwell,"Growth Lead, Market Expansion","New York City, Long Island, New York",https://job-boards.greenhouse.io/ownwell/jobs/4701392006,live,2026-07-30,2026-09-24,0,,greenhouse,Property Tax Appeal Platform,Texas,B,greenhouse:ownwell:4701392006
Ownwell,Insurance Agent,"Austin, TX",https://job-boards.greenhouse.io/ownwell/jobs/4605270006,live,2025-09-29,2026-09-24,0,,greenhouse,Property Tax Appeal Platform,Texas,B,greenhouse:ownwell:4605270006
Ownwell,Mortgage Loan Officer,"Austin, TX",https://job-boards.greenhouse.io/ownwell/jobs/4648555006,live,2026-01-27,2026-09-24,0,,greenhouse,Property Tax Appeal Platform,Texas,B,greenhouse:ownwell:4648555006
Ownwell,Product Manager,"Austin, TX",https://job-boards.greenhouse.io/ownwell/jobs/4555493006,live,2025-03-31,2026-09-24,0,product,greenhouse,Property Tax Appeal Platform,Texas,B,greenhouse:ownwell:4555493006
Ownwell,Property Tax Consultant - Texas (Contract Position),"Austin, San Antonio, Houston, Dallas, Fort Worth",https://job-boards.greenhouse.io/ownwell/jobs/4410174006,live,2024-11-13,2026-09-24,0,,greenhouse,Property Tax Appeal Platform,Texas,B,greenhouse:ownwell:4410174006
Ownwell,Revenue Recovery Lead,"Austin, TX",https://job-boards.greenhouse.io/ownwell/jobs/4686070006,live,2026-06-02,2026-09-24,0,sales,greenhouse,Property Tax Appeal Platform,Texas,B,greenhouse:ownwell:4686070006
Ownwell,Senior Account Executive,"Austin, TX",https://job-boards.greenhouse.io/ownwell/jobs/4602222006,live,2025-09-16,2026-09-24,0,sales,greenhouse,Property Tax Appeal Platform,Texas,B,greenhouse:ownwell:4602222006
Ownwell,Software Engineer,"Gurugram, India",https://job-boards.greenhouse.io/ownwell/jobs/4441476006,live,2025-02-06,2026-09-24,0,eng,greenhouse,Property Tax Appeal Platform,Texas,B,greenhouse:ownwell:4441476006
Ownwell,Support Operations Specialist,"Austin, TX",https://job-boards.greenhouse.io/ownwell/jobs/4569892006,live,2025-05-20,2026-09-24,0,customer,greenhouse,Property Tax Appeal Platform,Texas,B,greenhouse:ownwell:4569892006
Pacaso,"Contract Asset Manager, Malibu","Malibu, California",https://job-boards.greenhouse.io/pacaso/jobs/6190879004,live,2026-09-12,2026-09-24,0,ops,greenhouse,Co-Ownership / Second Homes,California,B,greenhouse:pacaso:6190879004
Pacaso,Director of Lifecycle Marketing,"United States, Remote",https://job-boards.greenhouse.io/pacaso/jobs/6187338004,live,2026-09-09,2026-09-24,0,leadership,greenhouse,Co-Ownership / Second Homes,California,B,greenhouse:pacaso:6187338004
Pacaso,"Maintenance Manager, Tahoe","Truckee, California",https://job-boards.greenhouse.io/pacaso/jobs/4097174004,live,2021-08-25,2026-09-24,0,ops,greenhouse,Co-Ownership / Second Homes,California,B,greenhouse:pacaso:4097174004
Pacaso,"Ownership Advisor, Sales","United States, Remote",https://job-boards.greenhouse.io/pacaso/jobs/5679921004,live,2025-10-22,2026-09-24,0,sales,greenhouse,Co-Ownership / Second Homes,California,B,greenhouse:pacaso:5679921004
Pacaso,Social Media and Influencer Strategist,"United States, Remote",https://job-boards.greenhouse.io/pacaso/jobs/6140322004,live,2026-08-10,2026-09-24,0,,greenhouse,Co-Ownership / Second Homes,California,B,greenhouse:pacaso:6140322004
Side,"Manager, Partner Success","San Francisco, California",https://jobs.lever.co/sideinc/8c8f607b-7021-42b2-af1d-86fd7b61cec2,live,2026-05-19,2026-09-24,0,,lever,Real Estate Brokerage Platform,California,B,lever:sideinc:8c8f607b-7021-42b2-af1d-86fd7b61cec2
Side,Managing Broker - In Market: San Francisco/Bay Area,"San Francisco, California",https://jobs.lever.co/sideinc/e73abd82-7a7c-4993-8740-5e6f1287da1e,live,2026-01-12,2026-09-24,0,,lever,Real Estate Brokerage Platform,California,B,lever:sideinc:e73abd82-7a7c-4993-8740-5e6f1287da1e
Side,"Partner Success Manager - In Market, Southern CA","Los Angeles, California",https://jobs.lever.co/sideinc/c2d05667-74bc-40df-b94e-4718c6951522,live,2026-06-23,2026-09-24,0,,lever,Real Estate Brokerage Platform,California,B,lever:sideinc:c2d05667-74bc-40df-b94e-4718c6951522
Side,"Sales Development Representative - Bay Area , CA","San Francisco, California",https://jobs.lever.co/sideinc/a5df4845-8a35-4690-a49b-05c1d5f7d9a6,live,2026-07-17,2026-09-24,0,sales,lever,Real Estate Brokerage Platform,California,B,lever:sideinc:a5df4845-8a35-4690-a49b-05c1d5f7d9a6
Snapdocs,Controller,United States,https://jobs.ashbyhq.com/snapdocs/88f9a598-f0fd-4ab7-8e18-600ad5f6815d,live,2026-08-12,2026-09-24,0,,ashby,Digital Mortgage Closing Platform,California,B,ashby:snapdocs:88f9a598-f0fd-4ab7-8e18-600ad5f6815d
Snapdocs,Enterprise Account Executive,United States,https://jobs.ashbyhq.com/snapdocs/d725e93c-e215-461f-9468-4bc7caf1a506,live,2026-06-10,2026-09-24,0,sales,ashby,Digital Mortgage Closing Platform,California,B,ashby:snapdocs:d725e93c-e215-461f-9468-4bc7caf1a506
Snapdocs,Field Marketing Manager,United States,https://jobs.ashbyhq.com/snapdocs/2e2031d0-6045-43ed-a9d1-d53046b124c5,live,2026-09-08,2026-09-24,0,,ashby,Digital Mortgage Closing Platform,California,B,ashby:snapdocs:2e2031d0-6045-43ed-a9d1-d53046b124c5
Snapdocs,"Senior Manager, Revenue Marketing - Settlement & Strategic Verticals",United States,https://jobs.ashbyhq.com/snapdocs/07b18cf6-5947-4991-8905-354710aec870,live,2026-05-01,2026-09-24,0,sales,ashby,Digital Mortgage Closing Platform,California,B,ashby:snapdocs:07b18cf6-5947-4991-8905-354710aec870
VTS,Account Executive,"New York, New York, United States",https://job-boards.greenhouse.io/vts/jobs/4654703005,live,2026-01-29,2026-09-24,0,sales,greenhouse,Commercial Real Estate Leasing Platform,New York,B,greenhouse:vts:4654703005
VTS,Account Manager,"New York, New York, United States",https://job-boards.greenhouse.io/vts/jobs/4696138005,live,2026-05-18,2026-09-24,0,customer,greenhouse,Commercial Real Estate Leasing Platform,New York,B,greenhouse:vts:4696138005
VTS,Associate Implementation Manager,"New York, New York, United States",https://job-boards.greenhouse.io/vts/jobs/4723555005,live,2026-08-12,2026-09-24,0,customer,greenhouse,Commercial Real Estate Leasing Platform,New York,B,greenhouse:vts:4723555005
VTS,Chief of Staff,"New York, New York, United States",https://job-boards.greenhouse.io/vts/jobs/4737104005,live,2026-09-23,2026-09-24,0,leadership,greenhouse,Commercial Real Estate Leasing Platform,New York,B,greenhouse:vts:4737104005
VTS,Client Success Representative,"New York, New York, United States",https://job-boards.greenhouse.io/vts/jobs/4698564005,live,2026-05-25,2026-09-24,0,,greenhouse,Commercial Real Estate Leasing Platform,New York,B,greenhouse:vts:4698564005
VTS,Director of Growth Marketing,"New York, New York, United States",https://job-boards.greenhouse.io/vts/jobs/4716261005,live,2026-07-17,2026-09-24,0,leadership,greenhouse,Commercial Real Estate Leasing Platform,New York,B,greenhouse:vts:4716261005
VTS,Engineering Manager,"New York, New York, United States",https://job-boards.greenhouse.io/vts/jobs/4694646005,live,2026-05-12,2026-09-24,0,eng,greenhouse,Commercial Real Estate Leasing Platform,New York,B,greenhouse:vts:4694646005
VTS,Executive Assistant,"New York, New York, United States",https://job-boards.greenhouse.io/vts/jobs/4706462005,live,2026-06-16,2026-09-24,0,,greenhouse,Commercial Real Estate Leasing Platform,New York,B,greenhouse:vts:4706462005
VTS,Integrations and API Support Advisor,"New York, New York, United States",https://job-boards.greenhouse.io/vts/jobs/4725639005,live,2026-08-20,2026-09-24,0,customer,greenhouse,Commercial Real Estate Leasing Platform,New York,B,greenhouse:vts:4725639005
VTS,People Operations Coordinator,"New York, New York, United States",https://job-boards.greenhouse.io/vts/jobs/4729577005,live,2026-09-01,2026-09-24,0,ops,greenhouse,Commercial Real Estate Leasing Platform,New York,B,greenhouse:vts:4729577005
VTS,Sales Development Representative,"New York, New York, United States",https://job-boards.greenhouse.io/vts/jobs/4679033005,live,2026-04-06,2026-09-24,0,sales,greenhouse,Commercial Real Estate Leasing Platform,New York,B,greenhouse:vts:4679033005
VTS,Senior Client Success Manager,"New York, New York, United States",https://job-boards.greenhouse.io/vts/jobs/4698516005,live,2026-05-25,2026-09-24,0,,greenhouse,Commercial Real Estate Leasing Platform,New York,B,greenhouse:vts:4698516005
VTS,"Senior Manager, Solutions Consultant - Activate","New York, New York, United States",https://job-boards.greenhouse.io/vts/jobs/4713181005,live,2026-07-08,2026-09-24,0,,greenhouse,Commercial Real Estate Leasing Platform,New York,B,greenhouse:vts:4713181005
VTS,Senior Salesforce & Integration Engineer,"New York, New York, United States",https://job-boards.greenhouse.io/vts/jobs/4725638005,live,2026-08-21,2026-09-24,0,sales,greenhouse,Commercial Real Estate Leasing Platform,New York,B,greenhouse:vts:4725638005
VTS,Senior Technical Solutions Consultant,"New York, New York, United States",https://job-boards.greenhouse.io/vts/jobs/4704260005,live,2026-06-09,2026-09-24,0,,greenhouse,Commercial Real Estate Leasing Platform,New York,B,greenhouse:vts:4704260005
VTS,VTS Talent Network - Canada,Canada,https://job-boards.greenhouse.io/vts/jobs/4042709005,live,2022-07-07,2026-09-24,0,,greenhouse,Commercial Real Estate Leasing Platform,New York,B,greenhouse:vts:4042709005
VTS,VTS Talent Network - United States,United States,https://job-boards.greenhouse.io/vts/jobs/4042708005,live,2022-07-07,2026-09-24,0,,greenhouse,Commercial Real Estate Leasing Platform,New York,B,greenhouse:vts:4042708005
Zillow Group,"Agentic AI, Senior Software Development Engineer",Remote-USA,https://zillow.wd5.myworkdayjobs.com/Zillow_Group_External/job/Remote-USA/Senior-Software-Development-Engineer_P751037-1,live,2026-09-11,2026-09-24,0,eng,workday,Real Estate Marketplace,Washington,B,workday:zillow:/job/Remote-USA/Senior-Software-Development-Engineer_P751037-1
Zillow Group,Applied Scientist,Bengaluru,https://zillow.wd5.myworkdayjobs.com/Zillow_Group_External/job/Bengaluru/Applied-Scientist_P751065-1,live,2026-08-25,2026-09-24,0,,workday,Real Estate Marketplace,Washington,B,workday:zillow:/job/Bengaluru/Applied-Scientist_P751065-1
Zillow Group,Appraisal Review Specialist,Bengaluru,https://zillow.wd5.myworkdayjobs.com/Zillow_Group_External/job/Bengaluru/Appraisal-Review-Specialist_P751368-1,live,2026-09-21,2026-09-24,0,,workday,Real Estate Marketplace,Washington,B,workday:zillow:/job/Bengaluru/Appraisal-Review-Specialist_P751368-1
Zillow Group,"Business Advisor, Enterprise, Rentals",Remote-USA,https://zillow.wd5.myworkdayjobs.com/Zillow_Group_External/job/Remote-USA/Business-Advisor--Enterprise--Rentals_P751115-2,live,2026-09-10,2026-09-24,0,,workday,Real Estate Marketplace,Washington,B,workday:zillow:/job/Remote-USA/Business-Advisor--Enterprise--Rentals_P751115-2
Zillow Group,"Business Development Representative, Aryeo",Remote-USA,https://zillow.wd5.myworkdayjobs.com/Zillow_Group_External/job/Remote-USA/Business-Development-Representative--Aryeo_P751048-1,live,2026-08-25,2026-09-24,0,sales,workday,Real Estate Marketplace,Washington,B,workday:zillow:/job/Remote-USA/Business-Development-Representative--Aryeo_P751048-1
Zillow Group,Campaign Manager,Remote-USA,https://zillow.wd5.myworkdayjobs.com/Zillow_Group_External/job/Remote-USA/Campaign-Manager_P751383-2,live,,2026-09-24,0,,workday,Real Estate Marketplace,Washington,B,workday:zillow:/job/Remote-USA/Campaign-Manager_P751383-2
Zillow Group,Closing Operations Enablement Manager,Bengaluru,https://zillow.wd5.myworkdayjobs.com/Zillow_Group_External/job/Bengaluru/Closing-Operations-Enablement-Manager_P751362-1,live,2026-09-17,2026-09-24,0,ops,workday,Real Estate Marketplace,Washington,B,workday:zillow:/job/Bengaluru/Closing-Operations-Enablement-Manager_P751362-1
Zillow Group,Contingent Workforce Business Partner,Remote-USA,https://zillow.wd5.myworkdayjobs.com/Zillow_Group_External/job/Remote-USA/Contingent-Workforce-Business-Partner_P751195-1,live,,2026-09-24,0,,workday,Real Estate Marketplace,Washington,B,workday:zillow:/job/Remote-USA/Contingent-Workforce-Business-Partner_P751195-1
Zillow Group,Contingent Workforce Operations & Systems Analyst,Remote-USA,https://zillow.wd5.myworkdayjobs.com/Zillow_Group_External/job/Remote-USA/Contingent-Workforce-Operations---Systems-Analyst_P751194-1,live,,2026-09-24,0,ops,workday,Real Estate Marketplace,Washington,B,workday:zillow:/job/Remote-USA/Contingent-Workforce-Operations---Systems-Analyst_P751194-1
Zillow Group,Corporate Communications Manager,Remote-USA,https://zillow.wd5.myworkdayjobs.com/Zillow_Group_External/job/Remote-USA/Corporate-Communications-Manager_P750874-1,live,2026-08-25,2026-09-24,0,,workday,Real Estate Marketplace,Washington,B,workday:zillow:/job/Remote-USA/Corporate-Communications-Manager_P750874-1
Zillow Group,"Counsel, Contracts",Remote-USA,https://zillow.wd5.myworkdayjobs.com/Zillow_Group_External/job/Remote-USA/Counsel--Contracts_P751402-1,live,2026-09-22,2026-09-24,0,,workday,Real Estate Marketplace,Washington,B,workday:zillow:/job/Remote-USA/Counsel--Contracts_P751402-1
Zillow Group,Cyber Defense SOC Analyst,Bengaluru,https://zillow.wd5.myworkdayjobs.com/Zillow_Group_External/job/Bengaluru/Cyber-Defense-SOC-Analyst_P751272-1,live,2026-09-10,2026-09-24,0,,workday,Real Estate Marketplace,Washington,B,workday:zillow:/job/Bengaluru/Cyber-Defense-SOC-Analyst_P751272-1
Zillow Group,Data Scientist,Remote-USA,https://zillow.wd5.myworkdayjobs.com/Zillow_Group_External/job/Remote-USA/Data-Scientist_P751219-2,live,2026-09-15,2026-09-24,0,eng,workday,Real Estate Marketplace,Washington,B,workday:zillow:/job/Remote-USA/Data-Scientist_P751219-2
Zillow Group,"Director, Application Security",Remote-USA,https://zillow.wd5.myworkdayjobs.com/Zillow_Group_External/job/Remote-USA/Director--Application-Security_P751400-1,live,2026-09-22,2026-09-24,0,leadership,workday,Real Estate Marketplace,Washington,B,workday:zillow:/job/Remote-USA/Director--Application-Security_P751400-1
Zillow Group,"Director, Corporate Accounting and Consolidation",Remote-USA,https://zillow.wd5.myworkdayjobs.com/Zillow_Group_External/job/Remote-USA/Director--Corporate-Accounting-and-Consolidation_P751318-1,live,2026-09-17,2026-09-24,0,leadership,workday,Real Estate Marketplace,Washington,B,workday:zillow:/job/Remote-USA/Director--Corporate-Accounting-and-Consolidation_P751318-1
Zillow Group,"Director, State & Local Government Affairs",Remote-USA,https://zillow.wd5.myworkdayjobs.com/Zillow_Group_External/job/Remote-USA/Director--State---Local-Government-Affairs_P751153,live,2026-08-25,2026-09-24,0,leadership,workday,Real Estate Marketplace,Washington,B,workday:zillow:/job/Remote-USA/Director--State---Local-Government-Affairs_P751153
Zillow Group,Employee Service Coordinator,Mexico City,https://zillow.wd5.myworkdayjobs.com/Zillow_Group_External/job/Mexico-City/Employee-Service-Coordinator_P751274,live,2026-09-09,2026-09-24,0,,workday,Real Estate Marketplace,Washington,B,workday:zillow:/job/Mexico-City/Employee-Service-Coordinator_P751274
Zillow Group,"Fraud Operations Consultant, Rentals",Bengaluru,https://zillow.wd5.myworkdayjobs.com/Zillow_Group_External/job/Bengaluru/Fraud-Operations-Consultant--Rentals_P750699,live,2026-09-21,2026-09-24,0,ops,workday,Real Estate Marketplace,Washington,B,workday:zillow:/job/Bengaluru/Fraud-Operations-Consultant--Rentals_P750699
Zillow Group,IT Support Specialist,Remote-USA,https://zillow.wd5.myworkdayjobs.com/Zillow_Group_External/job/Remote-USA/IT-Support-Specialist_P751346-2,live,,2026-09-24,0,customer,workday,Real Estate Marketplace,Washington,B,workday:zillow:/job/Remote-USA/IT-Support-Specialist_P751346-2
Zillow Group,Incident Manager,Remote-USA,https://zillow.wd5.myworkdayjobs.com/Zillow_Group_External/job/Remote-USA/Incident-Manager_P751406-1,live,,2026-09-24,0,,workday,Real Estate Marketplace,Washington,B,workday:zillow:/job/Remote-USA/Incident-Manager_P751406-1
Zillow Group,Information Security Analyst,Bengaluru,https://zillow.wd5.myworkdayjobs.com/Zillow_Group_External/job/Bengaluru/Information-Security-Analyst_P750989,live,2026-08-25,2026-09-24,0,,workday,Real Estate Marketplace,Washington,B,workday:zillow:/job/Bengaluru/Information-Security-Analyst_P750989
Zillow Group,Information Security Cyber Defense Incident Responder,Bengaluru,https://zillow.wd5.myworkdayjobs.com/Zillow_Group_External/job/Bengaluru/Information-Security-Cyber-Defense-Incident-Responder_P750946,live,2026-08-25,2026-09-24,0,,workday,Real Estate Marketplace,Washington,B,workday:zillow:/job/Bengaluru/Information-Security-Cyber-Defense-Incident-Responder_P750946
Zillow Group,Insurance Order Specialist,Bengaluru,https://zillow.wd5.myworkdayjobs.com/Zillow_Group_External/job/Bengaluru/Insurance-Order-Specialist_P750950-1,live,2026-08-25,2026-09-24,0,,workday,Real Estate Marketplace,Washington,B,workday:zillow:/job/Bengaluru/Insurance-Order-Specialist_P750950-1
Zillow Group,"Lifecycle Marketing Operations Specialist, Audience",Bengaluru,https://zillow.wd5.myworkdayjobs.com/Zillow_Group_External/job/Bengaluru/Lifecycle-Marketing-Operations-Specialist--Audience_P750925-1,live,2026-08-25,2026-09-24,0,ops,workday,Real Estate Marketplace,Washington,B,workday:zillow:/job/Bengaluru/Lifecycle-Marketing-Operations-Specialist--Audience_P750925-1
Zillow Group,"Lifecycle Marketing Operations Specialist, Audience",Bengaluru,https://zillow.wd5.myworkdayjobs.com/Zillow_Group_External/job/Bengaluru/Lifecycle-Marketing-Operations-Specialist--Audience_P751059-1,live,2026-08-25,2026-09-24,0,ops,workday,Real Estate Marketplace,Washington,B,workday:zillow:/job/Bengaluru/Lifecycle-Marketing-Operations-Specialist--Audience_P751059-1
Zillow Group,"Lifecycle Marketing Operations Specialist, Templates",Bengaluru,https://zillow.wd5.myworkdayjobs.com/Zillow_Group_External/job/Bengaluru/Lifecycle-Marketing-Operations-Specialist--Templates_P751060-1,live,2026-08-25,2026-09-24,0,ops,workday,Real Estate Marketplace,Washington,B,workday:zillow:/job/Bengaluru/Lifecycle-Marketing-Operations-Specialist--Templates_P751060-1
Zillow Group,"Loan Officer Development Program (Irvine, CA)",Irvine-CA-Michelson Dr,https://zillow.wd5.myworkdayjobs.com/Zillow_Group_External/job/Irvine-CA-Michelson-Dr/Loan-Officer-Development-Program--Irvine--CA-_P751196-1,live,2026-08-25,2026-09-24,0,,workday,Real Estate Marketplace,Washington,B,workday:zillow:/job/Irvine-CA-Michelson-Dr/Loan-Officer-Development-Program--Irvine--CA-_P751196-1
Zillow Group,"Loan Officer Development Program (Overland Park, KS)",Overland Park-KS-Foster Street,https://zillow.wd5.myworkdayjobs.com/Zillow_Group_External/job/Overland-Park-KS-Foster-Street/Loan-Officer-Development-Program--Overland-Park--KS-_P751199-1,live,2026-09-18,2026-09-24,0,,workday,Real Estate Marketplace,Washington,B,workday:zillow:/job/Overland-Park-KS-Foster-Street/Loan-Officer-Development-Program--Overland-Park--KS-_P751199-1
Zillow Group,"Loan Officer Development Program (Plano, TX)",Plano-TX-Legacy Dr.-ZHL,https://zillow.wd5.myworkdayjobs.com/Zillow_Group_External/job/Plano-TX-Legacy-Dr-ZHL/Loan-Officer-Development-Program--Plano--TX-_P751198,live,2026-09-18,2026-09-24,0,,workday,Real Estate Marketplace,Washington,B,workday:zillow:/job/Plano-TX-Legacy-Dr-ZHL/Loan-Officer-Development-Program--Plano--TX-_P751198
Zillow Group,"Loan Officer Development Program (Seattle, WA)",Seattle-WA-2nd Ave,https://zillow.wd5.myworkdayjobs.com/Zillow_Group_External/job/Seattle-WA-2nd-Ave/Loan-Officer-Development-Program--Seattle--WA-_P751197-1,live,2026-08-25,2026-09-24,0,,workday,Real Estate Marketplace,Washington,B,workday:zillow:/job/Seattle-WA-2nd-Ave/Loan-Officer-Development-Program--Seattle--WA-_P751197-1
Zillow Group,Machine Learning Engineer,Remote-Germany,https://zillow.wd5.myworkdayjobs.com/Zillow_Group_External/job/Remote-Germany/Machine-Learning-Engineer_P750556-1,live,2026-08-25,2026-09-24,0,eng,workday,Real Estate Marketplace,Washington,B,workday:zillow:/job/Remote-Germany/Machine-Learning-Engineer_P750556-1
Zillow Group,"Manager, Customer Success, Strategic",Remote-USA,https://zillow.wd5.myworkdayjobs.com/Zillow_Group_External/job/Remote-USA/Manager--Customer-Success--Strategic_P750846-1,live,2026-09-18,2026-09-24,0,customer,workday,Real Estate Marketplace,Washington,B,workday:zillow:/job/Remote-USA/Manager--Customer-Success--Strategic_P750846-1
Zillow Group,"Marketing Specialist, Media Reporting and Automation",Bengaluru,https://zillow.wd5.myworkdayjobs.com/Zillow_Group_External/job/Bengaluru/Marketing-Specialist--Media-Reporting-and-Automation_P751329-2,live,2026-09-21,2026-09-24,0,,workday,Real Estate Marketplace,Washington,B,workday:zillow:/job/Bengaluru/Marketing-Specialist--Media-Reporting-and-Automation_P751329-2
Zillow Group,"Marketing Technologist, Customer Data Platform",Bengaluru,https://zillow.wd5.myworkdayjobs.com/Zillow_Group_External/job/Bengaluru/Marketing-Technologist--Customer-Data-Platform_P750926,live,2026-08-25,2026-09-24,0,,workday,Real Estate Marketplace,Washington,B,workday:zillow:/job/Bengaluru/Marketing-Technologist--Customer-Data-Platform_P750926
Zillow Group,"Marketing Technologist, Web",Bengaluru,https://zillow.wd5.myworkdayjobs.com/Zillow_Group_External/job/Bengaluru/Marketing-Technologist--Web_P750920-1,live,2026-08-25,2026-09-24,0,,workday,Real Estate Marketplace,Washington,B,workday:zillow:/job/Bengaluru/Marketing-Technologist--Web_P750920-1
Zillow Group,"Mobile Engineer, iOS",Mexico City,https://zillow.wd5.myworkdayjobs.com/Zillow_Group_External/job/Mexico-City/Mobile-Engineer--iOS_P751306-2,live,,2026-09-24,0,eng,workday,Real Estate Marketplace,Washington,B,workday:zillow:/job/Mexico-City/Mobile-Engineer--iOS_P751306-2
Zillow Group,Mortgage Disclosure Analyst,Bengaluru,https://zillow.wd5.myworkdayjobs.com/Zillow_Group_External/job/Bengaluru/Mortgage-Disclosure-Analyst_P750582-1,live,2026-08-25,2026-09-24,0,,workday,Real Estate Marketplace,Washington,B,workday:zillow:/job/Bengaluru/Mortgage-Disclosure-Analyst_P750582-1
Zillow Group,Mortgage Loan Closer,Bengaluru,https://zillow.wd5.myworkdayjobs.com/Zillow_Group_External/job/Bengaluru/Mortgage-Loan-Closer_P751370,live,2026-09-21,2026-09-24,0,,workday,Real Estate Marketplace,Washington,B,workday:zillow:/job/Bengaluru/Mortgage-Loan-Closer_P751370
Zillow Group,"Mortgage Loan Officer (Irvine, CA)",Irvine-CA-Michelson Dr,https://zillow.wd5.myworkdayjobs.com/Zillow_Group_External/job/Irvine-CA-Michelson-Dr/Mortgage-Loan-Officer--Irvine--CA-_P749621-1,live,2026-09-14,2026-09-24,0,,workday,Real Estate Marketplace,Washington,B,workday:zillow:/job/Irvine-CA-Michelson-Dr/Mortgage-Loan-Officer--Irvine--CA-_P749621-1
Zillow Group,"Mortgage Loan Officer (Overland Park, KS)",Overland Park-KS-Foster Street,https://zillow.wd5.myworkdayjobs.com/Zillow_Group_External/job/Overland-Park-KS-Foster-Street/Mortgage-Loan-Officer--Overland-Park--KS-_P749662-1,live,2026-08-25,2026-09-24,0,,workday,Real Estate Marketplace,Washington,B,workday:zillow:/job/Overland-Park-KS-Foster-Street/Mortgage-Loan-Officer--Overland-Park--KS-_P749662-1
Zillow Group,"Mortgage Loan Officer (Plano, TX)",Plano-TX-Legacy Dr.-ZHL,https://zillow.wd5.myworkdayjobs.com/Zillow_Group_External/job/Plano-TX-Legacy-Dr-ZHL/Mortgage-Loan-Officer--Plano--TX-_P749661-1,live,2026-08-25,2026-09-24,0,,workday,Real Estate Marketplace,Washington,B,workday:zillow:/job/Plano-TX-Legacy-Dr-ZHL/Mortgage-Loan-Officer--Plano--TX-_P749661-1
Zillow Group,"Mortgage Loan Officer (Seattle, WA)",Seattle-WA-2nd Ave,https://zillow.wd5.myworkdayjobs.com/Zillow_Group_External/job/Seattle-WA-2nd-Ave/Mortgage-Loan-Officer--Seattle--WA-_P749620,live,2026-09-14,2026-09-24,0,,workday,Real Estate Marketplace,Washington,B,workday:zillow:/job/Seattle-WA-2nd-Ave/Mortgage-Loan-Officer--Seattle--WA-_P749620
Zillow Group,Principal Analytics Engineer,Remote-USA,https://zillow.wd5.myworkdayjobs.com/Zillow_Group_External/job/Remote-USA/Principal-Analytics-Engineer_P751074-1,live,2026-08-25,2026-09-24,0,eng,workday,Real Estate Marketplace,Washington,B,workday:zillow:/job/Remote-USA/Principal-Analytics-Engineer_P751074-1
Zillow Group,Principal Data Scientist - Rentals Shopping,Remote-USA,https://zillow.wd5.myworkdayjobs.com/Zillow_Group_External/job/Remote-USA/Principal-Data-Scientist_P749116-1,live,2026-08-25,2026-09-24,0,eng,workday,Real Estate Marketplace,Washington,B,workday:zillow:/job/Remote-USA/Principal-Data-Scientist_P749116-1
Zillow Group,Principal Full Stack Software Development Engineer,Remote-USA,https://zillow.wd5.myworkdayjobs.com/Zillow_Group_External/job/Remote-USA/Principal-Full-Stack-Software-Development-Engineer_P751226-2,live,2026-09-08,2026-09-24,0,eng,workday,Real Estate Marketplace,Washington,B,workday:zillow:/job/Remote-USA/Principal-Full-Stack-Software-Development-Engineer_P751226-2
Zillow Group,"Principal Machine Learning Engineer, Agentic AI",Remote-USA,https://zillow.wd5.myworkdayjobs.com/Zillow_Group_External/job/Remote-USA/Principal-Machine-Learning-Engineer--Agentic-AI_P747954,live,2026-09-17,2026-09-24,0,eng,workday,Real Estate Marketplace,Washington,B,workday:zillow:/job/Remote-USA/Principal-Machine-Learning-Engineer--Agentic-AI_P747954
Zillow Group,"Principal Machine Learning Engineer, Agentic AI",Remote-USA,https://zillow.wd5.myworkdayjobs.com/Zillow_Group_External/job/Remote-USA/Principal-Machine-Learning-Engineer--Agentic-AI_P748682-2,live,2026-09-15,2026-09-24,0,eng,workday,Real Estate Marketplace,Washington,B,workday:zillow:/job/Remote-USA/Principal-Machine-Learning-Engineer--Agentic-AI_P748682-2
Zillow Group,"Principal Product Manager, Directed Workflows",Remote-USA,https://zillow.wd5.myworkdayjobs.com/Zillow_Group_External/job/Remote-USA/Principal-Product-Manager--Directed-Workflows_P751276-1,live,2026-09-11,2026-09-24,0,product,workday,Real Estate Marketplace,Washington,B,workday:zillow:/job/Remote-USA/Principal-Product-Manager--Directed-Workflows_P751276-1
Zillow Group,"Principal Product Manager, Listing Product",Remote-USA,https://zillow.wd5.myworkdayjobs.com/Zillow_Group_External/job/Remote-USA/Principal-Product-Manager--Listing-Product_P751217-2,live,2026-08-25,2026-09-24,0,product,workday,Real Estate Marketplace,Washington,B,workday:zillow:/job/Remote-USA/Principal-Product-Manager--Listing-Product_P751217-2
Zillow Group,"Principal Product Manager, Platform Engineering",Remote-USA,https://zillow.wd5.myworkdayjobs.com/Zillow_Group_External/job/Remote-USA/Principal-Product-Manager--Platform-Engineering_P751187-1,live,2026-09-03,2026-09-24,0,product,workday,Real Estate Marketplace,Washington,B,workday:zillow:/job/Remote-USA/Principal-Product-Manager--Platform-Engineering_P751187-1
Zillow Group,"Principal Product Manager, Rental Listings",Remote-USA,https://zillow.wd5.myworkdayjobs.com/Zillow_Group_External/job/Remote-USA/Principal-Product-Manager--Rental-Listings_P751113-1,live,2026-08-25,2026-09-24,0,product,workday,Real Estate Marketplace,Washington,B,workday:zillow:/job/Remote-USA/Principal-Product-Manager--Rental-Listings_P751113-1
Zillow Group,Principal Sales Strategy Business Partner,Remote-USA,https://zillow.wd5.myworkdayjobs.com/Zillow_Group_External/job/Remote-USA/Senior-Sales-Strategy-Business-Partner_P750409-1,live,2026-09-22,2026-09-24,0,sales,workday,Real Estate Marketplace,Washington,B,workday:zillow:/job/Remote-USA/Senior-Sales-Strategy-Business-Partner_P750409-1
Zillow Group,Principal Security Engineer,Bengaluru,https://zillow.wd5.myworkdayjobs.com/Zillow_Group_External/job/Bengaluru/Principal-Security-Engineer_P750881,live,2026-08-25,2026-09-24,0,eng,workday,Real Estate Marketplace,Washington,B,workday:zillow:/job/Bengaluru/Principal-Security-Engineer_P750881
Zillow Group,Principal Software Development Engineer,Bengaluru,https://zillow.wd5.myworkdayjobs.com/Zillow_Group_External/job/Bengaluru/Principal-Software-Development-Engineer_P751084-1,live,2026-08-25,2026-09-24,0,eng,workday,Real Estate Marketplace,Washington,B,workday:zillow:/job/Bengaluru/Principal-Software-Development-Engineer_P751084-1
Zillow Group,"Principal Software Development Engineer, Backend",Remote-USA,https://zillow.wd5.myworkdayjobs.com/Zillow_Group_External/job/Remote-USA/Principal-Software-Development-Engineer--Backend_P751304-1,live,2026-09-21,2026-09-24,0,eng,workday,Real Estate Marketplace,Washington,B,workday:zillow:/job/Remote-USA/Principal-Software-Development-Engineer--Backend_P751304-1
Zillow Group,"Principal Software Development Engineer, Full Stack",Remote-USA,https://zillow.wd5.myworkdayjobs.com/Zillow_Group_External/job/Remote-USA/Principal-Software-Development-Engineer--Full-Stack_P751216-1,live,2026-09-08,2026-09-24,0,eng,workday,Real Estate Marketplace,Washington,B,workday:zillow:/job/Remote-USA/Principal-Software-Development-Engineer--Full-Stack_P751216-1
Zillow Group,"Principal Technical Program Manager, Industry Software",Remote-USA,https://zillow.wd5.myworkdayjobs.com/Zillow_Group_External/job/Remote-USA/Principal-Technical-Program-Manager--Industry-Software_P750335-1,live,2026-09-01,2026-09-24,0,,workday,Real Estate Marketplace,Washington,B,workday:zillow:/job/Remote-USA/Principal-Technical-Program-Manager--Industry-Software_P750335-1
Zillow Group,"Product Designer, Web Experience",Remote-USA,https://zillow.wd5.myworkdayjobs.com/Zillow_Group_External/job/Remote-USA/Product-Designer--Web-Experience_P751168-1,live,2026-09-08,2026-09-24,0,,workday,Real Estate Marketplace,Washington,B,workday:zillow:/job/Remote-USA/Product-Designer--Web-Experience_P751168-1
Zillow Group,Product Manager,Mexico City,https://zillow.wd5.myworkdayjobs.com/Zillow_Group_External/job/Mexico-City/Product-Manager_P751347-1,live,,2026-09-24,0,product,workday,Real Estate Marketplace,Washington,B,workday:zillow:/job/Mexico-City/Product-Manager_P751347-1
Zillow Group,"Program Manager, HR Compliance",Remote-USA,https://zillow.wd5.myworkdayjobs.com/Zillow_Group_External/job/Remote-USA/Program-Manager--HR-Compliance_P751326-1,live,2026-09-11,2026-09-24,0,,workday,Real Estate Marketplace,Washington,B,workday:zillow:/job/Remote-USA/Program-Manager--HR-Compliance_P751326-1
Zillow Group,Recruiter,Bengaluru,https://zillow.wd5.myworkdayjobs.com/Zillow_Group_External/job/Bengaluru/Recruiter_P751421-1,live,2026-09-24,2026-09-24,0,,workday,Real Estate Marketplace,Washington,B,workday:zillow:/job/Bengaluru/Recruiter_P751421-1
Zillow Group,"Remote Mortgage Loan Officer (Atlanta, GA)",Atlanta-GA-Howell Mill Road,https://zillow.wd5.myworkdayjobs.com/Zillow_Group_External/job/Atlanta-GA-Howell-Mill-Road/Remote-Mortgage-Loan-Officer--Atlanta--GA-_P750860-1,live,2026-08-25,2026-09-24,0,,workday,Real Estate Marketplace,Washington,B,workday:zillow:/job/Atlanta-GA-Howell-Mill-Road/Remote-Mortgage-Loan-Officer--Atlanta--GA-_P750860-1
Zillow Group,"Remote Mortgage Loan Officer (Chicago, IL)",Chicago-IL-W Adams Street,https://zillow.wd5.myworkdayjobs.com/Zillow_Group_External/job/Chicago-IL-W-Adams-Street/Remote-Mortgage-Loan-Officer--Chicago--IL-_P750862-1,live,2026-08-25,2026-09-24,0,,workday,Real Estate Marketplace,Washington,B,workday:zillow:/job/Chicago-IL-W-Adams-Street/Remote-Mortgage-Loan-Officer--Chicago--IL-_P750862-1
Zillow Group,"Remote Mortgage Loan Officer (Philadelphia, PA)",Philadelphia-PA-Market Street,https://zillow.wd5.myworkdayjobs.com/Zillow_Group_External/job/Philadelphia-PA-Market-Street/Remote-Mortgage-Loan-Officer--Philadelphia--PA-_P750865-1,live,2026-09-14,2026-09-24,0,,workday,Real Estate Marketplace,Washington,B,workday:zillow:/job/Philadelphia-PA-Market-Street/Remote-Mortgage-Loan-Officer--Philadelphia--PA-_P750865-1
Zillow Group,Remote Mortgage Loan Officer (Washington DC),"Washington, DC-DC-Massachusetts Ave NW",https://zillow.wd5.myworkdayjobs.com/Zillow_Group_External/job/Washington-DC-DC-Massachusetts-Ave-NW/Remote-Mortgage-Loan-Officer--Washington-DC-_P749593-1,live,2026-09-14,2026-09-24,0,,workday,Real Estate Marketplace,Washington,B,workday:zillow:/job/Washington-DC-DC-Massachusetts-Ave-NW/Remote-Mortgage-Loan-Officer--Washington-DC-_P749593-1
Zillow Group,"Sales Executive, SMB, Rentals",Remote-USA,https://zillow.wd5.myworkdayjobs.com/Zillow_Group_External/job/Remote-USA/Sales-Executive--SMB--Rentals_P750747-2,live,2026-09-18,2026-09-24,0,sales,workday,Real Estate Marketplace,Washington,B,workday:zillow:/job/Remote-USA/Sales-Executive--SMB--Rentals_P750747-2
Zillow Group,"Senior AI-Native Product Engineer, Full Stack",Mexico City,https://zillow.wd5.myworkdayjobs.com/Zillow_Group_External/job/Mexico-City/Senior-AI-Native-Product-Engineer--Full-Stack_P750225,live,2026-09-03,2026-09-24,0,eng,workday,Real Estate Marketplace,Washington,B,workday:zillow:/job/Mexico-City/Senior-AI-Native-Product-Engineer--Full-Stack_P750225
Zillow Group,"Senior AI-Native Product Engineer, Mobile",Remote-USA,https://zillow.wd5.myworkdayjobs.com/Zillow_Group_External/job/Remote-USA/Senior-AI-Native-Product-Engineer--Mobile_P751267-1,live,2026-09-22,2026-09-24,0,eng,workday,Real Estate Marketplace,Washington,B,workday:zillow:/job/Remote-USA/Senior-AI-Native-Product-Engineer--Mobile_P751267-1
Zillow Group,Senior Analytics Engineer,Mexico City,https://zillow.wd5.myworkdayjobs.com/Zillow_Group_External/job/Mexico-City/Senior-Analytics-Engineer_P751208-1,live,2026-09-04,2026-09-24,0,eng,workday,Real Estate Marketplace,Washington,B,workday:zillow:/job/Mexico-City/Senior-Analytics-Engineer_P751208-1
Zillow Group,"Senior Applications Developer, Incentive Planning and Finance Operations",Remote-USA,https://zillow.wd5.myworkdayjobs.com/Zillow_Group_External/job/Remote-USA/Senior-Applications-Developer--Incentive-Planning-and-Finance-Operations_P751382-1,live,2026-09-22,2026-09-24,0,ops,workday,Real Estate Marketplace,Washington,B,workday:zillow:/job/Remote-USA/Senior-Applications-Developer--Incentive-Planning-and-Finance-Operations_P751382-1
Zillow Group,Senior Applied Scientist,Remote-USA,https://zillow.wd5.myworkdayjobs.com/Zillow_Group_External/job/Remote-USA/Senior-Applied-Scientist_P751331,live,2026-09-17,2026-09-24,0,,workday,Real Estate Marketplace,Washington,B,workday:zillow:/job/Remote-USA/Senior-Applied-Scientist_P751331
Zillow Group,"Senior Applied Scientist, Forecasting",Bengaluru,https://zillow.wd5.myworkdayjobs.com/Zillow_Group_External/job/Bengaluru/Senior-Applied-Scientist--Forecasting_P750448-1,live,2026-08-25,2026-09-24,0,,workday,Real Estate Marketplace,Washington,B,workday:zillow:/job/Bengaluru/Senior-Applied-Scientist--Forecasting_P750448-1
Zillow Group,Senior Backend Software Development Engineer - Mexico,Mexico City,https://zillow.wd5.myworkdayjobs.com/Zillow_Group_External/job/Mexico-City/Senior-Backend-Software-Development-Engineer---Mexico_P749907,live,2026-08-25,2026-09-24,0,eng,workday,Real Estate Marketplace,Washington,B,workday:zillow:/job/Mexico-City/Senior-Backend-Software-Development-Engineer---Mexico_P749907
Zillow Group,Senior Benefits Analyst,Bengaluru,https://zillow.wd5.myworkdayjobs.com/Zillow_Group_External/job/Bengaluru/Senior-Benefits-Analyst_P750895-1,live,2026-08-25,2026-09-24,0,,workday,Real Estate Marketplace,Washington,B,workday:zillow:/job/Bengaluru/Senior-Benefits-Analyst_P750895-1
Zillow Group,Senior Business Intelligence Analyst,Mexico City,https://zillow.wd5.myworkdayjobs.com/Zillow_Group_External/job/Mexico-City/Senior-Business-Intelligence-Analyst_P749745,live,2026-09-13,2026-09-24,0,,workday,Real Estate Marketplace,Washington,B,workday:zillow:/job/Mexico-City/Senior-Business-Intelligence-Analyst_P749745
Zillow Group,Senior Compensation Program Manager,Remote-USA,https://zillow.wd5.myworkdayjobs.com/Zillow_Group_External/job/Remote-USA/Senior-Compensation-Program-Manager_P750797,live,2026-08-25,2026-09-24,0,,workday,Real Estate Marketplace,Washington,B,workday:zillow:/job/Remote-USA/Senior-Compensation-Program-Manager_P750797
Zillow Group,Senior Data Scientist,Remote-USA,https://zillow.wd5.myworkdayjobs.com/Zillow_Group_External/job/Remote-USA/Senior-Data-Scientist_P751133-1,live,2026-08-25,2026-09-24,0,eng,workday,Real Estate Marketplace,Washington,B,workday:zillow:/job/Remote-USA/Senior-Data-Scientist_P751133-1
Zillow Group,Senior Data Scientist,Remote-USA,https://zillow.wd5.myworkdayjobs.com/Zillow_Group_External/job/Remote-USA/Senior-Data-Scientist_P750993-1,live,2026-08-25,2026-09-24,0,eng,workday,Real Estate Marketplace,Washington,B,workday:zillow:/job/Remote-USA/Senior-Data-Scientist_P750993-1
Zillow Group,Senior Data Scientist,Bengaluru,https://zillow.wd5.myworkdayjobs.com/Zillow_Group_External/job/Bengaluru/Senior-Data-Scientist_P750307-1,live,2026-08-25,2026-09-24,0,eng,workday,Real Estate Marketplace,Washington,B,workday:zillow:/job/Bengaluru/Senior-Data-Scientist_P750307-1
Zillow Group,"Senior Engineering Manager, Software Engineering",Bengaluru,https://zillow.wd5.myworkdayjobs.com/Zillow_Group_External/job/Bengaluru/Senior-Engineering-Manager--Software-Engineering_P751057-1,live,2026-08-25,2026-09-24,0,eng,workday,Real Estate Marketplace,Washington,B,workday:zillow:/job/Bengaluru/Senior-Engineering-Manager--Software-Engineering_P751057-1
Zillow Group,Senior Full Stack Software Development Engineer - Mexico,Mexico City,https://zillow.wd5.myworkdayjobs.com/Zillow_Group_External/job/Mexico-City/Senior-Full-Stack-Software-Development-Engineer---Mexico_P749904-1,live,2026-08-25,2026-09-24,0,eng,workday,Real Estate Marketplace,Washington,B,workday:zillow:/job/Mexico-City/Senior-Full-Stack-Software-Development-Engineer---Mexico_P749904-1
Zillow Group,"Senior Machine Learning Engineer, Rich Media Experiences",Remote-USA,https://zillow.wd5.myworkdayjobs.com/Zillow_Group_External/job/Remote-USA/Senior-Machine-Learning-Engineer--Rich-Media-Experiences_P750278-1,live,2026-09-14,2026-09-24,0,eng,workday,Real Estate Marketplace,Washington,B,workday:zillow:/job/Remote-USA/Senior-Machine-Learning-Engineer--Rich-Media-Experiences_P750278-1
Zillow Group,"Senior Manager, B2B Paid Marketing",Remote-USA,https://zillow.wd5.myworkdayjobs.com/Zillow_Group_External/job/Remote-USA/Senior-Manager--B2B-Paid-Marketing_P751345-1,live,2026-09-18,2026-09-24,0,,workday,Real Estate Marketplace,Washington,B,workday:zillow:/job/Remote-USA/Senior-Manager--B2B-Paid-Marketing_P751345-1
Zillow Group,"Senior Manager, Incident Management",Remote-USA,https://zillow.wd5.myworkdayjobs.com/Zillow_Group_External/job/Remote-USA/Senior-Manager--Incident-Management_P751091,live,2026-08-25,2026-09-24,0,,workday,Real Estate Marketplace,Washington,B,workday:zillow:/job/Remote-USA/Senior-Manager--Incident-Management_P751091
Zillow Group,"Senior Manager, Software Development Engineering",Remote-USA,https://zillow.wd5.myworkdayjobs.com/Zillow_Group_External/job/Remote-USA/Senior-Manager--Software-Development-Engineering_P751380-1,live,2026-09-22,2026-09-24,0,eng,workday,Real Estate Marketplace,Washington,B,workday:zillow:/job/Remote-USA/Senior-Manager--Software-Development-Engineering_P751380-1
Zillow Group,Senior Marketing Intelligence Strategist,Remote-USA,https://zillow.wd5.myworkdayjobs.com/Zillow_Group_External/job/Remote-USA/Senior-Marketing-Intelligence-Strategist_P751271-1,live,2026-09-08,2026-09-24,0,,workday,Real Estate Marketplace,Washington,B,workday:zillow:/job/Remote-USA/Senior-Marketing-Intelligence-Strategist_P751271-1
Zillow Group,Senior Marketing Technologist,Bengaluru,https://zillow.wd5.myworkdayjobs.com/Zillow_Group_External/job/Bengaluru/Senior-Marketing-Technologist_P751179-1,live,,2026-09-24,0,,workday,Real Estate Marketplace,Washington,B,workday:zillow:/job/Bengaluru/Senior-Marketing-Technologist_P751179-1
Zillow Group,"Senior Marketing Technology Architect, StreetEasy",Remote-USA,https://zillow.wd5.myworkdayjobs.com/Zillow_Group_External/job/Remote-USA/Senior-Marketing-Technology-Architect--StreetEasy_P751029-1,live,2026-08-25,2026-09-24,0,eng,workday,Real Estate Marketplace,Washington,B,workday:zillow:/job/Remote-USA/Senior-Marketing-Technology-Architect--StreetEasy_P751029-1
Zillow Group,Senior Network Engineer,Bengaluru,https://zillow.wd5.myworkdayjobs.com/Zillow_Group_External/job/Bengaluru/Senior-Network-Engineer_P751083-1,live,2026-08-26,2026-09-24,0,eng,workday,Real Estate Marketplace,Washington,B,workday:zillow:/job/Bengaluru/Senior-Network-Engineer_P751083-1
Zillow Group,"Senior Product Counsel,  Real Estate Products",Remote-USA,https://zillow.wd5.myworkdayjobs.com/Zillow_Group_External/job/Remote-USA/Senior-Product-Counsel---Real-Estate-Product_P751233-1,live,2026-09-21,2026-09-24,0,,workday,Real Estate Marketplace,Washington,B,workday:zillow:/job/Remote-USA/Senior-Product-Counsel---Real-Estate-Product_P751233-1
Zillow Group,"Senior Product Manager, Agent Performance",Remote-USA,https://zillow.wd5.myworkdayjobs.com/Zillow_Group_External/job/Remote-USA/Senior-Product-Manager--AI-Platform---Ecosystem_P750062,live,2026-08-25,2026-09-24,0,product,workday,Real Estate Marketplace,Washington,B,workday:zillow:/job/Remote-USA/Senior-Product-Manager--AI-Platform---Ecosystem_P750062
Zillow Group,"Senior Product Manager, Connections Platform",Remote-USA,https://zillow.wd5.myworkdayjobs.com/Zillow_Group_External/job/Remote-USA/Senior-Product-Manager--Connections-Platform_P751206-1,live,2026-09-11,2026-09-24,0,product,workday,Real Estate Marketplace,Washington,B,workday:zillow:/job/Remote-USA/Senior-Product-Manager--Connections-Platform_P751206-1
Zillow Group,"Senior Product Manager, Rich Media",Remote-USA,https://zillow.wd5.myworkdayjobs.com/Zillow_Group_External/job/Remote-USA/Senior-Product-Manager--Rich-Media_P751273-1,live,2026-09-17,2026-09-24,0,product,workday,Real Estate Marketplace,Washington,B,workday:zillow:/job/Remote-USA/Senior-Product-Manager--Rich-Media_P751273-1
Zillow Group,"Senior Product Manager, Search & Evaluate - StreetEasy",Remote-USA,https://zillow.wd5.myworkdayjobs.com/Zillow_Group_External/job/Remote-USA/Senior-Product-Manager--Search---Evaluate---StreetEasy_P750065-1,live,2026-08-25,2026-09-24,0,product,workday,Real Estate Marketplace,Washington,B,workday:zillow:/job/Remote-USA/Senior-Product-Manager--Search---Evaluate---StreetEasy_P750065-1
Zillow Group,Senior Recruiter,Bengaluru,https://zillow.wd5.myworkdayjobs.com/Zillow_Group_External/job/Bengaluru/Senior-Recruiter_P751413-1,live,2026-09-24,2026-09-24,0,,workday,Real Estate Marketplace,Washington,B,workday:zillow:/job/Bengaluru/Senior-Recruiter_P751413-1
Zillow Group,"Senior SEO Product Manager, StreetEasy",Remote-USA,https://zillow.wd5.myworkdayjobs.com/Zillow_Group_External/job/Remote-USA/Senior-SEO-Product-Manager--StreetEasy_P751024-1,live,2026-08-25,2026-09-24,0,product,workday,Real Estate Marketplace,Washington,B,workday:zillow:/job/Remote-USA/Senior-SEO-Product-Manager--StreetEasy_P751024-1
Zillow Group,Senior Software Development Engineer,Remote-USA,https://zillow.wd5.myworkdayjobs.com/Zillow_Group_External/job/Remote-USA/Senior-Software-Development-Engineer_P751030-1,live,2026-08-25,2026-09-24,0,eng,workday,Real Estate Marketplace,Washington,B,workday:zillow:/job/Remote-USA/Senior-Software-Development-Engineer_P751030-1
Zillow Group,Senior Software Development Engineer-1,Bengaluru,https://zillow.wd5.myworkdayjobs.com/Zillow_Group_External/job/Bengaluru/Senior-Software-Development-Engineer-1_P751071-1,live,2026-08-25,2026-09-24,0,eng,workday,Real Estate Marketplace,Washington,B,workday:zillow:/job/Bengaluru/Senior-Software-Development-Engineer-1_P751071-1
Zillow Group,Senior Software Engineer,Remote-USA,https://zillow.wd5.myworkdayjobs.com/Zillow_Group_External/job/Remote-USA/Senior-Software-Engineer_P751275-1,live,2026-09-14,2026-09-24,0,eng,workday,Real Estate Marketplace,Washington,B,workday:zillow:/job/Remote-USA/Senior-Software-Engineer_P751275-1
Zillow Group,Senior Software Infrastructure Engineer - AI Tooling,Mexico City,https://zillow.wd5.myworkdayjobs.com/Zillow_Group_External/job/Mexico-City/Senior-Software-Infrastructure-Engineer---AI-Tooling_P751193,live,2026-08-25,2026-09-24,0,eng,workday,Real Estate Marketplace,Washington,B,workday:zillow:/job/Mexico-City/Senior-Software-Infrastructure-Engineer---AI-Tooling_P751193
Zillow Group,Senior Strategic GTM Program Manager,Remote-USA,https://zillow.wd5.myworkdayjobs.com/Zillow_Group_External/job/Remote-USA/Senior-Strategic-GTM-Program-Manager_P751129-1,live,2026-08-31,2026-09-24,0,,workday,Real Estate Marketplace,Washington,B,workday:zillow:/job/Remote-USA/Senior-Strategic-GTM-Program-Manager_P751129-1
Zillow Group,Senior Systems Engineer,Mexico City,https://zillow.wd5.myworkdayjobs.com/Zillow_Group_External/job/Mexico-City/Senior-Systems-Engineer_P749827-1,live,2026-08-25,2026-09-24,0,eng,workday,Real Estate Marketplace,Washington,B,workday:zillow:/job/Mexico-City/Senior-Systems-Engineer_P749827-1
Zillow Group,Senior Talent Intelligence Analyst,Remote-USA,https://zillow.wd5.myworkdayjobs.com/Zillow_Group_External/job/Remote-USA/Senior-Talent-Intelligence-Analyst_P751200-1,live,2026-08-26,2026-09-24,0,,workday,Real Estate Marketplace,Washington,B,workday:zillow:/job/Remote-USA/Senior-Talent-Intelligence-Analyst_P751200-1
Zillow Group,Software Development Engineer,Remote-USA,https://zillow.wd5.myworkdayjobs.com/Zillow_Group_External/job/Remote-USA/Software-Development-Engineer_P748929-1,live,2026-09-14,2026-09-24,0,eng,workday,Real Estate Marketplace,Washington,B,workday:zillow:/job/Remote-USA/Software-Development-Engineer_P748929-1
Zillow Group,Software Development Engineer - Fullstack,Remote-USA,https://zillow.wd5.myworkdayjobs.com/Zillow_Group_External/job/Remote-USA/Software-Development-Engineer---Fullstack_P751269-1,live,2026-08-31,2026-09-24,0,eng,workday,Real Estate Marketplace,Washington,B,workday:zillow:/job/Remote-USA/Software-Development-Engineer---Fullstack_P751269-1
Zillow Group,"Software Development Engineer, Backend (Python /Kubernetes)",Mexico City,https://zillow.wd5.myworkdayjobs.com/Zillow_Group_External/job/Mexico-City/Software-Development-Engineer--Backend--Python--Kubernetes-_P751307-1,live,,2026-09-24,0,eng,workday,Real Estate Marketplace,Washington,B,workday:zillow:/job/Mexico-City/Software-Development-Engineer--Backend--Python--Kubernetes-_P751307-1
Zillow Group,Sourcing Specialist,Bengaluru,https://zillow.wd5.myworkdayjobs.com/Zillow_Group_External/job/Bengaluru/Sourcing-Specialist_P750224,live,2026-08-25,2026-09-24,0,,workday,Real Estate Marketplace,Washington,B,workday:zillow:/job/Bengaluru/Sourcing-Specialist_P750224
Zillow Group,Sr ServiceNow Developer,Bengaluru,https://zillow.wd5.myworkdayjobs.com/Zillow_Group_External/job/Bengaluru/Sr-ServiceNow-Developer_P751128-1,live,2026-09-17,2026-09-24,0,eng,workday,Real Estate Marketplace,Washington,B,workday:zillow:/job/Bengaluru/Sr-ServiceNow-Developer_P751128-1
Zillow Group,Sr Workday Analyst,Bengaluru,https://zillow.wd5.myworkdayjobs.com/Zillow_Group_External/job/Bengaluru/Sr-Workday-Analyst_P751126-1,live,2026-09-17,2026-09-24,0,,workday,Real Estate Marketplace,Washington,B,workday:zillow:/job/Bengaluru/Sr-Workday-Analyst_P751126-1
Zillow Group,Sr Workday Applications Engineer,Bengaluru,https://zillow.wd5.myworkdayjobs.com/Zillow_Group_External/job/Bengaluru/Sr-Workday-Applications-Engineer_P751125-1,live,2026-09-17,2026-09-24,0,eng,workday,Real Estate Marketplace,Washington,B,workday:zillow:/job/Bengaluru/Sr-Workday-Applications-Engineer_P751125-1
Zillow Group,Sr. Compensation Analyst,Bengaluru,https://zillow.wd5.myworkdayjobs.com/Zillow_Group_External/job/Bengaluru/Sr-Compensation-Analyst_P750824-1,live,2026-08-25,2026-09-24,0,,workday,Real Estate Marketplace,Washington,B,workday:zillow:/job/Bengaluru/Sr-Compensation-Analyst_P750824-1
Zillow Group,"Sr. Director, Customer Identity and Access Management",Remote-USA,https://zillow.wd5.myworkdayjobs.com/Zillow_Group_External/job/Remote-USA/Sr-Director--Customer-Identity-and-Access-Management_P751102,live,2026-09-10,2026-09-24,0,leadership,workday,Real Estate Marketplace,Washington,B,workday:zillow:/job/Remote-USA/Sr-Director--Customer-Identity-and-Access-Management_P751102
Zillow Group,"Technical Customer Success Manager, API",Remote-CA,https://zillow.wd5.myworkdayjobs.com/Zillow_Group_External/job/Remote-CA/Technical-Customer-Success-Manager--API_P750643,live,2026-09-15,2026-09-24,0,customer,workday,Real Estate Marketplace,Washington,B,workday:zillow:/job/Remote-CA/Technical-Customer-Success-Manager--API_P750643
Zillow Group,Technical Program Manager,Bengaluru,https://zillow.wd5.myworkdayjobs.com/Zillow_Group_External/job/Bengaluru/Technical-Program-Manager_P751300-1,live,2026-09-18,2026-09-24,0,,workday,Real Estate Marketplace,Washington,B,workday:zillow:/job/Bengaluru/Technical-Program-Manager_P751300-1
Zillow Group,Title Officer,Remote-USA,https://zillow.wd5.myworkdayjobs.com/Zillow_Group_External/job/Remote-USA/Title-Officer_P751270,live,2026-08-28,2026-09-24,0,,workday,Real Estate Marketplace,Washington,B,workday:zillow:/job/Remote-USA/Title-Officer_P751270
Zillow Group,Title Order Specialist,Bengaluru,https://zillow.wd5.myworkdayjobs.com/Zillow_Group_External/job/Bengaluru/Title-Order-Specialist_P750940-1,live,2026-08-25,2026-09-24,0,,workday,Real Estate Marketplace,Washington,B,workday:zillow:/job/Bengaluru/Title-Order-Specialist_P750940-1
Zillow Group,Title Review Specialist,Bengaluru,https://zillow.wd5.myworkdayjobs.com/Zillow_Group_External/job/Bengaluru/Title-Review-Specialist_P750544-1,live,2026-08-25,2026-09-24,0,,workday,Real Estate Marketplace,Washington,B,workday:zillow:/job/Bengaluru/Title-Review-Specialist_P750544-1
Zillow Group,Underwriting Enablement Manager,Bengaluru,https://zillow.wd5.myworkdayjobs.com/Zillow_Group_External/job/Bengaluru/Underwriting-Enablement-Manager_P751360-1,live,2026-09-17,2026-09-24,0,,workday,Real Estate Marketplace,Washington,B,workday:zillow:/job/Bengaluru/Underwriting-Enablement-Manager_P751360-1
Zillow Group,Workforce Capability Lead,Remote-USA,https://zillow.wd5.myworkdayjobs.com/Zillow_Group_External/job/Remote-USA/Workforce-Capability-Lead_P751351-2,live,2026-09-15,2026-09-24,0,,workday,Real Estate Marketplace,Washington,B,workday:zillow:/job/Remote-USA/Workforce-Capability-Lead_P751351-2
Zillow Group,Workplace Coordinator,Bengaluru,https://zillow.wd5.myworkdayjobs.com/Zillow_Group_External/job/Bengaluru/Workplace-Coordinator_P750669,live,2026-08-25,2026-09-24,0,,workday,Real Estate Marketplace,Washington,B,workday:zillow:/job/Bengaluru/Workplace-Coordinator_P750669
